transaction_id,line_no,sku,quantity,regular_price,sale_price,unit_cost,promotion
T0000001,1,FLO-007,1,32.00,32.00,13.0000,
T0000001,2,EDI-004,1,25.00,25.00,7.5000,
T0000002,1,EDI-006,2,8.00,8.00,3.0000,
T0000002,2,ACC-004,2,2.00,2.00,0.4000,
T0000002,3,CON-003,1,30.00,30.00,12.0000,
T0000003,1,EDI-007,2,18.00,18.00,6.0000,
T0000004,1,FLO-006,1,120.00,120.00,52.0000,
T0000005,1,TOP-001,1,35.00,35.00,12.0000,
T0000005,2,PRE-005,1,6.00,6.00,1.8000,
T0000006,1,EDI-001,1,20.00,20.00,6.0000,
T0000006,2,CON-004,2,55.00,55.00,22.0000,
T0000006,3,FLO-007,2,32.00,32.00,13.0000,
T0000007,1,VAP-006,1,15.00,15.00,4.0000,
T0000008,1,ACC-001,1,20.00,20.00,5.0000,
T0000008,2,VAP-005,2,28.00,28.00,9.0000,
T0000009,1,PRE-001,1,10.00,10.00,3.2000,
T0000010,1,VAP-003,1,32.00,32.00,12.0000,
T0000011,1,PRE-001,1,10.00,10.00,3.2000,
T0000011,2,VAP-005,1,28.00,22.40,9.0000,
T0000012,1,VAP-005,1,28.00,28.00,9.0000,
T0000012,2,VAP-001,1,55.00,44.00,22.0000,
T0000012,3,PRE-001,1,10.00,8.00,3.2000,
T0000013,1,FLO-001,1,35.00,35.00,14.0000,
T0000014,1,EDI-006,1,8.00,8.00,3.0000,
T0000015,1,FLO-002,2,40.00,36.00,16.0000,
T0000015,2,PRE-001,2,10.00,9.00,3.2000,
T0000016,1,CON-002,2,45.00,36.00,18.0000,
T0000016,2,FLO-004,1,38.00,38.00,15.0000,
T0000017,1,FLO-001,1,35.00,35.00,14.0000,
T0000018,1,PRE-001,1,10.00,10.00,3.2000,
T0000018,2,PRE-002,3,10.00,10.00,3.4000,
T0000019,1,PRE-002,2,10.00,10.00,3.4000,
T0000020,1,ACC-002,1,3.00,2.40,0.6000,
T0000020,2,PRE-003,1,18.00,14.40,6.0000,
T0000021,1,PRE-001,2,10.00,10.00,3.2000,
T0000021,2,VAP-002,2,40.00,40.00,14.0000,
T0000022,1,CON-002,1,45.00,40.50,18.0000,
T0000023,1,VAP-002,1,40.00,40.00,14.0000,
T0000024,1,VAP-002,1,40.00,40.00,14.0000,
T0000025,1,PRE-001,1,10.00,10.00,3.2000,
T0000026,1,FLO-001,1,35.00,35.00,14.0000,
T0000026,2,VAP-004,1,60.00,60.00,24.0000,
T0000026,3,VAP-002,1,40.00,40.00,14.0000,
T0000027,1,PRE-003,1,18.00,18.00,6.0000,
T0000027,2,PRE-005,2,6.00,6.00,1.8000,
T0000028,1,PRE-001,1,10.00,10.00,3.2000,
T0000029,1,TIN-001,1,50.00,50.00,18.0000,
T0000029,2,ACC-004,1,2.00,2.00,0.4000,
T0000030,1,TOP-001,1,35.00,35.00,12.0000,
T0000030,2,EDI-002,2,22.00,22.00,7.0000,
T0000031,1,EDI-004,1,25.00,25.00,7.5000,
T0000031,2,PRE-001,1,10.00,10.00,3.2000,
T0000031,3,EDI-006,1,8.00,8.00,3.0000,
T0000032,1,ACC-004,1,2.00,2.00,0.4000,
T0000032,2,FLO-008,1,32.00,32.00,13.5000,
T0000032,3,PRE-005,1,6.00,6.00,1.8000,
T0000033,1,EDI-002,1,22.00,22.00,7.0000,
T0000034,1,VAP-006,1,15.00,15.00,4.0000,
T0000034,2,PRE-005,1,6.00,6.00,1.8000,
T0000035,1,VAP-006,2,15.00,15.00,4.0000,
T0000035,2,VAP-005,1,28.00,28.00,9.0000,
T0000036,1,PRE-004,2,35.00,35.00,12.0000,
T0000037,1,VAP-003,1,32.00,32.00,12.0000,
T0000037,2,EDI-004,2,25.00,25.00,7.5000,
T0000038,1,FLO-001,1,35.00,35.00,14.0000,
T0000038,2,CON-003,1,30.00,30.00,12.0000,
T0000038,3,VAP-003,1,32.00,32.00,12.0000,
T0000038,4,EDI-003,1,20.00,18.00,6.5000,
T0000039,1,ACC-004,1,2.00,2.00,0.4000,
T0000040,1,EDI-006,1,8.00,8.00,3.0000,
T0000041,1,FLO-001,1,35.00,35.00,14.0000,
T0000042,1,FLO-002,1,40.00,40.00,16.0000,
T0000043,1,EDI-003,1,20.00,20.00,6.5000,
T0000044,1,TOP-002,1,24.00,24.00,9.0000,
T0000044,2,FLO-005,1,38.00,38.00,15.5000,
T0000045,1,EDI-006,1,8.00,8.00,3.0000,
T0000045,2,PRE-005,2,6.00,6.00,1.8000,
T0000046,1,EDI-002,2,22.00,22.00,7.0000,
T0000046,2,FLO-001,1,35.00,35.00,14.0000,
T0000047,1,ACC-002,1,3.00,3.00,0.6000,
T0000047,2,ACC-004,1,2.00,2.00,0.4000,
T0000048,1,PRE-003,1,18.00,18.00,6.0000,
T0000049,1,VAP-002,1,40.00,40.00,14.0000,
T0000050,1,VAP-005,3,28.00,22.40,9.0000,
T0000050,2,VAP-004,1,60.00,60.00,24.0000,
T0000050,3,PRE-001,2,10.00,10.00,3.2000,
T0000051,1,VAP-001,1,55.00,55.00,22.0000,
T0000051,2,FLO-002,1,40.00,40.00,16.0000,
T0000051,3,FLO-004,1,38.00,38.00,15.0000,
T0000051,4,FLO-001,2,35.00,31.50,14.0000,
T0000051,5,FLO-005,1,38.00,38.00,15.5000,
T0000052,1,FLO-005,1,38.00,38.00,15.5000,
T0000053,1,FLO-002,1,40.00,40.00,16.0000,
T0000053,2,ACC-001,2,20.00,20.00,5.0000,
T0000053,3,VAP-006,1,15.00,15.00,4.0000,
T0000053,4,FLO-007,2,32.00,32.00,13.0000,
T0000054,1,PRE-001,1,10.00,8.00,3.2000,
T0000055,1,FLO-008,1,32.00,32.00,13.5000,
T0000056,1,PRE-005,1,6.00,6.00,1.8000,
T0000057,1,VAP-003,1,32.00,32.00,12.0000,
T0000058,1,TOP-001,1,35.00,35.00,12.0000,
T0000059,1,CON-003,1,30.00,30.00,12.0000,
T0000059,2,FLO-004,2,38.00,38.00,15.0000,
T0000059,3,VAP-002,1,40.00,40.00,14.0000,
T0000060,1,VAP-002,1,40.00,32.00,14.0000,
T0000060,2,EDI-001,1,20.00,20.00,6.0000,
T0000060,3,EDI-007,1,18.00,18.00,6.0000,
T0000061,1,PRE-003,1,18.00,18.00,6.0000,
T0000061,3,PRE-005,3,6.00,6.00,1.8000,
T0000062,1,ACC-004,1,2.00,2.00,0.4000,
T0000063,1,VAP-005,1,28.00,28.00,9.0000,
T0000063,2,PRE-001,2,10.00,10.00,3.2000,
T0000064,1,PRE-005,1,6.00,6.00,1.8000,
T0000064,2,CON-002,1,45.00,45.00,18.0000,
T0000064,3,VAP-002,1,40.00,40.00,14.0000,
T0000065,1,PRE-005,2,6.00,6.00,1.8000,
T0000066,1,EDI-004,1,25.00,25.00,7.5000,
T0000066,2,VAP-003,1,32.00,32.00,12.0000,
T0000066,3,PRE-001,2,10.00,10.00,3.2000,
T0000066,4,VAP-006,1,15.00,13.50,4.0000,
T0000067,1,VAP-001,1,55.00,49.50,22.0000,
T0000068,1,EDI-006,1,8.00,8.00,3.0000,
T0000069,1,EDI-005,2,14.00,14.00,4.0000,
T0000069,2,FLO-005,1,38.00,38.00,15.5000,
T0000070,1,PRE-003,1,18.00,18.00,6.0000,
T0000070,2,FLO-008,1,32.00,32.00,13.5000,
T0000071,1,FLO-001,1,35.00,35.00,14.0000,
T0000071,2,FLO-002,1,40.00,40.00,16.0000,
T0000072,1,VAP-005,1,28.00,28.00,9.0000,
T0000073,1,FLO-005,1,38.00,38.00,15.5000,
T0000074,1,FLO-003,1,70.00,70.00,28.0000,
T0000075,1,PRE-005,1,6.00,6.00,1.8000,
T0000075,2,VAP-002,1,40.00,36.00,14.0000,
T0000076,1,VAP-001,1,55.00,55.00,22.0000,
T0000076,2,TIN-001,1,50.00,50.00,18.0000,
T0000076,3,EDI-002,1,22.00,22.00,7.0000,
T0000077,1,EDI-003,1,20.00,16.00,6.5000,
T0000077,2,VAP-002,1,40.00,40.00,14.0000,
T0000077,3,ACC-004,1,2.00,1.60,0.4000,
T0000077,4,FLO-004,1,38.00,30.40,15.0000,
T0000077,5,PRE-005,1,6.00,6.00,1.8000,
T0000078,1,PRE-002,2,10.00,9.00,3.4000,
T0000079,1,ACC-002,1,3.00,2.40,0.6000,
T0000079,2,ACC-004,1,2.00,2.00,0.4000,
T0000079,3,FLO-003,2,70.00,56.00,28.0000,
T0000079,4,VAP-006,1,15.00,15.00,4.0000,
T0000080,1,PRE-002,1,10.00,10.00,3.4000,
T0000080,2,VAP-005,1,28.00,28.00,9.0000,
T0000080,3,ACC-002,1,3.00,3.00,0.6000,
T0000080,4,FLO-008,1,32.00,32.00,13.5000,
T0000080,5,EDI-002,1,22.00,22.00,7.0000,
T0000081,1,FLO-002,2,40.00,32.00,16.0000,
T0000082,1,ACC-001,2,20.00,20.00,5.0000,
T0000082,2,FLO-004,1,38.00,38.00,15.0000,
T0000083,1,EDI-001,1,20.00,20.00,6.0000,
T0000083,2,FLO-008,1,32.00,32.00,13.5000,
T0000083,3,VAP-003,1,32.00,32.00,12.0000,
T0000083,4,ACC-004,1,2.00,2.00,0.4000,
T0000084,1,PRE-003,1,18.00,18.00,6.0000,
T0000085,1,EDI-001,1,20.00,20.00,6.0000,
T0000085,2,ACC-004,1,2.00,2.00,0.4000,
T0000086,1,FLO-001,1,35.00,35.00,14.0000,
T0000086,2,VAP-001,1,55.00,55.00,22.0000,
T0000087,1,ACC-002,1,3.00,3.00,0.6000,
T0000087,2,ACC-005,2,12.00,10.80,2.5000,
T0000087,3,VAP-002,1,40.00,40.00,14.0000,
T0000087,4,EDI-002,1,22.00,22.00,7.0000,
T0000088,1,PRE-003,1,18.00,18.00,6.0000,
T0000089,1,FLO-004,1,38.00,38.00,15.0000,
T0000089,2,PRE-003,1,18.00,18.00,6.0000,
T0000090,1,VAP-002,1,40.00,40.00,14.0000,
T0000091,1,PRE-005,1,6.00,6.00,1.8000,
T0000091,2,VAP-002,1,40.00,40.00,14.0000,
T0000091,3,ACC-004,1,2.00,2.00,0.4000,
T0000091,4,CON-002,1,45.00,45.00,18.0000,
T0000092,1,ACC-002,1,3.00,3.00,0.6000,
T0000093,1,VAP-001,1,55.00,55.00,22.0000,
T0000093,2,VAP-005,1,28.00,28.00,9.0000,
T0000093,3,VAP-002,1,40.00,40.00,14.0000,
T0000093,5,EDI-001,1,20.00,20.00,6.0000,
T0000094,1,VAP-005,1,28.00,28.00,9.0000,
T0000095,1,VAP-004,1,60.00,60.00,24.0000,
T0000096,1,EDI-001,1,20.00,20.00,6.0000,
T0000097,1,PRE-002,1,10.00,10.00,3.4000,
T0000098,1,PRE-001,1,10.00,10.00,3.2000,
T0000099,1,PRE-005,2,6.00,5.40,1.8000,
T0000100,1,ACC-003,1,22.00,22.00,6.0000,
T0000101,1,EDI-006,2,8.00,8.00,3.0000,
T0000101,2,PRE-002,1,10.00,10.00,3.4000,
T0000102,1,PRE-002,3,10.00,10.00,3.4000,
T0000103,1,VAP-001,1,55.00,55.00,22.0000,
T0000103,2,PRE-002,2,10.00,10.00,3.4000,
T0000103,3,VAP-002,2,40.00,40.00,14.0000,
T0000103,4,FLO-003,2,70.00,70.00,28.0000,
T0000103,5,VAP-006,1,15.00,15.00,4.0000,
T0000104,1,EDI-003,1,20.00,20.00,6.5000,
T0000104,2,FLO-002,1,40.00,40.00,16.0000,
T0000104,3,VAP-002,1,40.00,40.00,14.0000,
T0000105,1,ACC-004,1,2.00,2.00,0.4000,
T0000106,1,PRE-005,1,6.00,6.00,1.8000,
T0000107,1,FLO-001,1,35.00,35.00,14.0000,
T0000108,1,EDI-007,1,18.00,18.00,6.0000,
T0000108,2,VAP-006,1,15.00,15.00,4.0000,
T0000109,1,EDI-005,1,14.00,11.20,4.0000,
T0000110,1,PRE-002,1,10.00,10.00,3.4000,
T0000110,2,PRE-001,1,10.00,10.00,3.2000,
T0000111,1,ACC-002,2,3.00,3.00,0.6000,
T0000112,1,FLO-005,1,38.00,38.00,15.5000,
T0000113,1,EDI-001,2,20.00,20.00,6.0000,
T0000114,1,PRE-002,1,10.00,10.00,3.4000,
T0000114,2,FLO-004,2,38.00,30.40,15.0000,
T0000114,3,FLO-002,1,40.00,32.00,16.0000,
T0000115,1,VAP-003,1,32.00,25.60,12.0000,
T0000115,2,ACC-004,1,2.00,1.60,0.4000,
T0000116,1,ACC-004,1,2.00,2.00,0.4000,
T0000117,1,PRE-005,1,6.00,6.00,1.8000,
T0000118,1,ACC-004,2,2.00,2.00,0.4000,
T0000118,2,PRE-005,1,6.00,6.00,1.8000,
T0000119,1,PRE-001,1,10.00,10.00,3.2000,
T0000119,2,PRE-004,1,35.00,35.00,12.0000,
T0000119,3,ACC-003,1,22.00,22.00,6.0000,
T0000120,1,ACC-004,2,2.00,1.60,0.4000,
T0000120,2,VAP-005,1,28.00,22.40,9.0000,
T0000121,1,CON-002,1,45.00,45.00,18.0000,
T0000121,2,PRE-003,3,18.00,18.00,6.0000,
T0000122,1,EDI-002,1,22.00,22.00,7.0000,
T0000122,2,ACC-004,1,2.00,2.00,0.4000,
T0000123,1,FLO-002,1,40.00,40.00,16.0000,
T0000123,2,FLO-004,2,38.00,38.00,15.0000,
T0000123,3,EDI-005,1,14.00,14.00,4.0000,
T0000124,1,FLO-001,2,35.00,35.00,14.0000,
T0000124,2,ACC-004,1,2.00,2.00,0.4000,
T0000124,3,PRE-001,1,10.00,10.00,3.2000,
T0000125,1,EDI-001,1,20.00,20.00,6.0000,
T0000126,1,FLO-007,1,32.00,32.00,13.0000,
T0000126,2,EDI-004,1,25.00,25.00,7.5000,
T0000126,3,FLO-004,1,38.00,38.00,15.0000,
T0000127,1,FLO-004,1,38.00,38.00,15.0000,
T0000127,2,FLO-001,1,35.00,31.50,14.0000,
T0000128,1,EDI-004,1,25.00,25.00,7.5000,
T0000128,2,EDI-002,2,22.00,22.00,7.0000,
T0000128,3,ACC-004,1,2.00,2.00,0.4000,
T0000128,4,VAP-001,1,55.00,55.00,22.0000,
T0000129,1,EDI-004,2,25.00,25.00,7.5000,
T0000130,1,VAP-003,2,32.00,32.00,12.0000,
T0000130,2,CON-001,1,75.00,75.00,32.0000,
T0000131,1,ACC-001,2,20.00,20.00,5.0000,
T0000131,2,TOP-001,1,35.00,35.00,12.0000,
T0000132,1,EDI-003,1,20.00,20.00,6.5000,
T0000133,1,PRE-001,2,10.00,10.00,3.2000,
T0000134,1,PRE-002,1,10.00,10.00,3.4000,
T0000134,2,FLO-005,1,38.00,38.00,15.5000,
T0000134,3,VAP-002,2,40.00,40.00,14.0000,
T0000134,4,FLO-004,1,38.00,38.00,15.0000,
T0000134,5,PRE-001,2,10.00,10.00,3.2000,
T0000135,1,ACC-003,2,22.00,22.00,6.0000,
T0000135,2,ACC-004,1,2.00,2.00,0.4000,
T0000135,3,VAP-003,2,32.00,32.00,12.0000,
T0000135,4,VAP-001,1,55.00,49.50,22.0000,
T0000135,5,PRE-002,1,10.00,10.00,3.4000,
T0000136,1,VAP-002,1,40.00,40.00,14.0000,
T0000136,2,VAP-003,1,32.00,32.00,12.0000,
T0000136,3,EDI-004,1,25.00,25.00,7.5000,
T0000137,1,FLO-005,1,38.00,38.00,15.5000,
T0000138,1,FLO-003,2,70.00,70.00,28.0000,
T0000139,1,PRE-002,2,10.00,10.00,3.4000,
T0000140,1,PRE-002,1,10.00,10.00,3.4000,
T0000140,2,EDI-001,1,20.00,20.00,6.0000,
T0000141,1,FLO-007,1,32.00,32.00,13.0000,
T0000141,2,PRE-001,1,10.00,10.00,3.2000,
T0000141,3,EDI-006,1,8.00,8.00,3.0000,
T0000141,4,ACC-004,1,2.00,2.00,0.4000,
T0000141,5,VAP-006,1,15.00,15.00,4.0000,
T0000142,1,FLO-005,3,38.00,34.20,15.5000,
T0000143,1,PRE-005,1,6.00,6.00,1.8000,
T0000144,1,EDI-007,1,18.00,18.00,6.0000,
T0000145,1,PRE-004,1,35.00,35.00,12.0000,
T0000146,1,TIN-002,1,45.00,45.00,16.0000,
T0000147,1,CON-002,2,45.00,45.00,18.0000,
T0000147,2,EDI-004,2,25.00,25.00,7.5000,
T0000148,1,ACC-004,1,2.00,2.00,0.4000,
T0000148,2,FLO-010,2,45.00,40.50,18.0000,
T0000148,3,EDI-003,1,20.00,20.00,6.5000,
T0000148,4,PRE-001,1,10.00,10.00,3.2000,
T0000149,1,VAP-001,1,55.00,55.00,22.0000,
T0000149,2,PRE-003,2,18.00,18.00,6.0000,
T0000150,1,PRE-005,1,6.00,6.00,1.8000,
T0000150,2,EDI-004,1,25.00,25.00,7.5000,
T0000150,3,VAP-003,1,32.00,32.00,12.0000,
T0000151,1,PRE-001,1,10.00,10.00,3.2000,
T0000152,1,EDI-001,1,20.00,20.00,6.0000,
T0000152,2,PRE-004,1,35.00,35.00,12.0000,
T0000153,1,VAP-002,1,40.00,40.00,14.0000,
T0000153,2,FLO-001,1,35.00,35.00,14.0000,
T0000153,3,EDI-002,2,22.00,17.60,7.0000,
T0000154,1,FLO-005,1,38.00,38.00,15.5000,
T0000154,2,ACC-002,1,3.00,3.00,0.6000,
T0000155,1,PRE-005,1,6.00,6.00,1.8000,
T0000156,1,VAP-003,1,32.00,32.00,12.0000,
T0000157,1,VAP-004,1,60.00,60.00,24.0000,
T0000157,2,ACC-002,1,3.00,3.00,0.6000,
T0000157,3,ACC-003,1,22.00,22.00,6.0000,
T0000158,1,PRE-001,1,10.00,10.00,3.2000,
T0000159,1,EDI-006,1,8.00,8.00,3.0000,
T0000160,1,PRE-001,1,10.00,10.00,3.2000,
T0000160,2,FLO-002,1,40.00,40.00,16.0000,
T0000161,1,ACC-002,1,3.00,3.00,0.6000,
T0000161,2,EDI-005,1,14.00,14.00,4.0000,
T0000161,3,FLO-005,1,38.00,38.00,15.5000,
T0000161,4,EDI-001,1,20.00,20.00,6.0000,
T0000162,1,VAP-002,1,40.00,40.00,14.0000,
T0000163,1,ACC-004,1,2.00,2.00,0.4000,
T0000163,2,VAP-005,1,28.00,28.00,9.0000,
T0000164,1,VAP-005,1,28.00,28.00,9.0000,
T0000164,2,FLO-007,1,32.00,28.80,13.0000,
T0000164,3,FLO-005,1,38.00,38.00,15.5000,
T0000165,1,FLO-005,1,38.00,38.00,15.5000,
T0000165,2,ACC-002,1,3.00,3.00,0.6000,
T0000165,3,FLO-006,1,120.00,120.00,52.0000,
T0000166,1,PRE-004,1,35.00,31.50,12.0000,
T0000166,2,PRE-002,1,10.00,10.00,3.4000,
T0000167,1,EDI-001,1,20.00,20.00,6.0000,
T0000168,1,PRE-005,1,6.00,6.00,1.8000,
T0000169,1,FLO-001,1,35.00,35.00,14.0000,
T0000169,2,FLO-005,1,38.00,38.00,15.5000,
T0000170,1,VAP-001,2,55.00,55.00,22.0000,
T0000170,2,EDI-007,1,18.00,16.20,6.0000,
T0000171,1,EDI-007,1,18.00,18.00,6.0000,
T0000171,2,PRE-001,1,10.00,10.00,3.2000,
T0000171,3,PRE-005,1,6.00,5.40,1.8000,
T0000172,1,EDI-001,1,20.00,20.00,6.0000,
T0000173,1,FLO-002,3,40.00,40.00,16.0000,
T0000174,1,FLO-005,1,38.00,38.00,15.5000,
T0000174,2,VAP-003,2,32.00,32.00,12.0000,
T0000174,3,PRE-001,1,10.00,10.00,3.2000,
T0000175,1,ACC-004,1,2.00,2.00,0.4000,
T0000176,1,FLO-002,3,40.00,40.00,16.0000,
T0000177,1,EDI-001,1,20.00,20.00,6.0000,
T0000177,2,VAP-005,2,28.00,28.00,9.0000,
T0000178,1,FLO-008,1,32.00,32.00,13.5000,
T0000179,1,FLO-001,1,35.00,35.00,14.0000,
T0000180,1,ACC-004,1,2.00,2.00,0.4000,
T0000180,2,FLO-005,1,38.00,38.00,15.5000,
T0000180,3,EDI-004,1,25.00,25.00,7.5000,
T0000180,4,VAP-003,1,32.00,32.00,12.0000,
T0000181,1,EDI-004,1,25.00,25.00,7.5000,
T0000181,2,ACC-002,1,3.00,3.00,0.6000,
T0000182,1,ACC-001,1,20.00,20.00,5.0000,
T0000183,1,EDI-002,2,22.00,22.00,7.0000,
T0000183,2,PRE-001,1,10.00,10.00,3.2000,
T0000183,3,PRE-002,1,10.00,10.00,3.4000,
T0000184,1,TIN-001,1,50.00,50.00,18.0000,
T0000185,1,FLO-001,1,35.00,35.00,14.0000,
T0000186,1,VAP-003,1,32.00,32.00,12.0000,
T0000186,2,CON-003,1,30.00,30.00,12.0000,
T0000186,3,EDI-002,1,22.00,17.60,7.0000,
T0000186,4,PRE-001,1,10.00,10.00,3.2000,
T0000187,1,FLO-001,1,35.00,35.00,14.0000,
T0000187,3,VAP-002,1,40.00,32.00,14.0000,
T0000188,1,ACC-002,1,3.00,3.00,0.6000,
T0000188,2,EDI-006,1,8.00,8.00,3.0000,
T0000189,1,VAP-003,1,32.00,28.80,12.0000,
T0000189,2,EDI-004,1,25.00,25.00,7.5000,
T0000189,3,ACC-002,1,3.00,3.00,0.6000,
T0000190,1,ACC-004,1,2.00,2.00,0.4000,
T0000190,2,VAP-003,1,32.00,25.60,12.0000,
T0000191,1,EDI-003,2,20.00,20.00,6.5000,
T0000191,2,EDI-005,1,14.00,14.00,4.0000,
T0000191,3,TIN-001,2,50.00,50.00,18.0000,
T0000191,4,EDI-004,1,25.00,25.00,7.5000,
T0000191,5,PRE-003,1,18.00,18.00,6.0000,
T0000192,1,VAP-005,3,28.00,28.00,9.0000,
T0000193,1,PRE-002,1,10.00,10.00,3.4000,
T0000194,1,VAP-005,1,28.00,22.40,9.0000,
T0000194,2,PRE-001,1,10.00,10.00,3.2000,
T0000194,3,VAP-006,1,15.00,15.00,4.0000,
T0000195,1,EDI-005,2,14.00,14.00,4.0000,
T0000196,1,VAP-001,2,55.00,55.00,22.0000,
T0000197,1,ACC-004,1,2.00,2.00,0.4000,
T0000198,1,FLO-005,3,38.00,38.00,15.5000,
T0000198,2,VAP-006,1,15.00,15.00,4.0000,
T0000199,1,EDI-006,1,8.00,8.00,3.0000,
T0000200,1,VAP-005,1,28.00,28.00,9.0000,
T0000200,2,ACC-004,1,2.00,2.00,0.4000,
T0000200,3,VAP-003,1,32.00,32.00,12.0000,
T0000200,4,PRE-004,1,35.00,35.00,12.0000,
T0000200,5,PRE-002,2,10.00,10.00,3.4000,
T0000201,1,PRE-003,1,18.00,18.00,6.0000,
T0000201,2,EDI-002,1,22.00,22.00,7.0000,
T0000201,3,CON-002,3,45.00,45.00,18.0000,
T0000202,1,EDI-001,1,20.00,20.00,6.0000,
T0000202,2,FLO-007,1,32.00,32.00,13.0000,
T0000203,1,FLO-003,1,70.00,70.00,28.0000,
T0000204,1,CON-003,1,30.00,30.00,12.0000,
T0000204,2,FLO-001,2,35.00,35.00,14.0000,
T0000205,1,PRE-002,1,10.00,10.00,3.4000,
T0000205,2,PRE-005,1,6.00,6.00,1.8000,
T0000206,1,FLO-001,1,35.00,35.00,14.0000,
T0000207,1,CON-001,1,75.00,75.00,32.0000,
T0000208,1,PRE-002,2,10.00,10.00,3.4000,
T0000209,1,PRE-005,1,6.00,6.00,1.8000,
T0000210,1,VAP-001,1,55.00,55.00,22.0000,
T0000211,1,FLO-005,1,38.00,34.20,15.5000,
T0000211,3,FLO-010,1,45.00,45.00,18.0000,
T0000211,4,FLO-007,2,32.00,32.00,13.0000,
T0000211,5,FLO-004,1,38.00,38.00,15.0000,
T0000212,1,VAP-002,1,40.00,40.00,14.0000,
T0000212,2,PRE-001,1,10.00,10.00,3.2000,
T0000212,3,EDI-004,1,25.00,25.00,7.5000,
T0000212,4,VAP-003,1,32.00,28.80,12.0000,
T0000212,5,CON-001,2,75.00,75.00,32.0000,
T0000213,1,EDI-007,1,18.00,18.00,6.0000,
T0000213,2,VAP-003,1,32.00,32.00,12.0000,
T0000213,3,PRE-005,3,6.00,6.00,1.8000,
T0000213,4,VAP-001,1,55.00,55.00,22.0000,
T0000214,1,ACC-002,1,3.00,3.00,0.6000,
T0000214,2,VAP-001,1,55.00,55.00,22.0000,
T0000215,1,FLO-005,1,38.00,38.00,15.5000,
T0000215,2,VAP-002,1,40.00,40.00,14.0000,
T0000216,1,EDI-003,1,20.00,20.00,6.5000,
T0000216,2,FLO-005,1,38.00,30.40,15.5000,
T0000217,1,VAP-001,1,55.00,55.00,22.0000,
T0000217,2,FLO-006,1,120.00,108.00,52.0000,
T0000218,1,ACC-002,1,3.00,3.00,0.6000,
T0000219,1,VAP-002,1,40.00,32.00,14.0000,
T0000220,1,FLO-001,1,35.00,35.00,14.0000,
T0000220,2,PRE-003,1,18.00,18.00,6.0000,
T0000220,3,PRE-005,2,6.00,6.00,1.8000,
T0000220,4,FLO-002,1,40.00,36.00,16.0000,
T0000221,1,PRE-002,1,10.00,9.00,3.4000,
T0000222,1,VAP-003,1,32.00,32.00,12.0000,
T0000222,2,FLO-001,1,35.00,35.00,14.0000,
T0000222,3,FLO-007,1,32.00,32.00,13.0000,
T0000223,1,ACC-004,1,2.00,2.00,0.4000,
T0000223,2,EDI-001,1,20.00,20.00,6.0000,
T0000224,1,ACC-002,2,3.00,3.00,0.6000,
T0000224,2,FLO-007,1,32.00,32.00,13.0000,
T0000224,3,PRE-005,1,6.00,4.80,1.8000,
T0000225,1,PRE-001,1,10.00,10.00,3.2000,
T0000225,2,FLO-002,1,40.00,40.00,16.0000,
T0000226,1,ACC-004,1,2.00,2.00,0.4000,
T0000227,1,PRE-001,1,10.00,9.00,3.2000,
T0000228,1,CON-002,1,45.00,36.00,18.0000,
T0000228,2,ACC-002,1,3.00,2.70,0.6000,
T0000228,3,FLO-005,1,38.00,30.40,15.5000,
T0000229,1,FLO-002,1,40.00,40.00,16.0000,
T0000229,2,CON-002,1,45.00,45.00,18.0000,
T0000230,1,EDI-005,2,14.00,14.00,4.0000,
T0000231,1,VAP-005,1,28.00,28.00,9.0000,
T0000231,2,FLO-003,2,70.00,70.00,28.0000,
T0000231,3,FLO-007,1,32.00,32.00,13.0000,
T0000231,5,EDI-001,1,20.00,20.00,6.0000,
T0000232,1,CON-003,2,30.00,24.00,12.0000,
T0000232,2,ACC-004,1,2.00,2.00,0.4000,
T0000233,1,VAP-003,1,32.00,32.00,12.0000,
T0000233,2,FLO-001,1,35.00,35.00,14.0000,
T0000234,1,VAP-002,1,40.00,40.00,14.0000,
T0000234,2,PRE-005,1,6.00,6.00,1.8000,
T0000234,3,EDI-006,1,8.00,8.00,3.0000,
T0000235,1,PRE-004,1,35.00,35.00,12.0000,
T0000235,2,FLO-005,1,38.00,38.00,15.5000,
T0000235,3,EDI-001,2,20.00,20.00,6.0000,
T0000236,1,CON-002,1,45.00,45.00,18.0000,
T0000236,2,FLO-007,1,32.00,32.00,13.0000,
T0000237,1,FLO-005,1,38.00,38.00,15.5000,
T0000238,1,EDI-007,1,18.00,18.00,6.0000,
T0000239,1,VAP-005,2,28.00,28.00,9.0000,
T0000240,1,CON-003,2,30.00,30.00,12.0000,
T0000240,2,VAP-003,1,32.00,32.00,12.0000,
T0000241,1,VAP-003,1,32.00,32.00,12.0000,
T0000241,2,CON-003,1,30.00,30.00,12.0000,
T0000242,1,ACC-002,2,3.00,3.00,0.6000,
T0000243,1,FLO-001,1,35.00,35.00,14.0000,
T0000244,1,PRE-003,1,18.00,18.00,6.0000,
T0000245,1,CON-004,2,55.00,55.00,22.0000,
T0000245,2,EDI-006,1,8.00,8.00,3.0000,
T0000246,1,PRE-001,1,10.00,10.00,3.2000,
T0000246,2,EDI-006,1,8.00,8.00,3.0000,
T0000246,3,EDI-004,1,25.00,22.50,7.5000,
T0000247,1,FLO-002,1,40.00,40.00,16.0000,
T0000248,1,EDI-006,2,8.00,8.00,3.0000,
T0000249,1,FLO-009,2,210.00,210.00,95.0000,
T0000249,2,ACC-004,1,2.00,2.00,0.4000,
T0000250,1,EDI-001,1,20.00,18.00,6.0000,
T0000250,2,FLO-007,1,32.00,32.00,13.0000,
T0000251,1,TOP-001,1,35.00,31.50,12.0000,
T0000251,2,FLO-007,1,32.00,32.00,13.0000,
T0000252,1,ACC-002,1,3.00,3.00,0.6000,
T0000252,2,VAP-003,1,32.00,32.00,12.0000,
T0000252,3,VAP-005,1,28.00,28.00,9.0000,
T0000252,4,EDI-001,1,20.00,20.00,6.0000,
T0000252,5,PRE-005,2,6.00,6.00,1.8000,
T0000253,1,VAP-003,2,32.00,32.00,12.0000,
T0000253,2,CON-002,1,45.00,45.00,18.0000,
T0000253,3,EDI-004,1,25.00,25.00,7.5000,
T0000254,1,FLO-001,1,35.00,35.00,14.0000,
T0000255,1,PRE-002,1,10.00,10.00,3.4000,
T0000256,1,PRE-005,1,6.00,6.00,1.8000,
T0000256,2,FLO-001,1,35.00,35.00,14.0000,
T0000257,1,PRE-005,1,6.00,6.00,1.8000,
T0000258,1,VAP-006,1,15.00,15.00,4.0000,
T0000258,2,VAP-002,1,40.00,32.00,14.0000,
T0000259,1,FLO-003,1,70.00,70.00,28.0000,
T0000259,2,VAP-001,2,55.00,55.00,22.0000,
T0000259,3,FLO-007,1,32.00,32.00,13.0000,
T0000260,1,PRE-001,1,10.00,10.00,3.2000,
T0000260,2,ACC-005,1,12.00,12.00,2.5000,
T0000260,3,EDI-001,2,20.00,18.00,6.0000,
T0000260,4,CON-002,1,45.00,45.00,18.0000,
T0000261,1,PRE-003,1,18.00,18.00,6.0000,
T0000261,2,FLO-004,1,38.00,38.00,15.0000,
T0000262,1,EDI-001,1,20.00,20.00,6.0000,
T0000263,1,ACC-004,1,2.00,2.00,0.4000,
T0000263,2,PRE-004,1,35.00,35.00,12.0000,
T0000263,3,EDI-005,2,14.00,14.00,4.0000,
T0000264,1,FLO-005,2,38.00,34.20,15.5000,
T0000264,2,PRE-001,1,10.00,10.00,3.2000,
T0000264,3,FLO-001,1,35.00,35.00,14.0000,
T0000264,4,FLO-008,1,32.00,32.00,13.5000,
T0000264,5,CON-001,1,75.00,75.00,32.0000,
T0000265,1,TIN-002,2,45.00,45.00,16.0000,
T0000266,1,EDI-007,1,18.00,18.00,6.0000,
T0000267,1,CON-002,1,45.00,45.00,18.0000,
T0000267,2,VAP-005,1,28.00,28.00,9.0000,
T0000268,1,PRE-004,1,35.00,35.00,12.0000,
T0000268,2,PRE-002,1,10.00,10.00,3.4000,
T0000269,1,ACC-004,1,2.00,1.60,0.4000,
T0000270,1,FLO-007,1,32.00,32.00,13.0000,
T0000271,1,PRE-001,1,10.00,9.00,3.2000,
T0000272,1,PRE-001,1,10.00,10.00,3.2000,
T0000272,2,PRE-002,1,10.00,9.00,3.4000,
T0000272,3,FLO-001,1,35.00,35.00,14.0000,
T0000272,4,EDI-001,2,20.00,20.00,6.0000,
T0000273,1,VAP-004,1,60.00,48.00,24.0000,
T0000274,1,ACC-002,1,3.00,2.70,0.6000,
T0000274,2,FLO-009,1,210.00,189.00,95.0000,
T0000275,1,PRE-004,1,35.00,35.00,12.0000,
T0000275,2,EDI-005,1,14.00,14.00,4.0000,
T0000275,3,ACC-004,1,2.00,2.00,0.4000,
T0000275,4,PRE-005,1,6.00,6.00,1.8000,
T0000276,1,PRE-005,1,6.00,6.00,1.8000,
T0000277,1,PRE-002,2,10.00,10.00,3.4000,
T0000278,1,ACC-002,2,3.00,3.00,0.6000,
T0000279,1,FLO-004,1,38.00,38.00,15.0000,
T0000280,1,PRE-001,1,10.00,8.00,3.2000,
T0000281,1,PRE-004,1,35.00,35.00,12.0000,
T0000282,1,EDI-001,2,20.00,20.00,6.0000,
T0000283,1,PRE-001,1,10.00,10.00,3.2000,
T0000283,2,VAP-002,1,40.00,40.00,14.0000,
T0000284,1,PRE-002,1,10.00,9.00,3.4000,
T0000285,1,FLO-001,2,35.00,35.00,14.0000,
T0000285,2,EDI-006,1,8.00,8.00,3.0000,
T0000286,1,FLO-001,1,35.00,35.00,14.0000,
T0000286,2,PRE-002,1,10.00,10.00,3.4000,
T0000287,1,PRE-005,1,6.00,6.00,1.8000,
T0000288,1,ACC-002,1,3.00,3.00,0.6000,
T0000288,2,EDI-001,1,20.00,20.00,6.0000,
T0000289,1,EDI-003,1,20.00,20.00,6.5000,
T0000289,2,PRE-001,2,10.00,10.00,3.2000,
T0000290,1,EDI-007,1,18.00,18.00,6.0000,
T0000290,2,ACC-001,2,20.00,20.00,5.0000,
T0000290,3,TIN-002,1,45.00,45.00,16.0000,
T0000291,1,VAP-003,2,32.00,32.00,12.0000,
T0000292,1,EDI-006,1,8.00,8.00,3.0000,
T0000292,2,FLO-010,1,45.00,45.00,18.0000,
T0000292,3,PRE-002,1,10.00,10.00,3.4000,
T0000293,1,PRE-005,1,6.00,6.00,1.8000,
T0000293,2,PRE-004,1,35.00,35.00,12.0000,
T0000294,1,PRE-002,1,10.00,10.00,3.4000,
T0000294,2,VAP-002,1,40.00,40.00,14.0000,
T0000294,3,ACC-001,2,20.00,16.00,5.0000,
T0000295,1,CON-003,1,30.00,30.00,12.0000,
T0000295,2,PRE-005,1,6.00,6.00,1.8000,
T0000296,1,FLO-008,1,32.00,32.00,13.5000,
T0000297,1,FLO-007,2,32.00,32.00,13.0000,
T0000297,2,PRE-002,2,10.00,10.00,3.4000,
T0000297,3,PRE-001,1,10.00,10.00,3.2000,
T0000298,1,FLO-005,1,38.00,38.00,15.5000,
T0000298,2,VAP-002,1,40.00,40.00,14.0000,
T0000298,3,FLO-008,1,32.00,32.00,13.5000,
T0000299,1,PRE-002,1,10.00,9.00,3.4000,
T0000299,2,EDI-003,1,20.00,16.00,6.5000,
T0000300,1,EDI-003,1,20.00,20.00,6.5000,
T0000300,2,PRE-002,1,10.00,10.00,3.4000,
T0000301,1,PRE-003,1,18.00,18.00,6.0000,
T0000302,1,VAP-003,1,32.00,28.80,12.0000,
T0000303,1,VAP-006,1,15.00,15.00,4.0000,
T0000304,1,ACC-004,1,2.00,2.00,0.4000,
T0000305,1,PRE-005,1,6.00,6.00,1.8000,
T0000306,1,CON-001,1,75.00,60.00,32.0000,
T0000306,2,VAP-005,1,28.00,28.00,9.0000,
T0000307,1,ACC-004,2,2.00,2.00,0.4000,
T0000308,1,VAP-002,1,40.00,36.00,14.0000,
T0000308,2,PRE-005,1,6.00,6.00,1.8000,
T0000309,1,ACC-001,1,20.00,20.00,5.0000,
T0000310,1,PRE-005,1,6.00,6.00,1.8000,
T0000310,2,VAP-001,1,55.00,55.00,22.0000,
T0000311,1,VAP-003,1,32.00,32.00,12.0000,
T0000312,1,EDI-004,1,25.00,25.00,7.5000,
T0000312,2,CON-003,1,30.00,30.00,12.0000,
T0000312,3,VAP-002,1,40.00,40.00,14.0000,
T0000313,1,FLO-001,1,35.00,35.00,14.0000,
T0000313,2,FLO-004,1,38.00,38.00,15.0000,
T0000313,3,ACC-002,2,3.00,3.00,0.6000,
T0000314,1,CON-002,1,45.00,40.50,18.0000,
T0000314,2,FLO-005,2,38.00,38.00,15.5000,
T0000314,3,EDI-001,1,20.00,20.00,6.0000,
T0000315,1,PRE-002,1,10.00,10.00,3.4000,
T0000315,2,VAP-001,1,55.00,55.00,22.0000,
T0000315,3,PRE-001,2,10.00,10.00,3.2000,
T0000316,1,FLO-002,1,40.00,40.00,16.0000,
T0000317,1,VAP-002,1,40.00,40.00,14.0000,
T0000318,1,FLO-005,1,38.00,38.00,15.5000,
T0000319,1,VAP-002,1,40.00,40.00,14.0000,
T0000319,2,FLO-004,1,38.00,34.20,15.0000,
T0000320,1,VAP-003,2,32.00,32.00,12.0000,
T0000320,2,EDI-002,1,22.00,22.00,7.0000,
T0000321,1,EDI-005,1,14.00,14.00,4.0000,
T0000321,2,PRE-004,1,35.00,35.00,12.0000,
T0000321,3,EDI-002,1,22.00,22.00,7.0000,
T0000322,1,CON-004,1,55.00,55.00,22.0000,
T0000322,2,VAP-004,1,60.00,60.00,24.0000,
T0000322,3,VAP-002,2,40.00,40.00,14.0000,
T0000322,4,EDI-004,1,25.00,22.50,7.5000,
T0000323,1,PRE-001,1,10.00,10.00,3.2000,
T0000324,1,EDI-007,1,18.00,18.00,6.0000,
T0000324,2,EDI-001,1,20.00,20.00,6.0000,
T0000324,3,PRE-002,1,10.00,10.00,3.4000,
T0000324,4,ACC-005,1,12.00,12.00,2.5000,
T0000324,5,VAP-006,2,15.00,15.00,4.0000,
T0000325,1,ACC-002,2,3.00,3.00,0.6000,
T0000326,1,PRE-001,2,10.00,10.00,3.2000,
T0000327,1,VAP-001,2,55.00,55.00,22.0000,
T0000327,2,FLO-004,1,38.00,30.40,15.0000,
T0000327,4,FLO-002,1,40.00,32.00,16.0000,
T0000327,5,PRE-001,1,10.00,10.00,3.2000,
T0000328,1,FLO-010,1,45.00,45.00,18.0000,
T0000329,1,FLO-008,1,32.00,32.00,13.5000,
T0000329,2,EDI-004,1,25.00,25.00,7.5000,
T0000330,1,VAP-005,1,28.00,28.00,9.0000,
T0000330,2,FLO-007,1,32.00,32.00,13.0000,
T0000331,1,EDI-007,1,18.00,18.00,6.0000,
T0000332,1,VAP-001,1,55.00,55.00,22.0000,
T0000332,2,TOP-002,2,24.00,24.00,9.0000,
T0000332,3,FLO-005,1,38.00,38.00,15.5000,
T0000333,1,FLO-003,1,70.00,70.00,28.0000,
T0000333,2,ACC-003,1,22.00,19.80,6.0000,
T0000333,3,PRE-005,1,6.00,6.00,1.8000,
T0000334,1,EDI-002,1,22.00,22.00,7.0000,
T0000334,2,ACC-004,2,2.00,2.00,0.4000,
T0000335,1,FLO-001,1,35.00,35.00,14.0000,
T0000336,1,ACC-004,1,2.00,2.00,0.4000,
T0000337,1,FLO-007,1,32.00,25.60,13.0000,
T0000338,1,CON-002,3,45.00,40.50,18.0000,
T0000338,2,PRE-003,1,18.00,14.40,6.0000,
T0000339,1,VAP-003,1,32.00,28.80,12.0000,
T0000340,1,EDI-003,2,20.00,18.00,6.5000,
T0000340,2,PRE-002,1,10.00,10.00,3.4000,
T0000340,3,EDI-001,2,20.00,18.00,6.0000,
T0000340,4,PRE-003,1,18.00,18.00,6.0000,
T0000340,5,ACC-004,1,2.00,2.00,0.4000,
T0000341,1,VAP-003,1,32.00,32.00,12.0000,
T0000341,2,EDI-007,3,18.00,18.00,6.0000,
T0000342,1,EDI-002,1,22.00,19.80,7.0000,
T0000342,2,FLO-004,2,38.00,38.00,15.0000,
T0000343,1,EDI-001,1,20.00,20.00,6.0000,
T0000343,2,PRE-005,2,6.00,6.00,1.8000,
T0000344,1,VAP-002,1,40.00,36.00,14.0000,
T0000344,2,ACC-001,2,20.00,20.00,5.0000,
T0000345,1,VAP-003,1,32.00,32.00,12.0000,
T0000345,2,FLO-002,1,40.00,40.00,16.0000,
T0000345,3,VAP-002,2,40.00,40.00,14.0000,
T0000345,4,VAP-004,1,60.00,54.00,24.0000,
T0000346,1,PRE-002,1,10.00,10.00,3.4000,
T0000347,1,EDI-004,1,25.00,25.00,7.5000,
T0000347,2,VAP-003,1,32.00,32.00,12.0000,
T0000347,3,PRE-005,1,6.00,6.00,1.8000,
T0000348,1,PRE-001,1,10.00,10.00,3.2000,
T0000348,2,VAP-005,1,28.00,28.00,9.0000,
T0000348,3,ACC-002,1,3.00,3.00,0.6000,
T0000349,1,EDI-006,2,8.00,8.00,3.0000,
T0000350,1,VAP-002,1,40.00,40.00,14.0000,
T0000350,2,VAP-001,1,55.00,55.00,22.0000,
T0000350,3,PRE-002,2,10.00,10.00,3.4000,
T0000350,4,FLO-008,1,32.00,28.80,13.5000,
T0000350,5,PRE-005,1,6.00,6.00,1.8000,
T0000351,1,FLO-001,1,35.00,35.00,14.0000,
T0000352,1,FLO-004,1,38.00,38.00,15.0000,
T0000352,2,FLO-005,2,38.00,38.00,15.5000,
T0000352,3,PRE-002,1,10.00,10.00,3.4000,
T0000353,1,PRE-004,1,35.00,35.00,12.0000,
T0000354,1,FLO-010,1,45.00,45.00,18.0000,
T0000354,2,VAP-001,2,55.00,55.00,22.0000,
T0000354,3,FLO-005,2,38.00,38.00,15.5000,
T0000355,1,FLO-008,1,32.00,32.00,13.5000,
T0000355,2,VAP-006,1,15.00,15.00,4.0000,
T0000355,3,FLO-001,1,35.00,35.00,14.0000,
T0000356,1,FLO-002,3,40.00,40.00,16.0000,
T0000356,2,FLO-004,1,38.00,38.00,15.0000,
T0000356,3,PRE-003,1,18.00,18.00,6.0000,
T0000356,4,FLO-008,1,32.00,32.00,13.5000,
T0000356,5,ACC-001,1,20.00,20.00,5.0000,
T0000357,1,FLO-007,1,32.00,32.00,13.0000,
T0000358,1,FLO-008,2,32.00,32.00,13.5000,
T0000358,2,VAP-001,1,55.00,55.00,22.0000,
T0000359,1,VAP-003,1,32.00,32.00,12.0000,
T0000359,2,ACC-004,1,2.00,2.00,0.4000,
T0000360,1,VAP-005,1,28.00,28.00,9.0000,
T0000360,2,CON-003,1,30.00,30.00,12.0000,
T0000360,3,CON-004,1,55.00,55.00,22.0000,
T0000361,1,ACC-002,2,3.00,3.00,0.6000,
T0000361,2,VAP-004,1,60.00,60.00,24.0000,
T0000361,3,FLO-002,1,40.00,40.00,16.0000,
T0000362,1,TOP-002,1,24.00,21.60,9.0000,
T0000362,2,ACC-004,1,2.00,2.00,0.4000,
T0000362,3,CON-002,1,45.00,45.00,18.0000,
T0000363,1,ACC-004,1,2.00,1.60,0.4000,
T0000363,2,PRE-004,1,35.00,35.00,12.0000,
T0000363,3,PRE-005,1,6.00,6.00,1.8000,
T0000363,4,VAP-002,1,40.00,40.00,14.0000,
T0000364,1,FLO-001,3,35.00,35.00,14.0000,
T0000364,2,PRE-003,1,18.00,18.00,6.0000,
T0000364,3,PRE-002,1,10.00,10.00,3.4000,
T0000365,1,FLO-001,2,35.00,35.00,14.0000,
T0000366,1,PRE-001,2,10.00,10.00,3.2000,
T0000366,2,EDI-007,3,18.00,18.00,6.0000,
T0000366,3,ACC-002,1,3.00,3.00,0.6000,
T0000367,1,FLO-004,1,38.00,38.00,15.0000,
T0000367,2,EDI-006,1,8.00,8.00,3.0000,
T0000368,1,PRE-004,1,35.00,35.00,12.0000,
T0000368,2,CON-001,1,75.00,67.50,32.0000,
T0000369,1,PRE-001,1,10.00,10.00,3.2000,
T0000370,1,EDI-005,1,14.00,14.00,4.0000,
T0000370,2,VAP-006,1,15.00,15.00,4.0000,
T0000371,1,PRE-001,1,10.00,10.00,3.2000,
T0000371,2,ACC-004,1,2.00,2.00,0.4000,
T0000372,1,EDI-001,1,20.00,20.00,6.0000,
T0000373,1,FLO-007,1,32.00,32.00,13.0000,
T0000373,2,FLO-003,2,70.00,63.00,28.0000,
T0000373,3,VAP-003,1,32.00,32.00,12.0000,
T0000374,1,EDI-007,3,18.00,18.00,6.0000,
T0000374,2,PRE-003,1,18.00,18.00,6.0000,
T0000375,1,FLO-004,1,38.00,34.20,15.0000,
T0000375,2,PRE-005,1,6.00,5.40,1.8000,
T0000375,3,EDI-004,1,25.00,25.00,7.5000,
T0000376,1,EDI-005,1,14.00,11.20,4.0000,
T0000377,1,EDI-005,1,14.00,14.00,4.0000,
T0000377,2,PRE-002,1,10.00,10.00,3.4000,
T0000378,1,VAP-005,1,28.00,28.00,9.0000,
T0000378,2,FLO-004,1,38.00,38.00,15.0000,
T0000378,3,PRE-005,1,6.00,6.00,1.8000,
T0000379,1,PRE-005,1,6.00,4.80,1.8000,
T0000379,2,TIN-002,1,45.00,40.50,16.0000,
T0000379,3,EDI-003,1,20.00,16.00,6.5000,
T0000380,1,VAP-001,1,55.00,55.00,22.0000,
T0000381,1,PRE-005,1,6.00,6.00,1.8000,
T0000382,1,EDI-006,1,8.00,7.20,3.0000,
T0000382,2,PRE-005,3,6.00,6.00,1.8000,
T0000382,3,ACC-002,1,3.00,3.00,0.6000,
T0000382,4,VAP-002,1,40.00,36.00,14.0000,
T0000383,1,PRE-002,1,10.00,10.00,3.4000,
T0000383,2,PRE-005,1,6.00,6.00,1.8000,
T0000384,1,PRE-003,1,18.00,18.00,6.0000,
T0000385,1,FLO-001,1,35.00,35.00,14.0000,
T0000385,2,VAP-003,1,32.00,32.00,12.0000,
T0000385,3,FLO-004,1,38.00,38.00,15.0000,
T0000386,1,FLO-007,1,32.00,32.00,13.0000,
T0000386,2,FLO-001,1,35.00,35.00,14.0000,
T0000387,1,VAP-005,1,28.00,28.00,9.0000,
T0000387,2,PRE-001,2,10.00,10.00,3.2000,
T0000388,1,FLO-007,1,32.00,32.00,13.0000,
T0000389,1,FLO-004,1,38.00,30.40,15.0000,
T0000390,1,PRE-001,1,10.00,10.00,3.2000,
T0000391,1,FLO-008,1,32.00,32.00,13.5000,
T0000391,2,PRE-002,1,10.00,10.00,3.4000,
T0000392,1,TOP-001,1,35.00,35.00,12.0000,
T0000393,1,EDI-004,1,25.00,25.00,7.5000,
T0000394,1,VAP-002,1,40.00,40.00,14.0000,
T0000394,3,ACC-004,1,2.00,2.00,0.4000,
T0000395,1,TIN-002,2,45.00,45.00,16.0000,
T0000396,1,EDI-001,2,20.00,20.00,6.0000,
T0000396,2,VAP-002,1,40.00,40.00,14.0000,
T0000397,1,EDI-003,1,20.00,20.00,6.5000,
T0000398,1,TOP-002,2,24.00,24.00,9.0000,
T0000399,1,VAP-003,1,32.00,32.00,12.0000,
T0000399,2,FLO-007,1,32.00,32.00,13.0000,
T0000400,1,FLO-005,3,38.00,38.00,15.5000,
T0000401,1,PRE-003,1,18.00,18.00,6.0000,
T0000402,1,EDI-006,1,8.00,8.00,3.0000,
T0000402,2,ACC-004,1,2.00,2.00,0.4000,
T0000402,3,FLO-010,1,45.00,45.00,18.0000,
T0000402,4,EDI-001,2,20.00,20.00,6.0000,
T0000403,1,ACC-004,1,2.00,2.00,0.4000,
T0000403,2,VAP-006,1,15.00,15.00,4.0000,
T0000404,1,FLO-004,1,38.00,38.00,15.0000,
T0000405,1,EDI-006,2,8.00,8.00,3.0000,
T0000406,1,EDI-006,1,8.00,8.00,3.0000,
T0000406,2,ACC-004,1,2.00,2.00,0.4000,
T0000407,1,PRE-001,1,10.00,10.00,3.2000,
T0000407,2,EDI-004,1,25.00,20.00,7.5000,
T0000407,3,VAP-003,1,32.00,32.00,12.0000,
T0000408,1,FLO-002,1,40.00,40.00,16.0000,
T0000408,2,ACC-002,1,3.00,3.00,0.6000,
T0000409,1,ACC-004,1,2.00,2.00,0.4000,
T0000409,3,CON-002,1,45.00,45.00,18.0000,
T0000410,1,EDI-002,1,22.00,22.00,7.0000,
T0000411,1,FLO-002,2,40.00,40.00,16.0000,
T0000412,1,FLO-002,1,40.00,40.00,16.0000,
T0000412,2,VAP-001,1,55.00,55.00,22.0000,
T0000412,3,EDI-004,1,25.00,25.00,7.5000,
T0000413,1,VAP-002,1,40.00,40.00,14.0000,
T0000413,2,PRE-002,1,10.00,10.00,3.4000,
T0000413,3,PRE-003,1,18.00,18.00,6.0000,
T0000414,1,PRE-001,2,10.00,10.00,3.2000,
T0000414,2,FLO-006,1,120.00,120.00,52.0000,
T0000414,3,CON-001,1,75.00,75.00,32.0000,
T0000414,4,FLO-002,1,40.00,40.00,16.0000,
T0000414,5,PRE-002,1,10.00,10.00,3.4000,
T0000415,1,PRE-005,2,6.00,6.00,1.8000,
T0000415,2,FLO-005,1,38.00,38.00,15.5000,
T0000415,3,VAP-002,1,40.00,40.00,14.0000,
T0000416,1,VAP-005,2,28.00,28.00,9.0000,
T0000417,1,FLO-005,1,38.00,38.00,15.5000,
T0000418,1,FLO-002,1,40.00,40.00,16.0000,
T0000418,2,ACC-004,1,2.00,2.00,0.4000,
T0000418,3,VAP-004,2,60.00,60.00,24.0000,
T0000418,4,EDI-004,1,25.00,25.00,7.5000,
T0000419,1,VAP-004,1,60.00,60.00,24.0000,
T0000419,2,VAP-005,1,28.00,28.00,9.0000,
T0000420,1,VAP-001,1,55.00,55.00,22.0000,
T0000420,2,VAP-005,1,28.00,28.00,9.0000,
T0000420,3,PRE-002,1,10.00,10.00,3.4000,
T0000421,1,FLO-007,1,32.00,32.00,13.0000,
T0000421,2,ACC-003,2,22.00,22.00,6.0000,
T0000422,1,PRE-001,1,10.00,10.00,3.2000,
T0000422,2,PRE-002,1,10.00,10.00,3.4000,
T0000423,1,FLO-004,1,38.00,38.00,15.0000,
T0000423,2,VAP-003,1,32.00,32.00,12.0000,
T0000423,3,VAP-006,2,15.00,15.00,4.0000,
T0000424,1,FLO-004,3,38.00,38.00,15.0000,
T0000424,2,PRE-003,1,18.00,18.00,6.0000,
T0000425,1,FLO-001,1,35.00,31.50,14.0000,
T0000425,2,EDI-003,1,20.00,20.00,6.5000,
T0000426,1,EDI-001,1,20.00,20.00,6.0000,
T0000427,1,VAP-001,2,55.00,55.00,22.0000,
T0000427,2,FLO-002,2,40.00,36.00,16.0000,
T0000427,3,VAP-002,1,40.00,40.00,14.0000,
T0000427,4,VAP-003,1,32.00,32.00,12.0000,
T0000428,1,FLO-007,1,32.00,32.00,13.0000,
T0000429,1,TIN-001,2,50.00,50.00,18.0000,
T0000429,3,PRE-002,2,10.00,10.00,3.4000,
T0000429,4,FLO-004,1,38.00,34.20,15.0000,
T0000429,5,VAP-006,1,15.00,15.00,4.0000,
T0000430,1,VAP-002,2,40.00,40.00,14.0000,
T0000431,1,ACC-004,1,2.00,2.00,0.4000,
T0000432,1,EDI-003,2,20.00,20.00,6.5000,
T0000433,1,FLO-007,1,32.00,32.00,13.0000,
T0000434,1,EDI-004,1,25.00,25.00,7.5000,
T0000435,1,PRE-003,1,18.00,16.20,6.0000,
T0000435,2,PRE-002,1,10.00,9.00,3.4000,
T0000435,3,PRE-001,1,10.00,10.00,3.2000,
T0000436,1,FLO-002,1,40.00,40.00,16.0000,
T0000436,2,VAP-005,2,28.00,28.00,9.0000,
T0000436,3,VAP-002,1,40.00,40.00,14.0000,
T0000436,4,FLO-008,1,32.00,32.00,13.5000,
T0000437,1,PRE-003,1,18.00,18.00,6.0000,
T0000438,1,FLO-004,1,38.00,38.00,15.0000,
T0000438,2,VAP-004,1,60.00,60.00,24.0000,
T0000438,3,PRE-001,1,10.00,10.00,3.2000,
T0000439,1,PRE-004,1,35.00,35.00,12.0000,
T0000439,2,ACC-004,1,2.00,2.00,0.4000,
T0000440,1,ACC-002,2,3.00,3.00,0.6000,
T0000441,1,EDI-001,1,20.00,20.00,6.0000,
T0000441,2,CON-003,1,30.00,30.00,12.0000,
T0000441,3,FLO-002,3,40.00,40.00,16.0000,
T0000442,1,EDI-002,1,22.00,22.00,7.0000,
T0000442,3,CON-003,1,30.00,30.00,12.0000,
T0000443,1,VAP-003,1,32.00,32.00,12.0000,
T0000444,1,PRE-002,1,10.00,10.00,3.4000,
T0000444,2,CON-001,1,75.00,75.00,32.0000,
T0000445,1,FLO-003,1,70.00,70.00,28.0000,
T0000445,2,FLO-001,1,35.00,35.00,14.0000,
T0000445,3,PRE-005,1,6.00,6.00,1.8000,
T0000446,1,FLO-003,3,70.00,70.00,28.0000,
T0000447,1,PRE-001,1,10.00,8.00,3.2000,
T0000447,2,VAP-006,1,15.00,15.00,4.0000,
T0000447,3,FLO-007,2,32.00,25.60,13.0000,
T0000447,4,PRE-003,1,18.00,14.40,6.0000,
T0000448,1,FLO-004,3,38.00,38.00,15.0000,
T0000448,2,PRE-005,1,6.00,6.00,1.8000,
T0000448,4,FLO-002,1,40.00,40.00,16.0000,
T0000448,5,EDI-001,1,20.00,20.00,6.0000,
T0000449,1,ACC-004,2,2.00,2.00,0.4000,
T0000449,2,VAP-005,2,28.00,28.00,9.0000,
T0000450,1,EDI-001,1,20.00,20.00,6.0000,
T0000450,2,FLO-008,1,32.00,28.80,13.5000,
T0000451,1,VAP-005,1,28.00,28.00,9.0000,
T0000451,2,ACC-001,1,20.00,20.00,5.0000,
T0000451,3,FLO-004,1,38.00,38.00,15.0000,
T0000452,1,PRE-001,1,10.00,10.00,3.2000,
T0000452,2,VAP-002,1,40.00,40.00,14.0000,
T0000453,1,PRE-005,1,6.00,6.00,1.8000,
T0000453,2,FLO-005,1,38.00,38.00,15.5000,
T0000453,3,PRE-001,2,10.00,8.00,3.2000,
T0000454,1,ACC-002,1,3.00,3.00,0.6000,
T0000455,1,ACC-001,1,20.00,20.00,5.0000,
T0000456,1,FLO-004,1,38.00,38.00,15.0000,
T0000456,2,VAP-005,2,28.00,28.00,9.0000,
T0000457,1,FLO-002,1,40.00,36.00,16.0000,
T0000457,2,EDI-007,1,18.00,18.00,6.0000,
T0000458,1,ACC-002,1,3.00,3.00,0.6000,
T0000459,1,ACC-001,1,20.00,20.00,5.0000,
T0000459,2,FLO-002,3,40.00,40.00,16.0000,
T0000459,3,CON-001,1,75.00,75.00,32.0000,
T0000459,4,ACC-002,1,3.00,3.00,0.6000,
T0000460,1,EDI-001,1,20.00,20.00,6.0000,
T0000461,1,EDI-006,1,8.00,6.40,3.0000,
T0000462,1,CON-003,1,30.00,30.00,12.0000,
T0000462,2,VAP-006,1,15.00,15.00,4.0000,
T0000463,1,PRE-001,1,10.00,10.00,3.2000,
T0000464,1,FLO-005,1,38.00,38.00,15.5000,
T0000465,1,FLO-008,1,32.00,32.00,13.5000,
T0000466,1,FLO-001,1,35.00,35.00,14.0000,
T0000466,2,VAP-003,1,32.00,32.00,12.0000,
T0000467,1,VAP-002,1,40.00,40.00,14.0000,
T0000467,2,ACC-004,1,2.00,2.00,0.4000,
T0000467,3,PRE-001,1,10.00,10.00,3.2000,
T0000468,1,ACC-002,1,3.00,3.00,0.6000,
T0000469,1,FLO-007,2,32.00,32.00,13.0000,
T0000469,2,FLO-002,1,40.00,40.00,16.0000,
T0000470,1,FLO-007,1,32.00,32.00,13.0000,
T0000470,2,VAP-005,1,28.00,28.00,9.0000,
T0000470,3,FLO-004,1,38.00,38.00,15.0000,
T0000471,1,PRE-001,1,10.00,10.00,3.2000,
T0000472,1,ACC-004,1,2.00,2.00,0.4000,
T0000473,1,PRE-002,1,10.00,8.00,3.4000,
T0000473,2,PRE-005,1,6.00,6.00,1.8000,
T0000473,3,FLO-010,2,45.00,45.00,18.0000,
T0000474,1,PRE-005,1,6.00,6.00,1.8000,
T0000474,2,PRE-002,1,10.00,10.00,3.4000,
T0000475,1,PRE-001,1,10.00,10.00,3.2000,
T0000475,2,FLO-002,1,40.00,40.00,16.0000,
T0000476,1,VAP-005,1,28.00,28.00,9.0000,
T0000476,2,FLO-002,1,40.00,40.00,16.0000,
T0000476,3,EDI-001,1,20.00,18.00,6.0000,
T0000477,1,EDI-003,1,20.00,20.00,6.5000,
T0000477,2,PRE-004,2,35.00,35.00,12.0000,
T0000478,1,CON-001,1,75.00,60.00,32.0000,
T0000478,2,FLO-007,1,32.00,25.60,13.0000,
T0000478,3,ACC-002,1,3.00,3.00,0.6000,
T0000479,1,PRE-002,3,10.00,10.00,3.4000,
T0000479,3,FLO-007,1,32.00,32.00,13.0000,
T0000480,1,ACC-003,1,22.00,22.00,6.0000,
T0000481,1,EDI-002,1,22.00,22.00,7.0000,
T0000482,1,ACC-004,1,2.00,2.00,0.4000,
T0000482,2,FLO-005,3,38.00,38.00,15.5000,
T0000483,1,FLO-001,1,35.00,35.00,14.0000,
T0000483,2,TOP-001,2,35.00,35.00,12.0000,
T0000484,1,EDI-002,1,22.00,22.00,7.0000,
T0000484,2,FLO-007,2,32.00,32.00,13.0000,
T0000485,1,FLO-005,1,38.00,38.00,15.5000,
T0000485,2,ACC-004,1,2.00,2.00,0.4000,
T0000485,3,FLO-002,2,40.00,40.00,16.0000,
T0000485,4,FLO-003,1,70.00,70.00,28.0000,
T0000486,1,VAP-002,2,40.00,40.00,14.0000,
T0000486,2,PRE-002,2,10.00,10.00,3.4000,
T0000486,3,EDI-007,1,18.00,18.00,6.0000,
T0000486,4,PRE-001,2,10.00,10.00,3.2000,
T0000486,5,ACC-004,1,2.00,2.00,0.4000,
T0000487,1,PRE-001,2,10.00,10.00,3.2000,
T0000488,1,EDI-005,1,14.00,14.00,4.0000,
T0000489,1,TOP-002,1,24.00,24.00,9.0000,
T0000489,2,PRE-001,1,10.00,10.00,3.2000,
T0000489,3,PRE-002,1,10.00,10.00,3.4000,
T0000489,4,FLO-001,1,35.00,35.00,14.0000,
T0000489,5,CON-001,2,75.00,75.00,32.0000,
T0000490,1,FLO-007,1,32.00,32.00,13.0000,
T0000491,1,FLO-001,3,35.00,35.00,14.0000,
T0000491,2,FLO-005,1,38.00,30.40,15.5000,
T0000492,1,VAP-002,1,40.00,40.00,14.0000,
T0000492,2,EDI-002,1,22.00,22.00,7.0000,
T0000492,3,VAP-005,1,28.00,28.00,9.0000,
T0000492,4,PRE-002,2,10.00,10.00,3.4000,
T0000493,1,EDI-001,1,20.00,20.00,6.0000,
T0000493,2,PRE-001,1,10.00,10.00,3.2000,
T0000494,1,PRE-005,1,6.00,6.00,1.8000,
T0000495,1,EDI-005,1,14.00,14.00,4.0000,
T0000496,1,FLO-001,1,35.00,35.00,14.0000,
T0000496,2,EDI-007,1,18.00,18.00,6.0000,
T0000496,3,ACC-001,2,20.00,20.00,5.0000,
T0000497,1,FLO-005,1,38.00,38.00,15.5000,
T0000497,2,PRE-002,2,10.00,10.00,3.4000,
T0000497,3,PRE-004,1,35.00,28.00,12.0000,
T0000497,4,ACC-004,1,2.00,1.60,0.4000,
T0000498,1,VAP-005,1,28.00,28.00,9.0000,
T0000499,1,PRE-001,1,10.00,10.00,3.2000,
T0000500,1,EDI-002,2,22.00,22.00,7.0000,
T0000500,2,EDI-007,2,18.00,18.00,6.0000,
T0000500,3,ACC-002,1,3.00,3.00,0.6000,
T0000501,1,FLO-002,2,40.00,40.00,16.0000,
T0000501,2,FLO-005,1,38.00,38.00,15.5000,
T0000502,1,EDI-004,1,25.00,25.00,7.5000,
T0000503,1,CON-003,3,30.00,30.00,12.0000,
T0000504,1,VAP-001,1,55.00,55.00,22.0000,
T0000505,1,ACC-003,1,22.00,22.00,6.0000,
T0000505,2,PRE-001,1,10.00,10.00,3.2000,
T0000506,1,PRE-001,1,10.00,10.00,3.2000,
T0000507,1,ACC-002,1,3.00,3.00,0.6000,
T0000508,1,VAP-002,1,40.00,40.00,14.0000,
T0000508,2,PRE-001,1,10.00,8.00,3.2000,
T0000508,3,EDI-001,1,20.00,20.00,6.0000,
T0000508,5,VAP-001,1,55.00,55.00,22.0000,
T0000509,1,VAP-002,1,40.00,40.00,14.0000,
T0000510,1,ACC-003,1,22.00,17.60,6.0000,
T0000510,2,FLO-010,1,45.00,45.00,18.0000,
T0000511,1,VAP-002,1,40.00,40.00,14.0000,
T0000512,1,VAP-006,1,15.00,15.00,4.0000,
T0000512,2,CON-001,1,75.00,75.00,32.0000,
T0000512,3,PRE-005,1,6.00,6.00,1.8000,
T0000512,4,PRE-002,1,10.00,9.00,3.4000,
T0000513,1,FLO-004,2,38.00,38.00,15.0000,
T0000513,2,EDI-005,1,14.00,11.20,4.0000,
T0000513,3,FLO-008,1,32.00,32.00,13.5000,
T0000514,1,PRE-004,1,35.00,28.00,12.0000,
T0000514,2,VAP-006,1,15.00,12.00,4.0000,
T0000514,3,ACC-004,2,2.00,1.60,0.4000,
T0000515,1,EDI-005,1,14.00,14.00,4.0000,
T0000515,2,VAP-001,1,55.00,55.00,22.0000,
T0000515,3,ACC-002,1,3.00,3.00,0.6000,
T0000515,4,PRE-001,1,10.00,10.00,3.2000,
T0000516,1,PRE-002,1,10.00,10.00,3.4000,
T0000516,2,VAP-005,1,28.00,28.00,9.0000,
T0000516,3,FLO-005,1,38.00,38.00,15.5000,
T0000517,1,FLO-001,2,35.00,35.00,14.0000,
T0000518,1,TOP-001,1,35.00,35.00,12.0000,
T0000519,1,FLO-005,1,38.00,38.00,15.5000,
T0000520,1,VAP-005,1,28.00,25.20,9.0000,
T0000520,2,VAP-006,1,15.00,13.50,4.0000,
T0000520,3,PRE-003,2,18.00,18.00,6.0000,
T0000521,1,VAP-005,3,28.00,22.40,9.0000,
T0000521,2,PRE-005,1,6.00,6.00,1.8000,
T0000522,1,PRE-004,1,35.00,35.00,12.0000,
T0000522,2,TOP-001,2,35.00,35.00,12.0000,
T0000522,3,FLO-007,2,32.00,32.00,13.0000,
T0000523,1,FLO-002,2,40.00,40.00,16.0000,
T0000524,1,FLO-001,1,35.00,35.00,14.0000,
T0000524,2,VAP-003,1,32.00,32.00,12.0000,
T0000525,1,ACC-004,1,2.00,2.00,0.4000,
T0000525,2,PRE-001,2,10.00,10.00,3.2000,
T0000525,3,ACC-003,1,22.00,22.00,6.0000,
T0000525,5,FLO-002,1,40.00,40.00,16.0000,
T0000526,1,CON-004,2,55.00,55.00,22.0000,
T0000526,2,EDI-004,1,25.00,25.00,7.5000,
T0000526,3,FLO-001,1,35.00,35.00,14.0000,
T0000527,1,CON-003,2,30.00,30.00,12.0000,
T0000528,1,CON-002,2,45.00,45.00,18.0000,
T0000528,2,ACC-004,2,2.00,2.00,0.4000,
T0000528,3,PRE-001,1,10.00,10.00,3.2000,
T0000529,1,VAP-005,1,28.00,28.00,9.0000,
T0000529,2,EDI-004,2,25.00,25.00,7.5000,
T0000529,3,VAP-002,1,40.00,40.00,14.0000,
T0000529,4,PRE-005,1,6.00,5.40,1.8000,
T0000530,1,ACC-002,1,3.00,3.00,0.6000,
T0000531,1,PRE-001,1,10.00,10.00,3.2000,
T0000532,1,EDI-004,1,25.00,25.00,7.5000,
T0000532,2,EDI-001,1,20.00,20.00,6.0000,
T0000532,3,PRE-003,1,18.00,18.00,6.0000,
T0000532,4,FLO-001,1,35.00,35.00,14.0000,
T0000533,1,FLO-007,1,32.00,32.00,13.0000,
T0000534,1,FLO-007,1,32.00,32.00,13.0000,
T0000535,1,PRE-003,1,18.00,18.00,6.0000,
T0000536,1,ACC-002,1,3.00,3.00,0.6000,
T0000536,2,PRE-002,1,10.00,10.00,3.4000,
T0000536,3,ACC-004,1,2.00,2.00,0.4000,
T0000537,1,PRE-001,1,10.00,10.00,3.2000,
T0000538,1,EDI-006,1,8.00,8.00,3.0000,
T0000538,2,TIN-001,1,50.00,50.00,18.0000,
T0000539,1,FLO-005,1,38.00,34.20,15.5000,
T0000539,2,VAP-002,2,40.00,40.00,14.0000,
T0000540,1,VAP-005,2,28.00,22.40,9.0000,
T0000540,2,TIN-002,1,45.00,40.50,16.0000,
T0000541,1,EDI-003,1,20.00,20.00,6.5000,
T0000541,2,EDI-006,1,8.00,7.20,3.0000,
T0000542,1,PRE-002,1,10.00,10.00,3.4000,
T0000543,1,EDI-005,1,14.00,14.00,4.0000,
T0000544,1,FLO-005,1,38.00,38.00,15.5000,
T0000545,1,VAP-001,1,55.00,55.00,22.0000,
T0000546,1,EDI-002,1,22.00,22.00,7.0000,
T0000546,2,PRE-001,1,10.00,10.00,3.2000,
T0000546,3,EDI-003,1,20.00,20.00,6.5000,
T0000546,4,PRE-002,2,10.00,10.00,3.4000,
T0000546,5,VAP-003,1,32.00,32.00,12.0000,
T0000547,1,VAP-003,1,32.00,32.00,12.0000,
T0000547,2,TIN-001,2,50.00,50.00,18.0000,
T0000548,1,EDI-004,1,25.00,25.00,7.5000,
T0000549,1,VAP-002,1,40.00,40.00,14.0000,
T0000550,1,FLO-002,1,40.00,40.00,16.0000,
T0000551,1,VAP-003,1,32.00,32.00,12.0000,
T0000551,2,EDI-002,1,22.00,22.00,7.0000,
T0000551,3,VAP-001,1,55.00,55.00,22.0000,
T0000552,1,FLO-002,1,40.00,36.00,16.0000,
T0000552,2,EDI-003,2,20.00,20.00,6.5000,
T0000553,1,FLO-005,1,38.00,30.40,15.5000,
T0000554,1,VAP-005,1,28.00,28.00,9.0000,
T0000554,2,CON-002,1,45.00,45.00,18.0000,
T0000554,3,VAP-003,1,32.00,32.00,12.0000,
T0000554,4,CON-003,1,30.00,24.00,12.0000,
T0000554,5,EDI-001,1,20.00,20.00,6.0000,
T0000555,1,EDI-006,3,8.00,8.00,3.0000,
T0000555,2,VAP-001,2,55.00,55.00,22.0000,
T0000555,3,PRE-001,1,10.00,10.00,3.2000,
T0000556,1,EDI-002,1,22.00,19.80,7.0000,
T0000557,1,CON-004,1,55.00,44.00,22.0000,
T0000558,1,EDI-002,1,22.00,22.00,7.0000,
T0000558,2,PRE-004,2,35.00,35.00,12.0000,
T0000559,1,VAP-005,2,28.00,28.00,9.0000,
T0000559,2,ACC-003,1,22.00,22.00,6.0000,
T0000560,1,VAP-003,1,32.00,32.00,12.0000,
T0000560,2,ACC-004,2,2.00,2.00,0.4000,
T0000560,3,VAP-006,1,15.00,15.00,4.0000,
T0000561,1,ACC-004,1,2.00,2.00,0.4000,
T0000562,1,FLO-004,2,38.00,38.00,15.0000,
T0000562,2,PRE-001,1,10.00,10.00,3.2000,
T0000562,3,PRE-005,1,6.00,6.00,1.8000,
T0000563,1,ACC-004,2,2.00,2.00,0.4000,
T0000564,1,CON-002,2,45.00,45.00,18.0000,
T0000565,1,VAP-002,1,40.00,40.00,14.0000,
T0000565,2,PRE-001,1,10.00,10.00,3.2000,
T0000566,1,CON-002,1,45.00,45.00,18.0000,
T0000567,1,VAP-002,1,40.00,40.00,14.0000,
T0000567,2,VAP-006,1,15.00,15.00,4.0000,
T0000567,3,VAP-001,1,55.00,55.00,22.0000,
T0000568,1,PRE-005,1,6.00,6.00,1.8000,
T0000568,2,FLO-003,2,70.00,70.00,28.0000,
T0000568,3,EDI-004,1,25.00,20.00,7.5000,
T0000568,4,FLO-002,1,40.00,32.00,16.0000,
T0000568,5,VAP-006,1,15.00,15.00,4.0000,
T0000569,1,ACC-004,3,2.00,2.00,0.4000,
T0000569,2,FLO-001,1,35.00,35.00,14.0000,
T0000570,1,FLO-005,1,38.00,38.00,15.5000,
T0000571,1,VAP-003,1,32.00,32.00,12.0000,
T0000572,1,EDI-001,1,20.00,20.00,6.0000,
T0000572,2,FLO-008,1,32.00,32.00,13.5000,
T0000573,1,EDI-003,1,20.00,20.00,6.5000,
T0000573,2,VAP-002,1,40.00,40.00,14.0000,
T0000573,4,EDI-002,1,22.00,22.00,7.0000,
T0000574,1,ACC-004,1,2.00,2.00,0.4000,
T0000575,1,ACC-004,1,2.00,2.00,0.4000,
T0000576,1,FLO-008,1,32.00,32.00,13.5000,
T0000576,2,VAP-004,2,60.00,60.00,24.0000,
T0000577,1,EDI-006,1,8.00,8.00,3.0000,
T0000577,2,EDI-001,1,20.00,20.00,6.0000,
T0000578,1,PRE-001,1,10.00,10.00,3.2000,
T0000578,2,FLO-002,3,40.00,36.00,16.0000,
T0000578,3,FLO-005,1,38.00,38.00,15.5000,
T0000578,4,EDI-002,1,22.00,22.00,7.0000,
T0000579,1,TOP-001,1,35.00,35.00,12.0000,
T0000580,1,FLO-007,1,32.00,32.00,13.0000,
T0000581,1,PRE-001,1,10.00,10.00,3.2000,
T0000581,2,VAP-003,1,32.00,32.00,12.0000,
T0000581,3,FLO-002,1,40.00,40.00,16.0000,
T0000582,1,PRE-001,1,10.00,10.00,3.2000,
T0000582,2,PRE-005,1,6.00,5.40,1.8000,
T0000583,1,PRE-005,1,6.00,6.00,1.8000,
T0000584,1,PRE-005,1,6.00,6.00,1.8000,
T0000584,2,PRE-003,1,18.00,18.00,6.0000,
T0000585,1,VAP-003,1,32.00,32.00,12.0000,
T0000585,2,PRE-003,3,18.00,18.00,6.0000,
T0000585,3,EDI-006,1,8.00,8.00,3.0000,
T0000586,1,FLO-010,1,45.00,45.00,18.0000,
T0000586,2,VAP-003,1,32.00,32.00,12.0000,
T0000587,1,EDI-005,1,14.00,14.00,4.0000,
T0000587,2,VAP-001,2,55.00,55.00,22.0000,
T0000588,1,EDI-001,1,20.00,20.00,6.0000,
T0000588,2,VAP-005,1,28.00,28.00,9.0000,
T0000589,1,EDI-004,1,25.00,25.00,7.5000,
T0000589,2,TOP-002,1,24.00,24.00,9.0000,
T0000589,3,PRE-002,3,10.00,10.00,3.4000,
T0000590,1,ACC-001,1,20.00,20.00,5.0000,
T0000590,2,ACC-004,1,2.00,2.00,0.4000,
T0000591,1,EDI-005,1,14.00,14.00,4.0000,
T0000591,2,EDI-001,1,20.00,20.00,6.0000,
T0000592,1,PRE-005,1,6.00,6.00,1.8000,
T0000593,1,VAP-006,1,15.00,13.50,4.0000,
T0000593,2,ACC-004,2,2.00,2.00,0.4000,
T0000594,1,EDI-002,2,22.00,22.00,7.0000,
T0000595,1,CON-003,2,30.00,30.00,12.0000,
T0000595,2,VAP-005,2,28.00,28.00,9.0000,
T0000596,1,FLO-005,1,38.00,38.00,15.5000,
T0000597,1,VAP-003,2,32.00,32.00,12.0000,
T0000598,1,FLO-008,1,32.00,32.00,13.5000,
T0000599,1,VAP-001,1,55.00,55.00,22.0000,
T0000600,1,FLO-008,1,32.00,32.00,13.5000,
T0000600,2,VAP-002,1,40.00,40.00,14.0000,
T0000601,1,PRE-001,1,10.00,10.00,3.2000,
T0000602,1,FLO-004,3,38.00,38.00,15.0000,
T0000602,2,FLO-001,1,35.00,35.00,14.0000,
T0000603,1,FLO-002,1,40.00,40.00,16.0000,
T0000604,1,EDI-004,1,25.00,25.00,7.5000,
T0000604,2,VAP-002,3,40.00,32.00,14.0000,
T0000604,3,ACC-002,1,3.00,3.00,0.6000,
T0000604,4,VAP-005,1,28.00,28.00,9.0000,
T0000605,1,TOP-001,2,35.00,35.00,12.0000,
T0000606,1,CON-004,2,55.00,55.00,22.0000,
T0000607,1,PRE-002,1,10.00,8.00,3.4000,
T0000607,2,ACC-004,1,2.00,2.00,0.4000,
T0000607,3,PRE-001,2,10.00,10.00,3.2000,
T0000607,5,VAP-004,2,60.00,60.00,24.0000,
T0000608,1,FLO-005,1,38.00,38.00,15.5000,
T0000608,2,FLO-001,1,35.00,35.00,14.0000,
T0000608,3,FLO-002,2,40.00,40.00,16.0000,
T0000609,1,FLO-001,1,35.00,35.00,14.0000,
T0000609,2,FLO-002,1,40.00,40.00,16.0000,
T0000609,3,FLO-003,1,70.00,70.00,28.0000,
T0000610,1,ACC-004,1,2.00,2.00,0.4000,
T0000610,2,PRE-002,1,10.00,10.00,3.4000,
T0000611,1,CON-003,1,30.00,24.00,12.0000,
T0000612,1,VAP-001,1,55.00,55.00,22.0000,
T0000612,2,PRE-005,1,6.00,6.00,1.8000,
T0000613,1,VAP-002,1,40.00,32.00,14.0000,
T0000613,2,CON-002,1,45.00,45.00,18.0000,
T0000613,3,PRE-003,3,18.00,14.40,6.0000,
T0000614,1,PRE-001,1,10.00,10.00,3.2000,
T0000615,1,ACC-003,2,22.00,22.00,6.0000,
T0000616,1,EDI-001,1,20.00,20.00,6.0000,
T0000617,1,TOP-001,1,35.00,31.50,12.0000,
T0000617,2,VAP-003,1,32.00,32.00,12.0000,
T0000617,3,PRE-001,3,10.00,10.00,3.2000,
T0000618,1,CON-001,1,75.00,75.00,32.0000,
T0000618,2,VAP-002,3,40.00,40.00,14.0000,
T0000618,3,PRE-001,1,10.00,10.00,3.2000,
T0000619,1,EDI-006,3,8.00,8.00,3.0000,
T0000620,1,PRE-001,1,10.00,10.00,3.2000,
T0000621,1,FLO-003,2,70.00,70.00,28.0000,
T0000621,2,ACC-004,1,2.00,2.00,0.4000,
T0000622,1,VAP-005,2,28.00,28.00,9.0000,
T0000622,2,EDI-006,1,8.00,6.40,3.0000,
T0000622,3,FLO-002,1,40.00,40.00,16.0000,
T0000623,1,FLO-008,1,32.00,32.00,13.5000,
T0000623,2,VAP-005,1,28.00,28.00,9.0000,
T0000623,3,FLO-001,2,35.00,31.50,14.0000,
T0000623,4,FLO-005,1,38.00,38.00,15.5000,
T0000624,1,CON-003,1,30.00,30.00,12.0000,
T0000624,2,VAP-006,1,15.00,15.00,4.0000,
T0000624,3,VAP-005,1,28.00,28.00,9.0000,
T0000625,1,FLO-001,3,35.00,35.00,14.0000,
T0000626,1,ACC-002,1,3.00,3.00,0.6000,
T0000627,1,PRE-001,1,10.00,10.00,3.2000,
T0000628,1,PRE-002,1,10.00,10.00,3.4000,
T0000628,2,FLO-005,2,38.00,34.20,15.5000,
T0000629,1,VAP-003,2,32.00,32.00,12.0000,
T0000630,1,FLO-003,1,70.00,70.00,28.0000,
T0000630,2,EDI-005,1,14.00,14.00,4.0000,
T0000631,1,VAP-003,1,32.00,32.00,12.0000,
T0000631,2,ACC-002,1,3.00,3.00,0.6000,
T0000631,3,FLO-001,1,35.00,35.00,14.0000,
T0000631,4,FLO-005,1,38.00,38.00,15.5000,
T0000631,5,FLO-006,1,120.00,120.00,52.0000,
T0000632,1,VAP-002,1,40.00,40.00,14.0000,
T0000633,1,ACC-002,1,3.00,3.00,0.6000,
T0000633,2,EDI-001,1,20.00,20.00,6.0000,
T0000633,3,VAP-003,1,32.00,32.00,12.0000,
T0000634,1,VAP-002,1,40.00,40.00,14.0000,
T0000634,2,VAP-005,1,28.00,28.00,9.0000,
T0000635,1,VAP-004,1,60.00,60.00,24.0000,
T0000636,1,EDI-001,1,20.00,20.00,6.0000,
T0000636,2,EDI-006,1,8.00,8.00,3.0000,
T0000636,3,CON-001,1,75.00,75.00,32.0000,
T0000636,4,PRE-003,1,18.00,18.00,6.0000,
T0000637,1,PRE-001,1,10.00,10.00,3.2000,
T0000637,2,EDI-004,1,25.00,25.00,7.5000,
T0000638,1,ACC-004,1,2.00,2.00,0.4000,
T0000639,1,VAP-003,1,32.00,32.00,12.0000,
T0000639,2,FLO-001,2,35.00,35.00,14.0000,
T0000640,1,PRE-005,1,6.00,6.00,1.8000,
T0000640,2,PRE-002,1,10.00,10.00,3.4000,
T0000640,3,CON-002,1,45.00,45.00,18.0000,
T0000641,1,CON-002,2,45.00,36.00,18.0000,
T0000641,2,VAP-003,1,32.00,32.00,12.0000,
T0000642,1,VAP-002,1,40.00,40.00,14.0000,
T0000643,1,EDI-006,1,8.00,8.00,3.0000,
T0000643,2,TIN-002,1,45.00,45.00,16.0000,
T0000643,3,PRE-002,1,10.00,10.00,3.4000,
T0000643,4,PRE-005,1,6.00,6.00,1.8000,
T0000643,5,PRE-001,1,10.00,10.00,3.2000,
T0000644,1,VAP-003,2,32.00,32.00,12.0000,
T0000644,2,FLO-008,1,32.00,32.00,13.5000,
T0000644,3,FLO-005,1,38.00,38.00,15.5000,
T0000644,4,CON-003,1,30.00,30.00,12.0000,
T0000645,1,ACC-004,1,2.00,2.00,0.4000,
T0000646,1,ACC-002,1,3.00,3.00,0.6000,
T0000647,1,EDI-006,1,8.00,6.40,3.0000,
T0000647,2,VAP-003,1,32.00,25.60,12.0000,
T0000648,1,ACC-004,3,2.00,1.60,0.4000,
T0000648,2,TOP-002,1,24.00,24.00,9.0000,
T0000649,1,CON-003,1,30.00,30.00,12.0000,
T0000649,2,VAP-005,1,28.00,28.00,9.0000,
T0000650,1,PRE-005,1,6.00,6.00,1.8000,
T0000650,2,PRE-002,2,10.00,9.00,3.4000,
T0000651,1,EDI-006,1,8.00,8.00,3.0000,
T0000651,2,EDI-003,2,20.00,20.00,6.5000,
T0000651,3,VAP-002,1,40.00,40.00,14.0000,
T0000651,4,VAP-003,1,32.00,32.00,12.0000,
T0000652,1,FLO-005,1,38.00,38.00,15.5000,
T0000653,1,VAP-003,1,32.00,32.00,12.0000,
T0000654,1,PRE-001,3,10.00,10.00,3.2000,
T0000655,1,FLO-003,1,70.00,70.00,28.0000,
T0000656,1,FLO-004,1,38.00,38.00,15.0000,
T0000657,1,FLO-001,1,35.00,35.00,14.0000,
T0000658,1,FLO-005,2,38.00,38.00,15.5000,
T0000658,2,FLO-001,1,35.00,35.00,14.0000,
T0000659,1,FLO-003,1,70.00,70.00,28.0000,
T0000659,2,ACC-002,1,3.00,3.00,0.6000,
T0000660,1,FLO-001,1,35.00,31.50,14.0000,
T0000660,2,FLO-004,3,38.00,38.00,15.0000,
T0000660,3,FLO-010,1,45.00,45.00,18.0000,
T0000661,1,CON-002,1,45.00,45.00,18.0000,
T0000661,2,PRE-002,1,10.00,8.00,3.4000,
T0000661,3,FLO-007,1,32.00,32.00,13.0000,
T0000661,4,EDI-007,3,18.00,14.40,6.0000,
T0000662,1,VAP-002,1,40.00,32.00,14.0000,
T0000662,2,FLO-002,2,40.00,40.00,16.0000,
T0000663,1,FLO-010,1,45.00,45.00,18.0000,
T0000663,2,PRE-005,3,6.00,6.00,1.8000,
T0000663,3,PRE-001,1,10.00,10.00,3.2000,
T0000664,1,FLO-004,1,38.00,38.00,15.0000,
T0000665,1,PRE-005,1,6.00,6.00,1.8000,
T0000665,2,VAP-005,1,28.00,28.00,9.0000,
T0000665,3,PRE-003,1,18.00,18.00,6.0000,
T0000666,1,ACC-002,1,3.00,3.00,0.6000,
T0000667,1,VAP-003,2,32.00,32.00,12.0000,
T0000667,2,PRE-001,1,10.00,10.00,3.2000,
T0000667,3,PRE-005,1,6.00,4.80,1.8000,
T0000668,1,VAP-005,1,28.00,28.00,9.0000,
T0000669,1,PRE-002,1,10.00,10.00,3.4000,
T0000669,2,FLO-005,2,38.00,38.00,15.5000,
T0000669,3,FLO-001,1,35.00,35.00,14.0000,
T0000669,4,CON-003,1,30.00,30.00,12.0000,
T0000670,1,EDI-007,1,18.00,18.00,6.0000,
T0000670,2,FLO-004,3,38.00,38.00,15.0000,
T0000670,3,EDI-006,1,8.00,8.00,3.0000,
T0000670,4,PRE-002,1,10.00,10.00,3.4000,
T0000671,1,FLO-007,2,32.00,32.00,13.0000,
T0000672,1,EDI-004,1,25.00,25.00,7.5000,
T0000673,1,VAP-001,1,55.00,55.00,22.0000,
T0000674,1,FLO-001,1,35.00,35.00,14.0000,
T0000675,1,VAP-002,1,40.00,40.00,14.0000,
T0000675,2,FLO-001,1,35.00,35.00,14.0000,
T0000676,1,EDI-004,1,25.00,25.00,7.5000,
T0000677,1,CON-001,1,75.00,60.00,32.0000,
T0000678,1,ACC-004,1,2.00,2.00,0.4000,
T0000679,1,VAP-005,1,28.00,28.00,9.0000,
T0000680,1,PRE-005,1,6.00,6.00,1.8000,
T0000680,2,EDI-004,1,25.00,25.00,7.5000,
T0000680,3,VAP-003,1,32.00,32.00,12.0000,
T0000681,1,VAP-006,1,15.00,15.00,4.0000,
T0000682,1,EDI-001,1,20.00,20.00,6.0000,
T0000682,2,PRE-001,3,10.00,10.00,3.2000,
T0000683,1,VAP-002,1,40.00,40.00,14.0000,
T0000683,2,PRE-002,1,10.00,10.00,3.4000,
T0000684,1,PRE-001,1,10.00,10.00,3.2000,
T0000684,2,PRE-005,1,6.00,6.00,1.8000,
T0000685,1,FLO-007,1,32.00,32.00,13.0000,
T0000686,1,ACC-002,1,3.00,3.00,0.6000,
T0000686,2,FLO-004,1,38.00,38.00,15.0000,
T0000687,1,FLO-002,1,40.00,40.00,16.0000,
T0000688,1,FLO-004,1,38.00,38.00,15.0000,
T0000689,1,CON-001,3,75.00,75.00,32.0000,
T0000690,1,EDI-004,1,25.00,25.00,7.5000,
T0000690,2,FLO-001,2,35.00,35.00,14.0000,
T0000691,1,EDI-002,2,22.00,22.00,7.0000,
T0000691,2,TOP-001,1,35.00,35.00,12.0000,
T0000692,1,FLO-001,1,35.00,35.00,14.0000,
T0000692,2,EDI-005,1,14.00,14.00,4.0000,
T0000692,3,PRE-002,1,10.00,10.00,3.4000,
T0000692,4,FLO-006,1,120.00,120.00,52.0000,
T0000693,1,FLO-007,1,32.00,32.00,13.0000,
T0000694,1,FLO-003,1,70.00,70.00,28.0000,
T0000694,2,FLO-004,1,38.00,34.20,15.0000,
T0000695,1,FLO-004,1,38.00,38.00,15.0000,
T0000696,1,PRE-002,2,10.00,10.00,3.4000,
T0000697,1,EDI-001,1,20.00,18.00,6.0000,
T0000697,2,VAP-002,1,40.00,40.00,14.0000,
T0000698,1,FLO-001,1,35.00,35.00,14.0000,
T0000698,2,ACC-004,1,2.00,2.00,0.4000,
T0000699,1,CON-002,1,45.00,45.00,18.0000,
T0000699,2,FLO-001,1,35.00,35.00,14.0000,
T0000700,1,EDI-001,1,20.00,18.00,6.0000,
T0000700,2,PRE-003,1,18.00,18.00,6.0000,
T0000701,1,FLO-004,1,38.00,38.00,15.0000,
T0000702,1,VAP-003,1,32.00,32.00,12.0000,
T0000702,2,VAP-002,2,40.00,40.00,14.0000,
T0000703,1,PRE-003,1,18.00,16.20,6.0000,
T0000703,2,VAP-002,1,40.00,40.00,14.0000,
T0000704,1,FLO-005,2,38.00,38.00,15.5000,
T0000704,2,VAP-003,1,32.00,25.60,12.0000,
T0000705,1,FLO-004,2,38.00,38.00,15.0000,
T0000705,2,ACC-002,2,3.00,2.40,0.6000,
T0000706,1,PRE-005,2,6.00,6.00,1.8000,
T0000707,1,PRE-002,1,10.00,10.00,3.4000,
T0000708,1,VAP-003,1,32.00,32.00,12.0000,
T0000708,2,ACC-004,1,2.00,2.00,0.4000,
T0000709,1,EDI-001,1,20.00,20.00,6.0000,
T0000709,2,FLO-002,1,40.00,40.00,16.0000,
T0000710,1,TIN-001,1,50.00,50.00,18.0000,
T0000711,1,CON-003,2,30.00,30.00,12.0000,
T0000711,2,FLO-005,1,38.00,38.00,15.5000,
T0000711,3,ACC-003,1,22.00,22.00,6.0000,
T0000711,4,PRE-005,1,6.00,6.00,1.8000,
T0000712,1,PRE-005,1,6.00,6.00,1.8000,
T0000712,2,PRE-002,1,10.00,10.00,3.4000,
T0000713,1,ACC-004,2,2.00,2.00,0.4000,
T0000713,2,PRE-005,1,6.00,6.00,1.8000,
T0000714,1,EDI-001,2,20.00,20.00,6.0000,
T0000714,2,PRE-005,1,6.00,6.00,1.8000,
T0000715,1,FLO-007,2,32.00,32.00,13.0000,
T0000715,2,ACC-004,3,2.00,2.00,0.4000,
T0000715,3,VAP-003,3,32.00,32.00,12.0000,
T0000716,1,ACC-002,1,3.00,3.00,0.6000,
T0000716,2,TIN-002,1,45.00,45.00,16.0000,
T0000717,1,EDI-002,1,22.00,17.60,7.0000,
T0000718,1,VAP-005,2,28.00,28.00,9.0000,
T0000718,2,EDI-003,1,20.00,20.00,6.5000,
T0000719,1,VAP-001,1,55.00,55.00,22.0000,
T0000720,1,EDI-002,1,22.00,22.00,7.0000,
T0000721,1,PRE-001,1,10.00,10.00,3.2000,
T0000721,2,ACC-003,2,22.00,22.00,6.0000,
T0000722,1,CON-002,1,45.00,45.00,18.0000,
T0000722,2,VAP-001,1,55.00,55.00,22.0000,
T0000723,1,VAP-002,2,40.00,40.00,14.0000,
T0000723,2,ACC-004,1,2.00,2.00,0.4000,
T0000724,1,ACC-002,1,3.00,3.00,0.6000,
T0000724,2,VAP-006,1,15.00,12.00,4.0000,
T0000724,3,EDI-001,1,20.00,20.00,6.0000,
T0000725,1,FLO-001,1,35.00,35.00,14.0000,
T0000726,1,ACC-004,2,2.00,2.00,0.4000,
T0000727,1,VAP-004,1,60.00,60.00,24.0000,
T0000728,1,FLO-002,1,40.00,40.00,16.0000,
T0000729,1,EDI-001,1,20.00,20.00,6.0000,
T0000730,1,PRE-004,2,35.00,35.00,12.0000,
T0000730,2,FLO-004,1,38.00,38.00,15.0000,
T0000730,3,EDI-004,3,25.00,25.00,7.5000,
T0000730,4,VAP-006,1,15.00,15.00,4.0000,
T0000731,1,FLO-006,1,120.00,120.00,52.0000,
T0000732,1,ACC-004,1,2.00,2.00,0.4000,
T0000732,2,FLO-003,1,70.00,56.00,28.0000,
T0000732,3,FLO-001,1,35.00,35.00,14.0000,
T0000733,1,EDI-003,1,20.00,20.00,6.5000,
T0000734,1,FLO-001,1,35.00,31.50,14.0000,
T0000734,2,CON-003,1,30.00,30.00,12.0000,
T0000735,1,EDI-005,1,14.00,14.00,4.0000,
T0000736,1,FLO-002,2,40.00,40.00,16.0000,
T0000737,1,PRE-001,1,10.00,10.00,3.2000,
T0000738,1,FLO-004,1,38.00,34.20,15.0000,
T0000738,2,VAP-002,2,40.00,40.00,14.0000,
T0000739,1,ACC-004,1,2.00,2.00,0.4000,
T0000739,2,VAP-003,3,32.00,32.00,12.0000,
T0000740,1,EDI-006,1,8.00,8.00,3.0000,
T0000740,2,TOP-001,1,35.00,31.50,12.0000,
T0000740,3,EDI-001,2,20.00,20.00,6.0000,
T0000740,4,ACC-004,1,2.00,2.00,0.4000,
T0000741,1,ACC-002,2,3.00,3.00,0.6000,
T0000741,2,FLO-002,1,40.00,40.00,16.0000,
T0000742,1,PRE-002,1,10.00,10.00,3.4000,
T0000742,2,FLO-003,1,70.00,70.00,28.0000,
T0000743,1,TOP-001,3,35.00,35.00,12.0000,
T0000743,2,FLO-002,1,40.00,40.00,16.0000,
T0000744,1,VAP-002,2,40.00,32.00,14.0000,
T0000744,2,FLO-005,3,38.00,38.00,15.5000,
T0000744,3,EDI-002,1,22.00,22.00,7.0000,
T0000745,1,CON-003,1,30.00,30.00,12.0000,
T0000745,2,PRE-005,1,6.00,6.00,1.8000,
T0000746,1,CON-003,1,30.00,30.00,12.0000,
T0000746,2,ACC-004,2,2.00,2.00,0.4000,
T0000747,1,EDI-005,1,14.00,14.00,4.0000,
T0000747,2,PRE-001,1,10.00,10.00,3.2000,
T0000748,1,PRE-002,1,10.00,10.00,3.4000,
T0000749,1,VAP-002,2,40.00,40.00,14.0000,
T0000750,1,PRE-003,1,18.00,18.00,6.0000,
T0000750,2,EDI-002,1,22.00,22.00,7.0000,
T0000750,3,EDI-006,1,8.00,8.00,3.0000,
T0000751,1,FLO-001,1,35.00,35.00,14.0000,
T0000752,1,VAP-006,1,15.00,15.00,4.0000,
T0000752,2,FLO-002,2,40.00,40.00,16.0000,
T0000752,3,VAP-004,1,60.00,60.00,24.0000,
T0000752,4,EDI-006,1,8.00,8.00,3.0000,
T0000752,5,PRE-002,1,10.00,10.00,3.4000,
T0000753,1,EDI-003,1,20.00,20.00,6.5000,
T0000754,1,FLO-003,2,70.00,70.00,28.0000,
T0000755,1,CON-003,1,30.00,24.00,12.0000,
T0000755,2,FLO-007,2,32.00,32.00,13.0000,
T0000755,3,PRE-005,1,6.00,6.00,1.8000,
T0000755,4,FLO-002,1,40.00,40.00,16.0000,
T0000756,1,EDI-001,1,20.00,20.00,6.0000,
T0000756,2,FLO-008,1,32.00,32.00,13.5000,
T0000756,3,FLO-002,1,40.00,40.00,16.0000,
T0000757,1,FLO-005,1,38.00,38.00,15.5000,
T0000758,1,FLO-004,3,38.00,38.00,15.0000,
T0000758,2,VAP-003,1,32.00,32.00,12.0000,
T0000758,3,VAP-002,1,40.00,40.00,14.0000,
T0000759,1,PRE-004,2,35.00,35.00,12.0000,
T0000759,2,PRE-001,1,10.00,10.00,3.2000,
T0000759,3,VAP-004,3,60.00,60.00,24.0000,
T0000760,1,EDI-001,1,20.00,20.00,6.0000,
T0000760,2,EDI-002,1,22.00,22.00,7.0000,
T0000761,1,FLO-005,1,38.00,30.40,15.5000,
T0000762,1,VAP-004,1,60.00,60.00,24.0000,
T0000762,2,EDI-006,1,8.00,8.00,3.0000,
T0000762,3,VAP-005,1,28.00,25.20,9.0000,
T0000762,4,FLO-002,2,40.00,40.00,16.0000,
T0000762,5,FLO-005,1,38.00,38.00,15.5000,
T0000763,1,PRE-004,1,35.00,35.00,12.0000,
T0000764,1,FLO-007,1,32.00,32.00,13.0000,
T0000765,1,VAP-003,1,32.00,32.00,12.0000,
T0000766,1,FLO-007,1,32.00,32.00,13.0000,
T0000766,2,FLO-005,2,38.00,38.00,15.5000,
T0000766,3,EDI-001,1,20.00,20.00,6.0000,
T0000766,4,FLO-004,2,38.00,38.00,15.0000,
T0000766,5,TOP-001,1,35.00,35.00,12.0000,
T0000767,1,FLO-001,2,35.00,35.00,14.0000,
T0000768,1,EDI-001,1,20.00,16.00,6.0000,
T0000768,2,VAP-005,1,28.00,28.00,9.0000,
T0000768,3,ACC-004,1,2.00,2.00,0.4000,
T0000768,4,VAP-004,1,60.00,60.00,24.0000,
T0000768,5,EDI-006,1,8.00,8.00,3.0000,
T0000769,1,ACC-004,1,2.00,2.00,0.4000,
T0000769,2,FLO-005,1,38.00,38.00,15.5000,
T0000769,3,TOP-001,2,35.00,35.00,12.0000,
T0000769,4,FLO-007,1,32.00,32.00,13.0000,
T0000770,1,FLO-006,3,120.00,120.00,52.0000,
T0000771,1,FLO-008,1,32.00,32.00,13.5000,
T0000771,2,ACC-004,1,2.00,2.00,0.4000,
T0000771,3,VAP-002,2,40.00,40.00,14.0000,
T0000772,1,EDI-006,1,8.00,8.00,3.0000,
T0000772,2,PRE-001,1,10.00,10.00,3.2000,
T0000773,1,TIN-001,1,50.00,50.00,18.0000,
T0000773,2,FLO-004,3,38.00,38.00,15.0000,
T0000774,1,EDI-004,1,25.00,25.00,7.5000,
T0000774,2,VAP-006,1,15.00,15.00,4.0000,
T0000775,1,PRE-005,1,6.00,5.40,1.8000,
T0000776,1,ACC-002,1,3.00,3.00,0.6000,
T0000777,1,PRE-002,1,10.00,10.00,3.4000,
T0000777,2,CON-003,1,30.00,27.00,12.0000,
T0000778,1,VAP-002,1,40.00,40.00,14.0000,
T0000778,2,PRE-001,2,10.00,10.00,3.2000,
T0000778,3,FLO-003,1,70.00,56.00,28.0000,
T0000778,4,VAP-005,2,28.00,22.40,9.0000,
T0000779,1,TIN-002,2,45.00,45.00,16.0000,
T0000779,2,EDI-001,1,20.00,16.00,6.0000,
T0000779,3,EDI-005,3,14.00,11.20,4.0000,
T0000779,4,ACC-002,1,3.00,2.40,0.6000,
T0000780,1,FLO-001,1,35.00,31.50,14.0000,
T0000781,1,CON-001,1,75.00,75.00,32.0000,
T0000782,1,PRE-002,1,10.00,10.00,3.4000,
T0000783,1,EDI-004,1,25.00,25.00,7.5000,
T0000783,2,ACC-004,1,2.00,2.00,0.4000,
T0000784,1,VAP-002,1,40.00,36.00,14.0000,
T0000784,2,EDI-007,2,18.00,18.00,6.0000,
T0000784,3,FLO-004,1,38.00,34.20,15.0000,
T0000785,1,FLO-006,1,120.00,120.00,52.0000,
T0000786,1,EDI-003,1,20.00,18.00,6.5000,
T0000786,2,ACC-004,3,2.00,2.00,0.4000,
T0000786,3,ACC-005,1,12.00,12.00,2.5000,
T0000786,4,FLO-005,1,38.00,38.00,15.5000,
T0000787,1,EDI-001,1,20.00,20.00,6.0000,
T0000787,2,FLO-007,2,32.00,32.00,13.0000,
T0000788,1,FLO-010,1,45.00,45.00,18.0000,
T0000789,1,ACC-002,1,3.00,3.00,0.6000,
T0000789,2,VAP-002,2,40.00,40.00,14.0000,
T0000789,3,ACC-004,1,2.00,2.00,0.4000,
T0000790,1,FLO-002,1,40.00,40.00,16.0000,
T0000791,1,EDI-004,2,25.00,25.00,7.5000,
T0000791,2,PRE-002,1,10.00,10.00,3.4000,
T0000792,1,FLO-002,1,40.00,40.00,16.0000,
T0000792,2,FLO-004,1,38.00,38.00,15.0000,
T0000793,1,EDI-007,2,18.00,18.00,6.0000,
T0000794,1,ACC-004,1,2.00,2.00,0.4000,
T0000795,1,PRE-002,1,10.00,9.00,3.4000,
T0000795,2,EDI-004,1,25.00,25.00,7.5000,
T0000795,3,EDI-002,1,22.00,22.00,7.0000,
T0000796,1,EDI-001,1,20.00,20.00,6.0000,
T0000797,1,ACC-004,1,2.00,2.00,0.4000,
T0000797,2,FLO-007,1,32.00,32.00,13.0000,
T0000797,3,PRE-001,2,10.00,9.00,3.2000,
T0000798,1,FLO-001,1,35.00,35.00,14.0000,
T0000798,2,PRE-005,1,6.00,6.00,1.8000,
T0000799,1,PRE-004,1,35.00,35.00,12.0000,
T0000799,2,PRE-002,1,10.00,10.00,3.4000,
T0000800,1,FLO-001,1,35.00,35.00,14.0000,
T0000801,1,ACC-002,2,3.00,3.00,0.6000,
T0000802,1,EDI-006,1,8.00,8.00,3.0000,
T0000802,2,PRE-002,1,10.00,10.00,3.4000,
T0000802,3,EDI-001,1,20.00,20.00,6.0000,
T0000802,4,FLO-001,2,35.00,35.00,14.0000,
T0000803,1,FLO-005,1,38.00,38.00,15.5000,
T0000803,2,VAP-005,1,28.00,28.00,9.0000,
T0000804,1,EDI-003,2,20.00,18.00,6.5000,
T0000805,1,FLO-003,3,70.00,56.00,28.0000,
T0000805,2,VAP-005,1,28.00,28.00,9.0000,
T0000806,1,VAP-005,2,28.00,28.00,9.0000,
T0000806,2,CON-003,3,30.00,30.00,12.0000,
T0000806,3,EDI-001,1,20.00,20.00,6.0000,
T0000807,1,FLO-003,1,70.00,63.00,28.0000,
T0000807,2,EDI-005,1,14.00,14.00,4.0000,
T0000807,3,CON-002,2,45.00,45.00,18.0000,
T0000807,4,VAP-005,1,28.00,28.00,9.0000,
T0000807,5,FLO-005,1,38.00,38.00,15.5000,
T0000808,1,VAP-002,2,40.00,36.00,14.0000,
T0000809,1,VAP-003,1,32.00,32.00,12.0000,
T0000810,1,CON-004,2,55.00,55.00,22.0000,
T0000810,2,FLO-005,1,38.00,34.20,15.5000,
T0000811,1,VAP-005,3,28.00,28.00,9.0000,
T0000811,2,CON-003,3,30.00,30.00,12.0000,
T0000811,3,FLO-001,1,35.00,35.00,14.0000,
T0000812,1,EDI-002,1,22.00,22.00,7.0000,
T0000812,2,ACC-002,2,3.00,2.40,0.6000,
T0000813,1,FLO-007,2,32.00,32.00,13.0000,
T0000814,1,PRE-001,1,10.00,10.00,3.2000,
T0000815,1,EDI-004,1,25.00,25.00,7.5000,
T0000815,2,FLO-002,1,40.00,40.00,16.0000,
T0000815,3,CON-002,1,45.00,45.00,18.0000,
T0000816,1,ACC-003,2,22.00,22.00,6.0000,
T0000817,1,PRE-002,2,10.00,10.00,3.4000,
T0000817,2,ACC-004,1,2.00,2.00,0.4000,
T0000818,1,PRE-005,1,6.00,6.00,1.8000,
T0000818,2,VAP-005,1,28.00,28.00,9.0000,
T0000819,1,FLO-004,1,38.00,38.00,15.0000,
T0000819,2,FLO-005,2,38.00,38.00,15.5000,
T0000820,1,PRE-005,2,6.00,6.00,1.8000,
T0000820,3,VAP-004,1,60.00,60.00,24.0000,
T0000821,1,FLO-003,3,70.00,63.00,28.0000,
T0000822,1,PRE-002,1,10.00,10.00,3.4000,
T0000823,1,FLO-001,1,35.00,35.00,14.0000,
T0000823,2,EDI-001,1,20.00,18.00,6.0000,
T0000823,3,EDI-002,1,22.00,22.00,7.0000,
T0000823,4,ACC-003,1,22.00,22.00,6.0000,
T0000824,1,VAP-004,1,60.00,54.00,24.0000,
T0000825,1,ACC-001,1,20.00,20.00,5.0000,
T0000826,1,CON-002,2,45.00,45.00,18.0000,
T0000826,2,EDI-005,1,14.00,14.00,4.0000,
T0000827,1,EDI-003,2,20.00,20.00,6.5000,
T0000827,2,PRE-004,1,35.00,35.00,12.0000,
T0000827,3,ACC-002,3,3.00,3.00,0.6000,
T0000828,1,EDI-002,3,22.00,22.00,7.0000,
T0000828,2,PRE-003,1,18.00,18.00,6.0000,
T0000828,3,ACC-004,1,2.00,2.00,0.4000,
T0000829,1,PRE-004,2,35.00,35.00,12.0000,
T0000829,2,ACC-004,1,2.00,2.00,0.4000,
T0000829,3,VAP-001,2,55.00,55.00,22.0000,
T0000830,1,EDI-006,2,8.00,8.00,3.0000,
T0000831,1,PRE-005,1,6.00,6.00,1.8000,
T0000832,1,PRE-002,1,10.00,10.00,3.4000,
T0000832,2,TIN-001,1,50.00,50.00,18.0000,
T0000832,3,FLO-001,1,35.00,35.00,14.0000,
T0000833,1,VAP-002,1,40.00,40.00,14.0000,
T0000833,2,FLO-006,2,120.00,120.00,52.0000,
T0000833,3,FLO-007,1,32.00,25.60,13.0000,
T0000833,4,PRE-002,1,10.00,10.00,3.4000,
T0000833,5,ACC-004,1,2.00,1.60,0.4000,
T0000834,1,VAP-006,1,15.00,15.00,4.0000,
T0000834,2,FLO-008,1,32.00,32.00,13.5000,
T0000835,1,PRE-001,1,10.00,10.00,3.2000,
T0000835,2,EDI-001,1,20.00,20.00,6.0000,
T0000835,3,PRE-003,1,18.00,18.00,6.0000,
T0000836,1,FLO-003,1,70.00,70.00,28.0000,
T0000837,1,VAP-005,1,28.00,28.00,9.0000,
T0000837,2,ACC-004,1,2.00,2.00,0.4000,
T0000837,3,EDI-006,2,8.00,8.00,3.0000,
T0000837,4,EDI-001,1,20.00,20.00,6.0000,
T0000838,1,PRE-004,1,35.00,35.00,12.0000,
T0000839,1,PRE-001,2,10.00,10.00,3.2000,
T0000839,2,FLO-005,1,38.00,38.00,15.5000,
T0000839,3,ACC-001,1,20.00,20.00,5.0000,
T0000840,1,PRE-005,1,6.00,6.00,1.8000,
T0000841,1,FLO-005,2,38.00,38.00,15.5000,
T0000842,1,PRE-001,1,10.00,10.00,3.2000,
T0000842,2,EDI-006,2,8.00,8.00,3.0000,
T0000843,1,PRE-002,1,10.00,10.00,3.4000,
T0000844,1,FLO-001,1,35.00,31.50,14.0000,
T0000845,1,PRE-004,1,35.00,35.00,12.0000,
T0000846,1,PRE-002,1,10.00,10.00,3.4000,
T0000846,2,EDI-004,1,25.00,25.00,7.5000,
T0000847,1,ACC-004,2,2.00,2.00,0.4000,
T0000848,1,PRE-002,1,10.00,10.00,3.4000,
T0000848,2,PRE-001,1,10.00,10.00,3.2000,
T0000849,1,EDI-001,1,20.00,20.00,6.0000,
T0000850,1,ACC-004,2,2.00,2.00,0.4000,
T0000851,1,EDI-004,2,25.00,22.50,7.5000,
T0000851,2,EDI-005,1,14.00,14.00,4.0000,
T0000852,1,FLO-005,1,38.00,38.00,15.5000,
T0000853,1,EDI-006,1,8.00,8.00,3.0000,
T0000853,2,FLO-004,1,38.00,38.00,15.0000,
T0000854,1,PRE-003,1,18.00,18.00,6.0000,
T0000854,2,TOP-002,1,24.00,19.20,9.0000,
T0000855,1,PRE-003,3,18.00,18.00,6.0000,
T0000855,2,PRE-005,3,6.00,5.40,1.8000,
T0000856,1,EDI-004,1,25.00,25.00,7.5000,
T0000856,2,CON-002,1,45.00,40.50,18.0000,
T0000857,1,ACC-002,1,3.00,3.00,0.6000,
T0000857,2,VAP-002,1,40.00,40.00,14.0000,
T0000858,1,FLO-002,1,40.00,40.00,16.0000,
T0000858,2,EDI-006,1,8.00,8.00,3.0000,
T0000858,3,PRE-002,1,10.00,10.00,3.4000,
T0000859,1,EDI-002,1,22.00,22.00,7.0000,
T0000859,2,EDI-006,1,8.00,6.40,3.0000,
T0000859,3,CON-002,1,45.00,45.00,18.0000,
T0000860,1,FLO-004,2,38.00,38.00,15.0000,
T0000860,2,ACC-001,1,20.00,20.00,5.0000,
T0000861,1,ACC-004,1,2.00,2.00,0.4000,
T0000861,2,CON-004,1,55.00,55.00,22.0000,
T0000862,1,FLO-005,1,38.00,30.40,15.5000,
T0000862,2,ACC-001,1,20.00,20.00,5.0000,
T0000863,1,FLO-003,1,70.00,56.00,28.0000,
T0000863,2,FLO-010,1,45.00,45.00,18.0000,
T0000864,1,VAP-005,2,28.00,28.00,9.0000,
T0000865,1,VAP-003,1,32.00,32.00,12.0000,
T0000865,2,PRE-005,1,6.00,6.00,1.8000,
T0000866,1,ACC-004,1,2.00,1.80,0.4000,
T0000867,1,PRE-001,1,10.00,9.00,3.2000,
T0000867,3,EDI-003,1,20.00,16.00,6.5000,
T0000867,4,FLO-007,1,32.00,25.60,13.0000,
T0000868,1,EDI-004,1,25.00,25.00,7.5000,
T0000868,2,FLO-008,1,32.00,32.00,13.5000,
T0000868,3,EDI-003,1,20.00,20.00,6.5000,
T0000869,1,EDI-006,1,8.00,8.00,3.0000,
T0000869,2,PRE-005,1,6.00,6.00,1.8000,
T0000870,1,TOP-001,1,35.00,35.00,12.0000,
T0000870,2,FLO-005,1,38.00,38.00,15.5000,
T0000871,1,PRE-002,1,10.00,10.00,3.4000,
T0000872,1,PRE-001,2,10.00,10.00,3.2000,
T0000872,2,VAP-002,1,40.00,40.00,14.0000,
T0000873,1,FLO-006,2,120.00,108.00,52.0000,
T0000873,2,VAP-004,1,60.00,60.00,24.0000,
T0000874,1,EDI-006,1,8.00,8.00,3.0000,
T0000874,2,VAP-001,1,55.00,55.00,22.0000,
T0000874,3,VAP-005,1,28.00,28.00,9.0000,
T0000874,4,FLO-004,1,38.00,38.00,15.0000,
T0000874,5,FLO-001,1,35.00,35.00,14.0000,
T0000875,1,PRE-002,1,10.00,10.00,3.4000,
T0000875,2,EDI-001,1,20.00,20.00,6.0000,
T0000875,3,VAP-005,1,28.00,25.20,9.0000,
T0000876,1,EDI-002,2,22.00,22.00,7.0000,
T0000876,2,ACC-002,1,3.00,3.00,0.6000,
T0000877,1,VAP-004,1,60.00,60.00,24.0000,
T0000877,2,FLO-002,2,40.00,36.00,16.0000,
T0000877,3,PRE-002,1,10.00,10.00,3.4000,
T0000878,1,ACC-001,1,20.00,20.00,5.0000,
T0000878,2,VAP-002,1,40.00,40.00,14.0000,
T0000878,3,PRE-001,1,10.00,9.00,3.2000,
T0000878,4,EDI-005,1,14.00,14.00,4.0000,
T0000879,1,EDI-006,1,8.00,8.00,3.0000,
T0000879,2,EDI-001,1,20.00,20.00,6.0000,
T0000879,3,PRE-005,1,6.00,6.00,1.8000,
T0000880,1,FLO-001,1,35.00,35.00,14.0000,
T0000880,2,EDI-006,1,8.00,8.00,3.0000,
T0000880,3,CON-002,1,45.00,45.00,18.0000,
T0000881,1,PRE-005,2,6.00,6.00,1.8000,
T0000881,2,ACC-003,1,22.00,22.00,6.0000,
T0000882,1,FLO-008,1,32.00,32.00,13.5000,
T0000882,2,FLO-009,1,210.00,210.00,95.0000,
T0000883,1,ACC-004,2,2.00,2.00,0.4000,
T0000883,2,PRE-005,1,6.00,6.00,1.8000,
T0000884,1,PRE-002,1,10.00,10.00,3.4000,
T0000885,1,FLO-004,1,38.00,38.00,15.0000,
T0000886,1,FLO-002,1,40.00,40.00,16.0000,
T0000887,1,FLO-007,1,32.00,28.80,13.0000,
T0000888,1,FLO-005,1,38.00,38.00,15.5000,
T0000888,2,PRE-001,2,10.00,10.00,3.2000,
T0000889,1,PRE-002,1,10.00,10.00,3.4000,
T0000889,2,ACC-002,1,3.00,3.00,0.6000,
T0000890,1,VAP-005,1,28.00,28.00,9.0000,
T0000890,2,VAP-002,1,40.00,40.00,14.0000,
T0000891,1,EDI-006,1,8.00,6.40,3.0000,
T0000891,2,PRE-002,1,10.00,10.00,3.4000,
T0000892,1,PRE-002,3,10.00,10.00,3.4000,
T0000892,2,CON-003,2,30.00,24.00,12.0000,
T0000893,1,FLO-007,2,32.00,32.00,13.0000,
T0000893,2,FLO-004,1,38.00,34.20,15.0000,
T0000894,1,FLO-005,1,38.00,38.00,15.5000,
T0000894,2,PRE-003,1,18.00,18.00,6.0000,
T0000894,3,PRE-001,2,10.00,9.00,3.2000,
T0000895,1,VAP-005,1,28.00,28.00,9.0000,
T0000896,1,EDI-001,1,20.00,20.00,6.0000,
T0000896,2,ACC-001,1,20.00,20.00,5.0000,
T0000896,3,ACC-004,2,2.00,2.00,0.4000,
T0000896,4,EDI-004,1,25.00,25.00,7.5000,
T0000897,1,TIN-001,1,50.00,50.00,18.0000,
T0000897,2,EDI-003,1,20.00,18.00,6.5000,
T0000898,1,CON-002,1,45.00,45.00,18.0000,
T0000899,1,VAP-001,1,55.00,55.00,22.0000,
T0000899,2,EDI-002,2,22.00,22.00,7.0000,
T0000899,3,FLO-001,1,35.00,35.00,14.0000,
T0000900,1,ACC-004,1,2.00,2.00,0.4000,
T0000900,2,EDI-003,1,20.00,20.00,6.5000,
T0000900,3,PRE-001,1,10.00,10.00,3.2000,
T0000901,1,PRE-005,1,6.00,6.00,1.8000,
T0000901,2,ACC-004,1,2.00,2.00,0.4000,
T0000902,1,FLO-010,1,45.00,45.00,18.0000,
T0000902,2,FLO-003,2,70.00,70.00,28.0000,
T0000902,3,VAP-002,2,40.00,40.00,14.0000,
T0000903,1,FLO-008,1,32.00,32.00,13.5000,
T0000904,1,PRE-003,1,18.00,18.00,6.0000,
T0000905,1,PRE-003,1,18.00,18.00,6.0000,
T0000905,2,FLO-001,1,35.00,31.50,14.0000,
T0000906,1,CON-001,1,75.00,67.50,32.0000,
T0000907,1,ACC-004,1,2.00,2.00,0.4000,
T0000908,1,PRE-002,1,10.00,10.00,3.4000,
T0000909,1,FLO-005,1,38.00,38.00,15.5000,
T0000909,2,ACC-004,1,2.00,2.00,0.4000,
T0000910,1,VAP-001,1,55.00,55.00,22.0000,
T0000911,1,VAP-002,1,40.00,40.00,14.0000,
T0000911,2,TIN-001,1,50.00,50.00,18.0000,
T0000911,3,FLO-006,1,120.00,120.00,52.0000,
T0000912,1,EDI-006,1,8.00,8.00,3.0000,
T0000912,2,PRE-001,1,10.00,10.00,3.2000,
T0000912,3,PRE-002,2,10.00,10.00,3.4000,
T0000912,4,ACC-004,3,2.00,2.00,0.4000,
T0000913,1,FLO-005,1,38.00,38.00,15.5000,
T0000913,2,PRE-004,1,35.00,35.00,12.0000,
T0000914,1,FLO-005,2,38.00,30.40,15.5000,
T0000914,2,PRE-004,1,35.00,28.00,12.0000,
T0000914,3,TIN-002,1,45.00,36.00,16.0000,
T0000914,4,FLO-007,1,32.00,32.00,13.0000,
T0000915,1,CON-003,1,30.00,30.00,12.0000,
T0000916,1,EDI-006,1,8.00,8.00,3.0000,
T0000917,1,VAP-006,1,15.00,13.50,4.0000,
T0000917,2,VAP-001,1,55.00,55.00,22.0000,
T0000917,3,FLO-008,1,32.00,32.00,13.5000,
T0000917,4,FLO-005,1,38.00,38.00,15.5000,
T0000918,1,EDI-004,1,25.00,25.00,7.5000,
T0000919,1,CON-002,1,45.00,45.00,18.0000,
T0000920,1,VAP-002,3,40.00,40.00,14.0000,
T0000921,1,CON-004,2,55.00,55.00,22.0000,
T0000921,2,VAP-002,1,40.00,40.00,14.0000,
T0000922,1,EDI-001,1,20.00,20.00,6.0000,
T0000922,2,ACC-004,1,2.00,2.00,0.4000,
T0000922,3,EDI-002,1,22.00,22.00,7.0000,
T0000922,4,VAP-003,1,32.00,28.80,12.0000,
T0000923,1,FLO-006,1,120.00,108.00,52.0000,
T0000923,3,TIN-001,1,50.00,50.00,18.0000,
T0000924,1,PRE-005,2,6.00,6.00,1.8000,
T0000924,2,EDI-001,1,20.00,20.00,6.0000,
T0000924,3,VAP-001,1,55.00,55.00,22.0000,
T0000925,1,TIN-002,2,45.00,45.00,16.0000,
T0000926,1,ACC-002,2,3.00,3.00,0.6000,
T0000926,2,FLO-004,1,38.00,38.00,15.0000,
T0000926,3,EDI-001,1,20.00,18.00,6.0000,
T0000926,4,ACC-004,1,2.00,2.00,0.4000,
T0000927,1,FLO-002,2,40.00,36.00,16.0000,
T0000927,2,PRE-004,1,35.00,35.00,12.0000,
T0000927,3,PRE-001,1,10.00,10.00,3.2000,
T0000928,1,PRE-002,1,10.00,10.00,3.4000,
T0000928,2,EDI-001,1,20.00,20.00,6.0000,
T0000928,3,FLO-001,1,35.00,35.00,14.0000,
T0000929,1,EDI-003,1,20.00,20.00,6.5000,
T0000929,2,PRE-002,3,10.00,10.00,3.4000,
T0000930,1,VAP-002,1,40.00,40.00,14.0000,
T0000930,2,ACC-001,1,20.00,20.00,5.0000,
T0000931,1,PRE-001,1,10.00,10.00,3.2000,
T0000931,2,FLO-002,2,40.00,32.00,16.0000,
T0000931,3,VAP-005,1,28.00,28.00,9.0000,
T0000932,1,FLO-001,1,35.00,35.00,14.0000,
T0000932,2,ACC-004,1,2.00,2.00,0.4000,
T0000933,1,FLO-003,1,70.00,70.00,28.0000,
T0000934,1,FLO-001,1,35.00,35.00,14.0000,
T0000935,1,EDI-004,2,25.00,25.00,7.5000,
T0000935,2,PRE-001,1,10.00,10.00,3.2000,
T0000935,3,FLO-002,1,40.00,40.00,16.0000,
T0000936,1,VAP-002,1,40.00,40.00,14.0000,
T0000936,2,FLO-008,1,32.00,32.00,13.5000,
T0000936,3,CON-003,1,30.00,30.00,12.0000,
T0000937,1,FLO-002,1,40.00,40.00,16.0000,
T0000937,2,TOP-002,1,24.00,24.00,9.0000,
T0000937,3,ACC-004,1,2.00,2.00,0.4000,
T0000938,1,EDI-004,1,25.00,20.00,7.5000,
T0000938,2,ACC-004,1,2.00,1.60,0.4000,
T0000939,1,VAP-001,1,55.00,55.00,22.0000,
T0000939,2,PRE-001,2,10.00,10.00,3.2000,
T0000940,1,CON-004,2,55.00,55.00,22.0000,
T0000941,1,PRE-002,1,10.00,10.00,3.4000,
T0000941,2,PRE-003,1,18.00,18.00,6.0000,
T0000941,3,FLO-001,3,35.00,35.00,14.0000,
T0000941,4,ACC-001,1,20.00,20.00,5.0000,
T0000942,1,PRE-003,1,18.00,16.20,6.0000,
T0000942,2,VAP-004,1,60.00,54.00,24.0000,
T0000943,1,PRE-005,1,6.00,6.00,1.8000,
T0000944,1,EDI-007,1,18.00,18.00,6.0000,
T0000945,1,PRE-001,1,10.00,10.00,3.2000,
T0000945,2,PRE-005,1,6.00,6.00,1.8000,
T0000946,1,EDI-001,1,20.00,20.00,6.0000,
T0000946,2,ACC-004,1,2.00,2.00,0.4000,
T0000947,1,VAP-003,1,32.00,32.00,12.0000,
T0000948,1,VAP-005,1,28.00,22.40,9.0000,
T0000949,1,PRE-001,1,10.00,9.00,3.2000,
T0000949,2,VAP-005,3,28.00,28.00,9.0000,
T0000950,1,FLO-001,1,35.00,35.00,14.0000,
T0000951,1,EDI-001,1,20.00,20.00,6.0000,
T0000952,1,ACC-002,1,3.00,3.00,0.6000,
T0000952,2,ACC-003,1,22.00,22.00,6.0000,
T0000953,1,FLO-007,1,32.00,25.60,13.0000,
T0000953,2,ACC-003,1,22.00,22.00,6.0000,
T0000954,1,PRE-004,1,35.00,35.00,12.0000,
T0000955,1,FLO-005,2,38.00,38.00,15.5000,
T0000956,1,VAP-004,1,60.00,60.00,24.0000,
T0000956,2,EDI-001,3,20.00,20.00,6.0000,
T0000956,3,CON-003,1,30.00,30.00,12.0000,
T0000956,4,ACC-002,1,3.00,3.00,0.6000,
T0000956,5,ACC-004,2,2.00,2.00,0.4000,
T0000957,1,FLO-001,1,35.00,35.00,14.0000,
T0000957,2,VAP-005,1,28.00,28.00,9.0000,
T0000958,1,PRE-001,1,10.00,10.00,3.2000,
T0000959,1,EDI-002,1,22.00,22.00,7.0000,
T0000960,1,ACC-002,3,3.00,3.00,0.6000,
T0000960,2,EDI-004,1,25.00,25.00,7.5000,
T0000961,1,EDI-005,1,14.00,14.00,4.0000,
T0000961,2,EDI-004,1,25.00,25.00,7.5000,
T0000961,3,PRE-002,2,10.00,9.00,3.4000,
T0000961,4,EDI-002,2,22.00,22.00,7.0000,
T0000962,1,VAP-006,1,15.00,15.00,4.0000,
T0000962,2,PRE-003,1,18.00,18.00,6.0000,
T0000963,1,FLO-001,2,35.00,35.00,14.0000,
T0000963,2,TOP-001,1,35.00,35.00,12.0000,
T0000963,3,VAP-002,1,40.00,40.00,14.0000,
T0000963,4,FLO-010,1,45.00,40.50,18.0000,
T0000964,1,TOP-002,1,24.00,24.00,9.0000,
T0000964,2,PRE-003,2,18.00,18.00,6.0000,
T0000964,3,EDI-003,3,20.00,20.00,6.5000,
T0000965,1,FLO-008,1,32.00,28.80,13.5000,
T0000966,1,FLO-007,3,32.00,32.00,13.0000,
T0000967,1,PRE-002,1,10.00,10.00,3.4000,
T0000968,1,PRE-002,1,10.00,10.00,3.4000,
T0000968,2,PRE-001,1,10.00,8.00,3.2000,
T0000968,3,VAP-005,1,28.00,28.00,9.0000,
T0000969,1,VAP-003,1,32.00,32.00,12.0000,
T0000969,2,PRE-002,1,10.00,10.00,3.4000,
T0000969,3,FLO-010,1,45.00,45.00,18.0000,
T0000970,1,ACC-004,1,2.00,2.00,0.4000,
T0000971,1,EDI-002,1,22.00,22.00,7.0000,
T0000971,2,PRE-002,1,10.00,10.00,3.4000,
T0000971,3,ACC-002,1,3.00,3.00,0.6000,
T0000972,1,EDI-003,1,20.00,20.00,6.5000,
T0000972,2,ACC-004,1,2.00,2.00,0.4000,
T0000973,1,FLO-005,3,38.00,34.20,15.5000,
T0000973,2,FLO-002,1,40.00,40.00,16.0000,
T0000974,1,PRE-005,1,6.00,6.00,1.8000,
T0000974,2,PRE-001,2,10.00,10.00,3.2000,
T0000974,3,FLO-002,1,40.00,40.00,16.0000,
T0000975,1,FLO-003,1,70.00,70.00,28.0000,
T0000975,2,EDI-004,1,25.00,25.00,7.5000,
T0000975,4,PRE-001,1,10.00,10.00,3.2000,
T0000976,1,VAP-002,1,40.00,40.00,14.0000,
T0000976,2,ACC-004,1,2.00,2.00,0.4000,
T0000977,1,FLO-007,2,32.00,32.00,13.0000,
T0000977,2,EDI-004,2,25.00,25.00,7.5000,
T0000978,1,VAP-003,1,32.00,32.00,12.0000,
T0000979,1,VAP-001,1,55.00,55.00,22.0000,
T0000979,2,FLO-007,1,32.00,32.00,13.0000,
T0000979,3,FLO-003,1,70.00,70.00,28.0000,
T0000979,4,EDI-003,2,20.00,20.00,6.5000,
T0000979,5,ACC-004,2,2.00,2.00,0.4000,
T0000980,1,VAP-004,1,60.00,60.00,24.0000,
T0000980,2,CON-002,1,45.00,45.00,18.0000,
T0000981,1,FLO-008,1,32.00,32.00,13.5000,
T0000981,2,EDI-003,1,20.00,20.00,6.5000,
T0000982,1,EDI-001,2,20.00,20.00,6.0000,
T0000983,1,VAP-001,1,55.00,55.00,22.0000,
T0000983,2,CON-002,1,45.00,45.00,18.0000,
T0000983,3,EDI-004,1,25.00,25.00,7.5000,
T0000983,4,VAP-004,1,60.00,60.00,24.0000,
T0000984,1,FLO-006,1,120.00,120.00,52.0000,
T0000984,2,EDI-006,2,8.00,8.00,3.0000,
T0000985,1,VAP-005,1,28.00,28.00,9.0000,
T0000986,1,VAP-006,1,15.00,15.00,4.0000,
T0000986,2,PRE-001,2,10.00,10.00,3.2000,
T0000986,3,FLO-007,2,32.00,32.00,13.0000,
T0000986,4,ACC-004,1,2.00,2.00,0.4000,
T0000987,1,ACC-004,1,2.00,2.00,0.4000,
T0000987,2,FLO-008,1,32.00,32.00,13.5000,
T0000987,3,PRE-005,2,6.00,6.00,1.8000,
T0000988,1,PRE-001,1,10.00,10.00,3.2000,
T0000988,2,EDI-003,1,20.00,18.00,6.5000,
T0000989,1,EDI-001,1,20.00,20.00,6.0000,
T0000989,2,VAP-001,2,55.00,55.00,22.0000,
T0000989,3,CON-001,1,75.00,67.50,32.0000,
T0000990,1,TIN-001,1,50.00,45.00,18.0000,
T0000990,2,VAP-002,1,40.00,40.00,14.0000,
T0000990,3,ACC-004,2,2.00,2.00,0.4000,
T0000991,1,FLO-003,1,70.00,70.00,28.0000,
T0000992,1,FLO-007,1,32.00,32.00,13.0000,
T0000992,2,VAP-002,2,40.00,40.00,14.0000,
T0000993,1,VAP-001,1,55.00,55.00,22.0000,
T0000993,2,VAP-002,1,40.00,40.00,14.0000,
T0000994,1,EDI-007,2,18.00,18.00,6.0000,
T0000994,2,EDI-002,1,22.00,17.60,7.0000,
T0000995,1,CON-001,1,75.00,75.00,32.0000,
T0000995,2,PRE-004,1,35.00,35.00,12.0000,
T0000996,1,FLO-005,1,38.00,38.00,15.5000,
T0000997,1,EDI-001,1,20.00,20.00,6.0000,
T0000998,1,PRE-002,1,10.00,10.00,3.4000,
T0000998,2,EDI-001,1,20.00,20.00,6.0000,
T0000998,3,FLO-004,2,38.00,38.00,15.0000,
T0000998,4,ACC-004,2,2.00,2.00,0.4000,
T0000999,1,PRE-001,1,10.00,9.00,3.2000,
T0000999,2,ACC-002,2,3.00,3.00,0.6000,
T0001000,1,EDI-007,1,18.00,18.00,6.0000,
T0001001,1,EDI-002,1,22.00,22.00,7.0000,
T0001002,1,VAP-003,1,32.00,32.00,12.0000,
T0001003,1,VAP-002,1,40.00,40.00,14.0000,
T0001004,1,EDI-001,1,20.00,20.00,6.0000,
T0001005,1,EDI-004,2,25.00,25.00,7.5000,
T0001005,2,VAP-002,2,40.00,36.00,14.0000,
T0001005,3,ACC-002,1,3.00,3.00,0.6000,
T0001006,1,FLO-002,1,40.00,40.00,16.0000,
T0001007,1,PRE-001,1,10.00,10.00,3.2000,
T0001007,2,ACC-003,1,22.00,22.00,6.0000,
T0001007,3,VAP-002,1,40.00,40.00,14.0000,
T0001007,4,FLO-004,1,38.00,38.00,15.0000,
T0001008,1,CON-003,2,30.00,30.00,12.0000,
T0001009,1,PRE-002,1,10.00,8.00,3.4000,
T0001009,2,PRE-003,2,18.00,18.00,6.0000,
T0001009,3,FLO-002,1,40.00,32.00,16.0000,
T0001010,1,EDI-001,3,20.00,20.00,6.0000,
T0001011,1,FLO-002,2,40.00,40.00,16.0000,
T0001012,1,PRE-003,1,18.00,18.00,6.0000,
T0001013,1,PRE-001,3,10.00,10.00,3.2000,
T0001014,1,FLO-001,1,35.00,35.00,14.0000,
T0001014,2,FLO-006,1,120.00,120.00,52.0000,
T0001014,3,FLO-008,1,32.00,32.00,13.5000,
T0001014,4,EDI-001,2,20.00,20.00,6.0000,
T0001015,1,CON-002,1,45.00,45.00,18.0000,
T0001016,1,VAP-003,1,32.00,32.00,12.0000,
T0001016,2,CON-002,1,45.00,40.50,18.0000,
T0001016,3,PRE-005,1,6.00,6.00,1.8000,
T0001016,4,FLO-001,3,35.00,35.00,14.0000,
T0001017,1,VAP-003,1,32.00,28.80,12.0000,
T0001018,1,ACC-004,3,2.00,2.00,0.4000,
T0001019,1,EDI-005,1,14.00,11.20,4.0000,
T0001020,1,FLO-002,1,40.00,40.00,16.0000,
T0001021,1,PRE-001,1,10.00,10.00,3.2000,
T0001021,2,ACC-001,1,20.00,20.00,5.0000,
T0001022,1,FLO-004,1,38.00,38.00,15.0000,
T0001022,2,PRE-004,1,35.00,31.50,12.0000,
T0001022,3,EDI-005,2,14.00,14.00,4.0000,
T0001023,1,PRE-002,1,10.00,10.00,3.4000,
T0001023,2,FLO-005,1,38.00,38.00,15.5000,
T0001023,3,VAP-004,2,60.00,60.00,24.0000,
T0001023,4,FLO-010,1,45.00,45.00,18.0000,
T0001023,5,PRE-005,1,6.00,6.00,1.8000,
T0001024,1,VAP-006,3,15.00,15.00,4.0000,
T0001024,2,VAP-002,1,40.00,40.00,14.0000,
T0001025,1,EDI-001,2,20.00,18.00,6.0000,
T0001025,2,EDI-006,3,8.00,8.00,3.0000,
T0001025,3,ACC-002,1,3.00,3.00,0.6000,
T0001026,1,ACC-003,1,22.00,22.00,6.0000,
T0001026,2,FLO-005,1,38.00,38.00,15.5000,
T0001026,3,FLO-001,1,35.00,35.00,14.0000,
T0001026,4,VAP-003,1,32.00,32.00,12.0000,
T0001026,5,CON-002,1,45.00,45.00,18.0000,
T0001027,1,VAP-003,1,32.00,32.00,12.0000,
T0001028,1,EDI-007,2,18.00,18.00,6.0000,
T0001028,2,PRE-001,1,10.00,10.00,3.2000,
T0001028,3,ACC-004,2,2.00,2.00,0.4000,
T0001029,1,PRE-001,1,10.00,10.00,3.2000,
T0001030,1,EDI-005,1,14.00,14.00,4.0000,
T0001030,2,EDI-006,1,8.00,8.00,3.0000,
T0001031,1,PRE-001,2,10.00,10.00,3.2000,
T0001032,1,EDI-006,1,8.00,7.20,3.0000,
T0001033,1,ACC-002,2,3.00,2.40,0.6000,
T0001033,2,VAP-003,1,32.00,32.00,12.0000,
T0001034,1,PRE-002,1,10.00,10.00,3.4000,
T0001035,1,VAP-006,1,15.00,15.00,4.0000,
T0001036,1,FLO-001,1,35.00,35.00,14.0000,
T0001036,2,FLO-002,1,40.00,40.00,16.0000,
T0001036,3,FLO-007,1,32.00,32.00,13.0000,
T0001036,4,PRE-001,1,10.00,10.00,3.2000,
T0001036,5,EDI-001,1,20.00,20.00,6.0000,
T0001037,1,EDI-003,1,20.00,20.00,6.5000,
T0001038,1,TIN-001,1,50.00,50.00,18.0000,
T0001039,1,PRE-004,1,35.00,35.00,12.0000,
T0001039,2,EDI-004,1,25.00,25.00,7.5000,
T0001040,1,ACC-004,1,2.00,2.00,0.4000,
T0001041,1,PRE-004,1,35.00,35.00,12.0000,
T0001042,1,PRE-001,1,10.00,10.00,3.2000,
T0001043,1,VAP-003,1,32.00,32.00,12.0000,
T0001043,2,VAP-001,1,55.00,55.00,22.0000,
T0001044,1,PRE-003,1,18.00,18.00,6.0000,
T0001044,2,FLO-004,1,38.00,38.00,15.0000,
T0001045,1,VAP-006,1,15.00,15.00,4.0000,
T0001046,1,VAP-002,1,40.00,40.00,14.0000,
T0001046,2,PRE-003,2,18.00,18.00,6.0000,
T0001047,1,PRE-002,1,10.00,10.00,3.4000,
T0001048,1,EDI-001,1,20.00,20.00,6.0000,
T0001048,2,PRE-002,1,10.00,10.00,3.4000,
T0001048,3,FLO-007,1,32.00,32.00,13.0000,
T0001049,1,EDI-004,2,25.00,25.00,7.5000,
T0001050,1,VAP-002,2,40.00,40.00,14.0000,
T0001051,1,VAP-003,1,32.00,32.00,12.0000,
T0001052,1,PRE-005,1,6.00,6.00,1.8000,
T0001053,1,FLO-002,1,40.00,32.00,16.0000,
T0001054,1,FLO-007,1,32.00,32.00,13.0000,
T0001054,2,ACC-004,2,2.00,2.00,0.4000,
T0001055,1,FLO-010,1,45.00,45.00,18.0000,
T0001056,1,EDI-001,1,20.00,20.00,6.0000,
T0001056,2,VAP-001,2,55.00,55.00,22.0000,
T0001057,1,ACC-002,2,3.00,3.00,0.6000,
T0001058,1,CON-002,3,45.00,36.00,18.0000,
T0001058,2,VAP-002,2,40.00,40.00,14.0000,
T0001059,1,EDI-006,2,8.00,8.00,3.0000,
T0001059,2,ACC-004,1,2.00,2.00,0.4000,
T0001059,3,VAP-001,2,55.00,55.00,22.0000,
T0001060,1,PRE-001,1,10.00,10.00,3.2000,
T0001060,2,TOP-002,1,24.00,24.00,9.0000,
T0001060,3,CON-001,1,75.00,75.00,32.0000,
T0001060,4,EDI-001,1,20.00,20.00,6.0000,
T0001061,1,CON-003,1,30.00,30.00,12.0000,
T0001061,2,EDI-003,1,20.00,20.00,6.5000,
T0001061,3,FLO-002,1,40.00,36.00,16.0000,
T0001062,1,EDI-007,1,18.00,18.00,6.0000,
T0001063,1,VAP-005,1,28.00,22.40,9.0000,
T0001064,1,VAP-001,1,55.00,55.00,22.0000,
T0001064,2,FLO-005,1,38.00,34.20,15.5000,
T0001064,3,PRE-004,1,35.00,31.50,12.0000,
T0001064,4,FLO-004,1,38.00,38.00,15.0000,
T0001065,1,CON-002,2,45.00,45.00,18.0000,
T0001066,1,VAP-002,1,40.00,40.00,14.0000,
T0001066,2,ACC-003,1,22.00,22.00,6.0000,
T0001067,1,VAP-003,1,32.00,32.00,12.0000,
T0001068,1,FLO-001,1,35.00,35.00,14.0000,
T0001069,1,CON-002,1,45.00,45.00,18.0000,
T0001070,1,VAP-005,1,28.00,22.40,9.0000,
T0001070,2,VAP-002,1,40.00,40.00,14.0000,
T0001070,3,VAP-003,1,32.00,25.60,12.0000,
T0001071,1,EDI-004,1,25.00,25.00,7.5000,
T0001071,2,EDI-005,2,14.00,14.00,4.0000,
T0001072,1,EDI-001,1,20.00,20.00,6.0000,
T0001072,2,PRE-001,3,10.00,10.00,3.2000,
T0001073,1,EDI-004,2,25.00,25.00,7.5000,
T0001073,2,PRE-004,1,35.00,35.00,12.0000,
T0001073,3,FLO-002,1,40.00,40.00,16.0000,
T0001074,1,ACC-004,1,2.00,1.60,0.4000,
T0001075,1,VAP-001,2,55.00,55.00,22.0000,
T0001075,2,ACC-002,1,3.00,3.00,0.6000,
T0001075,3,FLO-008,2,32.00,32.00,13.5000,
T0001075,4,EDI-003,1,20.00,16.00,6.5000,
T0001076,1,VAP-005,1,28.00,25.20,9.0000,
T0001077,1,PRE-003,1,18.00,16.20,6.0000,
T0001078,1,CON-003,1,30.00,27.00,12.0000,
T0001079,1,FLO-004,2,38.00,38.00,15.0000,
T0001080,1,PRE-001,1,10.00,8.00,3.2000,
T0001080,2,ACC-004,1,2.00,2.00,0.4000,
T0001081,1,EDI-004,1,25.00,25.00,7.5000,
T0001081,2,VAP-002,1,40.00,36.00,14.0000,
T0001081,3,EDI-001,1,20.00,20.00,6.0000,
T0001081,4,VAP-005,2,28.00,28.00,9.0000,
T0001082,1,PRE-001,1,10.00,9.00,3.2000,
T0001083,1,FLO-002,1,40.00,40.00,16.0000,
T0001083,2,CON-002,1,45.00,45.00,18.0000,
T0001084,1,FLO-008,2,32.00,32.00,13.5000,
T0001085,1,EDI-001,3,20.00,20.00,6.0000,
T0001086,1,FLO-005,1,38.00,38.00,15.5000,
T0001087,1,PRE-002,1,10.00,10.00,3.4000,
T0001087,2,ACC-003,2,22.00,22.00,6.0000,
T0001088,1,VAP-006,2,15.00,15.00,4.0000,
T0001089,1,CON-003,1,30.00,30.00,12.0000,
T0001090,1,EDI-005,1,14.00,14.00,4.0000,
T0001090,2,PRE-001,1,10.00,10.00,3.2000,
T0001091,1,EDI-001,2,20.00,20.00,6.0000,
T0001092,1,FLO-002,2,40.00,40.00,16.0000,
T0001092,2,TOP-002,1,24.00,24.00,9.0000,
T0001092,3,VAP-001,1,55.00,55.00,22.0000,
T0001092,4,EDI-003,1,20.00,18.00,6.5000,
T0001093,1,FLO-002,1,40.00,40.00,16.0000,
T0001094,1,EDI-006,1,8.00,8.00,3.0000,
T0001094,2,FLO-005,1,38.00,38.00,15.5000,
T0001095,1,FLO-005,2,38.00,38.00,15.5000,
T0001095,2,VAP-002,2,40.00,40.00,14.0000,
T0001095,3,FLO-004,2,38.00,34.20,15.0000,
T0001095,4,FLO-001,1,35.00,35.00,14.0000,
T0001096,1,PRE-001,3,10.00,10.00,3.2000,
T0001096,2,EDI-006,1,8.00,8.00,3.0000,
T0001096,3,FLO-002,1,40.00,40.00,16.0000,
T0001097,1,VAP-003,2,32.00,25.60,12.0000,
T0001098,1,EDI-004,1,25.00,25.00,7.5000,
T0001098,2,FLO-001,1,35.00,35.00,14.0000,
T0001099,1,VAP-001,1,55.00,55.00,22.0000,
T0001099,2,CON-004,1,55.00,55.00,22.0000,
T0001100,1,VAP-002,1,40.00,40.00,14.0000,
T0001101,1,FLO-004,1,38.00,38.00,15.0000,
T0001101,3,EDI-005,1,14.00,14.00,4.0000,
T0001102,1,ACC-004,1,2.00,2.00,0.4000,
T0001103,1,EDI-006,1,8.00,8.00,3.0000,
T0001104,1,ACC-002,2,3.00,3.00,0.6000,
T0001105,1,FLO-004,1,38.00,38.00,15.0000,
T0001106,1,EDI-003,3,20.00,20.00,6.5000,
T0001106,2,VAP-003,2,32.00,32.00,12.0000,
T0001106,3,VAP-005,2,28.00,28.00,9.0000,
T0001107,1,VAP-002,1,40.00,40.00,14.0000,
T0001107,2,ACC-003,1,22.00,22.00,6.0000,
T0001108,1,EDI-006,1,8.00,7.20,3.0000,
T0001108,2,EDI-005,1,14.00,12.60,4.0000,
T0001108,3,EDI-001,1,20.00,20.00,6.0000,
T0001108,4,FLO-003,1,70.00,70.00,28.0000,
T0001109,1,VAP-004,1,60.00,60.00,24.0000,
T0001109,2,PRE-004,1,35.00,35.00,12.0000,
T0001110,1,EDI-001,1,20.00,20.00,6.0000,
T0001110,2,VAP-002,1,40.00,32.00,14.0000,
T0001111,1,ACC-004,3,2.00,2.00,0.4000,
T0001112,1,FLO-005,1,38.00,38.00,15.5000,
T0001112,2,EDI-004,1,25.00,25.00,7.5000,
T0001113,1,VAP-002,1,40.00,40.00,14.0000,
T0001114,1,CON-001,1,75.00,75.00,32.0000,
T0001115,1,EDI-004,1,25.00,25.00,7.5000,
T0001116,1,EDI-001,1,20.00,20.00,6.0000,
T0001116,2,FLO-001,1,35.00,35.00,14.0000,
T0001116,3,EDI-003,1,20.00,20.00,6.5000,
T0001117,1,FLO-005,1,38.00,38.00,15.5000,
T0001117,2,EDI-001,1,20.00,20.00,6.0000,
T0001117,3,PRE-003,1,18.00,18.00,6.0000,
T0001118,1,PRE-004,1,35.00,35.00,12.0000,
T0001118,2,VAP-001,2,55.00,55.00,22.0000,
T0001118,3,PRE-001,1,10.00,10.00,3.2000,
T0001118,4,CON-002,1,45.00,45.00,18.0000,
T0001119,1,PRE-004,3,35.00,35.00,12.0000,
T0001119,2,VAP-002,1,40.00,40.00,14.0000,
T0001120,1,EDI-001,2,20.00,16.00,6.0000,
T0001121,1,FLO-008,2,32.00,32.00,13.5000,
T0001121,2,FLO-001,1,35.00,35.00,14.0000,
T0001121,3,VAP-006,1,15.00,15.00,4.0000,
T0001122,1,ACC-004,1,2.00,2.00,0.4000,
T0001123,1,FLO-005,1,38.00,38.00,15.5000,
T0001124,1,FLO-004,1,38.00,38.00,15.0000,
T0001124,2,EDI-003,2,20.00,20.00,6.5000,
T0001125,1,PRE-004,3,35.00,35.00,12.0000,
T0001125,2,EDI-006,1,8.00,8.00,3.0000,
T0001125,3,PRE-001,1,10.00,10.00,3.2000,
T0001125,4,VAP-002,1,40.00,36.00,14.0000,
T0001126,1,PRE-005,1,6.00,6.00,1.8000,
T0001127,1,VAP-002,1,40.00,40.00,14.0000,
T0001127,2,VAP-004,2,60.00,60.00,24.0000,
T0001127,3,ACC-001,1,20.00,20.00,5.0000,
T0001128,1,PRE-003,3,18.00,14.40,6.0000,
T0001128,2,FLO-002,3,40.00,36.00,16.0000,
T0001129,1,PRE-005,1,6.00,6.00,1.8000,
T0001129,2,ACC-004,3,2.00,2.00,0.4000,
T0001129,3,CON-002,1,45.00,45.00,18.0000,
T0001130,1,FLO-002,1,40.00,32.00,16.0000,
T0001130,2,CON-002,1,45.00,45.00,18.0000,
T0001130,3,ACC-004,1,2.00,1.80,0.4000,
T0001130,4,FLO-001,1,35.00,35.00,14.0000,
T0001131,1,EDI-003,2,20.00,20.00,6.5000,
T0001132,1,FLO-007,1,32.00,32.00,13.0000,
T0001133,1,CON-003,2,30.00,30.00,12.0000,
T0001134,1,EDI-006,1,8.00,7.20,3.0000,
T0001134,2,VAP-001,1,55.00,55.00,22.0000,
T0001135,1,PRE-002,1,10.00,10.00,3.4000,
T0001135,2,VAP-006,1,15.00,12.00,4.0000,
T0001135,3,FLO-004,1,38.00,38.00,15.0000,
T0001136,1,VAP-005,1,28.00,22.40,9.0000,
T0001136,2,FLO-003,1,70.00,56.00,28.0000,
T0001136,3,FLO-002,1,40.00,40.00,16.0000,
T0001136,4,PRE-001,3,10.00,10.00,3.2000,
T0001137,1,PRE-004,1,35.00,35.00,12.0000,
T0001137,2,ACC-004,1,2.00,2.00,0.4000,
T0001137,3,VAP-002,1,40.00,40.00,14.0000,
T0001138,1,VAP-001,3,55.00,55.00,22.0000,
T0001138,2,PRE-001,1,10.00,9.00,3.2000,
T0001139,1,EDI-004,1,25.00,25.00,7.5000,
T0001139,2,PRE-004,1,35.00,35.00,12.0000,
T0001140,1,EDI-004,1,25.00,25.00,7.5000,
T0001141,1,TOP-001,2,35.00,35.00,12.0000,
T0001141,2,FLO-004,1,38.00,38.00,15.0000,
T0001141,3,PRE-002,1,10.00,10.00,3.4000,
T0001142,1,PRE-005,1,6.00,4.80,1.8000,
T0001142,2,FLO-007,1,32.00,25.60,13.0000,
T0001143,1,FLO-001,2,35.00,35.00,14.0000,
T0001144,1,EDI-003,1,20.00,20.00,6.5000,
T0001144,2,EDI-001,1,20.00,20.00,6.0000,
T0001145,1,PRE-003,1,18.00,16.20,6.0000,
T0001146,1,PRE-001,1,10.00,10.00,3.2000,
T0001147,1,PRE-003,1,18.00,18.00,6.0000,
T0001147,2,PRE-004,1,35.00,35.00,12.0000,
T0001147,3,PRE-005,2,6.00,6.00,1.8000,
T0001147,4,ACC-004,1,2.00,2.00,0.4000,
T0001148,1,EDI-001,1,20.00,20.00,6.0000,
T0001149,1,EDI-006,1,8.00,8.00,3.0000,
T0001150,1,ACC-002,1,3.00,3.00,0.6000,
T0001151,1,EDI-003,1,20.00,20.00,6.5000,
T0001151,2,VAP-002,1,40.00,40.00,14.0000,
T0001151,3,FLO-002,1,40.00,40.00,16.0000,
T0001151,4,PRE-001,1,10.00,10.00,3.2000,
T0001152,1,VAP-001,1,55.00,55.00,22.0000,
T0001152,2,TOP-002,2,24.00,24.00,9.0000,
T0001152,3,CON-004,2,55.00,55.00,22.0000,
T0001153,1,PRE-003,1,18.00,18.00,6.0000,
T0001153,2,PRE-002,2,10.00,8.00,3.4000,
T0001154,1,FLO-004,2,38.00,38.00,15.0000,
T0001154,2,ACC-004,1,2.00,2.00,0.4000,
T0001154,3,VAP-005,1,28.00,28.00,9.0000,
T0001155,1,PRE-001,1,10.00,8.00,3.2000,
T0001156,1,VAP-002,1,40.00,40.00,14.0000,
T0001157,1,ACC-004,2,2.00,2.00,0.4000,
T0001157,2,FLO-010,1,45.00,45.00,18.0000,
T0001158,1,VAP-003,1,32.00,32.00,12.0000,
T0001158,2,EDI-001,1,20.00,20.00,6.0000,
T0001158,3,FLO-008,1,32.00,32.00,13.5000,
T0001158,4,EDI-002,1,22.00,22.00,7.0000,
T0001158,5,FLO-004,1,38.00,38.00,15.0000,
T0001159,1,FLO-004,1,38.00,38.00,15.0000,
T0001159,2,PRE-002,1,10.00,10.00,3.4000,
T0001159,3,EDI-001,3,20.00,20.00,6.0000,
T0001160,1,PRE-002,2,10.00,9.00,3.4000,
T0001161,1,FLO-002,1,40.00,40.00,16.0000,
T0001161,2,FLO-004,1,38.00,38.00,15.0000,
T0001162,1,VAP-003,1,32.00,28.80,12.0000,
T0001162,2,FLO-002,1,40.00,40.00,16.0000,
T0001163,1,FLO-002,1,40.00,36.00,16.0000,
T0001163,2,FLO-007,1,32.00,32.00,13.0000,
T0001163,3,PRE-003,2,18.00,18.00,6.0000,
T0001163,4,ACC-002,1,3.00,2.70,0.6000,
T0001164,1,PRE-003,3,18.00,18.00,6.0000,
T0001165,1,FLO-007,2,32.00,25.60,13.0000,
T0001165,2,PRE-004,2,35.00,35.00,12.0000,
T0001165,3,CON-002,1,45.00,36.00,18.0000,
T0001166,1,FLO-003,1,70.00,70.00,28.0000,
T0001166,2,FLO-001,1,35.00,35.00,14.0000,
T0001166,3,FLO-002,1,40.00,40.00,16.0000,
T0001166,4,PRE-005,1,6.00,5.40,1.8000,
T0001167,1,CON-003,1,30.00,30.00,12.0000,
T0001167,2,EDI-001,2,20.00,20.00,6.0000,
T0001167,3,CON-002,1,45.00,45.00,18.0000,
T0001167,4,PRE-001,2,10.00,9.00,3.2000,
T0001168,1,ACC-001,1,20.00,20.00,5.0000,
T0001169,1,FLO-004,2,38.00,38.00,15.0000,
T0001169,2,VAP-002,1,40.00,40.00,14.0000,
T0001170,1,EDI-005,1,14.00,12.60,4.0000,
T0001170,2,PRE-004,1,35.00,35.00,12.0000,
T0001170,3,PRE-001,1,10.00,9.00,3.2000,
T0001171,1,VAP-005,1,28.00,28.00,9.0000,
T0001172,1,VAP-002,1,40.00,40.00,14.0000,
T0001173,1,CON-003,1,30.00,30.00,12.0000,
T0001173,2,EDI-001,1,20.00,20.00,6.0000,
T0001174,1,PRE-002,1,10.00,10.00,3.4000,
T0001174,2,EDI-003,1,20.00,20.00,6.5000,
T0001175,1,PRE-005,1,6.00,6.00,1.8000,
T0001176,1,PRE-002,1,10.00,10.00,3.4000,
T0001176,3,PRE-005,1,6.00,6.00,1.8000,
T0001177,1,EDI-001,1,20.00,20.00,6.0000,
T0001177,2,FLO-004,1,38.00,38.00,15.0000,
T0001178,1,FLO-002,1,40.00,40.00,16.0000,
T0001178,2,PRE-001,1,10.00,10.00,3.2000,
T0001178,3,CON-002,2,45.00,40.50,18.0000,
T0001178,4,FLO-008,1,32.00,32.00,13.5000,
T0001179,1,FLO-004,1,38.00,38.00,15.0000,
T0001179,2,ACC-004,1,2.00,2.00,0.4000,
T0001179,3,VAP-002,1,40.00,40.00,14.0000,
T0001179,4,EDI-003,1,20.00,18.00,6.5000,
T0001179,5,EDI-004,1,25.00,22.50,7.5000,
T0001180,1,EDI-001,1,20.00,20.00,6.0000,
T0001181,1,FLO-007,2,32.00,32.00,13.0000,
T0001182,1,PRE-001,1,10.00,10.00,3.2000,
T0001182,2,FLO-002,2,40.00,40.00,16.0000,
T0001183,1,CON-001,1,75.00,75.00,32.0000,
T0001183,2,EDI-003,1,20.00,20.00,6.5000,
T0001184,1,CON-001,3,75.00,75.00,32.0000,
T0001184,2,PRE-002,3,10.00,10.00,3.4000,
T0001184,3,PRE-004,1,35.00,35.00,12.0000,
T0001185,1,PRE-002,1,10.00,10.00,3.4000,
T0001185,2,EDI-002,1,22.00,22.00,7.0000,
T0001186,1,FLO-007,2,32.00,32.00,13.0000,
T0001187,1,PRE-002,1,10.00,10.00,3.4000,
T0001187,2,VAP-006,1,15.00,15.00,4.0000,
T0001188,1,FLO-010,1,45.00,36.00,18.0000,
T0001189,1,PRE-002,1,10.00,8.00,3.4000,
T0001189,2,VAP-003,1,32.00,32.00,12.0000,
T0001189,3,VAP-006,2,15.00,15.00,4.0000,
T0001189,4,EDI-001,1,20.00,18.00,6.0000,
T0001190,1,CON-001,1,75.00,75.00,32.0000,
T0001190,2,VAP-006,1,15.00,15.00,4.0000,
T0001191,1,EDI-004,3,25.00,25.00,7.5000,
T0001192,1,CON-001,1,75.00,75.00,32.0000,
T0001192,2,EDI-004,1,25.00,25.00,7.5000,
T0001192,3,VAP-003,1,32.00,32.00,12.0000,
T0001192,4,FLO-010,1,45.00,45.00,18.0000,
T0001193,1,VAP-002,1,40.00,40.00,14.0000,
T0001193,2,VAP-006,1,15.00,15.00,4.0000,
T0001193,3,EDI-002,2,22.00,22.00,7.0000,
T0001194,1,PRE-004,1,35.00,35.00,12.0000,
T0001195,1,EDI-007,1,18.00,18.00,6.0000,
T0001195,2,FLO-002,1,40.00,40.00,16.0000,
T0001196,1,EDI-004,1,25.00,25.00,7.5000,
T0001196,2,VAP-001,1,55.00,55.00,22.0000,
T0001196,3,PRE-003,1,18.00,18.00,6.0000,
T0001196,4,VAP-002,1,40.00,40.00,14.0000,
T0001196,5,PRE-005,1,6.00,5.40,1.8000,
T0001197,1,FLO-003,1,70.00,70.00,28.0000,
T0001197,2,FLO-001,1,35.00,35.00,14.0000,
T0001197,3,TOP-001,2,35.00,35.00,12.0000,
T0001198,1,FLO-010,3,45.00,45.00,18.0000,
T0001199,1,FLO-004,1,38.00,38.00,15.0000,
T0001199,2,VAP-001,1,55.00,55.00,22.0000,
T0001199,3,ACC-002,2,3.00,3.00,0.6000,
T0001200,1,FLO-003,1,70.00,70.00,28.0000,
T0001200,2,PRE-002,2,10.00,10.00,3.4000,
T0001201,1,VAP-002,1,40.00,40.00,14.0000,
T0001201,2,EDI-002,2,22.00,22.00,7.0000,
T0001201,3,VAP-003,1,32.00,32.00,12.0000,
T0001202,1,ACC-002,2,3.00,3.00,0.6000,
T0001203,1,PRE-002,2,10.00,10.00,3.4000,
T0001203,2,EDI-002,1,22.00,19.80,7.0000,
T0001203,3,VAP-001,1,55.00,55.00,22.0000,
T0001203,4,PRE-001,1,10.00,10.00,3.2000,
T0001203,5,ACC-004,1,2.00,2.00,0.4000,
T0001204,1,PRE-001,2,10.00,10.00,3.2000,
T0001205,1,ACC-002,1,3.00,3.00,0.6000,
T0001206,1,CON-003,1,30.00,30.00,12.0000,
T0001207,1,VAP-002,2,40.00,40.00,14.0000,
T0001207,2,PRE-004,1,35.00,35.00,12.0000,
T0001207,3,FLO-004,2,38.00,38.00,15.0000,
T0001207,4,EDI-004,1,25.00,25.00,7.5000,
T0001208,1,PRE-001,1,10.00,10.00,3.2000,
T0001208,2,CON-001,1,75.00,60.00,32.0000,
T0001208,3,ACC-003,1,22.00,17.60,6.0000,
T0001208,4,ACC-002,1,3.00,3.00,0.6000,
T0001208,5,EDI-004,1,25.00,25.00,7.5000,
T0001209,1,EDI-007,1,18.00,18.00,6.0000,
T0001209,2,EDI-006,1,8.00,8.00,3.0000,
T0001210,1,PRE-004,1,35.00,35.00,12.0000,
T0001211,1,EDI-001,1,20.00,20.00,6.0000,
T0001211,2,FLO-001,3,35.00,31.50,14.0000,
T0001212,1,VAP-004,1,60.00,60.00,24.0000,
T0001212,3,PRE-001,1,10.00,10.00,3.2000,
T0001213,1,EDI-005,1,14.00,14.00,4.0000,
T0001213,2,FLO-003,2,70.00,70.00,28.0000,
T0001214,1,FLO-002,1,40.00,40.00,16.0000,
T0001215,1,FLO-001,1,35.00,35.00,14.0000,
T0001216,1,FLO-005,1,38.00,38.00,15.5000,
T0001216,2,PRE-005,2,6.00,6.00,1.8000,
T0001217,1,PRE-001,1,10.00,10.00,3.2000,
T0001218,1,PRE-003,1,18.00,18.00,6.0000,
T0001218,2,PRE-005,3,6.00,6.00,1.8000,
T0001218,3,EDI-006,1,8.00,8.00,3.0000,
T0001219,1,FLO-007,2,32.00,32.00,13.0000,
T0001220,1,EDI-006,1,8.00,8.00,3.0000,
T0001220,2,VAP-005,2,28.00,28.00,9.0000,
T0001221,1,ACC-003,1,22.00,22.00,6.0000,
T0001222,1,FLO-002,2,40.00,40.00,16.0000,
T0001223,1,EDI-002,2,22.00,22.00,7.0000,
T0001224,1,PRE-001,1,10.00,10.00,3.2000,
T0001224,2,FLO-004,1,38.00,34.20,15.0000,
T0001225,1,PRE-002,1,10.00,10.00,3.4000,
T0001225,2,FLO-005,3,38.00,30.40,15.5000,
T0001225,3,VAP-001,2,55.00,55.00,22.0000,
T0001225,4,FLO-001,1,35.00,28.00,14.0000,
T0001226,1,PRE-003,2,18.00,18.00,6.0000,
T0001226,2,PRE-002,3,10.00,10.00,3.4000,
T0001227,1,PRE-005,1,6.00,4.80,1.8000,
T0001227,2,FLO-008,1,32.00,25.60,13.5000,
T0001227,3,EDI-001,1,20.00,20.00,6.0000,
T0001228,1,EDI-001,2,20.00,18.00,6.0000,
T0001228,2,PRE-001,1,10.00,10.00,3.2000,
T0001229,1,FLO-007,2,32.00,32.00,13.0000,
T0001230,1,FLO-006,1,120.00,120.00,52.0000,
T0001231,1,VAP-005,1,28.00,28.00,9.0000,
T0001231,2,CON-001,2,75.00,75.00,32.0000,
T0001232,1,ACC-004,1,2.00,2.00,0.4000,
T0001232,2,PRE-005,1,6.00,6.00,1.8000,
T0001232,3,PRE-001,1,10.00,10.00,3.2000,
T0001233,1,CON-004,1,55.00,55.00,22.0000,
T0001233,2,FLO-006,1,120.00,108.00,52.0000,
T0001234,1,TIN-002,1,45.00,40.50,16.0000,
T0001234,2,ACC-004,1,2.00,2.00,0.4000,
T0001234,3,PRE-001,1,10.00,9.00,3.2000,
T0001235,1,PRE-002,1,10.00,10.00,3.4000,
T0001235,2,EDI-006,1,8.00,8.00,3.0000,
T0001236,1,FLO-001,1,35.00,31.50,14.0000,
T0001236,2,EDI-006,1,8.00,8.00,3.0000,
T0001237,1,EDI-005,1,14.00,14.00,4.0000,
T0001238,1,EDI-001,1,20.00,20.00,6.0000,
T0001238,2,PRE-003,1,18.00,18.00,6.0000,
T0001239,1,EDI-006,1,8.00,8.00,3.0000,
T0001240,1,FLO-010,1,45.00,45.00,18.0000,
T0001240,2,ACC-004,1,2.00,2.00,0.4000,
T0001241,1,EDI-001,3,20.00,18.00,6.0000,
T0001242,1,FLO-008,2,32.00,32.00,13.5000,
T0001243,1,ACC-002,2,3.00,3.00,0.6000,
T0001244,1,EDI-003,1,20.00,20.00,6.5000,
T0001244,2,TOP-002,1,24.00,24.00,9.0000,
T0001244,3,FLO-001,1,35.00,31.50,14.0000,
T0001245,1,EDI-001,1,20.00,20.00,6.0000,
T0001245,3,EDI-006,1,8.00,8.00,3.0000,
T0001246,1,PRE-001,2,10.00,10.00,3.2000,
T0001247,1,PRE-003,1,18.00,18.00,6.0000,
T0001247,2,PRE-005,1,6.00,6.00,1.8000,
T0001248,1,PRE-002,2,10.00,9.00,3.4000,
T0001248,2,ACC-004,2,2.00,2.00,0.4000,
T0001248,3,FLO-002,1,40.00,40.00,16.0000,
T0001249,1,FLO-005,1,38.00,38.00,15.5000,
T0001249,2,ACC-002,1,3.00,3.00,0.6000,
T0001249,3,FLO-002,2,40.00,40.00,16.0000,
T0001250,1,FLO-001,1,35.00,35.00,14.0000,
T0001250,2,CON-002,1,45.00,45.00,18.0000,
T0001251,1,VAP-002,1,40.00,36.00,14.0000,
T0001251,2,FLO-001,2,35.00,35.00,14.0000,
T0001251,3,ACC-004,1,2.00,2.00,0.4000,
T0001252,1,FLO-005,1,38.00,38.00,15.5000,
T0001252,2,FLO-002,1,40.00,40.00,16.0000,
T0001252,3,EDI-003,1,20.00,20.00,6.5000,
T0001253,1,FLO-005,1,38.00,38.00,15.5000,
T0001253,2,VAP-003,3,32.00,25.60,12.0000,
T0001254,1,FLO-002,1,40.00,36.00,16.0000,
T0001254,2,VAP-004,2,60.00,60.00,24.0000,
T0001255,1,VAP-002,1,40.00,36.00,14.0000,
T0001255,2,VAP-001,1,55.00,55.00,22.0000,
T0001256,1,PRE-002,1,10.00,10.00,3.4000,
T0001257,1,FLO-008,1,32.00,32.00,13.5000,
T0001257,2,EDI-001,1,20.00,16.00,6.0000,
T0001258,1,ACC-004,2,2.00,2.00,0.4000,
T0001259,1,TIN-001,1,50.00,50.00,18.0000,
T0001260,1,VAP-003,1,32.00,32.00,12.0000,
T0001260,2,PRE-001,2,10.00,10.00,3.2000,
T0001261,1,EDI-001,1,20.00,20.00,6.0000,
T0001261,2,PRE-002,2,10.00,10.00,3.4000,
T0001262,1,PRE-001,2,10.00,10.00,3.2000,
T0001263,1,FLO-001,1,35.00,31.50,14.0000,
T0001264,1,FLO-005,1,38.00,38.00,15.5000,
T0001265,1,FLO-002,2,40.00,36.00,16.0000,
T0001266,1,FLO-002,1,40.00,40.00,16.0000,
T0001266,2,FLO-001,1,35.00,35.00,14.0000,
T0001267,1,VAP-004,1,60.00,60.00,24.0000,
T0001267,2,EDI-001,1,20.00,20.00,6.0000,
T0001268,1,TOP-001,1,35.00,35.00,12.0000,
T0001268,2,FLO-001,1,35.00,35.00,14.0000,
T0001268,3,CON-002,1,45.00,40.50,18.0000,
T0001269,1,VAP-001,1,55.00,55.00,22.0000,
T0001269,2,TIN-001,1,50.00,50.00,18.0000,
T0001269,3,EDI-001,1,20.00,20.00,6.0000,
T0001269,4,FLO-002,2,40.00,40.00,16.0000,
T0001270,1,ACC-004,2,2.00,2.00,0.4000,
T0001270,2,EDI-006,2,8.00,7.20,3.0000,
T0001271,1,FLO-001,1,35.00,35.00,14.0000,
T0001271,2,PRE-001,1,10.00,10.00,3.2000,
T0001271,3,PRE-005,1,6.00,6.00,1.8000,
T0001272,1,FLO-002,2,40.00,40.00,16.0000,
T0001273,1,PRE-002,1,10.00,10.00,3.4000,
T0001273,2,VAP-005,1,28.00,28.00,9.0000,
T0001273,3,TOP-002,1,24.00,24.00,9.0000,
T0001273,4,ACC-004,2,2.00,2.00,0.4000,
T0001274,1,EDI-001,2,20.00,20.00,6.0000,
T0001274,2,EDI-006,1,8.00,8.00,3.0000,
T0001274,3,PRE-001,2,10.00,10.00,3.2000,
T0001275,1,ACC-004,1,2.00,2.00,0.4000,
T0001275,2,FLO-002,2,40.00,40.00,16.0000,
T0001275,3,VAP-002,1,40.00,40.00,14.0000,
T0001275,4,CON-004,2,55.00,49.50,22.0000,
T0001276,1,PRE-005,1,6.00,6.00,1.8000,
T0001277,1,PRE-001,1,10.00,10.00,3.2000,
T0001278,1,PRE-004,1,35.00,31.50,12.0000,
T0001278,2,PRE-003,1,18.00,18.00,6.0000,
T0001279,1,FLO-007,1,32.00,32.00,13.0000,
T0001279,2,EDI-007,1,18.00,18.00,6.0000,
T0001279,3,TIN-001,1,50.00,50.00,18.0000,
T0001280,1,VAP-002,1,40.00,40.00,14.0000,
T0001280,2,EDI-005,2,14.00,12.60,4.0000,
T0001281,1,ACC-002,2,3.00,3.00,0.6000,
T0001282,1,FLO-001,1,35.00,35.00,14.0000,
T0001283,1,PRE-005,1,6.00,6.00,1.8000,
T0001284,1,EDI-006,2,8.00,7.20,3.0000,
T0001284,2,EDI-001,1,20.00,18.00,6.0000,
T0001284,3,VAP-005,1,28.00,22.40,9.0000,
T0001284,4,VAP-002,1,40.00,40.00,14.0000,
T0001285,1,PRE-002,1,10.00,10.00,3.4000,
T0001285,2,ACC-003,1,22.00,22.00,6.0000,
T0001285,3,ACC-004,2,2.00,2.00,0.4000,
T0001286,1,PRE-004,2,35.00,35.00,12.0000,
T0001287,1,ACC-002,1,3.00,2.70,0.6000,
T0001288,1,FLO-004,1,38.00,38.00,15.0000,
T0001288,2,FLO-001,1,35.00,35.00,14.0000,
T0001289,1,VAP-006,1,15.00,15.00,4.0000,
T0001289,2,VAP-004,1,60.00,60.00,24.0000,
T0001289,3,CON-003,1,30.00,30.00,12.0000,
T0001290,1,ACC-002,1,3.00,3.00,0.6000,
T0001290,2,EDI-002,3,22.00,22.00,7.0000,
T0001291,1,PRE-002,1,10.00,10.00,3.4000,
T0001292,1,ACC-002,3,3.00,3.00,0.6000,
T0001292,2,VAP-006,2,15.00,15.00,4.0000,
T0001293,1,EDI-001,1,20.00,20.00,6.0000,
T0001293,2,FLO-008,1,32.00,32.00,13.5000,
T0001294,1,FLO-005,1,38.00,38.00,15.5000,
T0001294,2,FLO-001,2,35.00,35.00,14.0000,
T0001294,3,PRE-005,1,6.00,6.00,1.8000,
T0001294,4,ACC-003,1,22.00,22.00,6.0000,
T0001295,1,EDI-004,1,25.00,25.00,7.5000,
T0001296,1,FLO-008,1,32.00,32.00,13.5000,
T0001297,1,CON-003,1,30.00,30.00,12.0000,
T0001297,2,FLO-001,1,35.00,35.00,14.0000,
T0001297,3,PRE-004,1,35.00,35.00,12.0000,
T0001298,1,VAP-002,1,40.00,40.00,14.0000,
T0001298,2,FLO-008,1,32.00,28.80,13.5000,
T0001299,1,VAP-005,1,28.00,28.00,9.0000,
T0001300,1,EDI-004,1,25.00,25.00,7.5000,
T0001301,1,EDI-003,2,20.00,20.00,6.5000,
T0001301,2,FLO-004,1,38.00,38.00,15.0000,
T0001301,3,PRE-001,1,10.00,10.00,3.2000,
T0001301,4,FLO-002,2,40.00,40.00,16.0000,
T0001301,5,CON-003,1,30.00,30.00,12.0000,
T0001302,1,VAP-001,1,55.00,49.50,22.0000,
T0001302,2,EDI-006,2,8.00,8.00,3.0000,
T0001302,3,EDI-005,1,14.00,14.00,4.0000,
T0001303,1,EDI-004,1,25.00,25.00,7.5000,
T0001303,2,FLO-002,1,40.00,36.00,16.0000,
T0001303,4,VAP-005,1,28.00,28.00,9.0000,
T0001303,5,PRE-005,1,6.00,6.00,1.8000,
T0001304,1,PRE-005,1,6.00,6.00,1.8000,
T0001305,1,FLO-008,1,32.00,32.00,13.5000,
T0001305,2,EDI-003,2,20.00,20.00,6.5000,
T0001305,3,VAP-002,1,40.00,40.00,14.0000,
T0001306,1,CON-002,2,45.00,45.00,18.0000,
T0001306,2,PRE-002,1,10.00,10.00,3.4000,
T0001306,3,VAP-006,1,15.00,15.00,4.0000,
T0001306,4,EDI-007,1,18.00,18.00,6.0000,
T0001307,1,FLO-002,1,40.00,40.00,16.0000,
T0001308,1,VAP-003,1,32.00,32.00,12.0000,
T0001308,2,VAP-005,1,28.00,28.00,9.0000,
T0001309,1,VAP-006,1,15.00,15.00,4.0000,
T0001309,2,PRE-001,1,10.00,10.00,3.2000,
T0001310,1,VAP-001,1,55.00,55.00,22.0000,
T0001310,2,CON-004,1,55.00,55.00,22.0000,
T0001311,1,PRE-005,1,6.00,6.00,1.8000,
T0001311,2,ACC-004,1,2.00,2.00,0.4000,
T0001311,3,EDI-001,1,20.00,20.00,6.0000,
T0001312,1,FLO-005,1,38.00,38.00,15.5000,
T0001312,2,PRE-002,1,10.00,10.00,3.4000,
T0001312,3,FLO-008,1,32.00,32.00,13.5000,
T0001312,4,PRE-001,1,10.00,10.00,3.2000,
T0001313,1,PRE-005,1,6.00,4.80,1.8000,
T0001314,1,EDI-001,1,20.00,20.00,6.0000,
T0001315,1,PRE-005,1,6.00,6.00,1.8000,
T0001316,1,FLO-002,1,40.00,40.00,16.0000,
T0001316,2,PRE-002,1,10.00,10.00,3.4000,
T0001316,3,VAP-006,2,15.00,15.00,4.0000,
T0001317,1,ACC-004,1,2.00,2.00,0.4000,
T0001318,1,FLO-005,1,38.00,38.00,15.5000,
T0001318,2,ACC-002,2,3.00,3.00,0.6000,
T0001318,3,FLO-002,1,40.00,40.00,16.0000,
T0001319,1,EDI-001,1,20.00,20.00,6.0000,
T0001320,1,TIN-001,1,50.00,50.00,18.0000,
T0001321,1,CON-003,1,30.00,30.00,12.0000,
T0001321,2,FLO-008,1,32.00,32.00,13.5000,
T0001321,3,PRE-003,1,18.00,18.00,6.0000,
T0001322,1,EDI-001,1,20.00,20.00,6.0000,
T0001322,2,PRE-005,1,6.00,6.00,1.8000,
T0001323,1,FLO-010,1,45.00,45.00,18.0000,
T0001323,2,ACC-002,1,3.00,3.00,0.6000,
T0001324,1,EDI-004,1,25.00,25.00,7.5000,
T0001325,1,FLO-007,2,32.00,32.00,13.0000,
T0001325,2,EDI-004,2,25.00,25.00,7.5000,
T0001325,3,TIN-001,2,50.00,45.00,18.0000,
T0001325,4,PRE-003,2,18.00,18.00,6.0000,
T0001326,1,VAP-006,1,15.00,15.00,4.0000,
T0001326,2,PRE-003,3,18.00,18.00,6.0000,
T0001326,3,FLO-005,1,38.00,38.00,15.5000,
T0001326,4,EDI-005,1,14.00,14.00,4.0000,
T0001327,1,FLO-001,1,35.00,28.00,14.0000,
T0001328,1,EDI-006,1,8.00,8.00,3.0000,
T0001328,2,PRE-001,2,10.00,10.00,3.2000,
T0001329,1,CON-001,1,75.00,75.00,32.0000,
T0001330,1,ACC-004,1,2.00,2.00,0.4000,
T0001330,2,EDI-001,1,20.00,20.00,6.0000,
T0001331,1,EDI-002,1,22.00,22.00,7.0000,
T0001332,1,FLO-001,1,35.00,35.00,14.0000,
T0001332,2,VAP-005,1,28.00,28.00,9.0000,
T0001333,1,VAP-002,1,40.00,36.00,14.0000,
T0001333,2,FLO-001,1,35.00,35.00,14.0000,
T0001334,1,FLO-001,1,35.00,35.00,14.0000,
T0001334,2,FLO-002,1,40.00,40.00,16.0000,
T0001335,1,EDI-001,1,20.00,16.00,6.0000,
T0001335,2,FLO-001,1,35.00,35.00,14.0000,
T0001335,3,PRE-001,2,10.00,8.00,3.2000,
T0001336,1,CON-003,1,30.00,30.00,12.0000,
T0001336,2,VAP-002,3,40.00,40.00,14.0000,
T0001336,3,CON-001,1,75.00,75.00,32.0000,
T0001337,1,ACC-003,1,22.00,22.00,6.0000,
T0001337,2,EDI-001,2,20.00,20.00,6.0000,
T0001337,3,TOP-002,2,24.00,24.00,9.0000,
T0001338,1,EDI-001,2,20.00,20.00,6.0000,
T0001338,2,VAP-006,1,15.00,15.00,4.0000,
T0001338,3,VAP-003,1,32.00,32.00,12.0000,
T0001339,1,FLO-002,1,40.00,32.00,16.0000,
T0001339,2,EDI-002,2,22.00,17.60,7.0000,
T0001339,3,VAP-001,1,55.00,44.00,22.0000,
T0001340,1,FLO-008,1,32.00,32.00,13.5000,
T0001340,2,VAP-005,2,28.00,28.00,9.0000,
T0001340,3,ACC-004,1,2.00,1.80,0.4000,
T0001340,4,VAP-001,1,55.00,55.00,22.0000,
T0001340,5,FLO-003,1,70.00,70.00,28.0000,
T0001341,1,EDI-001,3,20.00,20.00,6.0000,
T0001342,1,PRE-001,1,10.00,10.00,3.2000,
T0001342,2,PRE-003,1,18.00,18.00,6.0000,
T0001343,1,PRE-001,1,10.00,10.00,3.2000,
T0001343,2,FLO-008,1,32.00,32.00,13.5000,
T0001344,1,EDI-001,3,20.00,20.00,6.0000,
T0001344,2,VAP-005,1,28.00,28.00,9.0000,
T0001345,1,EDI-002,1,22.00,19.80,7.0000,
T0001345,2,FLO-007,1,32.00,32.00,13.0000,
T0001345,3,EDI-007,1,18.00,16.20,6.0000,
T0001346,1,EDI-005,1,14.00,14.00,4.0000,
T0001347,1,VAP-003,1,32.00,32.00,12.0000,
T0001347,2,PRE-002,1,10.00,10.00,3.4000,
T0001348,1,EDI-001,1,20.00,18.00,6.0000,
T0001348,2,ACC-002,1,3.00,3.00,0.6000,
T0001348,3,PRE-002,1,10.00,10.00,3.4000,
T0001349,1,EDI-005,1,14.00,14.00,4.0000,
T0001349,2,EDI-001,1,20.00,20.00,6.0000,
T0001350,1,PRE-001,1,10.00,10.00,3.2000,
T0001351,1,PRE-002,1,10.00,10.00,3.4000,
T0001351,2,PRE-003,1,18.00,18.00,6.0000,
T0001352,1,VAP-002,1,40.00,40.00,14.0000,
T0001352,2,CON-002,1,45.00,45.00,18.0000,
T0001352,3,VAP-006,1,15.00,15.00,4.0000,
T0001352,4,VAP-004,3,60.00,60.00,24.0000,
T0001353,1,PRE-005,1,6.00,6.00,1.8000,
T0001354,1,VAP-002,1,40.00,40.00,14.0000,
T0001355,1,PRE-002,1,10.00,10.00,3.4000,
T0001355,2,PRE-001,1,10.00,10.00,3.2000,
T0001356,1,FLO-005,1,38.00,38.00,15.5000,
T0001357,1,TIN-001,1,50.00,50.00,18.0000,
T0001357,2,ACC-002,1,3.00,3.00,0.6000,
T0001357,3,PRE-001,1,10.00,8.00,3.2000,
T0001357,4,PRE-003,1,18.00,16.20,6.0000,
T0001358,1,VAP-004,1,60.00,48.00,24.0000,
T0001359,1,FLO-001,1,35.00,28.00,14.0000,
T0001359,2,PRE-005,1,6.00,5.40,1.8000,
T0001359,3,VAP-006,1,15.00,15.00,4.0000,
T0001359,4,VAP-003,1,32.00,32.00,12.0000,
T0001360,1,EDI-002,1,22.00,22.00,7.0000,
T0001360,2,EDI-004,2,25.00,25.00,7.5000,
T0001361,1,FLO-003,1,70.00,70.00,28.0000,
T0001361,2,PRE-005,1,6.00,6.00,1.8000,
T0001362,1,FLO-001,1,35.00,35.00,14.0000,
T0001362,2,VAP-006,2,15.00,15.00,4.0000,
T0001362,3,VAP-001,1,55.00,55.00,22.0000,
T0001363,1,ACC-004,2,2.00,2.00,0.4000,
T0001363,2,FLO-002,1,40.00,40.00,16.0000,
T0001363,4,PRE-001,2,10.00,8.00,3.2000,
T0001364,1,PRE-005,2,6.00,5.40,1.8000,
T0001365,1,VAP-001,1,55.00,55.00,22.0000,
T0001365,2,PRE-003,3,18.00,18.00,6.0000,
T0001366,1,VAP-004,1,60.00,60.00,24.0000,
T0001366,2,VAP-001,1,55.00,55.00,22.0000,
T0001366,3,FLO-004,1,38.00,38.00,15.0000,
T0001366,4,PRE-001,2,10.00,10.00,3.2000,
T0001367,1,FLO-004,2,38.00,34.20,15.0000,
T0001368,1,PRE-005,1,6.00,6.00,1.8000,
T0001368,2,CON-002,2,45.00,45.00,18.0000,
T0001368,3,FLO-001,1,35.00,31.50,14.0000,
T0001368,4,EDI-005,1,14.00,14.00,4.0000,
T0001368,5,FLO-006,1,120.00,120.00,52.0000,
T0001369,1,PRE-002,2,10.00,10.00,3.4000,
T0001369,2,TOP-001,2,35.00,35.00,12.0000,
T0001370,1,ACC-004,1,2.00,2.00,0.4000,
T0001370,2,PRE-005,1,6.00,6.00,1.8000,
T0001370,3,CON-003,1,30.00,30.00,12.0000,
T0001371,1,FLO-008,1,32.00,32.00,13.5000,
T0001372,1,FLO-001,1,35.00,35.00,14.0000,
T0001373,1,EDI-001,1,20.00,16.00,6.0000,
T0001373,2,EDI-004,1,25.00,20.00,7.5000,
T0001373,4,ACC-004,1,2.00,2.00,0.4000,
T0001374,1,ACC-004,1,2.00,2.00,0.4000,
T0001375,1,VAP-003,1,32.00,28.80,12.0000,
T0001376,1,VAP-005,1,28.00,28.00,9.0000,
T0001377,1,FLO-002,1,40.00,40.00,16.0000,
T0001378,1,EDI-004,1,25.00,25.00,7.5000,
T0001379,1,ACC-002,1,3.00,3.00,0.6000,
T0001379,2,ACC-004,1,2.00,2.00,0.4000,
T0001380,1,FLO-005,1,38.00,38.00,15.5000,
T0001380,2,FLO-002,1,40.00,40.00,16.0000,
T0001381,1,ACC-005,1,12.00,12.00,2.5000,
T0001382,1,ACC-002,1,3.00,3.00,0.6000,
T0001382,2,FLO-008,1,32.00,32.00,13.5000,
T0001382,3,VAP-002,2,40.00,40.00,14.0000,
T0001383,1,VAP-004,3,60.00,60.00,24.0000,
T0001384,1,FLO-001,3,35.00,35.00,14.0000,
T0001385,1,VAP-001,2,55.00,55.00,22.0000,
T0001386,1,EDI-006,1,8.00,8.00,3.0000,
T0001387,1,VAP-003,1,32.00,28.80,12.0000,
T0001388,1,PRE-001,2,10.00,10.00,3.2000,
T0001389,1,ACC-002,3,3.00,3.00,0.6000,
T0001389,2,CON-003,1,30.00,30.00,12.0000,
T0001390,1,ACC-002,1,3.00,3.00,0.6000,
T0001391,1,CON-003,3,30.00,30.00,12.0000,
T0001391,2,FLO-005,1,38.00,38.00,15.5000,
T0001391,3,EDI-006,1,8.00,8.00,3.0000,
T0001391,4,PRE-002,1,10.00,10.00,3.4000,
T0001391,5,EDI-001,2,20.00,20.00,6.0000,
T0001392,1,PRE-001,1,10.00,10.00,3.2000,
T0001392,2,EDI-001,1,20.00,20.00,6.0000,
T0001392,3,PRE-003,1,18.00,18.00,6.0000,
T0001393,1,EDI-007,1,18.00,18.00,6.0000,
T0001394,1,ACC-002,1,3.00,3.00,0.6000,
T0001394,2,FLO-003,1,70.00,70.00,28.0000,
T0001394,3,PRE-002,1,10.00,10.00,3.4000,
T0001395,1,VAP-005,1,28.00,25.20,9.0000,
T0001396,1,ACC-004,1,2.00,2.00,0.4000,
T0001396,2,FLO-007,1,32.00,32.00,13.0000,
T0001397,1,VAP-002,1,40.00,40.00,14.0000,
T0001397,2,VAP-005,1,28.00,28.00,9.0000,
T0001398,1,FLO-002,1,40.00,40.00,16.0000,
T0001398,2,EDI-004,2,25.00,25.00,7.5000,
T0001399,1,VAP-003,2,32.00,32.00,12.0000,
T0001399,2,FLO-007,1,32.00,32.00,13.0000,
T0001400,1,EDI-001,1,20.00,20.00,6.0000,
T0001401,1,VAP-005,1,28.00,28.00,9.0000,
T0001401,2,EDI-001,1,20.00,20.00,6.0000,
T0001402,1,EDI-001,1,20.00,20.00,6.0000,
T0001402,2,PRE-004,1,35.00,35.00,12.0000,
T0001403,1,PRE-001,2,10.00,9.00,3.2000,
T0001403,2,VAP-002,1,40.00,40.00,14.0000,
T0001404,1,FLO-010,2,45.00,45.00,18.0000,
T0001404,2,FLO-003,1,70.00,70.00,28.0000,
T0001404,3,PRE-001,2,10.00,10.00,3.2000,
T0001404,4,VAP-002,1,40.00,40.00,14.0000,
T0001405,1,EDI-001,1,20.00,20.00,6.0000,
T0001406,1,EDI-001,2,20.00,20.00,6.0000,
T0001407,1,ACC-004,1,2.00,2.00,0.4000,
T0001408,1,VAP-001,1,55.00,55.00,22.0000,
T0001408,2,FLO-004,3,38.00,38.00,15.0000,
T0001409,1,VAP-003,1,32.00,32.00,12.0000,
T0001409,2,EDI-006,1,8.00,8.00,3.0000,
T0001409,3,ACC-002,2,3.00,3.00,0.6000,
T0001410,1,PRE-001,1,10.00,10.00,3.2000,
T0001410,2,VAP-002,1,40.00,40.00,14.0000,
T0001411,1,EDI-004,3,25.00,25.00,7.5000,
T0001412,1,FLO-008,1,32.00,32.00,13.5000,
T0001413,1,CON-003,1,30.00,30.00,12.0000,
T0001413,2,VAP-001,2,55.00,55.00,22.0000,
T0001413,3,PRE-005,2,6.00,6.00,1.8000,
T0001414,1,EDI-002,2,22.00,22.00,7.0000,
T0001415,1,EDI-005,3,14.00,14.00,4.0000,
T0001416,1,ACC-004,1,2.00,1.60,0.4000,
T0001416,3,EDI-004,1,25.00,25.00,7.5000,
T0001416,4,VAP-001,3,55.00,55.00,22.0000,
T0001417,1,PRE-001,3,10.00,10.00,3.2000,
T0001417,2,FLO-002,2,40.00,40.00,16.0000,
T0001418,1,EDI-005,2,14.00,14.00,4.0000,
T0001419,1,EDI-007,1,18.00,16.20,6.0000,
T0001419,2,PRE-003,1,18.00,18.00,6.0000,
T0001419,3,VAP-001,1,55.00,55.00,22.0000,
T0001420,1,EDI-001,1,20.00,20.00,6.0000,
T0001421,1,FLO-003,1,70.00,70.00,28.0000,
T0001422,1,EDI-002,1,22.00,22.00,7.0000,
T0001422,2,FLO-002,1,40.00,40.00,16.0000,
T0001423,1,PRE-003,1,18.00,18.00,6.0000,
T0001423,2,EDI-001,1,20.00,20.00,6.0000,
T0001424,1,FLO-004,1,38.00,34.20,15.0000,
T0001424,2,FLO-002,1,40.00,40.00,16.0000,
T0001425,1,CON-002,1,45.00,45.00,18.0000,
T0001425,2,ACC-002,1,3.00,3.00,0.6000,
T0001426,1,FLO-002,1,40.00,40.00,16.0000,
T0001426,2,FLO-004,2,38.00,38.00,15.0000,
T0001426,3,ACC-004,1,2.00,2.00,0.4000,
T0001427,1,PRE-001,1,10.00,9.00,3.2000,
T0001428,1,PRE-001,1,10.00,10.00,3.2000,
T0001428,2,EDI-002,1,22.00,22.00,7.0000,
T0001428,3,ACC-004,2,2.00,2.00,0.4000,
T0001428,4,PRE-002,1,10.00,10.00,3.4000,
T0001429,1,EDI-001,1,20.00,20.00,6.0000,
T0001429,2,VAP-005,1,28.00,25.20,9.0000,
T0001429,3,VAP-001,1,55.00,55.00,22.0000,
T0001430,1,FLO-002,1,40.00,40.00,16.0000,
T0001430,2,VAP-006,1,15.00,15.00,4.0000,
T0001431,1,EDI-005,1,14.00,14.00,4.0000,
T0001432,1,VAP-005,1,28.00,28.00,9.0000,
T0001433,1,VAP-002,1,40.00,40.00,14.0000,
T0001434,1,VAP-001,2,55.00,49.50,22.0000,
T0001435,1,EDI-001,1,20.00,20.00,6.0000,
T0001435,2,PRE-001,1,10.00,10.00,3.2000,
T0001436,1,PRE-001,3,10.00,10.00,3.2000,
T0001436,2,PRE-005,1,6.00,6.00,1.8000,
T0001437,1,PRE-004,1,35.00,35.00,12.0000,
T0001437,2,EDI-005,1,14.00,14.00,4.0000,
T0001438,1,PRE-003,1,18.00,16.20,6.0000,
T0001439,1,EDI-002,1,22.00,22.00,7.0000,
T0001440,1,PRE-005,1,6.00,6.00,1.8000,
T0001440,2,EDI-004,1,25.00,20.00,7.5000,
T0001440,3,EDI-003,1,20.00,20.00,6.5000,
T0001441,1,EDI-007,1,18.00,18.00,6.0000,
T0001442,1,FLO-008,1,32.00,32.00,13.5000,
T0001442,2,VAP-005,2,28.00,28.00,9.0000,
T0001443,1,ACC-002,3,3.00,3.00,0.6000,
T0001443,2,FLO-004,1,38.00,38.00,15.0000,
T0001443,3,VAP-005,1,28.00,28.00,9.0000,
T0001444,1,FLO-001,3,35.00,35.00,14.0000,
T0001444,2,FLO-002,2,40.00,32.00,16.0000,
T0001444,3,CON-004,2,55.00,44.00,22.0000,
T0001445,1,PRE-005,1,6.00,6.00,1.8000,
T0001445,2,ACC-004,1,2.00,2.00,0.4000,
T0001446,1,ACC-004,1,2.00,2.00,0.4000,
T0001446,2,ACC-002,2,3.00,3.00,0.6000,
T0001446,3,EDI-003,1,20.00,20.00,6.5000,
T0001447,1,FLO-005,1,38.00,38.00,15.5000,
T0001448,1,ACC-003,1,22.00,22.00,6.0000,
T0001448,2,VAP-004,1,60.00,60.00,24.0000,
T0001448,3,EDI-007,2,18.00,18.00,6.0000,
T0001448,4,FLO-002,1,40.00,40.00,16.0000,
T0001448,5,ACC-004,1,2.00,2.00,0.4000,
T0001449,1,PRE-001,1,10.00,10.00,3.2000,
T0001450,1,EDI-001,1,20.00,20.00,6.0000,
T0001451,1,PRE-003,1,18.00,18.00,6.0000,
T0001452,1,PRE-005,2,6.00,5.40,1.8000,
T0001452,2,EDI-001,2,20.00,20.00,6.0000,
T0001452,3,EDI-006,1,8.00,8.00,3.0000,
T0001453,1,FLO-005,3,38.00,38.00,15.5000,
T0001453,2,EDI-007,2,18.00,18.00,6.0000,
T0001454,1,PRE-001,1,10.00,10.00,3.2000,
T0001454,2,ACC-001,1,20.00,20.00,5.0000,
T0001455,1,FLO-004,2,38.00,38.00,15.0000,
T0001456,1,PRE-001,1,10.00,10.00,3.2000,
T0001457,1,VAP-002,1,40.00,40.00,14.0000,
T0001457,2,PRE-002,1,10.00,10.00,3.4000,
T0001458,1,PRE-003,1,18.00,16.20,6.0000,
T0001459,1,PRE-004,3,35.00,35.00,12.0000,
T0001460,1,EDI-001,1,20.00,20.00,6.0000,
T0001460,2,FLO-002,1,40.00,40.00,16.0000,
T0001461,1,FLO-004,2,38.00,34.20,15.0000,
T0001461,2,PRE-001,1,10.00,10.00,3.2000,
T0001461,3,ACC-004,1,2.00,1.80,0.4000,
T0001462,1,EDI-001,2,20.00,20.00,6.0000,
T0001462,2,EDI-004,1,25.00,22.50,7.5000,
T0001463,1,VAP-003,2,32.00,32.00,12.0000,
T0001464,1,FLO-007,1,32.00,32.00,13.0000,
T0001465,1,FLO-004,2,38.00,38.00,15.0000,
T0001465,2,TIN-002,1,45.00,45.00,16.0000,
T0001466,1,VAP-002,1,40.00,40.00,14.0000,
T0001466,2,FLO-005,1,38.00,38.00,15.5000,
T0001467,1,ACC-002,2,3.00,3.00,0.6000,
T0001468,1,FLO-005,2,38.00,38.00,15.5000,
T0001468,2,VAP-001,2,55.00,55.00,22.0000,
T0001469,1,EDI-004,1,25.00,25.00,7.5000,
T0001470,1,FLO-003,1,70.00,70.00,28.0000,
T0001470,2,ACC-004,1,2.00,2.00,0.4000,
T0001470,3,PRE-001,1,10.00,10.00,3.2000,
T0001471,1,VAP-005,1,28.00,28.00,9.0000,
T0001471,2,EDI-001,3,20.00,20.00,6.0000,
T0001472,1,VAP-005,2,28.00,25.20,9.0000,
T0001473,1,VAP-002,1,40.00,40.00,14.0000,
T0001473,2,FLO-004,1,38.00,38.00,15.0000,
T0001474,1,FLO-007,3,32.00,32.00,13.0000,
T0001475,1,PRE-005,1,6.00,4.80,1.8000,
T0001475,2,TOP-002,2,24.00,21.60,9.0000,
T0001475,3,VAP-005,2,28.00,22.40,9.0000,
T0001476,1,VAP-003,1,32.00,32.00,12.0000,
T0001477,1,EDI-004,3,25.00,25.00,7.5000,
T0001477,2,EDI-003,1,20.00,20.00,6.5000,
T0001477,3,ACC-002,1,3.00,2.70,0.6000,
T0001478,1,FLO-004,1,38.00,38.00,15.0000,
T0001478,2,VAP-002,1,40.00,40.00,14.0000,
T0001478,3,ACC-004,1,2.00,2.00,0.4000,
T0001478,4,VAP-003,1,32.00,32.00,12.0000,
T0001479,1,PRE-002,1,10.00,10.00,3.4000,
T0001480,1,FLO-008,1,32.00,32.00,13.5000,
T0001481,1,ACC-002,1,3.00,3.00,0.6000,
T0001482,1,EDI-002,1,22.00,22.00,7.0000,
T0001483,1,TOP-001,1,35.00,35.00,12.0000,
T0001484,1,VAP-001,1,55.00,55.00,22.0000,
T0001485,1,EDI-006,1,8.00,7.20,3.0000,
T0001485,2,EDI-004,1,25.00,25.00,7.5000,
T0001485,3,PRE-005,1,6.00,4.80,1.8000,
T0001486,1,EDI-001,1,20.00,20.00,6.0000,
T0001486,2,PRE-002,1,10.00,10.00,3.4000,
T0001486,3,ACC-002,1,3.00,3.00,0.6000,
T0001486,4,ACC-004,2,2.00,2.00,0.4000,
T0001486,5,ACC-001,1,20.00,20.00,5.0000,
T0001487,1,EDI-005,1,14.00,14.00,4.0000,
T0001487,2,VAP-002,2,40.00,40.00,14.0000,
T0001488,1,EDI-004,1,25.00,25.00,7.5000,
T0001489,1,CON-003,1,30.00,30.00,12.0000,
T0001489,2,FLO-007,1,32.00,32.00,13.0000,
T0001489,3,VAP-002,1,40.00,40.00,14.0000,
T0001490,1,EDI-005,1,14.00,14.00,4.0000,
T0001491,1,PRE-001,1,10.00,10.00,3.2000,
T0001491,2,EDI-001,1,20.00,20.00,6.0000,
T0001491,3,CON-002,1,45.00,45.00,18.0000,
T0001492,1,PRE-002,1,10.00,10.00,3.4000,
T0001492,2,FLO-005,1,38.00,38.00,15.5000,
T0001492,3,ACC-003,2,22.00,22.00,6.0000,
T0001492,4,TIN-002,1,45.00,45.00,16.0000,
T0001493,1,ACC-004,1,2.00,2.00,0.4000,
T0001494,1,EDI-004,1,25.00,25.00,7.5000,
T0001495,1,EDI-001,2,20.00,20.00,6.0000,
T0001496,1,FLO-007,1,32.00,32.00,13.0000,
T0001496,2,PRE-002,1,10.00,8.00,3.4000,
T0001497,1,FLO-001,1,35.00,35.00,14.0000,
T0001497,2,EDI-001,1,20.00,20.00,6.0000,
T0001498,1,EDI-004,2,25.00,25.00,7.5000,
T0001498,2,EDI-003,1,20.00,16.00,6.5000,
T0001498,3,ACC-005,1,12.00,12.00,2.5000,
T0001499,1,ACC-004,1,2.00,2.00,0.4000,
T0001500,1,VAP-005,1,28.00,28.00,9.0000,
T0001500,2,EDI-001,1,20.00,20.00,6.0000,
T0001500,3,PRE-002,1,10.00,10.00,3.4000,
T0001500,4,EDI-007,1,18.00,18.00,6.0000,
T0001500,5,VAP-002,1,40.00,40.00,14.0000,
T0001501,1,FLO-004,3,38.00,34.20,15.0000,
T0001501,2,FLO-007,1,32.00,32.00,13.0000,
T0001501,3,PRE-003,1,18.00,16.20,6.0000,
T0001501,4,EDI-001,1,20.00,20.00,6.0000,
T0001502,1,PRE-005,1,6.00,6.00,1.8000,
T0001502,2,VAP-001,2,55.00,55.00,22.0000,
T0001503,1,ACC-003,1,22.00,22.00,6.0000,
T0001503,2,VAP-001,1,55.00,49.50,22.0000,
T0001504,1,FLO-006,1,120.00,120.00,52.0000,
T0001504,2,VAP-005,1,28.00,28.00,9.0000,
T0001505,1,FLO-004,1,38.00,34.20,15.0000,
T0001505,2,ACC-002,1,3.00,3.00,0.6000,
T0001506,1,VAP-002,1,40.00,40.00,14.0000,
T0001506,2,PRE-001,2,10.00,10.00,3.2000,
T0001507,1,PRE-001,1,10.00,10.00,3.2000,
T0001508,1,ACC-003,1,22.00,22.00,6.0000,
T0001508,2,ACC-004,1,2.00,2.00,0.4000,
T0001509,1,PRE-002,1,10.00,10.00,3.4000,
T0001509,2,VAP-003,1,32.00,32.00,12.0000,
T0001510,1,PRE-002,2,10.00,10.00,3.4000,
T0001510,2,EDI-003,1,20.00,18.00,6.5000,
T0001511,1,ACC-002,1,3.00,3.00,0.6000,
T0001512,1,VAP-002,1,40.00,40.00,14.0000,
T0001513,1,FLO-002,1,40.00,40.00,16.0000,
T0001513,2,TOP-001,1,35.00,35.00,12.0000,
T0001513,3,VAP-002,1,40.00,36.00,14.0000,
T0001513,4,PRE-004,1,35.00,35.00,12.0000,
T0001514,1,FLO-002,1,40.00,40.00,16.0000,
T0001514,2,ACC-004,1,2.00,2.00,0.4000,
T0001514,3,EDI-001,2,20.00,20.00,6.0000,
T0001515,1,EDI-003,1,20.00,20.00,6.5000,
T0001515,2,CON-004,1,55.00,55.00,22.0000,
T0001516,1,CON-002,1,45.00,45.00,18.0000,
T0001516,2,EDI-001,1,20.00,18.00,6.0000,
T0001516,3,PRE-005,1,6.00,6.00,1.8000,
T0001516,4,CON-003,1,30.00,30.00,12.0000,
T0001517,1,EDI-005,1,14.00,14.00,4.0000,
T0001517,2,EDI-001,2,20.00,20.00,6.0000,
T0001517,3,FLO-001,1,35.00,35.00,14.0000,
T0001517,4,ACC-002,1,3.00,2.70,0.6000,
T0001518,1,PRE-005,2,6.00,6.00,1.8000,
T0001518,2,EDI-006,3,8.00,8.00,3.0000,
T0001518,3,EDI-005,2,14.00,14.00,4.0000,
T0001519,1,PRE-002,2,10.00,10.00,3.4000,
T0001519,2,VAP-004,1,60.00,60.00,24.0000,
T0001520,1,VAP-002,1,40.00,40.00,14.0000,
T0001520,2,EDI-001,2,20.00,20.00,6.0000,
T0001521,1,PRE-001,1,10.00,10.00,3.2000,
T0001521,2,VAP-001,1,55.00,55.00,22.0000,
T0001521,4,VAP-002,1,40.00,40.00,14.0000,
T0001522,1,ACC-003,1,22.00,22.00,6.0000,
T0001523,1,VAP-002,2,40.00,40.00,14.0000,
T0001523,2,PRE-001,1,10.00,10.00,3.2000,
T0001524,1,PRE-001,1,10.00,10.00,3.2000,
T0001525,1,FLO-004,2,38.00,38.00,15.0000,
T0001525,2,PRE-001,2,10.00,10.00,3.2000,
T0001525,3,FLO-005,2,38.00,38.00,15.5000,
T0001526,1,PRE-005,1,6.00,6.00,1.8000,
T0001526,2,ACC-004,3,2.00,2.00,0.4000,
T0001526,3,FLO-004,1,38.00,38.00,15.0000,
T0001526,4,CON-004,1,55.00,55.00,22.0000,
T0001527,1,VAP-005,1,28.00,22.40,9.0000,
T0001527,2,VAP-002,2,40.00,40.00,14.0000,
T0001528,1,PRE-004,1,35.00,35.00,12.0000,
T0001528,2,EDI-001,2,20.00,20.00,6.0000,
T0001528,4,EDI-005,1,14.00,14.00,4.0000,
T0001529,1,FLO-005,1,38.00,34.20,15.5000,
T0001529,2,TIN-002,1,45.00,45.00,16.0000,
T0001529,3,VAP-002,1,40.00,40.00,14.0000,
T0001529,4,ACC-001,1,20.00,20.00,5.0000,
T0001530,1,PRE-002,1,10.00,10.00,3.4000,
T0001530,2,FLO-003,1,70.00,63.00,28.0000,
T0001530,3,CON-002,2,45.00,45.00,18.0000,
T0001531,1,PRE-001,1,10.00,10.00,3.2000,
T0001532,1,FLO-003,2,70.00,70.00,28.0000,
T0001533,1,EDI-001,1,20.00,16.00,6.0000,
T0001534,1,EDI-001,1,20.00,20.00,6.0000,
T0001535,1,EDI-001,1,20.00,20.00,6.0000,
T0001536,1,PRE-001,1,10.00,10.00,3.2000,
T0001537,1,FLO-008,1,32.00,28.80,13.5000,
T0001537,2,PRE-005,3,6.00,6.00,1.8000,
T0001537,3,FLO-004,2,38.00,38.00,15.0000,
T0001537,4,EDI-002,1,22.00,22.00,7.0000,
T0001538,1,FLO-004,1,38.00,30.40,15.0000,
T0001538,2,FLO-005,2,38.00,38.00,15.5000,
T0001539,1,EDI-005,1,14.00,14.00,4.0000,
T0001539,2,PRE-001,1,10.00,10.00,3.2000,
T0001540,1,PRE-005,1,6.00,6.00,1.8000,
T0001540,2,FLO-008,1,32.00,32.00,13.5000,
T0001541,1,FLO-008,1,32.00,32.00,13.5000,
T0001542,1,VAP-003,1,32.00,32.00,12.0000,
T0001543,1,CON-003,2,30.00,30.00,12.0000,
T0001543,2,VAP-006,1,15.00,15.00,4.0000,
T0001544,1,EDI-003,1,20.00,20.00,6.5000,
T0001544,2,PRE-002,1,10.00,10.00,3.4000,
T0001545,1,FLO-004,1,38.00,38.00,15.0000,
T0001545,2,PRE-005,1,6.00,6.00,1.8000,
T0001545,3,FLO-003,2,70.00,70.00,28.0000,
T0001546,1,VAP-005,1,28.00,28.00,9.0000,
T0001546,2,PRE-005,1,6.00,4.80,1.8000,
T0001547,1,FLO-004,1,38.00,38.00,15.0000,
T0001548,1,PRE-002,1,10.00,10.00,3.4000,
T0001548,2,VAP-003,2,32.00,32.00,12.0000,
T0001549,1,PRE-005,3,6.00,6.00,1.8000,
T0001549,2,VAP-002,1,40.00,40.00,14.0000,
T0001549,3,PRE-003,1,18.00,18.00,6.0000,
T0001549,4,VAP-001,1,55.00,55.00,22.0000,
T0001550,1,ACC-004,1,2.00,2.00,0.4000,
T0001551,1,PRE-001,1,10.00,10.00,3.2000,
T0001552,1,EDI-002,2,22.00,22.00,7.0000,
T0001552,2,PRE-001,3,10.00,10.00,3.2000,
T0001553,1,PRE-001,3,10.00,10.00,3.2000,
T0001554,1,EDI-004,1,25.00,25.00,7.5000,
T0001554,2,FLO-004,1,38.00,38.00,15.0000,
T0001554,3,FLO-005,1,38.00,38.00,15.5000,
T0001554,4,ACC-003,1,22.00,22.00,6.0000,
T0001555,1,PRE-005,2,6.00,6.00,1.8000,
T0001555,2,VAP-002,1,40.00,40.00,14.0000,
T0001555,3,FLO-007,1,32.00,32.00,13.0000,
T0001556,1,CON-003,1,30.00,30.00,12.0000,
T0001557,1,EDI-001,1,20.00,16.00,6.0000,
T0001557,2,VAP-002,1,40.00,40.00,14.0000,
T0001558,1,FLO-003,1,70.00,70.00,28.0000,
T0001558,2,PRE-001,1,10.00,10.00,3.2000,
T0001559,1,EDI-005,1,14.00,14.00,4.0000,
T0001559,2,EDI-001,1,20.00,20.00,6.0000,
T0001560,1,FLO-001,1,35.00,35.00,14.0000,
T0001560,2,EDI-004,1,25.00,25.00,7.5000,
T0001561,1,PRE-002,1,10.00,10.00,3.4000,
T0001562,1,PRE-004,1,35.00,35.00,12.0000,
T0001562,2,VAP-001,1,55.00,55.00,22.0000,
T0001562,3,FLO-007,1,32.00,28.80,13.0000,
T0001563,1,FLO-004,2,38.00,38.00,15.0000,
T0001564,1,TIN-001,2,50.00,50.00,18.0000,
T0001564,2,VAP-005,3,28.00,28.00,9.0000,
T0001565,1,VAP-005,1,28.00,28.00,9.0000,
T0001565,2,EDI-005,1,14.00,14.00,4.0000,
T0001565,3,PRE-001,1,10.00,10.00,3.2000,
T0001566,1,PRE-005,1,6.00,6.00,1.8000,
T0001566,2,EDI-003,2,20.00,20.00,6.5000,
T0001567,1,VAP-006,1,15.00,15.00,4.0000,
T0001568,1,FLO-007,1,32.00,28.80,13.0000,
T0001568,2,PRE-002,1,10.00,9.00,3.4000,
T0001569,1,PRE-001,2,10.00,10.00,3.2000,
T0001570,1,FLO-005,1,38.00,38.00,15.5000,
T0001571,1,EDI-004,2,25.00,25.00,7.5000,
T0001572,1,EDI-006,2,8.00,8.00,3.0000,
T0001572,2,FLO-002,2,40.00,40.00,16.0000,
T0001573,1,EDI-002,1,22.00,22.00,7.0000,
T0001573,2,PRE-003,1,18.00,18.00,6.0000,
T0001574,1,FLO-005,1,38.00,38.00,15.5000,
T0001574,2,ACC-004,1,2.00,2.00,0.4000,
T0001575,1,EDI-006,1,8.00,8.00,3.0000,
T0001575,2,FLO-005,1,38.00,38.00,15.5000,
T0001575,3,PRE-005,1,6.00,6.00,1.8000,
T0001576,1,PRE-002,1,10.00,10.00,3.4000,
T0001577,1,FLO-008,1,32.00,32.00,13.5000,
T0001577,2,VAP-001,1,55.00,55.00,22.0000,
T0001577,3,EDI-001,2,20.00,20.00,6.0000,
T0001578,1,ACC-004,1,2.00,2.00,0.4000,
T0001579,1,EDI-003,1,20.00,20.00,6.5000,
T0001580,1,PRE-004,1,35.00,35.00,12.0000,
T0001580,2,EDI-001,1,20.00,20.00,6.0000,
T0001581,1,FLO-003,1,70.00,70.00,28.0000,
T0001581,2,PRE-001,1,10.00,10.00,3.2000,
T0001581,3,FLO-004,1,38.00,38.00,15.0000,
T0001582,1,EDI-004,1,25.00,25.00,7.5000,
T0001583,1,PRE-005,1,6.00,6.00,1.8000,
T0001584,1,ACC-004,1,2.00,2.00,0.4000,
T0001584,2,PRE-001,1,10.00,9.00,3.2000,
T0001584,3,VAP-006,2,15.00,15.00,4.0000,
T0001585,1,VAP-003,1,32.00,25.60,12.0000,
T0001586,1,FLO-005,1,38.00,38.00,15.5000,
T0001587,1,EDI-006,1,8.00,8.00,3.0000,
T0001587,2,FLO-005,1,38.00,38.00,15.5000,
T0001587,3,ACC-004,2,2.00,2.00,0.4000,
T0001588,1,VAP-004,2,60.00,60.00,24.0000,
T0001588,2,FLO-004,1,38.00,38.00,15.0000,
T0001588,3,PRE-001,1,10.00,10.00,3.2000,
T0001589,1,EDI-001,1,20.00,20.00,6.0000,
T0001589,2,FLO-002,1,40.00,36.00,16.0000,
T0001590,1,VAP-005,1,28.00,28.00,9.0000,
T0001591,1,VAP-003,1,32.00,32.00,12.0000,
T0001591,2,VAP-005,1,28.00,28.00,9.0000,
T0001592,1,TIN-001,1,50.00,50.00,18.0000,
T0001593,1,ACC-001,1,20.00,20.00,5.0000,
T0001594,1,ACC-005,1,12.00,12.00,2.5000,
T0001594,2,PRE-005,2,6.00,6.00,1.8000,
T0001595,1,VAP-005,3,28.00,28.00,9.0000,
T0001595,2,ACC-004,1,2.00,2.00,0.4000,
T0001595,3,PRE-001,1,10.00,10.00,3.2000,
T0001595,4,FLO-007,1,32.00,32.00,13.0000,
T0001596,1,VAP-005,1,28.00,28.00,9.0000,
T0001596,2,PRE-001,1,10.00,10.00,3.2000,
T0001597,1,CON-003,1,30.00,24.00,12.0000,
T0001598,1,FLO-002,1,40.00,40.00,16.0000,
T0001599,1,VAP-004,2,60.00,60.00,24.0000,
T0001600,1,VAP-003,1,32.00,25.60,12.0000,
T0001601,1,ACC-004,2,2.00,2.00,0.4000,
T0001601,2,PRE-004,1,35.00,35.00,12.0000,
T0001601,3,TIN-001,1,50.00,50.00,18.0000,
T0001601,4,ACC-001,1,20.00,20.00,5.0000,
T0001602,1,PRE-005,1,6.00,5.40,1.8000,
T0001603,1,FLO-008,1,32.00,32.00,13.5000,
T0001603,2,VAP-001,1,55.00,55.00,22.0000,
T0001604,1,PRE-002,2,10.00,9.00,3.4000,
T0001604,2,EDI-004,1,25.00,25.00,7.5000,
T0001604,3,EDI-001,1,20.00,20.00,6.0000,
T0001605,1,TOP-001,1,35.00,35.00,12.0000,
T0001605,2,PRE-003,1,18.00,18.00,6.0000,
T0001605,3,VAP-003,1,32.00,28.80,12.0000,
T0001605,4,PRE-005,1,6.00,6.00,1.8000,
T0001606,1,PRE-005,1,6.00,6.00,1.8000,
T0001606,2,FLO-001,1,35.00,35.00,14.0000,
T0001607,1,VAP-003,1,32.00,32.00,12.0000,
T0001607,2,ACC-002,1,3.00,3.00,0.6000,
T0001608,1,VAP-002,1,40.00,40.00,14.0000,
T0001608,2,FLO-001,1,35.00,35.00,14.0000,
T0001609,1,VAP-005,1,28.00,28.00,9.0000,
T0001609,2,VAP-003,2,32.00,32.00,12.0000,
T0001610,1,VAP-005,3,28.00,28.00,9.0000,
T0001610,2,FLO-003,1,70.00,56.00,28.0000,
T0001610,3,EDI-001,1,20.00,20.00,6.0000,
T0001610,4,FLO-001,3,35.00,35.00,14.0000,
T0001610,5,EDI-002,1,22.00,22.00,7.0000,
T0001611,1,PRE-001,1,10.00,10.00,3.2000,
T0001612,1,PRE-001,2,10.00,10.00,3.2000,
T0001612,2,FLO-008,1,32.00,32.00,13.5000,
T0001612,3,EDI-004,2,25.00,25.00,7.5000,
T0001612,4,PRE-004,1,35.00,35.00,12.0000,
T0001613,1,FLO-003,1,70.00,56.00,28.0000,
T0001613,2,EDI-004,2,25.00,20.00,7.5000,
T0001613,3,PRE-005,1,6.00,4.80,1.8000,
T0001614,1,ACC-001,3,20.00,18.00,5.0000,
T0001614,2,EDI-001,2,20.00,20.00,6.0000,
T0001614,3,EDI-005,1,14.00,14.00,4.0000,
T0001614,4,TIN-002,1,45.00,45.00,16.0000,
T0001614,5,PRE-005,1,6.00,5.40,1.8000,
T0001615,1,ACC-002,1,3.00,2.40,0.6000,
T0001615,2,ACC-004,1,2.00,2.00,0.4000,
T0001615,3,PRE-003,1,18.00,16.20,6.0000,
T0001615,4,EDI-002,1,22.00,22.00,7.0000,
T0001616,1,VAP-002,1,40.00,40.00,14.0000,
T0001616,2,EDI-005,1,14.00,14.00,4.0000,
T0001616,3,FLO-001,3,35.00,35.00,14.0000,
T0001616,4,PRE-001,2,10.00,10.00,3.2000,
T0001617,1,PRE-002,1,10.00,10.00,3.4000,
T0001617,2,VAP-006,1,15.00,15.00,4.0000,
T0001617,3,EDI-004,1,25.00,25.00,7.5000,
T0001617,4,PRE-005,1,6.00,6.00,1.8000,
T0001618,1,FLO-004,1,38.00,38.00,15.0000,
T0001618,2,PRE-001,1,10.00,10.00,3.2000,
T0001618,3,EDI-006,1,8.00,8.00,3.0000,
T0001619,1,FLO-001,1,35.00,28.00,14.0000,
T0001619,2,VAP-002,1,40.00,40.00,14.0000,
T0001620,1,ACC-002,3,3.00,3.00,0.6000,
T0001621,1,CON-004,2,55.00,55.00,22.0000,
T0001621,2,VAP-003,1,32.00,32.00,12.0000,
T0001622,1,PRE-002,1,10.00,10.00,3.4000,
T0001623,1,FLO-004,1,38.00,38.00,15.0000,
T0001623,2,FLO-007,1,32.00,32.00,13.0000,
T0001623,3,PRE-004,1,35.00,35.00,12.0000,
T0001624,1,ACC-002,1,3.00,3.00,0.6000,
T0001624,2,FLO-003,1,70.00,70.00,28.0000,
T0001624,3,PRE-002,1,10.00,10.00,3.4000,
T0001625,1,VAP-002,2,40.00,36.00,14.0000,
T0001625,2,FLO-007,1,32.00,32.00,13.0000,
T0001626,1,PRE-004,1,35.00,35.00,12.0000,
T0001627,1,ACC-003,1,22.00,22.00,6.0000,
T0001628,1,VAP-005,1,28.00,28.00,9.0000,
T0001628,2,EDI-001,1,20.00,20.00,6.0000,
T0001628,3,ACC-004,1,2.00,1.80,0.4000,
T0001629,1,CON-003,1,30.00,30.00,12.0000,
T0001629,2,FLO-007,1,32.00,32.00,13.0000,
T0001629,3,VAP-001,1,55.00,55.00,22.0000,
T0001630,1,EDI-004,2,25.00,25.00,7.5000,
T0001631,1,EDI-001,1,20.00,20.00,6.0000,
T0001631,2,ACC-002,1,3.00,3.00,0.6000,
T0001632,1,PRE-001,1,10.00,10.00,3.2000,
T0001632,2,FLO-001,2,35.00,35.00,14.0000,
T0001632,3,VAP-003,1,32.00,32.00,12.0000,
T0001633,1,EDI-004,1,25.00,25.00,7.5000,
T0001634,1,EDI-006,1,8.00,8.00,3.0000,
T0001634,2,VAP-006,2,15.00,15.00,4.0000,
T0001634,3,ACC-004,1,2.00,2.00,0.4000,
T0001634,4,VAP-003,1,32.00,32.00,12.0000,
T0001635,1,VAP-003,1,32.00,32.00,12.0000,
T0001636,1,CON-002,1,45.00,45.00,18.0000,
T0001637,1,VAP-002,1,40.00,40.00,14.0000,
T0001638,1,FLO-004,1,38.00,34.20,15.0000,
T0001639,1,EDI-006,1,8.00,8.00,3.0000,
T0001639,2,EDI-001,1,20.00,20.00,6.0000,
T0001640,1,FLO-004,1,38.00,38.00,15.0000,
T0001640,2,EDI-001,1,20.00,20.00,6.0000,
T0001641,1,VAP-001,3,55.00,55.00,22.0000,
T0001641,2,PRE-002,1,10.00,10.00,3.4000,
T0001641,3,ACC-004,2,2.00,2.00,0.4000,
T0001642,1,EDI-006,1,8.00,8.00,3.0000,
T0001643,1,TOP-001,1,35.00,35.00,12.0000,
T0001643,2,VAP-001,1,55.00,55.00,22.0000,
T0001643,3,ACC-001,3,20.00,20.00,5.0000,
T0001643,4,FLO-007,1,32.00,32.00,13.0000,
T0001643,5,EDI-006,1,8.00,8.00,3.0000,
T0001644,1,EDI-007,1,18.00,18.00,6.0000,
T0001644,2,TOP-001,1,35.00,35.00,12.0000,
T0001644,3,EDI-002,1,22.00,22.00,7.0000,
T0001644,4,FLO-002,2,40.00,40.00,16.0000,
T0001645,1,PRE-002,1,10.00,10.00,3.4000,
T0001645,2,PRE-005,1,6.00,6.00,1.8000,
T0001645,3,FLO-005,1,38.00,38.00,15.5000,
T0001646,1,PRE-003,1,18.00,18.00,6.0000,
T0001647,1,VAP-003,1,32.00,32.00,12.0000,
T0001647,2,EDI-004,2,25.00,25.00,7.5000,
T0001648,1,VAP-006,1,15.00,15.00,4.0000,
T0001648,2,FLO-010,2,45.00,45.00,18.0000,
T0001648,3,ACC-002,2,3.00,3.00,0.6000,
T0001648,4,PRE-001,1,10.00,10.00,3.2000,
T0001649,1,FLO-001,1,35.00,31.50,14.0000,
T0001650,1,VAP-004,1,60.00,60.00,24.0000,
T0001651,1,EDI-004,1,25.00,25.00,7.5000,
T0001652,1,PRE-002,1,10.00,10.00,3.4000,
T0001653,1,PRE-001,1,10.00,10.00,3.2000,
T0001653,2,FLO-010,1,45.00,45.00,18.0000,
T0001653,3,FLO-004,1,38.00,38.00,15.0000,
T0001654,1,PRE-002,1,10.00,10.00,3.4000,
T0001655,1,FLO-005,1,38.00,30.40,15.5000,
T0001655,2,VAP-005,2,28.00,28.00,9.0000,
T0001656,1,TOP-001,1,35.00,35.00,12.0000,
T0001656,2,FLO-006,1,120.00,120.00,52.0000,
T0001657,1,FLO-004,1,38.00,38.00,15.0000,
T0001658,1,FLO-002,1,40.00,40.00,16.0000,
T0001659,1,PRE-002,1,10.00,10.00,3.4000,
T0001660,1,ACC-002,1,3.00,3.00,0.6000,
T0001661,1,FLO-009,2,210.00,168.00,95.0000,
T0001661,2,VAP-005,1,28.00,22.40,9.0000,
T0001661,3,PRE-001,1,10.00,10.00,3.2000,
T0001662,1,EDI-003,1,20.00,20.00,6.5000,
T0001662,2,VAP-006,2,15.00,15.00,4.0000,
T0001663,1,PRE-002,2,10.00,10.00,3.4000,
T0001664,1,PRE-005,1,6.00,6.00,1.8000,
T0001665,1,FLO-005,1,38.00,34.20,15.5000,
T0001666,1,PRE-003,2,18.00,18.00,6.0000,
T0001667,1,TOP-002,1,24.00,24.00,9.0000,
T0001667,2,EDI-001,1,20.00,16.00,6.0000,
T0001667,3,FLO-005,1,38.00,38.00,15.5000,
T0001668,1,EDI-002,1,22.00,19.80,7.0000,
T0001668,2,VAP-003,1,32.00,28.80,12.0000,
T0001669,1,ACC-002,1,3.00,3.00,0.6000,
T0001669,2,VAP-003,1,32.00,32.00,12.0000,
T0001670,1,EDI-001,2,20.00,20.00,6.0000,
T0001670,2,VAP-003,3,32.00,32.00,12.0000,
T0001670,4,VAP-004,1,60.00,60.00,24.0000,
T0001670,5,FLO-007,2,32.00,32.00,13.0000,
T0001671,1,VAP-002,1,40.00,36.00,14.0000,
T0001671,2,FLO-005,1,38.00,38.00,15.5000,
T0001671,3,PRE-004,1,35.00,35.00,12.0000,
T0001671,4,VAP-005,1,28.00,28.00,9.0000,
T0001671,5,FLO-003,1,70.00,70.00,28.0000,
T0001672,1,EDI-002,1,22.00,22.00,7.0000,
T0001672,2,TIN-002,3,45.00,45.00,16.0000,
T0001673,1,PRE-005,1,6.00,6.00,1.8000,
T0001673,2,ACC-002,1,3.00,3.00,0.6000,
T0001674,1,ACC-004,1,2.00,2.00,0.4000,
T0001674,2,EDI-005,1,14.00,14.00,4.0000,
T0001674,3,VAP-003,2,32.00,32.00,12.0000,
T0001674,4,EDI-007,1,18.00,18.00,6.0000,
T0001674,5,FLO-002,1,40.00,40.00,16.0000,
T0001675,1,FLO-001,1,35.00,28.00,14.0000,
T0001676,1,PRE-003,1,18.00,18.00,6.0000,
T0001677,1,VAP-006,1,15.00,15.00,4.0000,
T0001677,2,EDI-005,1,14.00,14.00,4.0000,
T0001677,3,VAP-003,1,32.00,28.80,12.0000,
T0001678,1,ACC-004,1,2.00,2.00,0.4000,
T0001678,2,EDI-003,1,20.00,20.00,6.5000,
T0001679,1,PRE-005,1,6.00,6.00,1.8000,
T0001679,2,ACC-002,1,3.00,3.00,0.6000,
T0001680,1,ACC-004,1,2.00,2.00,0.4000,
T0001680,2,EDI-001,2,20.00,20.00,6.0000,
T0001681,1,PRE-001,3,10.00,10.00,3.2000,
T0001681,2,FLO-001,1,35.00,35.00,14.0000,
T0001681,3,FLO-005,2,38.00,38.00,15.5000,
T0001682,1,PRE-002,2,10.00,10.00,3.4000,
T0001682,2,EDI-002,1,22.00,19.80,7.0000,
T0001682,3,FLO-003,2,70.00,70.00,28.0000,
T0001683,1,PRE-002,1,10.00,9.00,3.4000,
T0001683,2,FLO-001,1,35.00,35.00,14.0000,
T0001684,1,FLO-001,1,35.00,35.00,14.0000,
T0001685,1,ACC-004,1,2.00,2.00,0.4000,
T0001685,2,FLO-003,1,70.00,56.00,28.0000,
T0001686,1,PRE-005,1,6.00,6.00,1.8000,
T0001686,2,FLO-004,1,38.00,38.00,15.0000,
T0001686,3,VAP-003,3,32.00,32.00,12.0000,
T0001687,1,PRE-003,1,18.00,18.00,6.0000,
T0001688,1,PRE-004,3,35.00,35.00,12.0000,
T0001688,2,FLO-001,1,35.00,31.50,14.0000,
T0001689,1,VAP-003,1,32.00,32.00,12.0000,
T0001690,1,VAP-005,1,28.00,28.00,9.0000,
T0001690,2,ACC-003,1,22.00,22.00,6.0000,
T0001691,1,VAP-006,1,15.00,15.00,4.0000,
T0001691,2,PRE-001,2,10.00,10.00,3.2000,
T0001691,3,ACC-002,1,3.00,3.00,0.6000,
T0001692,1,FLO-004,1,38.00,38.00,15.0000,
T0001692,2,FLO-008,1,32.00,32.00,13.5000,
T0001693,1,EDI-003,1,20.00,20.00,6.5000,
T0001693,2,FLO-005,1,38.00,38.00,15.5000,
T0001694,1,FLO-001,1,35.00,35.00,14.0000,
T0001695,1,CON-001,1,75.00,75.00,32.0000,
T0001696,1,FLO-005,1,38.00,38.00,15.5000,
T0001697,1,EDI-004,3,25.00,25.00,7.5000,
T0001697,2,TOP-001,1,35.00,35.00,12.0000,
T0001697,3,PRE-001,2,10.00,10.00,3.2000,
T0001698,1,PRE-002,2,10.00,10.00,3.4000,
T0001698,2,EDI-007,1,18.00,18.00,6.0000,
T0001698,3,EDI-001,1,20.00,20.00,6.0000,
T0001699,1,VAP-003,1,32.00,32.00,12.0000,
T0001700,1,EDI-004,1,25.00,25.00,7.5000,
T0001700,2,EDI-007,1,18.00,18.00,6.0000,
T0001701,1,ACC-004,1,2.00,1.80,0.4000,
T0001701,2,FLO-002,2,40.00,40.00,16.0000,
T0001701,3,VAP-005,1,28.00,28.00,9.0000,
T0001701,4,FLO-007,1,32.00,32.00,13.0000,
T0001701,5,FLO-008,1,32.00,32.00,13.5000,
T0001702,1,FLO-003,2,70.00,70.00,28.0000,
T0001702,2,FLO-007,1,32.00,32.00,13.0000,
T0001702,3,EDI-001,1,20.00,20.00,6.0000,
T0001702,4,VAP-004,1,60.00,60.00,24.0000,
T0001703,1,PRE-005,1,6.00,6.00,1.8000,
T0001703,2,VAP-003,1,32.00,32.00,12.0000,
T0001704,1,FLO-002,1,40.00,32.00,16.0000,
T0001704,2,FLO-005,2,38.00,30.40,15.5000,
T0001705,1,FLO-004,1,38.00,34.20,15.0000,
T0001706,1,VAP-003,1,32.00,28.80,12.0000,
T0001707,1,FLO-005,1,38.00,38.00,15.5000,
T0001708,1,PRE-004,2,35.00,35.00,12.0000,
T0001709,1,PRE-004,2,35.00,35.00,12.0000,
T0001709,2,PRE-001,1,10.00,10.00,3.2000,
T0001709,3,PRE-005,1,6.00,6.00,1.8000,
T0001709,4,EDI-003,1,20.00,20.00,6.5000,
T0001710,1,VAP-005,1,28.00,28.00,9.0000,
T0001711,1,PRE-003,1,18.00,18.00,6.0000,
T0001711,2,FLO-004,1,38.00,38.00,15.0000,
T0001711,3,CON-004,1,55.00,55.00,22.0000,
T0001712,1,FLO-005,1,38.00,38.00,15.5000,
T0001712,2,EDI-006,2,8.00,8.00,3.0000,
T0001712,3,EDI-001,1,20.00,20.00,6.0000,
T0001712,4,VAP-005,2,28.00,28.00,9.0000,
T0001713,1,PRE-001,1,10.00,10.00,3.2000,
T0001713,2,ACC-004,2,2.00,2.00,0.4000,
T0001714,1,PRE-002,3,10.00,10.00,3.4000,
T0001714,2,ACC-004,1,2.00,2.00,0.4000,
T0001715,1,FLO-004,1,38.00,38.00,15.0000,
T0001716,1,ACC-004,1,2.00,2.00,0.4000,
T0001716,2,PRE-002,1,10.00,10.00,3.4000,
T0001717,1,FLO-002,1,40.00,40.00,16.0000,
T0001718,1,VAP-005,2,28.00,28.00,9.0000,
T0001718,2,EDI-007,1,18.00,18.00,6.0000,
T0001719,1,VAP-001,1,55.00,55.00,22.0000,
T0001720,1,EDI-001,2,20.00,20.00,6.0000,
T0001720,2,PRE-005,1,6.00,4.80,1.8000,
T0001720,3,CON-003,1,30.00,24.00,12.0000,
T0001721,1,PRE-005,2,6.00,6.00,1.8000,
T0001721,2,FLO-008,1,32.00,32.00,13.5000,
T0001722,1,FLO-003,2,70.00,70.00,28.0000,
T0001723,1,VAP-002,1,40.00,40.00,14.0000,
T0001723,2,VAP-004,1,60.00,48.00,24.0000,
T0001723,4,VAP-003,2,32.00,25.60,12.0000,
T0001724,1,ACC-003,2,22.00,22.00,6.0000,
T0001725,1,VAP-002,1,40.00,40.00,14.0000,
T0001725,2,ACC-002,1,3.00,3.00,0.6000,
T0001726,1,EDI-004,2,25.00,25.00,7.5000,
T0001727,1,VAP-004,1,60.00,60.00,24.0000,
T0001727,2,VAP-003,1,32.00,28.80,12.0000,
T0001727,3,EDI-004,2,25.00,25.00,7.5000,
T0001727,4,EDI-002,1,22.00,19.80,7.0000,
T0001727,5,PRE-003,1,18.00,18.00,6.0000,
T0001728,1,PRE-001,1,10.00,8.00,3.2000,
T0001729,1,FLO-010,1,45.00,45.00,18.0000,
T0001729,2,VAP-001,1,55.00,55.00,22.0000,
T0001730,1,ACC-004,1,2.00,2.00,0.4000,
T0001730,2,FLO-008,1,32.00,25.60,13.5000,
T0001731,1,FLO-004,1,38.00,38.00,15.0000,
T0001731,2,FLO-001,1,35.00,35.00,14.0000,
T0001732,1,VAP-002,2,40.00,40.00,14.0000,
T0001732,2,FLO-003,2,70.00,70.00,28.0000,
T0001733,1,EDI-006,1,8.00,6.40,3.0000,
T0001734,1,VAP-001,1,55.00,55.00,22.0000,
T0001735,1,PRE-002,1,10.00,10.00,3.4000,
T0001736,1,FLO-007,1,32.00,32.00,13.0000,
T0001737,1,VAP-001,1,55.00,55.00,22.0000,
T0001737,2,FLO-005,1,38.00,38.00,15.5000,
T0001737,3,FLO-009,1,210.00,210.00,95.0000,
T0001737,4,FLO-007,1,32.00,32.00,13.0000,
T0001737,5,FLO-002,1,40.00,40.00,16.0000,
T0001738,1,PRE-002,1,10.00,10.00,3.4000,
T0001738,2,EDI-006,1,8.00,8.00,3.0000,
T0001738,3,EDI-004,1,25.00,25.00,7.5000,
T0001739,1,EDI-003,2,20.00,20.00,6.5000,
T0001739,2,PRE-002,2,10.00,10.00,3.4000,
T0001739,3,VAP-006,3,15.00,15.00,4.0000,
T0001740,1,EDI-002,1,22.00,22.00,7.0000,
T0001741,1,CON-002,3,45.00,45.00,18.0000,
T0001742,1,PRE-005,1,6.00,4.80,1.8000,
T0001742,2,PRE-001,1,10.00,10.00,3.2000,
T0001743,1,VAP-001,1,55.00,55.00,22.0000,
T0001743,2,FLO-002,1,40.00,40.00,16.0000,
T0001743,3,TIN-001,1,50.00,50.00,18.0000,
T0001744,1,PRE-004,1,35.00,35.00,12.0000,
T0001744,2,EDI-002,1,22.00,22.00,7.0000,
T0001745,1,ACC-005,1,12.00,12.00,2.5000,
T0001746,1,VAP-003,1,32.00,32.00,12.0000,
T0001746,2,ACC-002,1,3.00,3.00,0.6000,
T0001747,1,FLO-010,2,45.00,45.00,18.0000,
T0001747,2,PRE-002,2,10.00,10.00,3.4000,
T0001748,1,EDI-005,1,14.00,14.00,4.0000,
T0001749,1,VAP-002,1,40.00,40.00,14.0000,
T0001750,1,VAP-002,2,40.00,40.00,14.0000,
T0001751,1,PRE-002,1,10.00,10.00,3.4000,
T0001752,1,PRE-001,1,10.00,10.00,3.2000,
T0001752,2,FLO-002,1,40.00,40.00,16.0000,
T0001752,3,EDI-002,1,22.00,22.00,7.0000,
T0001752,4,ACC-002,1,3.00,3.00,0.6000,
T0001753,1,ACC-004,1,2.00,2.00,0.4000,
T0001754,1,FLO-004,1,38.00,38.00,15.0000,
T0001755,1,ACC-002,1,3.00,2.70,0.6000,
T0001755,2,EDI-002,1,22.00,22.00,7.0000,
T0001755,3,FLO-002,1,40.00,40.00,16.0000,
T0001755,4,PRE-004,1,35.00,35.00,12.0000,
T0001756,1,PRE-005,3,6.00,5.40,1.8000,
T0001757,1,EDI-003,2,20.00,20.00,6.5000,
T0001757,2,ACC-004,2,2.00,2.00,0.4000,
T0001758,1,EDI-006,1,8.00,8.00,3.0000,
T0001759,1,PRE-001,3,10.00,10.00,3.2000,
T0001760,1,FLO-010,1,45.00,36.00,18.0000,
T0001761,1,EDI-001,1,20.00,20.00,6.0000,
T0001761,2,FLO-006,1,120.00,120.00,52.0000,
T0001762,1,PRE-001,2,10.00,10.00,3.2000,
T0001762,2,VAP-006,1,15.00,15.00,4.0000,
T0001763,1,EDI-001,1,20.00,20.00,6.0000,
T0001764,1,PRE-002,1,10.00,10.00,3.4000,
T0001765,1,PRE-004,1,35.00,35.00,12.0000,
T0001765,2,FLO-001,1,35.00,35.00,14.0000,
T0001765,3,FLO-007,1,32.00,32.00,13.0000,
T0001765,4,EDI-007,1,18.00,14.40,6.0000,
T0001766,1,EDI-004,1,25.00,25.00,7.5000,
T0001766,2,PRE-001,1,10.00,10.00,3.2000,
T0001766,3,PRE-005,2,6.00,6.00,1.8000,
T0001766,4,PRE-002,1,10.00,10.00,3.4000,
T0001766,5,EDI-006,1,8.00,8.00,3.0000,
T0001767,1,FLO-005,1,38.00,38.00,15.5000,
T0001768,1,VAP-005,1,28.00,28.00,9.0000,
T0001768,2,PRE-001,2,10.00,10.00,3.2000,
T0001768,3,EDI-005,1,14.00,14.00,4.0000,
T0001769,1,ACC-002,2,3.00,3.00,0.6000,
T0001770,1,FLO-001,1,35.00,35.00,14.0000,
T0001771,1,EDI-003,1,20.00,18.00,6.5000,
T0001772,1,FLO-001,1,35.00,31.50,14.0000,
T0001772,2,VAP-003,1,32.00,32.00,12.0000,
T0001773,1,VAP-003,1,32.00,25.60,12.0000,
T0001773,2,PRE-003,1,18.00,16.20,6.0000,
T0001773,3,EDI-001,2,20.00,20.00,6.0000,
T0001774,1,VAP-003,2,32.00,32.00,12.0000,
T0001774,3,FLO-003,2,70.00,70.00,28.0000,
T0001775,1,PRE-002,1,10.00,10.00,3.4000,
T0001775,2,VAP-003,3,32.00,32.00,12.0000,
T0001776,1,VAP-006,2,15.00,15.00,4.0000,
T0001776,2,ACC-002,1,3.00,2.70,0.6000,
T0001776,3,VAP-005,1,28.00,28.00,9.0000,
T0001777,1,FLO-007,1,32.00,32.00,13.0000,
T0001777,2,PRE-003,1,18.00,18.00,6.0000,
T0001778,1,VAP-002,1,40.00,40.00,14.0000,
T0001778,2,VAP-005,1,28.00,28.00,9.0000,
T0001779,1,PRE-005,2,6.00,6.00,1.8000,
T0001780,1,FLO-002,1,40.00,40.00,16.0000,
T0001781,1,PRE-005,1,6.00,6.00,1.8000,
T0001781,2,FLO-001,1,35.00,35.00,14.0000,
T0001781,3,PRE-002,1,10.00,10.00,3.4000,
T0001782,1,EDI-001,1,20.00,20.00,6.0000,
T0001783,1,VAP-003,1,32.00,32.00,12.0000,
T0001783,2,EDI-004,1,25.00,25.00,7.5000,
T0001783,3,FLO-008,1,32.00,32.00,13.5000,
T0001783,4,FLO-002,1,40.00,40.00,16.0000,
T0001784,1,EDI-003,1,20.00,20.00,6.5000,
T0001784,2,VAP-001,1,55.00,55.00,22.0000,
T0001785,1,PRE-001,1,10.00,10.00,3.2000,
T0001785,2,FLO-005,1,38.00,38.00,15.5000,
T0001786,1,ACC-004,1,2.00,2.00,0.4000,
T0001786,2,VAP-003,1,32.00,32.00,12.0000,
T0001786,3,EDI-006,1,8.00,7.20,3.0000,
T0001787,1,FLO-007,1,32.00,32.00,13.0000,
T0001788,1,FLO-004,1,38.00,34.20,15.0000,
T0001788,2,PRE-005,1,6.00,6.00,1.8000,
T0001788,3,EDI-004,1,25.00,25.00,7.5000,
T0001788,4,VAP-003,1,32.00,28.80,12.0000,
T0001789,1,PRE-001,1,10.00,10.00,3.2000,
T0001789,2,FLO-001,1,35.00,35.00,14.0000,
T0001790,1,PRE-003,3,18.00,18.00,6.0000,
T0001790,2,FLO-001,1,35.00,31.50,14.0000,
T0001791,1,CON-002,1,45.00,45.00,18.0000,
T0001791,2,ACC-003,1,22.00,22.00,6.0000,
T0001792,1,FLO-004,2,38.00,30.40,15.0000,
T0001793,1,EDI-007,1,18.00,14.40,6.0000,
T0001793,2,PRE-004,1,35.00,35.00,12.0000,
T0001794,1,VAP-003,1,32.00,32.00,12.0000,
T0001794,2,FLO-005,1,38.00,34.20,15.5000,
T0001794,3,PRE-003,2,18.00,18.00,6.0000,
T0001794,4,EDI-005,1,14.00,14.00,4.0000,
T0001794,5,FLO-001,1,35.00,35.00,14.0000,
T0001795,1,EDI-006,2,8.00,8.00,3.0000,
T0001795,2,ACC-004,1,2.00,2.00,0.4000,
T0001796,1,PRE-005,1,6.00,6.00,1.8000,
T0001796,2,FLO-008,1,32.00,32.00,13.5000,
T0001797,1,VAP-004,1,60.00,60.00,24.0000,
T0001797,2,FLO-002,2,40.00,40.00,16.0000,
T0001797,3,FLO-006,1,120.00,108.00,52.0000,
T0001798,1,VAP-001,1,55.00,55.00,22.0000,
T0001798,2,TOP-001,1,35.00,31.50,12.0000,
T0001799,1,EDI-003,2,20.00,20.00,6.5000,
T0001799,2,FLO-010,1,45.00,45.00,18.0000,
T0001799,3,PRE-005,1,6.00,6.00,1.8000,
T0001800,1,FLO-005,1,38.00,38.00,15.5000,
T0001800,2,PRE-001,1,10.00,10.00,3.2000,
T0001801,1,FLO-005,2,38.00,38.00,15.5000,
T0001802,1,PRE-004,1,35.00,35.00,12.0000,
T0001803,1,FLO-002,1,40.00,36.00,16.0000,
T0001803,2,PRE-005,1,6.00,6.00,1.8000,
T0001804,1,CON-004,2,55.00,55.00,22.0000,
T0001804,2,PRE-001,1,10.00,10.00,3.2000,
T0001805,1,EDI-001,1,20.00,20.00,6.0000,
T0001805,2,ACC-004,1,2.00,2.00,0.4000,
T0001805,3,PRE-003,2,18.00,16.20,6.0000,
T0001806,1,PRE-002,1,10.00,10.00,3.4000,
T0001806,2,PRE-004,1,35.00,35.00,12.0000,
T0001806,3,EDI-005,1,14.00,14.00,4.0000,
T0001807,1,FLO-005,1,38.00,38.00,15.5000,
T0001807,2,PRE-001,1,10.00,10.00,3.2000,
T0001808,1,ACC-001,1,20.00,20.00,5.0000,
T0001808,2,FLO-001,1,35.00,28.00,14.0000,
T0001808,3,VAP-001,1,55.00,55.00,22.0000,
T0001809,1,FLO-004,1,38.00,38.00,15.0000,
T0001809,2,EDI-005,1,14.00,14.00,4.0000,
T0001810,1,EDI-003,1,20.00,20.00,6.5000,
T0001810,2,FLO-003,1,70.00,70.00,28.0000,
T0001811,1,ACC-004,1,2.00,1.80,0.4000,
T0001812,1,ACC-004,1,2.00,1.60,0.4000,
T0001812,2,PRE-005,1,6.00,6.00,1.8000,
T0001812,3,PRE-001,1,10.00,10.00,3.2000,
T0001813,1,FLO-004,1,38.00,34.20,15.0000,
T0001813,2,VAP-003,1,32.00,32.00,12.0000,
T0001813,3,VAP-002,1,40.00,40.00,14.0000,
T0001814,1,EDI-001,1,20.00,20.00,6.0000,
T0001815,1,FLO-001,2,35.00,35.00,14.0000,
T0001815,2,TIN-001,1,50.00,50.00,18.0000,
T0001815,3,EDI-002,1,22.00,22.00,7.0000,
T0001815,4,PRE-001,1,10.00,10.00,3.2000,
T0001815,5,PRE-002,1,10.00,10.00,3.4000,
T0001816,1,PRE-002,1,10.00,10.00,3.4000,
T0001816,2,ACC-005,1,12.00,12.00,2.5000,
T0001817,1,PRE-002,1,10.00,10.00,3.4000,
T0001817,2,ACC-004,1,2.00,2.00,0.4000,
T0001818,1,VAP-002,1,40.00,40.00,14.0000,
T0001819,1,FLO-001,1,35.00,35.00,14.0000,
T0001819,2,PRE-005,1,6.00,6.00,1.8000,
T0001819,3,PRE-001,1,10.00,10.00,3.2000,
T0001820,1,EDI-004,1,25.00,25.00,7.5000,
T0001821,1,ACC-004,1,2.00,2.00,0.4000,
T0001821,2,FLO-002,1,40.00,40.00,16.0000,
T0001822,1,EDI-004,2,25.00,25.00,7.5000,
T0001823,1,TIN-001,3,50.00,50.00,18.0000,
T0001824,1,PRE-005,1,6.00,5.40,1.8000,
T0001825,1,VAP-001,1,55.00,55.00,22.0000,
T0001825,2,FLO-004,2,38.00,34.20,15.0000,
T0001826,1,CON-001,1,75.00,75.00,32.0000,
T0001826,2,EDI-001,1,20.00,20.00,6.0000,
T0001827,1,VAP-003,1,32.00,32.00,12.0000,
T0001827,2,ACC-002,1,3.00,3.00,0.6000,
T0001827,3,PRE-005,1,6.00,6.00,1.8000,
T0001827,4,FLO-004,1,38.00,38.00,15.0000,
T0001828,1,VAP-006,1,15.00,15.00,4.0000,
T0001828,2,FLO-004,1,38.00,38.00,15.0000,
T0001828,3,FLO-001,1,35.00,35.00,14.0000,
T0001829,1,PRE-005,3,6.00,6.00,1.8000,
T0001829,2,FLO-008,2,32.00,32.00,13.5000,
T0001829,3,PRE-003,1,18.00,18.00,6.0000,
T0001830,1,ACC-004,3,2.00,2.00,0.4000,
T0001831,1,ACC-004,1,2.00,2.00,0.4000,
T0001832,1,FLO-002,1,40.00,40.00,16.0000,
T0001833,1,FLO-003,1,70.00,70.00,28.0000,
T0001833,2,ACC-001,1,20.00,20.00,5.0000,
T0001833,3,FLO-007,3,32.00,32.00,13.0000,
T0001833,4,FLO-010,2,45.00,45.00,18.0000,
T0001834,1,FLO-001,1,35.00,31.50,14.0000,
T0001834,2,FLO-008,1,32.00,32.00,13.5000,
T0001834,3,VAP-001,1,55.00,49.50,22.0000,
T0001835,1,VAP-003,3,32.00,32.00,12.0000,
T0001836,1,FLO-002,1,40.00,36.00,16.0000,
T0001836,2,FLO-004,1,38.00,38.00,15.0000,
T0001837,1,PRE-005,1,6.00,6.00,1.8000,
T0001837,2,FLO-004,1,38.00,38.00,15.0000,
T0001838,1,EDI-001,1,20.00,18.00,6.0000,
T0001838,2,PRE-002,1,10.00,10.00,3.4000,
T0001839,1,FLO-001,1,35.00,35.00,14.0000,
T0001839,2,EDI-003,2,20.00,18.00,6.5000,
T0001839,3,FLO-002,1,40.00,40.00,16.0000,
T0001840,1,VAP-005,1,28.00,28.00,9.0000,
T0001840,2,EDI-001,1,20.00,18.00,6.0000,
T0001840,3,PRE-002,1,10.00,10.00,3.4000,
T0001840,4,EDI-006,3,8.00,8.00,3.0000,
T0001841,1,TIN-001,2,50.00,50.00,18.0000,
T0001842,1,ACC-004,1,2.00,2.00,0.4000,
T0001843,1,VAP-005,1,28.00,28.00,9.0000,
T0001844,1,VAP-003,1,32.00,32.00,12.0000,
T0001844,2,EDI-004,1,25.00,25.00,7.5000,
T0001845,1,PRE-001,1,10.00,10.00,3.2000,
T0001846,1,VAP-005,1,28.00,28.00,9.0000,
T0001846,2,FLO-002,1,40.00,40.00,16.0000,
T0001846,3,PRE-002,2,10.00,10.00,3.4000,
T0001846,4,PRE-001,1,10.00,10.00,3.2000,
T0001847,1,EDI-001,1,20.00,20.00,6.0000,
T0001848,1,FLO-002,1,40.00,40.00,16.0000,
T0001848,2,PRE-002,1,10.00,10.00,3.4000,
T0001848,3,PRE-004,1,35.00,35.00,12.0000,
T0001849,1,FLO-002,1,40.00,40.00,16.0000,
T0001850,1,ACC-001,1,20.00,20.00,5.0000,
T0001850,2,VAP-006,1,15.00,15.00,4.0000,
T0001851,1,FLO-005,1,38.00,38.00,15.5000,
T0001852,1,VAP-006,3,15.00,15.00,4.0000,
T0001852,2,PRE-002,1,10.00,9.00,3.4000,
T0001852,3,EDI-004,1,25.00,25.00,7.5000,
T0001852,4,FLO-003,2,70.00,63.00,28.0000,
T0001853,1,VAP-003,1,32.00,32.00,12.0000,
T0001854,1,CON-002,1,45.00,45.00,18.0000,
T0001855,1,CON-003,2,30.00,30.00,12.0000,
T0001856,1,FLO-001,1,35.00,35.00,14.0000,
T0001857,1,PRE-001,1,10.00,10.00,3.2000,
T0001858,1,PRE-005,2,6.00,6.00,1.8000,
T0001858,2,FLO-005,1,38.00,38.00,15.5000,
T0001859,1,ACC-004,1,2.00,2.00,0.4000,
T0001860,1,VAP-002,1,40.00,40.00,14.0000,
T0001860,2,PRE-002,1,10.00,10.00,3.4000,
T0001861,1,FLO-005,2,38.00,38.00,15.5000,
T0001862,1,EDI-001,1,20.00,18.00,6.0000,
T0001863,1,EDI-007,1,18.00,18.00,6.0000,
T0001863,2,EDI-001,1,20.00,18.00,6.0000,
T0001864,1,FLO-010,2,45.00,45.00,18.0000,
T0001864,2,PRE-002,1,10.00,10.00,3.4000,
T0001864,3,FLO-005,2,38.00,38.00,15.5000,
T0001865,1,ACC-002,1,3.00,3.00,0.6000,
T0001866,1,FLO-010,1,45.00,45.00,18.0000,
T0001866,2,VAP-002,1,40.00,40.00,14.0000,
T0001866,3,PRE-002,1,10.00,10.00,3.4000,
T0001867,1,FLO-010,3,45.00,45.00,18.0000,
T0001868,1,ACC-002,1,3.00,3.00,0.6000,
T0001869,1,FLO-001,1,35.00,35.00,14.0000,
T0001869,2,EDI-003,2,20.00,20.00,6.5000,
T0001870,1,FLO-003,1,70.00,70.00,28.0000,
T0001871,1,EDI-001,2,20.00,16.00,6.0000,
T0001872,1,PRE-002,1,10.00,10.00,3.4000,
T0001873,1,ACC-003,2,22.00,22.00,6.0000,
T0001874,1,VAP-004,2,60.00,60.00,24.0000,
T0001874,2,EDI-004,1,25.00,25.00,7.5000,
T0001874,3,PRE-005,1,6.00,6.00,1.8000,
T0001875,1,PRE-002,1,10.00,10.00,3.4000,
T0001875,2,EDI-001,1,20.00,20.00,6.0000,
T0001876,1,FLO-002,1,40.00,32.00,16.0000,
T0001877,1,FLO-007,1,32.00,28.80,13.0000,
T0001877,2,VAP-005,1,28.00,25.20,9.0000,
T0001878,1,EDI-004,2,25.00,25.00,7.5000,
T0001878,2,PRE-001,1,10.00,10.00,3.2000,
T0001878,3,FLO-008,1,32.00,32.00,13.5000,
T0001879,1,TOP-002,2,24.00,24.00,9.0000,
T0001879,2,VAP-005,1,28.00,28.00,9.0000,
T0001880,1,EDI-004,1,25.00,25.00,7.5000,
T0001880,2,VAP-003,1,32.00,28.80,12.0000,
T0001880,3,FLO-007,1,32.00,32.00,13.0000,
T0001880,4,ACC-002,2,3.00,3.00,0.6000,
T0001881,1,EDI-004,1,25.00,25.00,7.5000,
T0001881,2,VAP-002,1,40.00,40.00,14.0000,
T0001882,1,PRE-003,2,18.00,18.00,6.0000,
T0001883,1,FLO-004,1,38.00,38.00,15.0000,
T0001884,1,FLO-009,1,210.00,210.00,95.0000,
T0001884,2,EDI-002,2,22.00,22.00,7.0000,
T0001884,3,VAP-001,1,55.00,44.00,22.0000,
T0001885,1,FLO-001,1,35.00,35.00,14.0000,
T0001885,2,EDI-001,1,20.00,20.00,6.0000,
T0001886,1,CON-001,1,75.00,67.50,32.0000,
T0001886,2,ACC-004,1,2.00,2.00,0.4000,
T0001887,1,PRE-001,1,10.00,10.00,3.2000,
T0001888,1,VAP-002,1,40.00,40.00,14.0000,
T0001888,2,FLO-006,1,120.00,120.00,52.0000,
T0001889,1,EDI-003,2,20.00,18.00,6.5000,
T0001889,2,EDI-001,1,20.00,18.00,6.0000,
T0001890,1,PRE-001,3,10.00,10.00,3.2000,
T0001890,2,VAP-005,2,28.00,28.00,9.0000,
T0001890,3,VAP-006,1,15.00,15.00,4.0000,
T0001891,1,ACC-002,1,3.00,3.00,0.6000,
T0001892,1,EDI-002,1,22.00,22.00,7.0000,
T0001892,2,PRE-005,1,6.00,6.00,1.8000,
T0001892,3,FLO-005,1,38.00,38.00,15.5000,
T0001892,4,ACC-002,1,3.00,2.70,0.6000,
T0001893,1,VAP-005,3,28.00,28.00,9.0000,
T0001894,1,VAP-002,1,40.00,40.00,14.0000,
T0001894,2,ACC-004,2,2.00,2.00,0.4000,
T0001895,1,FLO-005,2,38.00,38.00,15.5000,
T0001895,2,VAP-005,1,28.00,28.00,9.0000,
T0001896,1,EDI-005,1,14.00,12.60,4.0000,
T0001896,2,FLO-004,1,38.00,38.00,15.0000,
T0001897,1,VAP-003,1,32.00,32.00,12.0000,
T0001897,2,PRE-001,1,10.00,10.00,3.2000,
T0001897,3,CON-003,1,30.00,30.00,12.0000,
T0001898,1,EDI-006,1,8.00,7.20,3.0000,
T0001899,1,VAP-002,1,40.00,40.00,14.0000,
T0001900,1,EDI-001,1,20.00,20.00,6.0000,
T0001901,1,EDI-005,1,14.00,14.00,4.0000,
T0001902,1,FLO-001,3,35.00,35.00,14.0000,
T0001902,2,PRE-004,2,35.00,35.00,12.0000,
T0001902,3,EDI-006,2,8.00,8.00,3.0000,
T0001902,4,FLO-002,1,40.00,40.00,16.0000,
T0001903,1,FLO-003,1,70.00,70.00,28.0000,
T0001903,2,EDI-006,1,8.00,8.00,3.0000,
T0001903,3,FLO-001,1,35.00,35.00,14.0000,
T0001904,1,VAP-002,2,40.00,40.00,14.0000,
T0001904,2,PRE-001,2,10.00,10.00,3.2000,
T0001905,1,PRE-002,3,10.00,10.00,3.4000,
T0001906,1,FLO-005,1,38.00,38.00,15.5000,
T0001906,2,VAP-003,1,32.00,32.00,12.0000,
T0001907,1,VAP-001,1,55.00,55.00,22.0000,
T0001908,1,PRE-005,1,6.00,6.00,1.8000,
T0001908,2,TIN-001,1,50.00,50.00,18.0000,
T0001908,3,VAP-002,1,40.00,40.00,14.0000,
T0001909,1,VAP-002,1,40.00,40.00,14.0000,
T0001909,2,EDI-006,1,8.00,8.00,3.0000,
T0001909,3,EDI-001,1,20.00,18.00,6.0000,
T0001910,1,CON-003,1,30.00,30.00,12.0000,
T0001910,2,EDI-006,2,8.00,8.00,3.0000,
T0001910,3,FLO-005,1,38.00,38.00,15.5000,
T0001911,1,EDI-006,2,8.00,8.00,3.0000,
T0001912,1,FLO-004,1,38.00,38.00,15.0000,
T0001913,1,PRE-001,2,10.00,10.00,3.2000,
T0001913,2,VAP-006,1,15.00,15.00,4.0000,
T0001914,1,PRE-001,2,10.00,10.00,3.2000,
T0001915,1,ACC-002,1,3.00,3.00,0.6000,
T0001915,2,FLO-001,1,35.00,35.00,14.0000,
T0001915,3,VAP-003,2,32.00,32.00,12.0000,
T0001916,1,CON-001,1,75.00,75.00,32.0000,
T0001917,1,EDI-006,2,8.00,8.00,3.0000,
T0001918,1,EDI-001,2,20.00,20.00,6.0000,
T0001918,2,FLO-001,1,35.00,35.00,14.0000,
T0001918,3,EDI-005,3,14.00,14.00,4.0000,
T0001919,1,PRE-003,1,18.00,18.00,6.0000,
T0001919,2,VAP-002,1,40.00,40.00,14.0000,
T0001920,1,EDI-005,1,14.00,14.00,4.0000,
T0001920,2,TOP-001,1,35.00,35.00,12.0000,
T0001921,1,PRE-002,1,10.00,10.00,3.4000,
T0001921,2,CON-003,1,30.00,30.00,12.0000,
T0001921,3,VAP-005,1,28.00,28.00,9.0000,
T0001921,4,EDI-004,1,25.00,25.00,7.5000,
T0001922,1,PRE-001,1,10.00,8.00,3.2000,
T0001923,1,PRE-005,1,6.00,6.00,1.8000,
T0001924,1,VAP-003,1,32.00,32.00,12.0000,
T0001925,1,PRE-001,1,10.00,10.00,3.2000,
T0001926,1,PRE-001,1,10.00,10.00,3.2000,
T0001927,1,VAP-004,1,60.00,60.00,24.0000,
T0001927,2,FLO-005,1,38.00,38.00,15.5000,
T0001927,3,CON-001,1,75.00,75.00,32.0000,
T0001928,1,FLO-002,1,40.00,40.00,16.0000,
T0001929,1,EDI-006,1,8.00,8.00,3.0000,
T0001929,2,PRE-003,1,18.00,18.00,6.0000,
T0001930,1,ACC-002,2,3.00,3.00,0.6000,
T0001931,1,PRE-005,1,6.00,5.40,1.8000,
T0001931,2,EDI-002,3,22.00,22.00,7.0000,
T0001932,1,TOP-001,1,35.00,35.00,12.0000,
T0001932,2,FLO-007,1,32.00,32.00,13.0000,
T0001932,3,ACC-004,1,2.00,2.00,0.4000,
T0001933,1,VAP-002,1,40.00,40.00,14.0000,
T0001933,2,PRE-002,1,10.00,10.00,3.4000,
T0001934,1,FLO-004,1,38.00,38.00,15.0000,
T0001935,1,ACC-004,1,2.00,2.00,0.4000,
T0001935,2,FLO-002,1,40.00,40.00,16.0000,
T0001935,3,FLO-008,1,32.00,32.00,13.5000,
T0001935,4,VAP-002,1,40.00,40.00,14.0000,
T0001936,1,EDI-005,1,14.00,14.00,4.0000,
T0001937,1,VAP-002,1,40.00,40.00,14.0000,
T0001937,2,TOP-001,1,35.00,35.00,12.0000,
T0001937,3,FLO-001,1,35.00,35.00,14.0000,
T0001938,1,PRE-002,1,10.00,10.00,3.4000,
T0001938,2,EDI-001,1,20.00,20.00,6.0000,
T0001939,1,PRE-005,1,6.00,6.00,1.8000,
T0001939,2,EDI-002,1,22.00,22.00,7.0000,
T0001939,3,TIN-001,1,50.00,50.00,18.0000,
T0001939,4,CON-003,1,30.00,30.00,12.0000,
T0001940,1,PRE-005,1,6.00,6.00,1.8000,
T0001940,2,EDI-005,1,14.00,11.20,4.0000,
T0001940,3,FLO-004,1,38.00,34.20,15.0000,
T0001940,4,TIN-001,3,50.00,50.00,18.0000,
T0001941,1,VAP-004,1,60.00,60.00,24.0000,
T0001941,2,FLO-005,3,38.00,38.00,15.5000,
T0001942,1,FLO-010,1,45.00,45.00,18.0000,
T0001943,1,ACC-004,1,2.00,1.60,0.4000,
T0001944,1,PRE-003,1,18.00,18.00,6.0000,
T0001945,1,FLO-001,1,35.00,35.00,14.0000,
T0001945,2,FLO-002,1,40.00,40.00,16.0000,
T0001946,1,VAP-003,2,32.00,32.00,12.0000,
T0001947,1,EDI-002,1,22.00,19.80,7.0000,
T0001947,2,ACC-002,1,3.00,3.00,0.6000,
T0001947,3,FLO-002,1,40.00,40.00,16.0000,
T0001948,1,FLO-007,1,32.00,32.00,13.0000,
T0001948,2,PRE-005,1,6.00,6.00,1.8000,
T0001949,1,FLO-004,1,38.00,38.00,15.0000,
T0001950,1,PRE-005,1,6.00,6.00,1.8000,
T0001950,2,PRE-001,1,10.00,9.00,3.2000,
T0001951,1,EDI-006,1,8.00,8.00,3.0000,
T0001952,1,FLO-004,3,38.00,38.00,15.0000,
T0001952,2,PRE-001,1,10.00,10.00,3.2000,
T0001953,1,VAP-003,1,32.00,32.00,12.0000,
T0001954,1,VAP-002,1,40.00,40.00,14.0000,
T0001954,2,FLO-001,1,35.00,35.00,14.0000,
T0001954,3,PRE-005,1,6.00,6.00,1.8000,
T0001954,4,FLO-002,2,40.00,40.00,16.0000,
T0001955,1,FLO-005,2,38.00,38.00,15.5000,
T0001955,2,FLO-001,3,35.00,35.00,14.0000,
T0001955,3,EDI-005,1,14.00,14.00,4.0000,
T0001956,1,FLO-006,2,120.00,120.00,52.0000,
T0001956,2,VAP-006,1,15.00,15.00,4.0000,
T0001956,3,ACC-005,1,12.00,12.00,2.5000,
T0001957,1,EDI-001,1,20.00,20.00,6.0000,
T0001957,2,FLO-001,1,35.00,35.00,14.0000,
T0001958,1,ACC-002,1,3.00,2.40,0.6000,
T0001958,2,PRE-002,1,10.00,8.00,3.4000,
T0001959,1,VAP-002,1,40.00,40.00,14.0000,
T0001959,2,VAP-001,1,55.00,55.00,22.0000,
T0001960,1,VAP-003,1,32.00,32.00,12.0000,
T0001961,1,FLO-004,1,38.00,38.00,15.0000,
T0001962,1,VAP-001,2,55.00,49.50,22.0000,
T0001962,2,EDI-001,1,20.00,20.00,6.0000,
T0001962,3,ACC-001,1,20.00,20.00,5.0000,
T0001963,1,FLO-005,1,38.00,38.00,15.5000,
T0001964,1,FLO-002,2,40.00,32.00,16.0000,
T0001965,1,VAP-005,1,28.00,28.00,9.0000,
T0001965,2,PRE-002,2,10.00,10.00,3.4000,
T0001965,3,PRE-001,2,10.00,10.00,3.2000,
T0001966,1,FLO-002,1,40.00,36.00,16.0000,
T0001966,3,EDI-007,1,18.00,18.00,6.0000,
T0001967,1,PRE-001,1,10.00,10.00,3.2000,
T0001968,1,VAP-003,1,32.00,25.60,12.0000,
T0001968,2,PRE-002,1,10.00,10.00,3.4000,
T0001969,1,VAP-002,1,40.00,40.00,14.0000,
T0001970,1,VAP-002,3,40.00,40.00,14.0000,
T0001971,1,FLO-004,2,38.00,38.00,15.0000,
T0001972,1,PRE-001,2,10.00,10.00,3.2000,
T0001972,2,VAP-002,1,40.00,40.00,14.0000,
T0001972,3,EDI-005,1,14.00,14.00,4.0000,
T0001973,1,FLO-001,1,35.00,35.00,14.0000,
T0001973,2,TOP-001,1,35.00,35.00,12.0000,
T0001973,3,PRE-004,1,35.00,35.00,12.0000,
T0001974,1,VAP-005,2,28.00,28.00,9.0000,
T0001975,1,CON-003,1,30.00,30.00,12.0000,
T0001976,1,PRE-002,2,10.00,10.00,3.4000,
T0001977,1,PRE-003,1,18.00,18.00,6.0000,
T0001978,1,FLO-005,1,38.00,38.00,15.5000,
T0001979,1,FLO-005,1,38.00,38.00,15.5000,
T0001979,2,EDI-001,1,20.00,20.00,6.0000,
T0001980,1,CON-003,1,30.00,30.00,12.0000,
T0001981,1,ACC-004,1,2.00,2.00,0.4000,
T0001981,2,EDI-003,1,20.00,20.00,6.5000,
T0001982,1,TOP-001,2,35.00,35.00,12.0000,
T0001982,2,FLO-002,1,40.00,40.00,16.0000,
T0001983,1,CON-002,2,45.00,36.00,18.0000,
T0001983,2,ACC-004,1,2.00,2.00,0.4000,
T0001984,1,VAP-005,1,28.00,28.00,9.0000,
T0001984,2,ACC-002,1,3.00,3.00,0.6000,
T0001985,1,CON-003,1,30.00,30.00,12.0000,
T0001985,2,FLO-001,1,35.00,35.00,14.0000,
T0001986,1,PRE-005,1,6.00,6.00,1.8000,
T0001987,1,CON-003,1,30.00,30.00,12.0000,
T0001988,1,PRE-005,1,6.00,5.40,1.8000,
T0001989,1,EDI-004,1,25.00,25.00,7.5000,
T0001990,1,PRE-003,1,18.00,18.00,6.0000,
T0001991,1,FLO-001,1,35.00,35.00,14.0000,
T0001992,1,VAP-002,1,40.00,40.00,14.0000,
T0001992,2,VAP-003,1,32.00,32.00,12.0000,
T0001993,1,EDI-002,1,22.00,22.00,7.0000,
T0001993,2,PRE-003,1,18.00,18.00,6.0000,
T0001994,1,EDI-001,1,20.00,20.00,6.0000,
T0001994,2,PRE-005,1,6.00,4.80,1.8000,
T0001995,1,EDI-007,1,18.00,18.00,6.0000,
T0001996,1,PRE-001,1,10.00,10.00,3.2000,
T0001996,2,FLO-008,1,32.00,32.00,13.5000,
T0001996,3,FLO-002,1,40.00,40.00,16.0000,
T0001997,1,VAP-001,1,55.00,44.00,22.0000,
T0001997,2,PRE-001,1,10.00,10.00,3.2000,
T0001998,1,PRE-001,2,10.00,10.00,3.2000,
T0001999,1,VAP-005,1,28.00,28.00,9.0000,
T0001999,2,ACC-004,1,2.00,2.00,0.4000,
T0001999,3,VAP-002,1,40.00,40.00,14.0000,
T0002000,1,VAP-005,3,28.00,28.00,9.0000,
T0002000,2,FLO-010,1,45.00,45.00,18.0000,
T0002000,3,EDI-001,1,20.00,20.00,6.0000,
T0002000,4,ACC-004,1,2.00,1.80,0.4000,
T0002001,1,VAP-004,1,60.00,60.00,24.0000,
T0002002,1,VAP-006,1,15.00,15.00,4.0000,
T0002002,2,VAP-001,2,55.00,55.00,22.0000,
T0002002,3,FLO-009,2,210.00,210.00,95.0000,
T0002002,4,CON-004,3,55.00,55.00,22.0000,
T0002003,1,EDI-001,1,20.00,20.00,6.0000,
T0002003,2,FLO-004,3,38.00,38.00,15.0000,
T0002004,1,ACC-001,1,20.00,20.00,5.0000,
T0002004,2,PRE-005,2,6.00,6.00,1.8000,
T0002004,3,EDI-004,1,25.00,25.00,7.5000,
T0002005,1,EDI-001,1,20.00,20.00,6.0000,
T0002005,2,FLO-003,1,70.00,70.00,28.0000,
T0002005,3,PRE-003,3,18.00,18.00,6.0000,
T0002006,1,FLO-005,1,38.00,38.00,15.5000,
T0002007,1,CON-001,1,75.00,75.00,32.0000,
T0002007,2,PRE-003,1,18.00,18.00,6.0000,
T0002007,3,PRE-001,1,10.00,10.00,3.2000,
T0002008,1,FLO-005,1,38.00,38.00,15.5000,
T0002008,2,FLO-001,2,35.00,35.00,14.0000,
T0002008,3,EDI-003,2,20.00,18.00,6.5000,
T0002009,1,VAP-002,2,40.00,40.00,14.0000,
T0002009,2,PRE-004,2,35.00,35.00,12.0000,
T0002010,1,ACC-001,1,20.00,20.00,5.0000,
T0002010,2,EDI-007,1,18.00,18.00,6.0000,
T0002011,1,VAP-001,2,55.00,55.00,22.0000,
T0002011,2,PRE-001,1,10.00,10.00,3.2000,
T0002011,3,PRE-002,1,10.00,10.00,3.4000,
T0002012,1,ACC-004,2,2.00,2.00,0.4000,
T0002012,2,FLO-003,3,70.00,70.00,28.0000,
T0002013,1,PRE-005,1,6.00,6.00,1.8000,
T0002013,2,VAP-002,1,40.00,40.00,14.0000,
T0002014,1,EDI-006,1,8.00,8.00,3.0000,
T0002015,1,CON-004,1,55.00,55.00,22.0000,
T0002015,2,FLO-003,1,70.00,70.00,28.0000,
T0002016,1,PRE-001,2,10.00,10.00,3.2000,
T0002016,2,FLO-008,1,32.00,32.00,13.5000,
T0002017,1,FLO-008,1,32.00,32.00,13.5000,
T0002017,2,VAP-003,1,32.00,32.00,12.0000,
T0002017,3,ACC-004,1,2.00,2.00,0.4000,
T0002017,4,PRE-005,1,6.00,6.00,1.8000,
T0002018,1,ACC-004,1,2.00,2.00,0.4000,
T0002018,2,EDI-005,2,14.00,14.00,4.0000,
T0002018,3,FLO-004,1,38.00,38.00,15.0000,
T0002019,1,PRE-005,1,6.00,4.80,1.8000,
T0002019,2,EDI-006,1,8.00,8.00,3.0000,
T0002019,3,FLO-008,1,32.00,25.60,13.5000,
T0002019,4,EDI-002,3,22.00,22.00,7.0000,
T0002020,1,EDI-002,1,22.00,22.00,7.0000,
T0002021,1,FLO-001,1,35.00,35.00,14.0000,
T0002021,2,VAP-001,1,55.00,55.00,22.0000,
T0002021,3,FLO-007,3,32.00,32.00,13.0000,
T0002022,1,VAP-004,2,60.00,60.00,24.0000,
T0002023,1,TIN-001,1,50.00,50.00,18.0000,
T0002024,1,EDI-007,1,18.00,18.00,6.0000,
T0002024,2,PRE-001,1,10.00,10.00,3.2000,
T0002024,3,VAP-002,1,40.00,40.00,14.0000,
T0002024,4,VAP-003,1,32.00,32.00,12.0000,
T0002025,1,EDI-004,1,25.00,20.00,7.5000,
T0002025,2,VAP-002,1,40.00,40.00,14.0000,
T0002026,1,VAP-002,3,40.00,40.00,14.0000,
T0002026,2,FLO-003,1,70.00,70.00,28.0000,
T0002027,1,EDI-002,1,22.00,22.00,7.0000,
T0002027,2,FLO-007,1,32.00,32.00,13.0000,
T0002027,3,FLO-001,1,35.00,35.00,14.0000,
T0002027,4,PRE-001,1,10.00,10.00,3.2000,
T0002027,5,PRE-005,1,6.00,6.00,1.8000,
T0002028,1,VAP-006,1,15.00,15.00,4.0000,
T0002028,2,VAP-001,1,55.00,55.00,22.0000,
T0002029,1,FLO-001,1,35.00,35.00,14.0000,
T0002030,1,PRE-001,2,10.00,10.00,3.2000,
T0002030,2,EDI-001,1,20.00,20.00,6.0000,
T0002031,1,EDI-001,2,20.00,20.00,6.0000,
T0002032,1,PRE-001,2,10.00,10.00,3.2000,
T0002033,1,FLO-004,2,38.00,38.00,15.0000,
T0002033,2,VAP-003,1,32.00,32.00,12.0000,
T0002034,1,PRE-001,1,10.00,9.00,3.2000,
T0002034,2,TOP-002,3,24.00,19.20,9.0000,
T0002035,1,CON-003,1,30.00,30.00,12.0000,
T0002036,1,PRE-002,1,10.00,10.00,3.4000,
T0002036,2,EDI-001,1,20.00,20.00,6.0000,
T0002036,3,TIN-002,1,45.00,45.00,16.0000,
T0002036,4,PRE-004,2,35.00,35.00,12.0000,
T0002037,1,ACC-004,1,2.00,2.00,0.4000,
T0002038,1,ACC-004,1,2.00,2.00,0.4000,
T0002039,1,EDI-003,1,20.00,18.00,6.5000,
T0002039,2,FLO-008,1,32.00,32.00,13.5000,
T0002039,3,VAP-004,2,60.00,60.00,24.0000,
T0002039,4,VAP-003,1,32.00,32.00,12.0000,
T0002040,1,PRE-005,1,6.00,6.00,1.8000,
T0002041,1,EDI-004,1,25.00,22.50,7.5000,
T0002041,2,ACC-002,1,3.00,3.00,0.6000,
T0002041,3,CON-002,1,45.00,36.00,18.0000,
T0002041,4,CON-003,1,30.00,30.00,12.0000,
T0002042,1,PRE-001,1,10.00,10.00,3.2000,
T0002042,2,VAP-005,1,28.00,28.00,9.0000,
T0002042,3,EDI-001,1,20.00,20.00,6.0000,
T0002042,4,VAP-002,2,40.00,40.00,14.0000,
T0002043,1,ACC-003,2,22.00,22.00,6.0000,
T0002044,1,PRE-003,1,18.00,18.00,6.0000,
T0002044,2,PRE-004,1,35.00,35.00,12.0000,
T0002044,3,CON-002,1,45.00,45.00,18.0000,
T0002045,1,ACC-004,1,2.00,2.00,0.4000,
T0002045,2,CON-001,3,75.00,75.00,32.0000,
T0002046,1,FLO-008,1,32.00,32.00,13.5000,
T0002047,1,ACC-004,1,2.00,2.00,0.4000,
T0002047,2,VAP-006,1,15.00,13.50,4.0000,
T0002047,4,FLO-002,1,40.00,40.00,16.0000,
T0002047,5,FLO-004,1,38.00,38.00,15.0000,
T0002048,1,PRE-003,2,18.00,18.00,6.0000,
T0002048,2,FLO-001,1,35.00,35.00,14.0000,
T0002048,3,VAP-005,1,28.00,28.00,9.0000,
T0002049,1,VAP-002,1,40.00,40.00,14.0000,
T0002049,2,EDI-007,1,18.00,18.00,6.0000,
T0002049,3,FLO-005,1,38.00,38.00,15.5000,
T0002050,1,EDI-001,1,20.00,18.00,6.0000,
T0002050,2,VAP-001,1,55.00,55.00,22.0000,
T0002050,3,VAP-005,1,28.00,28.00,9.0000,
T0002051,1,PRE-002,1,10.00,10.00,3.4000,
T0002051,2,FLO-001,1,35.00,35.00,14.0000,
T0002051,4,ACC-004,2,2.00,2.00,0.4000,
T0002052,1,VAP-006,1,15.00,15.00,4.0000,
T0002053,1,ACC-001,1,20.00,20.00,5.0000,
T0002053,2,PRE-005,1,6.00,6.00,1.8000,
T0002053,3,CON-003,1,30.00,30.00,12.0000,
T0002054,1,PRE-001,1,10.00,9.00,3.2000,
T0002054,2,FLO-004,2,38.00,38.00,15.0000,
T0002055,1,VAP-005,1,28.00,28.00,9.0000,
T0002055,2,EDI-006,1,8.00,7.20,3.0000,
T0002056,1,EDI-002,1,22.00,22.00,7.0000,
T0002056,2,FLO-006,1,120.00,120.00,52.0000,
T0002056,3,EDI-006,1,8.00,7.20,3.0000,
T0002057,1,TIN-002,1,45.00,45.00,16.0000,
T0002057,2,PRE-002,1,10.00,10.00,3.4000,
T0002057,3,VAP-005,1,28.00,28.00,9.0000,
T0002057,4,VAP-006,1,15.00,15.00,4.0000,
T0002058,1,PRE-005,1,6.00,4.80,1.8000,
T0002059,1,EDI-007,1,18.00,14.40,6.0000,
T0002060,1,FLO-003,1,70.00,70.00,28.0000,
T0002060,2,CON-001,2,75.00,75.00,32.0000,
T0002060,3,FLO-002,1,40.00,40.00,16.0000,
T0002061,1,PRE-001,1,10.00,10.00,3.2000,
T0002062,1,FLO-005,2,38.00,38.00,15.5000,
T0002062,2,TOP-001,1,35.00,35.00,12.0000,
T0002063,1,EDI-002,1,22.00,22.00,7.0000,
T0002063,2,EDI-004,1,25.00,25.00,7.5000,
T0002063,3,PRE-001,2,10.00,10.00,3.2000,
T0002064,1,VAP-002,2,40.00,40.00,14.0000,
T0002065,1,EDI-004,1,25.00,25.00,7.5000,
T0002066,1,FLO-001,1,35.00,35.00,14.0000,
T0002066,2,FLO-005,2,38.00,38.00,15.5000,
T0002067,1,FLO-005,3,38.00,38.00,15.5000,
T0002068,1,VAP-006,1,15.00,15.00,4.0000,
T0002069,1,PRE-002,2,10.00,10.00,3.4000,
T0002069,2,VAP-001,1,55.00,55.00,22.0000,
T0002070,1,FLO-005,1,38.00,38.00,15.5000,
T0002071,1,FLO-008,1,32.00,32.00,13.5000,
T0002071,2,EDI-005,1,14.00,14.00,4.0000,
T0002071,3,FLO-004,1,38.00,38.00,15.0000,
T0002072,1,VAP-001,1,55.00,49.50,22.0000,
T0002072,2,FLO-004,3,38.00,34.20,15.0000,
T0002073,1,CON-002,1,45.00,45.00,18.0000,
T0002074,1,FLO-002,2,40.00,36.00,16.0000,
T0002075,1,CON-003,2,30.00,30.00,12.0000,
T0002076,1,FLO-002,1,40.00,40.00,16.0000,
T0002077,1,TOP-001,2,35.00,35.00,12.0000,
T0002078,1,VAP-005,1,28.00,28.00,9.0000,
T0002078,2,PRE-002,1,10.00,10.00,3.4000,
T0002079,1,ACC-004,2,2.00,2.00,0.4000,
T0002080,1,EDI-005,1,14.00,14.00,4.0000,
T0002080,2,ACC-004,1,2.00,2.00,0.4000,
T0002080,3,EDI-004,1,25.00,25.00,7.5000,
T0002080,4,EDI-003,1,20.00,20.00,6.5000,
T0002081,1,FLO-001,1,35.00,35.00,14.0000,
T0002082,1,ACC-001,1,20.00,18.00,5.0000,
T0002083,1,PRE-005,1,6.00,6.00,1.8000,
T0002083,2,PRE-004,1,35.00,35.00,12.0000,
T0002084,1,FLO-008,1,32.00,28.80,13.5000,
T0002084,2,VAP-003,1,32.00,32.00,12.0000,
T0002085,1,EDI-003,1,20.00,20.00,6.5000,
T0002086,1,FLO-004,1,38.00,38.00,15.0000,
T0002087,1,FLO-002,1,40.00,40.00,16.0000,
T0002087,2,ACC-002,1,3.00,3.00,0.6000,
T0002088,1,PRE-002,1,10.00,10.00,3.4000,
T0002089,1,PRE-005,1,6.00,6.00,1.8000,
T0002089,2,ACC-004,1,2.00,2.00,0.4000,
T0002089,3,VAP-001,1,55.00,55.00,22.0000,
T0002089,4,FLO-003,1,70.00,70.00,28.0000,
T0002090,1,ACC-004,1,2.00,2.00,0.4000,
T0002090,2,FLO-004,1,38.00,38.00,15.0000,
T0002091,1,FLO-001,2,35.00,35.00,14.0000,
T0002091,2,EDI-006,3,8.00,8.00,3.0000,
T0002091,3,ACC-004,2,2.00,2.00,0.4000,
T0002092,1,ACC-001,1,20.00,20.00,5.0000,
T0002092,2,EDI-004,2,25.00,25.00,7.5000,
T0002093,1,PRE-005,1,6.00,4.80,1.8000,
T0002093,2,FLO-007,2,32.00,25.60,13.0000,
T0002094,1,VAP-002,1,40.00,40.00,14.0000,
T0002094,2,EDI-007,1,18.00,18.00,6.0000,
T0002094,3,PRE-002,3,10.00,10.00,3.4000,
T0002094,4,VAP-003,1,32.00,32.00,12.0000,
T0002094,5,ACC-004,1,2.00,2.00,0.4000,
T0002095,1,VAP-002,3,40.00,40.00,14.0000,
T0002096,1,ACC-004,1,2.00,2.00,0.4000,
T0002096,2,FLO-001,1,35.00,35.00,14.0000,
T0002097,1,FLO-002,1,40.00,40.00,16.0000,
T0002097,2,PRE-005,1,6.00,5.40,1.8000,
T0002097,3,EDI-004,1,25.00,25.00,7.5000,
T0002098,1,TOP-001,2,35.00,31.50,12.0000,
T0002098,2,EDI-002,1,22.00,17.60,7.0000,
T0002098,3,PRE-001,1,10.00,9.00,3.2000,
T0002099,1,PRE-005,1,6.00,6.00,1.8000,
T0002099,2,PRE-001,1,10.00,10.00,3.2000,
T0002099,3,ACC-004,3,2.00,2.00,0.4000,
T0002100,1,PRE-001,1,10.00,10.00,3.2000,
T0002101,1,VAP-002,2,40.00,40.00,14.0000,
T0002101,2,VAP-006,1,15.00,13.50,4.0000,
T0002101,3,FLO-010,2,45.00,45.00,18.0000,
T0002102,1,VAP-003,1,32.00,32.00,12.0000,
T0002103,1,FLO-007,1,32.00,32.00,13.0000,
T0002103,2,ACC-001,2,20.00,20.00,5.0000,
T0002104,1,EDI-001,1,20.00,18.00,6.0000,
T0002104,2,ACC-002,1,3.00,3.00,0.6000,
T0002105,1,FLO-001,1,35.00,35.00,14.0000,
T0002105,2,VAP-005,1,28.00,28.00,9.0000,
T0002105,3,PRE-005,1,6.00,6.00,1.8000,
T0002106,1,VAP-002,1,40.00,40.00,14.0000,
T0002107,1,FLO-001,1,35.00,31.50,14.0000,
T0002108,1,CON-003,1,30.00,30.00,12.0000,
T0002108,2,FLO-002,2,40.00,40.00,16.0000,
T0002108,3,FLO-007,1,32.00,32.00,13.0000,
T0002108,4,EDI-001,1,20.00,20.00,6.0000,
T0002109,1,PRE-001,2,10.00,10.00,3.2000,
T0002110,1,PRE-001,1,10.00,10.00,3.2000,
T0002110,2,FLO-001,1,35.00,35.00,14.0000,
T0002111,1,VAP-003,1,32.00,32.00,12.0000,
T0002112,1,PRE-002,1,10.00,10.00,3.4000,
T0002112,2,EDI-005,1,14.00,14.00,4.0000,
T0002112,3,FLO-001,1,35.00,35.00,14.0000,
T0002113,1,VAP-002,1,40.00,40.00,14.0000,
T0002113,2,PRE-001,1,10.00,10.00,3.2000,
T0002113,4,FLO-001,1,35.00,35.00,14.0000,
T0002114,1,EDI-005,1,14.00,14.00,4.0000,
T0002114,2,FLO-004,1,38.00,38.00,15.0000,
T0002114,3,FLO-001,1,35.00,31.50,14.0000,
T0002115,1,VAP-001,1,55.00,55.00,22.0000,
T0002115,2,EDI-002,1,22.00,22.00,7.0000,
T0002115,3,PRE-004,1,35.00,35.00,12.0000,
T0002116,1,FLO-005,3,38.00,34.20,15.5000,
T0002116,2,FLO-007,1,32.00,32.00,13.0000,
T0002116,3,ACC-003,1,22.00,22.00,6.0000,
T0002117,1,PRE-005,1,6.00,6.00,1.8000,
T0002117,2,PRE-002,1,10.00,10.00,3.4000,
T0002118,1,ACC-002,1,3.00,3.00,0.6000,
T0002118,2,FLO-008,1,32.00,32.00,13.5000,
T0002119,1,VAP-005,1,28.00,28.00,9.0000,
T0002119,2,PRE-002,2,10.00,10.00,3.4000,
T0002119,3,PRE-004,1,35.00,35.00,12.0000,
T0002120,1,CON-002,1,45.00,45.00,18.0000,
T0002120,2,FLO-010,1,45.00,45.00,18.0000,
T0002121,1,EDI-001,1,20.00,20.00,6.0000,
T0002121,2,ACC-003,1,22.00,22.00,6.0000,
T0002122,1,FLO-004,1,38.00,34.20,15.0000,
T0002122,2,EDI-006,1,8.00,8.00,3.0000,
T0002123,1,FLO-002,1,40.00,40.00,16.0000,
T0002123,2,VAP-001,1,55.00,55.00,22.0000,
T0002123,3,PRE-001,1,10.00,10.00,3.2000,
T0002124,1,ACC-002,1,3.00,3.00,0.6000,
T0002125,1,VAP-003,1,32.00,32.00,12.0000,
T0002126,1,EDI-005,1,14.00,14.00,4.0000,
T0002126,2,VAP-003,1,32.00,32.00,12.0000,
T0002127,1,PRE-002,1,10.00,10.00,3.4000,
T0002127,2,EDI-006,1,8.00,8.00,3.0000,
T0002127,3,VAP-005,1,28.00,28.00,9.0000,
T0002128,1,PRE-002,1,10.00,9.00,3.4000,
T0002129,1,EDI-001,1,20.00,20.00,6.0000,
T0002129,2,FLO-005,2,38.00,38.00,15.5000,
T0002129,4,PRE-002,1,10.00,10.00,3.4000,
T0002129,5,PRE-005,1,6.00,6.00,1.8000,
T0002130,1,CON-004,2,55.00,55.00,22.0000,
T0002131,1,PRE-003,1,18.00,14.40,6.0000,
T0002132,1,CON-001,1,75.00,75.00,32.0000,
T0002133,1,FLO-007,1,32.00,32.00,13.0000,
T0002134,1,FLO-001,1,35.00,35.00,14.0000,
T0002134,2,ACC-002,3,3.00,3.00,0.6000,
T0002134,4,EDI-001,2,20.00,20.00,6.0000,
T0002135,1,EDI-001,1,20.00,20.00,6.0000,
T0002135,2,PRE-004,1,35.00,35.00,12.0000,
T0002135,3,FLO-003,2,70.00,70.00,28.0000,
T0002136,1,FLO-001,1,35.00,28.00,14.0000,
T0002136,2,PRE-002,2,10.00,10.00,3.4000,
T0002137,1,VAP-003,2,32.00,32.00,12.0000,
T0002138,1,PRE-003,1,18.00,18.00,6.0000,
T0002138,2,ACC-002,1,3.00,3.00,0.6000,
T0002138,3,PRE-005,1,6.00,6.00,1.8000,
T0002139,1,EDI-005,1,14.00,14.00,4.0000,
T0002139,2,FLO-005,2,38.00,38.00,15.5000,
T0002139,4,EDI-001,1,20.00,20.00,6.0000,
T0002139,5,FLO-001,1,35.00,35.00,14.0000,
T0002140,1,PRE-002,1,10.00,10.00,3.4000,
T0002141,1,FLO-004,2,38.00,38.00,15.0000,
T0002142,1,FLO-007,1,32.00,32.00,13.0000,
T0002143,1,EDI-005,2,14.00,14.00,4.0000,
T0002143,2,PRE-001,1,10.00,10.00,3.2000,
T0002144,1,TOP-001,1,35.00,35.00,12.0000,
T0002145,1,PRE-001,2,10.00,10.00,3.2000,
T0002145,2,FLO-008,1,32.00,32.00,13.5000,
T0002145,3,FLO-001,2,35.00,35.00,14.0000,
T0002146,1,FLO-004,2,38.00,38.00,15.0000,
T0002147,1,EDI-001,1,20.00,20.00,6.0000,
T0002148,1,PRE-005,1,6.00,5.40,1.8000,
T0002149,1,FLO-007,1,32.00,32.00,13.0000,
T0002149,2,PRE-005,1,6.00,6.00,1.8000,
T0002150,1,EDI-002,2,22.00,22.00,7.0000,
T0002150,2,PRE-003,1,18.00,18.00,6.0000,
T0002151,1,FLO-001,2,35.00,35.00,14.0000,
T0002151,2,PRE-005,1,6.00,6.00,1.8000,
T0002151,3,PRE-002,1,10.00,10.00,3.4000,
T0002152,1,PRE-005,2,6.00,6.00,1.8000,
T0002153,1,FLO-004,1,38.00,34.20,15.0000,
T0002154,1,ACC-002,1,3.00,2.40,0.6000,
T0002154,2,FLO-001,2,35.00,31.50,14.0000,
T0002155,1,VAP-003,1,32.00,32.00,12.0000,
T0002156,1,FLO-010,1,45.00,45.00,18.0000,
T0002156,2,PRE-002,2,10.00,10.00,3.4000,
T0002157,1,CON-003,1,30.00,27.00,12.0000,
T0002158,1,FLO-008,1,32.00,32.00,13.5000,
T0002158,2,ACC-004,1,2.00,1.60,0.4000,
T0002159,1,FLO-001,1,35.00,35.00,14.0000,
T0002160,1,TIN-002,2,45.00,36.00,16.0000,
T0002160,2,ACC-005,1,12.00,12.00,2.5000,
T0002160,3,EDI-002,1,22.00,17.60,7.0000,
T0002160,4,TOP-002,1,24.00,24.00,9.0000,
T0002161,1,CON-001,2,75.00,75.00,32.0000,
T0002162,1,EDI-006,1,8.00,8.00,3.0000,
T0002163,1,FLO-005,1,38.00,38.00,15.5000,
T0002163,2,ACC-003,1,22.00,22.00,6.0000,
T0002163,3,VAP-002,1,40.00,40.00,14.0000,
T0002164,1,EDI-005,2,14.00,14.00,4.0000,
T0002165,1,PRE-004,2,35.00,31.50,12.0000,
T0002165,2,CON-002,1,45.00,45.00,18.0000,
T0002165,3,EDI-001,1,20.00,20.00,6.0000,
T0002165,4,FLO-007,1,32.00,32.00,13.0000,
T0002165,5,VAP-001,3,55.00,55.00,22.0000,
T0002166,1,FLO-002,1,40.00,32.00,16.0000,
T0002166,2,PRE-004,1,35.00,35.00,12.0000,
T0002167,1,VAP-004,1,60.00,60.00,24.0000,
T0002167,2,EDI-004,2,25.00,25.00,7.5000,
T0002168,1,VAP-001,1,55.00,55.00,22.0000,
T0002169,1,ACC-003,1,22.00,22.00,6.0000,
T0002169,2,VAP-002,1,40.00,40.00,14.0000,
T0002169,3,PRE-003,1,18.00,18.00,6.0000,
T0002170,1,ACC-003,1,22.00,22.00,6.0000,
T0002170,2,PRE-003,3,18.00,18.00,6.0000,
T0002171,1,FLO-005,1,38.00,38.00,15.5000,
T0002171,2,FLO-001,1,35.00,35.00,14.0000,
T0002171,3,PRE-001,1,10.00,10.00,3.2000,
T0002171,4,EDI-003,2,20.00,20.00,6.5000,
T0002172,1,TOP-002,1,24.00,24.00,9.0000,
T0002173,1,FLO-010,1,45.00,45.00,18.0000,
T0002174,1,PRE-005,1,6.00,6.00,1.8000,
T0002174,2,VAP-002,1,40.00,40.00,14.0000,
T0002175,1,FLO-004,1,38.00,38.00,15.0000,
T0002175,2,PRE-005,1,6.00,5.40,1.8000,
T0002176,1,FLO-010,1,45.00,45.00,18.0000,
T0002176,2,FLO-001,1,35.00,35.00,14.0000,
T0002177,1,FLO-001,1,35.00,35.00,14.0000,
T0002178,1,EDI-003,1,20.00,20.00,6.5000,
T0002178,2,EDI-001,3,20.00,18.00,6.0000,
T0002178,3,FLO-005,1,38.00,38.00,15.5000,
T0002178,4,VAP-006,2,15.00,15.00,4.0000,
T0002178,5,EDI-006,2,8.00,8.00,3.0000,
T0002179,1,VAP-005,1,28.00,28.00,9.0000,
T0002179,2,FLO-008,1,32.00,28.80,13.5000,
T0002179,3,VAP-002,1,40.00,40.00,14.0000,
T0002180,1,EDI-001,1,20.00,20.00,6.0000,
T0002180,2,ACC-004,3,2.00,2.00,0.4000,
T0002180,3,EDI-002,1,22.00,22.00,7.0000,
T0002180,4,VAP-005,1,28.00,28.00,9.0000,
T0002180,5,FLO-005,1,38.00,34.20,15.5000,
T0002181,1,TIN-001,2,50.00,50.00,18.0000,
T0002181,2,PRE-001,1,10.00,10.00,3.2000,
T0002181,3,FLO-006,2,120.00,120.00,52.0000,
T0002182,1,PRE-001,1,10.00,10.00,3.2000,
T0002182,2,PRE-005,1,6.00,6.00,1.8000,
T0002183,1,VAP-001,1,55.00,55.00,22.0000,
T0002183,2,PRE-001,1,10.00,10.00,3.2000,
T0002184,1,PRE-005,3,6.00,6.00,1.8000,
T0002184,2,VAP-005,1,28.00,28.00,9.0000,
T0002184,3,FLO-004,1,38.00,38.00,15.0000,
T0002185,1,EDI-005,1,14.00,12.60,4.0000,
T0002186,1,EDI-004,1,25.00,25.00,7.5000,
T0002187,1,PRE-003,1,18.00,18.00,6.0000,
T0002188,1,VAP-003,1,32.00,32.00,12.0000,
T0002188,2,PRE-001,1,10.00,10.00,3.2000,
T0002188,3,FLO-005,2,38.00,38.00,15.5000,
T0002189,1,ACC-004,1,2.00,2.00,0.4000,
T0002190,1,EDI-005,1,14.00,14.00,4.0000,
T0002191,1,FLO-004,1,38.00,38.00,15.0000,
T0002192,1,FLO-001,1,35.00,35.00,14.0000,
T0002192,2,VAP-005,1,28.00,22.40,9.0000,
T0002192,3,FLO-005,1,38.00,30.40,15.5000,
T0002192,4,ACC-004,1,2.00,1.60,0.4000,
T0002193,1,PRE-001,2,10.00,10.00,3.2000,
T0002193,2,PRE-002,2,10.00,10.00,3.4000,
T0002194,1,ACC-004,1,2.00,2.00,0.4000,
T0002194,2,FLO-006,1,120.00,120.00,52.0000,
T0002195,1,VAP-006,1,15.00,15.00,4.0000,
T0002196,1,FLO-001,1,35.00,35.00,14.0000,
T0002196,2,EDI-004,1,25.00,25.00,7.5000,
T0002197,1,EDI-004,2,25.00,20.00,7.5000,
T0002197,2,FLO-008,2,32.00,32.00,13.5000,
T0002197,3,VAP-004,1,60.00,60.00,24.0000,
T0002198,1,PRE-001,2,10.00,10.00,3.2000,
T0002199,1,FLO-004,1,38.00,38.00,15.0000,
T0002200,1,VAP-002,2,40.00,40.00,14.0000,
T0002200,2,FLO-002,2,40.00,40.00,16.0000,
T0002201,1,FLO-009,1,210.00,210.00,95.0000,
T0002201,2,PRE-002,1,10.00,10.00,3.4000,
T0002201,3,PRE-003,1,18.00,18.00,6.0000,
T0002201,4,ACC-001,1,20.00,20.00,5.0000,
T0002202,1,ACC-004,1,2.00,2.00,0.4000,
T0002202,2,EDI-002,2,22.00,17.60,7.0000,
T0002202,3,PRE-001,1,10.00,8.00,3.2000,
T0002202,4,FLO-002,1,40.00,40.00,16.0000,
T0002203,1,VAP-002,3,40.00,40.00,14.0000,
T0002203,2,VAP-003,1,32.00,32.00,12.0000,
T0002203,3,FLO-001,1,35.00,35.00,14.0000,
T0002204,1,FLO-002,2,40.00,40.00,16.0000,
T0002204,2,CON-002,1,45.00,45.00,18.0000,
T0002205,1,FLO-001,1,35.00,35.00,14.0000,
T0002205,2,ACC-004,1,2.00,2.00,0.4000,
T0002206,1,FLO-001,3,35.00,31.50,14.0000,
T0002207,1,CON-002,1,45.00,45.00,18.0000,
T0002207,2,EDI-006,1,8.00,8.00,3.0000,
T0002208,1,FLO-008,1,32.00,32.00,13.5000,
T0002208,2,PRE-002,1,10.00,10.00,3.4000,
T0002209,1,FLO-002,2,40.00,40.00,16.0000,
T0002209,2,ACC-002,2,3.00,3.00,0.6000,
T0002209,3,EDI-003,1,20.00,20.00,6.5000,
T0002210,1,VAP-005,1,28.00,25.20,9.0000,
T0002210,2,EDI-004,1,25.00,20.00,7.5000,
T0002211,1,VAP-002,1,40.00,40.00,14.0000,
T0002211,2,EDI-003,1,20.00,20.00,6.5000,
T0002211,3,PRE-005,3,6.00,6.00,1.8000,
T0002212,1,PRE-002,1,10.00,10.00,3.4000,
T0002213,1,FLO-001,1,35.00,35.00,14.0000,
T0002213,2,ACC-002,3,3.00,3.00,0.6000,
T0002213,3,EDI-005,1,14.00,14.00,4.0000,
T0002213,4,FLO-004,1,38.00,38.00,15.0000,
T0002214,1,PRE-001,1,10.00,10.00,3.2000,
T0002214,2,FLO-001,1,35.00,28.00,14.0000,
T0002215,1,EDI-001,2,20.00,20.00,6.0000,
T0002215,2,ACC-004,1,2.00,2.00,0.4000,
T0002216,1,VAP-004,1,60.00,60.00,24.0000,
T0002216,2,ACC-004,2,2.00,1.60,0.4000,
T0002216,3,FLO-006,1,120.00,120.00,52.0000,
T0002217,1,PRE-001,1,10.00,10.00,3.2000,
T0002217,2,VAP-003,1,32.00,32.00,12.0000,
T0002218,1,ACC-002,1,3.00,3.00,0.6000,
T0002218,2,VAP-003,1,32.00,32.00,12.0000,
T0002219,1,VAP-003,1,32.00,32.00,12.0000,
T0002220,1,PRE-005,1,6.00,6.00,1.8000,
T0002220,2,EDI-004,1,25.00,22.50,7.5000,
T0002220,3,ACC-004,1,2.00,2.00,0.4000,
T0002221,1,VAP-006,1,15.00,15.00,4.0000,
T0002222,1,CON-001,2,75.00,75.00,32.0000,
T0002222,2,VAP-002,1,40.00,40.00,14.0000,
T0002222,3,FLO-006,2,120.00,120.00,52.0000,
T0002222,4,FLO-005,1,38.00,38.00,15.5000,
T0002223,1,FLO-004,2,38.00,38.00,15.0000,
T0002223,2,PRE-001,3,10.00,10.00,3.2000,
T0002224,1,PRE-001,2,10.00,10.00,3.2000,
T0002224,2,VAP-005,1,28.00,28.00,9.0000,
T0002225,1,EDI-002,1,22.00,22.00,7.0000,
T0002225,2,CON-003,2,30.00,30.00,12.0000,
T0002226,1,PRE-003,1,18.00,18.00,6.0000,
T0002227,1,FLO-001,1,35.00,35.00,14.0000,
T0002228,1,FLO-007,1,32.00,32.00,13.0000,
T0002229,1,PRE-004,2,35.00,35.00,12.0000,
T0002229,2,VAP-001,1,55.00,55.00,22.0000,
T0002230,1,VAP-005,1,28.00,28.00,9.0000,
T0002230,2,PRE-004,1,35.00,35.00,12.0000,
T0002230,3,FLO-002,1,40.00,40.00,16.0000,
T0002231,1,VAP-006,1,15.00,15.00,4.0000,
T0002231,2,EDI-001,1,20.00,20.00,6.0000,
T0002231,3,VAP-003,1,32.00,32.00,12.0000,
T0002231,4,CON-002,1,45.00,45.00,18.0000,
T0002232,1,ACC-002,1,3.00,3.00,0.6000,
T0002232,2,PRE-001,2,10.00,10.00,3.2000,
T0002232,3,EDI-001,1,20.00,20.00,6.0000,
T0002233,1,PRE-001,1,10.00,10.00,3.2000,
T0002233,2,VAP-001,1,55.00,55.00,22.0000,
T0002233,3,PRE-005,1,6.00,6.00,1.8000,
T0002233,4,TIN-002,1,45.00,45.00,16.0000,
T0002234,1,ACC-003,2,22.00,22.00,6.0000,
T0002234,2,EDI-004,1,25.00,22.50,7.5000,
T0002235,1,CON-004,1,55.00,55.00,22.0000,
T0002236,1,CON-002,1,45.00,45.00,18.0000,
T0002236,2,EDI-005,1,14.00,14.00,4.0000,
T0002236,3,VAP-001,1,55.00,55.00,22.0000,
T0002236,4,VAP-002,2,40.00,40.00,14.0000,
T0002237,1,EDI-001,2,20.00,20.00,6.0000,
T0002238,1,PRE-005,1,6.00,6.00,1.8000,
T0002239,1,CON-004,1,55.00,49.50,22.0000,
T0002240,1,VAP-001,1,55.00,49.50,22.0000,
T0002240,2,ACC-004,1,2.00,2.00,0.4000,
T0002240,3,ACC-001,1,20.00,20.00,5.0000,
T0002240,4,VAP-002,1,40.00,40.00,14.0000,
T0002241,1,FLO-002,2,40.00,40.00,16.0000,
T0002242,1,ACC-001,1,20.00,20.00,5.0000,
T0002243,1,VAP-001,1,55.00,55.00,22.0000,
T0002244,1,FLO-003,1,70.00,70.00,28.0000,
T0002244,2,FLO-002,1,40.00,40.00,16.0000,
T0002245,1,FLO-002,1,40.00,40.00,16.0000,
T0002246,1,PRE-001,2,10.00,10.00,3.2000,
T0002246,2,PRE-004,1,35.00,35.00,12.0000,
T0002246,3,EDI-006,1,8.00,8.00,3.0000,
T0002246,4,EDI-003,1,20.00,20.00,6.5000,
T0002246,5,PRE-003,1,18.00,18.00,6.0000,
T0002247,1,ACC-004,2,2.00,2.00,0.4000,
T0002247,2,EDI-002,1,22.00,22.00,7.0000,
T0002248,1,VAP-004,1,60.00,60.00,24.0000,
T0002248,2,FLO-004,1,38.00,38.00,15.0000,
T0002248,3,EDI-003,3,20.00,20.00,6.5000,
T0002248,4,PRE-003,1,18.00,18.00,6.0000,
T0002249,1,VAP-005,1,28.00,28.00,9.0000,
T0002249,2,CON-002,1,45.00,45.00,18.0000,
T0002250,1,PRE-005,2,6.00,5.40,1.8000,
T0002250,2,FLO-001,2,35.00,35.00,14.0000,
T0002251,1,EDI-004,1,25.00,25.00,7.5000,
T0002252,1,TIN-001,1,50.00,50.00,18.0000,
T0002253,1,EDI-007,1,18.00,18.00,6.0000,
T0002254,1,EDI-005,3,14.00,14.00,4.0000,
T0002254,2,FLO-007,1,32.00,32.00,13.0000,
T0002255,1,ACC-004,1,2.00,2.00,0.4000,
T0002256,1,FLO-008,2,32.00,32.00,13.5000,
T0002256,2,TOP-001,1,35.00,35.00,12.0000,
T0002257,1,FLO-008,1,32.00,32.00,13.5000,
T0002257,2,VAP-005,1,28.00,28.00,9.0000,
T0002257,3,PRE-001,1,10.00,10.00,3.2000,
T0002258,1,VAP-002,2,40.00,40.00,14.0000,
T0002259,1,EDI-001,1,20.00,20.00,6.0000,
T0002259,2,VAP-004,1,60.00,60.00,24.0000,
T0002259,3,ACC-003,1,22.00,22.00,6.0000,
T0002259,4,PRE-005,1,6.00,6.00,1.8000,
T0002260,1,PRE-004,1,35.00,35.00,12.0000,
T0002261,1,PRE-001,1,10.00,10.00,3.2000,
T0002261,2,PRE-004,1,35.00,31.50,12.0000,
T0002262,1,VAP-006,1,15.00,15.00,4.0000,
T0002262,2,PRE-003,3,18.00,18.00,6.0000,
T0002262,3,PRE-002,1,10.00,10.00,3.4000,
T0002262,4,FLO-005,2,38.00,38.00,15.5000,
T0002263,1,ACC-002,1,3.00,2.70,0.6000,
T0002264,1,FLO-004,1,38.00,30.40,15.0000,
T0002264,2,PRE-002,1,10.00,8.00,3.4000,
T0002265,1,EDI-007,1,18.00,18.00,6.0000,
T0002266,1,VAP-004,1,60.00,60.00,24.0000,
T0002267,1,EDI-006,1,8.00,8.00,3.0000,
T0002268,1,EDI-002,1,22.00,22.00,7.0000,
T0002269,1,EDI-003,1,20.00,20.00,6.5000,
T0002269,2,ACC-002,1,3.00,3.00,0.6000,
T0002270,1,VAP-005,1,28.00,28.00,9.0000,
T0002271,1,PRE-005,1,6.00,6.00,1.8000,
T0002271,2,PRE-001,1,10.00,10.00,3.2000,
T0002271,3,EDI-001,2,20.00,20.00,6.0000,
T0002272,1,FLO-008,3,32.00,32.00,13.5000,
T0002273,1,EDI-007,1,18.00,18.00,6.0000,
T0002273,2,EDI-002,1,22.00,22.00,7.0000,
T0002273,3,PRE-005,1,6.00,6.00,1.8000,
T0002274,1,EDI-004,1,25.00,25.00,7.5000,
T0002274,2,FLO-002,1,40.00,40.00,16.0000,
T0002274,3,CON-003,1,30.00,27.00,12.0000,
T0002275,1,ACC-004,1,2.00,2.00,0.4000,
T0002276,1,FLO-003,3,70.00,70.00,28.0000,
T0002277,1,ACC-004,3,2.00,2.00,0.4000,
T0002278,1,TOP-001,1,35.00,35.00,12.0000,
T0002279,1,EDI-002,2,22.00,22.00,7.0000,
T0002279,2,VAP-004,1,60.00,60.00,24.0000,
T0002279,3,PRE-005,1,6.00,6.00,1.8000,
T0002279,4,EDI-007,1,18.00,18.00,6.0000,
T0002280,1,PRE-002,3,10.00,8.00,3.4000,
T0002280,2,FLO-002,1,40.00,32.00,16.0000,
T0002281,1,PRE-001,1,10.00,10.00,3.2000,
T0002281,2,PRE-002,1,10.00,10.00,3.4000,
T0002281,3,EDI-004,1,25.00,25.00,7.5000,
T0002282,1,VAP-002,1,40.00,40.00,14.0000,
T0002283,1,VAP-003,1,32.00,32.00,12.0000,
T0002283,2,PRE-003,1,18.00,18.00,6.0000,
T0002284,1,PRE-004,2,35.00,28.00,12.0000,
T0002284,2,ACC-004,1,2.00,2.00,0.4000,
T0002285,1,PRE-002,1,10.00,10.00,3.4000,
T0002285,2,VAP-003,1,32.00,32.00,12.0000,
T0002286,1,PRE-003,2,18.00,18.00,6.0000,
T0002286,2,EDI-007,1,18.00,18.00,6.0000,
T0002287,1,FLO-007,1,32.00,32.00,13.0000,
T0002288,1,FLO-001,1,35.00,35.00,14.0000,
T0002288,2,ACC-002,1,3.00,3.00,0.6000,
T0002288,3,EDI-001,2,20.00,20.00,6.0000,
T0002288,4,VAP-003,1,32.00,32.00,12.0000,
T0002289,1,PRE-002,1,10.00,10.00,3.4000,
T0002289,2,FLO-002,1,40.00,40.00,16.0000,
T0002289,3,PRE-005,1,6.00,6.00,1.8000,
T0002289,4,PRE-001,1,10.00,10.00,3.2000,
T0002290,1,PRE-004,1,35.00,35.00,12.0000,
T0002291,1,FLO-006,1,120.00,96.00,52.0000,
T0002291,2,FLO-001,1,35.00,28.00,14.0000,
T0002291,3,ACC-002,1,3.00,3.00,0.6000,
T0002292,1,FLO-004,2,38.00,38.00,15.0000,
T0002293,1,VAP-002,2,40.00,40.00,14.0000,
T0002293,2,FLO-008,1,32.00,32.00,13.5000,
T0002294,1,PRE-005,2,6.00,5.40,1.8000,
T0002294,2,ACC-004,1,2.00,2.00,0.4000,
T0002295,1,FLO-007,1,32.00,28.80,13.0000,
T0002295,2,ACC-004,1,2.00,2.00,0.4000,
T0002295,3,PRE-001,1,10.00,10.00,3.2000,
T0002296,1,FLO-007,1,32.00,32.00,13.0000,
T0002297,1,CON-003,1,30.00,30.00,12.0000,
T0002297,2,VAP-001,1,55.00,55.00,22.0000,
T0002298,1,EDI-006,1,8.00,8.00,3.0000,
T0002299,1,PRE-004,1,35.00,35.00,12.0000,
T0002299,2,PRE-001,1,10.00,10.00,3.2000,
T0002299,3,EDI-006,1,8.00,8.00,3.0000,
T0002300,1,PRE-001,1,10.00,9.00,3.2000,
T0002301,1,CON-002,1,45.00,45.00,18.0000,
T0002302,1,PRE-001,1,10.00,10.00,3.2000,
T0002302,2,FLO-001,1,35.00,35.00,14.0000,
T0002302,3,PRE-003,1,18.00,18.00,6.0000,
T0002302,4,ACC-002,1,3.00,3.00,0.6000,
T0002303,1,PRE-001,1,10.00,10.00,3.2000,
T0002303,2,PRE-004,3,35.00,35.00,12.0000,
T0002304,1,FLO-001,1,35.00,35.00,14.0000,
T0002304,2,EDI-007,2,18.00,18.00,6.0000,
T0002305,1,EDI-001,3,20.00,20.00,6.0000,
T0002306,1,PRE-004,1,35.00,35.00,12.0000,
T0002306,2,PRE-001,1,10.00,10.00,3.2000,
T0002306,4,VAP-003,1,32.00,32.00,12.0000,
T0002307,1,FLO-010,1,45.00,45.00,18.0000,
T0002307,2,FLO-002,1,40.00,40.00,16.0000,
T0002307,3,PRE-002,1,10.00,10.00,3.4000,
T0002308,1,EDI-001,1,20.00,20.00,6.0000,
T0002308,2,ACC-002,1,3.00,3.00,0.6000,
T0002309,1,PRE-005,1,6.00,6.00,1.8000,
T0002309,2,PRE-001,2,10.00,10.00,3.2000,
T0002310,1,EDI-005,1,14.00,14.00,4.0000,
T0002311,1,ACC-004,1,2.00,2.00,0.4000,
T0002312,1,EDI-003,2,20.00,20.00,6.5000,
T0002312,3,FLO-002,1,40.00,32.00,16.0000,
T0002313,1,VAP-001,1,55.00,55.00,22.0000,
T0002313,2,VAP-005,1,28.00,28.00,9.0000,
T0002314,1,VAP-002,1,40.00,40.00,14.0000,
T0002314,3,PRE-001,1,10.00,10.00,3.2000,
T0002315,1,EDI-001,1,20.00,20.00,6.0000,
T0002315,2,CON-002,1,45.00,45.00,18.0000,
T0002315,3,CON-004,1,55.00,55.00,22.0000,
T0002316,1,FLO-008,3,32.00,32.00,13.5000,
T0002316,2,FLO-003,2,70.00,70.00,28.0000,
T0002317,1,ACC-004,1,2.00,2.00,0.4000,
T0002318,1,PRE-002,1,10.00,9.00,3.4000,
T0002319,1,CON-002,1,45.00,45.00,18.0000,
T0002319,2,PRE-005,1,6.00,6.00,1.8000,
T0002320,1,VAP-004,1,60.00,48.00,24.0000,
T0002320,2,VAP-001,2,55.00,55.00,22.0000,
T0002320,4,VAP-003,1,32.00,28.80,12.0000,
T0002321,1,FLO-010,1,45.00,45.00,18.0000,
T0002322,1,EDI-001,1,20.00,20.00,6.0000,
T0002323,1,VAP-002,1,40.00,40.00,14.0000,
T0002324,1,PRE-001,2,10.00,10.00,3.2000,
T0002324,2,PRE-005,1,6.00,6.00,1.8000,
T0002325,1,FLO-008,1,32.00,32.00,13.5000,
T0002325,2,VAP-003,1,32.00,32.00,12.0000,
T0002325,3,ACC-004,1,2.00,2.00,0.4000,
T0002326,1,EDI-001,2,20.00,20.00,6.0000,
T0002327,1,EDI-006,2,8.00,8.00,3.0000,
T0002327,2,PRE-005,1,6.00,6.00,1.8000,
T0002328,1,EDI-004,1,25.00,20.00,7.5000,
T0002328,2,VAP-005,2,28.00,22.40,9.0000,
T0002328,3,ACC-004,1,2.00,2.00,0.4000,
T0002329,1,ACC-003,1,22.00,22.00,6.0000,
T0002329,2,FLO-002,1,40.00,40.00,16.0000,
T0002329,3,PRE-001,1,10.00,10.00,3.2000,
T0002329,4,VAP-002,1,40.00,40.00,14.0000,
T0002330,1,PRE-003,1,18.00,18.00,6.0000,
T0002330,2,PRE-005,1,6.00,6.00,1.8000,
T0002330,3,VAP-006,1,15.00,15.00,4.0000,
T0002331,1,VAP-005,1,28.00,28.00,9.0000,
T0002332,1,FLO-007,1,32.00,32.00,13.0000,
T0002332,2,CON-002,2,45.00,45.00,18.0000,
T0002333,1,PRE-003,1,18.00,18.00,6.0000,
T0002334,1,CON-002,2,45.00,36.00,18.0000,
T0002335,1,PRE-001,2,10.00,10.00,3.2000,
T0002335,2,PRE-005,1,6.00,6.00,1.8000,
T0002335,4,EDI-003,1,20.00,20.00,6.5000,
T0002336,1,VAP-001,1,55.00,55.00,22.0000,
T0002337,1,FLO-001,1,35.00,35.00,14.0000,
T0002337,2,EDI-006,3,8.00,8.00,3.0000,
T0002337,3,PRE-005,1,6.00,6.00,1.8000,
T0002337,4,FLO-002,1,40.00,40.00,16.0000,
T0002338,1,CON-001,1,75.00,75.00,32.0000,
T0002338,2,EDI-001,1,20.00,20.00,6.0000,
T0002339,1,EDI-006,2,8.00,8.00,3.0000,
T0002339,2,VAP-003,1,32.00,32.00,12.0000,
T0002340,1,EDI-001,1,20.00,20.00,6.0000,
T0002341,1,PRE-001,3,10.00,10.00,3.2000,
T0002341,2,EDI-005,1,14.00,14.00,4.0000,
T0002341,3,VAP-003,1,32.00,32.00,12.0000,
T0002342,1,CON-003,1,30.00,30.00,12.0000,
T0002343,1,ACC-004,1,2.00,2.00,0.4000,
T0002343,2,VAP-001,3,55.00,55.00,22.0000,
T0002343,3,EDI-005,1,14.00,14.00,4.0000,
T0002344,1,PRE-004,1,35.00,35.00,12.0000,
T0002344,2,FLO-007,1,32.00,25.60,13.0000,
T0002345,1,CON-004,1,55.00,55.00,22.0000,
T0002345,2,FLO-008,1,32.00,32.00,13.5000,
T0002346,1,VAP-005,2,28.00,28.00,9.0000,
T0002346,2,CON-001,1,75.00,75.00,32.0000,
T0002347,1,ACC-002,1,3.00,3.00,0.6000,
T0002347,2,VAP-002,2,40.00,40.00,14.0000,
T0002348,1,VAP-002,1,40.00,40.00,14.0000,
T0002349,1,PRE-005,1,6.00,6.00,1.8000,
T0002350,1,FLO-002,1,40.00,36.00,16.0000,
T0002350,2,FLO-006,1,120.00,120.00,52.0000,
T0002350,3,EDI-005,1,14.00,14.00,4.0000,
T0002351,1,PRE-001,1,10.00,10.00,3.2000,
T0002352,1,EDI-004,2,25.00,25.00,7.5000,
T0002353,1,FLO-001,1,35.00,35.00,14.0000,
T0002353,2,ACC-004,1,2.00,2.00,0.4000,
T0002353,3,FLO-002,1,40.00,40.00,16.0000,
T0002353,4,EDI-006,2,8.00,8.00,3.0000,
T0002354,1,ACC-004,2,2.00,2.00,0.4000,
T0002354,2,PRE-004,1,35.00,35.00,12.0000,
T0002355,1,VAP-005,1,28.00,28.00,9.0000,
T0002355,2,VAP-006,1,15.00,15.00,4.0000,
T0002356,1,ACC-004,3,2.00,2.00,0.4000,
T0002357,1,FLO-008,3,32.00,25.60,13.5000,
T0002357,2,EDI-002,1,22.00,22.00,7.0000,
T0002357,3,VAP-003,1,32.00,32.00,12.0000,
T0002358,1,ACC-003,2,22.00,22.00,6.0000,
T0002358,2,PRE-005,1,6.00,6.00,1.8000,
T0002359,1,EDI-002,1,22.00,22.00,7.0000,
T0002359,2,VAP-005,1,28.00,28.00,9.0000,
T0002360,1,PRE-001,1,10.00,10.00,3.2000,
T0002360,2,FLO-006,2,120.00,120.00,52.0000,
T0002360,3,EDI-007,2,18.00,18.00,6.0000,
T0002360,4,EDI-004,1,25.00,25.00,7.5000,
T0002361,1,ACC-005,1,12.00,10.80,2.5000,
T0002362,1,PRE-001,1,10.00,10.00,3.2000,
T0002362,2,VAP-002,1,40.00,40.00,14.0000,
T0002362,4,VAP-006,1,15.00,15.00,4.0000,
T0002363,1,FLO-003,1,70.00,70.00,28.0000,
T0002364,1,EDI-001,1,20.00,20.00,6.0000,
T0002364,2,EDI-004,1,25.00,20.00,7.5000,
T0002365,1,TIN-001,3,50.00,40.00,18.0000,
T0002365,2,EDI-003,1,20.00,20.00,6.5000,
T0002365,3,EDI-001,1,20.00,20.00,6.0000,
T0002366,1,ACC-004,1,2.00,2.00,0.4000,
T0002367,1,VAP-002,1,40.00,40.00,14.0000,
T0002368,1,VAP-001,1,55.00,55.00,22.0000,
T0002369,1,FLO-004,1,38.00,38.00,15.0000,
T0002369,2,VAP-002,1,40.00,32.00,14.0000,
T0002369,4,PRE-001,1,10.00,10.00,3.2000,
T0002370,1,CON-001,1,75.00,75.00,32.0000,
T0002371,1,FLO-001,2,35.00,28.00,14.0000,
T0002371,2,PRE-005,1,6.00,4.80,1.8000,
T0002372,1,FLO-001,2,35.00,35.00,14.0000,
T0002372,2,ACC-004,1,2.00,2.00,0.4000,
T0002373,1,EDI-005,1,14.00,14.00,4.0000,
T0002373,2,ACC-004,2,2.00,2.00,0.4000,
T0002374,1,ACC-004,1,2.00,1.60,0.4000,
T0002374,2,FLO-001,1,35.00,35.00,14.0000,
T0002375,1,EDI-006,2,8.00,7.20,3.0000,
T0002376,1,FLO-004,1,38.00,38.00,15.0000,
T0002377,1,ACC-004,1,2.00,1.80,0.4000,
T0002377,3,VAP-001,1,55.00,55.00,22.0000,
T0002378,1,VAP-005,1,28.00,28.00,9.0000,
T0002378,2,ACC-002,1,3.00,3.00,0.6000,
T0002379,1,VAP-005,1,28.00,28.00,9.0000,
T0002379,2,CON-003,1,30.00,30.00,12.0000,
T0002380,1,VAP-006,1,15.00,15.00,4.0000,
T0002381,1,PRE-005,1,6.00,6.00,1.8000,
T0002381,2,VAP-006,3,15.00,15.00,4.0000,
T0002382,1,FLO-001,1,35.00,35.00,14.0000,
T0002382,2,VAP-002,1,40.00,40.00,14.0000,
T0002382,3,PRE-003,1,18.00,18.00,6.0000,
T0002383,1,EDI-001,1,20.00,20.00,6.0000,
T0002383,2,ACC-004,1,2.00,2.00,0.4000,
T0002383,3,FLO-001,1,35.00,31.50,14.0000,
T0002384,1,CON-002,1,45.00,45.00,18.0000,
T0002385,1,FLO-010,1,45.00,45.00,18.0000,
T0002386,1,VAP-003,1,32.00,32.00,12.0000,
T0002386,2,PRE-002,1,10.00,10.00,3.4000,
T0002386,3,PRE-005,1,6.00,6.00,1.8000,
T0002387,1,EDI-006,1,8.00,7.20,3.0000,
T0002387,2,EDI-001,1,20.00,20.00,6.0000,
T0002387,3,VAP-001,1,55.00,44.00,22.0000,
T0002388,1,PRE-002,1,10.00,10.00,3.4000,
T0002389,1,CON-002,1,45.00,45.00,18.0000,
T0002389,2,FLO-005,1,38.00,38.00,15.5000,
T0002390,1,EDI-006,1,8.00,8.00,3.0000,
T0002391,1,EDI-002,1,22.00,22.00,7.0000,
T0002392,1,VAP-005,1,28.00,28.00,9.0000,
T0002393,1,PRE-004,3,35.00,35.00,12.0000,
T0002393,2,PRE-003,1,18.00,18.00,6.0000,
T0002393,3,CON-004,1,55.00,44.00,22.0000,
T0002394,1,VAP-005,1,28.00,28.00,9.0000,
T0002395,1,FLO-002,3,40.00,40.00,16.0000,
T0002396,1,FLO-005,1,38.00,38.00,15.5000,
T0002396,2,ACC-001,1,20.00,20.00,5.0000,
T0002397,1,FLO-010,2,45.00,45.00,18.0000,
T0002397,2,EDI-005,3,14.00,14.00,4.0000,
T0002398,1,PRE-002,1,10.00,10.00,3.4000,
T0002398,2,FLO-010,2,45.00,45.00,18.0000,
T0002398,3,PRE-001,1,10.00,10.00,3.2000,
T0002398,4,EDI-006,1,8.00,8.00,3.0000,
T0002399,1,ACC-004,2,2.00,2.00,0.4000,
T0002399,2,EDI-004,2,25.00,25.00,7.5000,
T0002399,3,FLO-003,1,70.00,70.00,28.0000,
T0002400,1,PRE-002,1,10.00,10.00,3.4000,
T0002401,1,CON-004,1,55.00,55.00,22.0000,
T0002401,2,TIN-001,1,50.00,50.00,18.0000,
T0002402,1,EDI-006,1,8.00,8.00,3.0000,
T0002403,1,PRE-003,1,18.00,18.00,6.0000,
T0002404,1,PRE-004,1,35.00,35.00,12.0000,
T0002405,1,EDI-002,2,22.00,22.00,7.0000,
T0002406,1,VAP-005,1,28.00,28.00,9.0000,
T0002407,1,ACC-004,1,2.00,1.60,0.4000,
T0002407,2,FLO-007,3,32.00,25.60,13.0000,
T0002407,3,PRE-004,1,35.00,35.00,12.0000,
T0002407,4,FLO-001,1,35.00,28.00,14.0000,
T0002408,1,EDI-001,1,20.00,20.00,6.0000,
T0002409,1,FLO-007,1,32.00,32.00,13.0000,
T0002410,1,PRE-005,1,6.00,6.00,1.8000,
T0002411,1,FLO-008,1,32.00,32.00,13.5000,
T0002411,2,FLO-002,1,40.00,40.00,16.0000,
T0002411,3,FLO-005,2,38.00,38.00,15.5000,
T0002412,1,EDI-001,1,20.00,20.00,6.0000,
T0002413,1,FLO-007,1,32.00,32.00,13.0000,
T0002413,2,VAP-001,1,55.00,55.00,22.0000,
T0002414,1,PRE-005,1,6.00,6.00,1.8000,
T0002414,2,FLO-001,2,35.00,35.00,14.0000,
T0002414,3,EDI-007,1,18.00,18.00,6.0000,
T0002415,1,VAP-004,1,60.00,60.00,24.0000,
T0002415,2,ACC-001,1,20.00,20.00,5.0000,
T0002415,3,VAP-005,1,28.00,28.00,9.0000,
T0002416,1,EDI-004,3,25.00,25.00,7.5000,
T0002417,1,VAP-003,1,32.00,32.00,12.0000,
T0002417,2,EDI-006,1,8.00,8.00,3.0000,
T0002417,3,FLO-001,1,35.00,35.00,14.0000,
T0002417,4,ACC-001,1,20.00,20.00,5.0000,
T0002418,1,EDI-004,2,25.00,25.00,7.5000,
T0002419,1,EDI-004,1,25.00,25.00,7.5000,
T0002420,1,FLO-002,2,40.00,40.00,16.0000,
T0002421,1,EDI-004,1,25.00,25.00,7.5000,
T0002421,3,EDI-005,1,14.00,14.00,4.0000,
T0002422,1,FLO-006,1,120.00,120.00,52.0000,
T0002423,1,EDI-003,2,20.00,18.00,6.5000,
T0002423,2,FLO-004,1,38.00,38.00,15.0000,
T0002423,3,PRE-005,1,6.00,6.00,1.8000,
T0002423,4,VAP-004,1,60.00,60.00,24.0000,
T0002424,1,ACC-002,1,3.00,3.00,0.6000,
T0002425,1,PRE-005,1,6.00,6.00,1.8000,
T0002425,2,PRE-001,1,10.00,10.00,3.2000,
T0002426,1,EDI-006,1,8.00,8.00,3.0000,
T0002427,1,VAP-001,1,55.00,49.50,22.0000,
T0002428,1,PRE-002,1,10.00,9.00,3.4000,
T0002429,1,PRE-001,1,10.00,10.00,3.2000,
T0002429,2,CON-003,2,30.00,30.00,12.0000,
T0002429,3,ACC-002,1,3.00,3.00,0.6000,
T0002429,4,VAP-003,1,32.00,32.00,12.0000,
T0002430,1,VAP-003,3,32.00,25.60,12.0000,
T0002431,1,PRE-005,1,6.00,6.00,1.8000,
T0002432,1,EDI-001,1,20.00,20.00,6.0000,
T0002433,1,FLO-005,1,38.00,38.00,15.5000,
T0002433,2,PRE-001,1,10.00,10.00,3.2000,
T0002434,1,EDI-001,1,20.00,20.00,6.0000,
T0002434,2,VAP-003,1,32.00,32.00,12.0000,
T0002435,1,TIN-001,2,50.00,50.00,18.0000,
T0002435,2,FLO-005,2,38.00,38.00,15.5000,
T0002436,1,ACC-002,1,3.00,3.00,0.6000,
T0002436,2,EDI-002,1,22.00,22.00,7.0000,
T0002437,1,PRE-005,1,6.00,6.00,1.8000,
T0002438,1,EDI-005,1,14.00,12.60,4.0000,
T0002439,1,EDI-001,1,20.00,20.00,6.0000,
T0002440,1,CON-002,2,45.00,36.00,18.0000,
T0002441,1,VAP-005,1,28.00,28.00,9.0000,
T0002441,2,PRE-003,2,18.00,16.20,6.0000,
T0002442,1,FLO-001,1,35.00,35.00,14.0000,
T0002443,1,PRE-001,1,10.00,8.00,3.2000,
T0002444,1,CON-004,1,55.00,55.00,22.0000,
T0002445,1,PRE-004,1,35.00,35.00,12.0000,
T0002446,1,PRE-001,1,10.00,10.00,3.2000,
T0002446,2,EDI-002,1,22.00,22.00,7.0000,
T0002447,1,EDI-002,2,22.00,22.00,7.0000,
T0002447,2,PRE-002,1,10.00,9.00,3.4000,
T0002447,3,PRE-003,1,18.00,18.00,6.0000,
T0002448,1,VAP-002,1,40.00,40.00,14.0000,
T0002448,2,FLO-004,1,38.00,38.00,15.0000,
T0002449,1,CON-001,1,75.00,75.00,32.0000,
T0002449,2,PRE-003,1,18.00,16.20,6.0000,
T0002449,3,FLO-008,2,32.00,32.00,13.5000,
T0002450,1,PRE-004,1,35.00,35.00,12.0000,
T0002450,2,EDI-004,2,25.00,25.00,7.5000,
T0002451,1,PRE-002,1,10.00,10.00,3.4000,
T0002451,2,FLO-001,1,35.00,35.00,14.0000,
T0002452,1,EDI-001,1,20.00,20.00,6.0000,
T0002452,2,VAP-002,1,40.00,36.00,14.0000,
T0002453,1,EDI-006,1,8.00,8.00,3.0000,
T0002453,2,PRE-005,1,6.00,6.00,1.8000,
T0002454,1,EDI-003,2,20.00,20.00,6.5000,
T0002455,1,PRE-005,1,6.00,6.00,1.8000,
T0002456,1,EDI-001,1,20.00,20.00,6.0000,
T0002457,1,EDI-004,1,25.00,25.00,7.5000,
T0002458,1,FLO-007,1,32.00,25.60,13.0000,
T0002458,2,VAP-003,1,32.00,32.00,12.0000,
T0002458,3,ACC-004,1,2.00,2.00,0.4000,
T0002459,1,FLO-005,1,38.00,38.00,15.5000,
T0002459,2,FLO-004,1,38.00,38.00,15.0000,
T0002460,1,ACC-004,1,2.00,2.00,0.4000,
T0002460,2,EDI-003,1,20.00,20.00,6.5000,
T0002461,1,PRE-002,1,10.00,10.00,3.4000,
T0002462,1,VAP-003,1,32.00,32.00,12.0000,
T0002462,2,FLO-001,1,35.00,35.00,14.0000,
T0002463,1,FLO-005,2,38.00,38.00,15.5000,
T0002463,2,FLO-004,1,38.00,38.00,15.0000,
T0002464,1,FLO-002,1,40.00,32.00,16.0000,
T0002465,1,EDI-005,1,14.00,14.00,4.0000,
T0002466,1,FLO-001,1,35.00,35.00,14.0000,
T0002467,1,FLO-001,1,35.00,35.00,14.0000,
T0002467,2,VAP-001,1,55.00,55.00,22.0000,
T0002467,3,VAP-002,1,40.00,40.00,14.0000,
T0002468,1,PRE-005,1,6.00,6.00,1.8000,
T0002469,1,EDI-007,3,18.00,18.00,6.0000,
T0002469,2,VAP-006,1,15.00,15.00,4.0000,
T0002470,1,TIN-001,1,50.00,50.00,18.0000,
T0002470,2,EDI-005,1,14.00,14.00,4.0000,
T0002471,1,PRE-004,2,35.00,35.00,12.0000,
T0002472,1,CON-002,1,45.00,45.00,18.0000,
T0002472,2,FLO-007,1,32.00,32.00,13.0000,
T0002473,1,TOP-001,1,35.00,35.00,12.0000,
T0002474,1,EDI-006,1,8.00,8.00,3.0000,
T0002474,2,FLO-001,1,35.00,35.00,14.0000,
T0002475,1,FLO-001,3,35.00,35.00,14.0000,
T0002475,2,EDI-007,1,18.00,18.00,6.0000,
T0002476,1,FLO-007,1,32.00,32.00,13.0000,
T0002476,2,VAP-002,2,40.00,40.00,14.0000,
T0002477,1,VAP-002,2,40.00,36.00,14.0000,
T0002477,2,FLO-002,1,40.00,36.00,16.0000,
T0002477,3,EDI-005,1,14.00,14.00,4.0000,
T0002478,1,FLO-007,2,32.00,32.00,13.0000,
T0002478,2,EDI-001,1,20.00,16.00,6.0000,
T0002478,3,ACC-001,1,20.00,20.00,5.0000,
T0002479,1,VAP-004,1,60.00,60.00,24.0000,
T0002479,2,EDI-002,1,22.00,22.00,7.0000,
T0002479,3,FLO-002,1,40.00,32.00,16.0000,
T0002479,4,EDI-006,2,8.00,8.00,3.0000,
T0002480,1,EDI-002,1,22.00,22.00,7.0000,
T0002481,1,FLO-007,1,32.00,28.80,13.0000,
T0002481,2,CON-001,1,75.00,75.00,32.0000,
T0002482,1,FLO-001,1,35.00,35.00,14.0000,
T0002482,2,EDI-001,1,20.00,18.00,6.0000,
T0002482,3,PRE-003,1,18.00,18.00,6.0000,
T0002483,1,EDI-004,1,25.00,25.00,7.5000,
T0002484,1,EDI-001,1,20.00,20.00,6.0000,
T0002484,2,FLO-002,1,40.00,40.00,16.0000,
T0002485,1,VAP-003,1,32.00,32.00,12.0000,
T0002485,2,PRE-005,1,6.00,6.00,1.8000,
T0002485,3,FLO-001,1,35.00,35.00,14.0000,
T0002485,4,FLO-008,1,32.00,32.00,13.5000,
T0002486,1,EDI-004,2,25.00,25.00,7.5000,
T0002486,2,CON-004,1,55.00,55.00,22.0000,
T0002487,1,EDI-001,1,20.00,20.00,6.0000,
T0002488,1,PRE-002,1,10.00,9.00,3.4000,
T0002488,2,VAP-001,1,55.00,55.00,22.0000,
T0002489,1,EDI-005,1,14.00,14.00,4.0000,
T0002489,2,EDI-006,1,8.00,8.00,3.0000,
T0002489,3,EDI-001,1,20.00,20.00,6.0000,
T0002490,1,VAP-002,2,40.00,40.00,14.0000,
T0002491,1,VAP-005,1,28.00,28.00,9.0000,
T0002491,2,EDI-002,1,22.00,22.00,7.0000,
T0002492,1,PRE-002,1,10.00,10.00,3.4000,
T0002492,2,PRE-003,1,18.00,18.00,6.0000,
T0002493,1,FLO-004,1,38.00,38.00,15.0000,
T0002493,2,CON-001,1,75.00,75.00,32.0000,
T0002494,1,EDI-002,1,22.00,22.00,7.0000,
T0002494,2,EDI-006,2,8.00,8.00,3.0000,
T0002495,1,ACC-004,1,2.00,2.00,0.4000,
T0002495,2,EDI-001,1,20.00,20.00,6.0000,
T0002496,1,FLO-001,1,35.00,35.00,14.0000,
T0002496,2,VAP-005,1,28.00,28.00,9.0000,
T0002497,1,FLO-001,1,35.00,35.00,14.0000,
T0002497,2,ACC-004,1,2.00,2.00,0.4000,
T0002498,1,VAP-003,1,32.00,32.00,12.0000,
T0002498,2,PRE-004,1,35.00,35.00,12.0000,
T0002499,1,VAP-003,1,32.00,32.00,12.0000,
T0002499,2,EDI-001,1,20.00,20.00,6.0000,
T0002499,3,FLO-007,1,32.00,32.00,13.0000,
T0002500,1,EDI-001,1,20.00,18.00,6.0000,
T0002500,2,VAP-006,1,15.00,15.00,4.0000,
T0002501,1,PRE-001,3,10.00,10.00,3.2000,
T0002501,2,FLO-007,1,32.00,32.00,13.0000,
T0002501,3,EDI-003,1,20.00,18.00,6.5000,
T0002502,1,EDI-006,3,8.00,8.00,3.0000,
T0002503,1,EDI-007,1,18.00,18.00,6.0000,
T0002504,1,ACC-002,1,3.00,3.00,0.6000,
T0002504,2,EDI-005,1,14.00,14.00,4.0000,
T0002504,3,VAP-002,1,40.00,40.00,14.0000,
T0002505,1,VAP-002,1,40.00,40.00,14.0000,
T0002505,2,EDI-006,1,8.00,8.00,3.0000,
T0002506,1,ACC-002,1,3.00,3.00,0.6000,
T0002506,2,VAP-002,1,40.00,40.00,14.0000,
T0002506,3,PRE-003,1,18.00,14.40,6.0000,
T0002507,1,VAP-004,1,60.00,60.00,24.0000,
T0002508,1,PRE-002,1,10.00,10.00,3.4000,
T0002509,1,EDI-007,2,18.00,18.00,6.0000,
T0002509,2,EDI-006,2,8.00,8.00,3.0000,
T0002510,1,PRE-001,2,10.00,9.00,3.2000,
T0002511,1,PRE-002,1,10.00,10.00,3.4000,
T0002511,3,PRE-001,1,10.00,10.00,3.2000,
T0002512,1,CON-002,1,45.00,45.00,18.0000,
T0002512,2,PRE-005,1,6.00,5.40,1.8000,
T0002512,3,VAP-003,1,32.00,32.00,12.0000,
T0002513,1,FLO-001,2,35.00,35.00,14.0000,
T0002514,1,EDI-006,1,8.00,8.00,3.0000,
T0002514,2,VAP-003,1,32.00,32.00,12.0000,
T0002514,3,VAP-006,1,15.00,15.00,4.0000,
T0002515,1,PRE-003,1,18.00,18.00,6.0000,
T0002515,2,VAP-006,1,15.00,15.00,4.0000,
T0002515,3,PRE-004,1,35.00,35.00,12.0000,
T0002515,4,VAP-005,2,28.00,28.00,9.0000,
T0002516,1,FLO-001,1,35.00,31.50,14.0000,
T0002517,1,EDI-002,1,22.00,22.00,7.0000,
T0002518,1,CON-002,1,45.00,45.00,18.0000,
T0002519,1,EDI-001,1,20.00,20.00,6.0000,
T0002520,1,VAP-002,2,40.00,40.00,14.0000,
T0002520,2,FLO-004,2,38.00,38.00,15.0000,
T0002520,3,CON-002,2,45.00,45.00,18.0000,
T0002520,4,VAP-003,1,32.00,32.00,12.0000,
T0002520,5,FLO-001,1,35.00,35.00,14.0000,
T0002521,1,EDI-006,1,8.00,8.00,3.0000,
T0002522,1,VAP-001,1,55.00,44.00,22.0000,
T0002523,1,FLO-007,1,32.00,32.00,13.0000,
T0002523,2,TOP-001,2,35.00,35.00,12.0000,
T0002524,1,ACC-002,1,3.00,3.00,0.6000,
T0002524,2,PRE-001,1,10.00,10.00,3.2000,
T0002524,3,ACC-004,1,2.00,2.00,0.4000,
T0002525,1,PRE-001,1,10.00,10.00,3.2000,
T0002525,2,FLO-002,1,40.00,40.00,16.0000,
T0002525,3,PRE-005,1,6.00,6.00,1.8000,
T0002526,1,ACC-004,1,2.00,2.00,0.4000,
T0002526,2,FLO-004,1,38.00,38.00,15.0000,
T0002527,1,CON-003,1,30.00,30.00,12.0000,
T0002527,2,VAP-003,1,32.00,32.00,12.0000,
T0002527,3,PRE-005,1,6.00,6.00,1.8000,
T0002528,1,EDI-001,1,20.00,20.00,6.0000,
T0002528,2,PRE-001,1,10.00,10.00,3.2000,
T0002529,1,EDI-003,1,20.00,20.00,6.5000,
T0002529,2,ACC-004,1,2.00,2.00,0.4000,
T0002530,1,FLO-002,1,40.00,32.00,16.0000,
T0002531,1,PRE-003,1,18.00,18.00,6.0000,
T0002532,1,EDI-001,2,20.00,20.00,6.0000,
T0002532,2,FLO-007,3,32.00,32.00,13.0000,
T0002533,1,VAP-002,1,40.00,40.00,14.0000,
T0002534,1,EDI-004,1,25.00,25.00,7.5000,
T0002534,2,PRE-004,2,35.00,35.00,12.0000,
T0002535,1,FLO-005,1,38.00,38.00,15.5000,
T0002536,1,PRE-002,1,10.00,10.00,3.4000,
T0002536,2,EDI-001,1,20.00,20.00,6.0000,
T0002537,1,EDI-001,1,20.00,16.00,6.0000,
T0002537,2,PRE-001,1,10.00,10.00,3.2000,
T0002538,1,EDI-006,1,8.00,8.00,3.0000,
T0002539,1,ACC-005,1,12.00,12.00,2.5000,
T0002539,2,FLO-001,1,35.00,35.00,14.0000,
T0002539,3,EDI-006,1,8.00,7.20,3.0000,
T0002540,1,ACC-002,2,3.00,3.00,0.6000,
T0002541,1,FLO-003,1,70.00,56.00,28.0000,
T0002542,1,PRE-002,2,10.00,10.00,3.4000,
T0002542,2,EDI-003,1,20.00,20.00,6.5000,
T0002543,1,EDI-004,1,25.00,25.00,7.5000,
T0002543,2,VAP-004,2,60.00,60.00,24.0000,
T0002543,3,EDI-002,1,22.00,19.80,7.0000,
T0002544,1,FLO-004,1,38.00,34.20,15.0000,
T0002544,2,PRE-001,1,10.00,10.00,3.2000,
T0002544,3,VAP-002,1,40.00,36.00,14.0000,
T0002545,1,EDI-007,1,18.00,18.00,6.0000,
T0002546,1,EDI-006,1,8.00,8.00,3.0000,
T0002546,2,FLO-007,1,32.00,32.00,13.0000,
T0002547,1,PRE-004,2,35.00,35.00,12.0000,
T0002547,2,ACC-001,1,20.00,20.00,5.0000,
T0002547,3,EDI-006,1,8.00,8.00,3.0000,
T0002547,4,PRE-005,1,6.00,6.00,1.8000,
T0002548,1,ACC-004,1,2.00,2.00,0.4000,
T0002548,2,CON-004,1,55.00,55.00,22.0000,
T0002549,1,VAP-001,2,55.00,55.00,22.0000,
T0002549,2,FLO-010,2,45.00,45.00,18.0000,
T0002549,3,VAP-006,2,15.00,15.00,4.0000,
T0002550,1,ACC-004,1,2.00,2.00,0.4000,
T0002551,1,ACC-004,1,2.00,2.00,0.4000,
T0002551,2,ACC-002,1,3.00,3.00,0.6000,
T0002552,1,VAP-001,2,55.00,55.00,22.0000,
T0002553,1,VAP-001,1,55.00,55.00,22.0000,
T0002553,2,VAP-006,3,15.00,15.00,4.0000,
T0002554,1,ACC-004,2,2.00,2.00,0.4000,
T0002554,2,CON-003,1,30.00,30.00,12.0000,
T0002554,3,PRE-002,1,10.00,10.00,3.4000,
T0002555,1,EDI-005,1,14.00,14.00,4.0000,
T0002556,1,EDI-006,1,8.00,8.00,3.0000,
T0002557,1,PRE-005,1,6.00,6.00,1.8000,
T0002557,2,VAP-001,2,55.00,55.00,22.0000,
T0002557,3,FLO-002,3,40.00,40.00,16.0000,
T0002558,1,TOP-002,1,24.00,24.00,9.0000,
T0002558,2,VAP-005,1,28.00,28.00,9.0000,
T0002558,3,PRE-003,1,18.00,18.00,6.0000,
T0002558,4,VAP-004,1,60.00,60.00,24.0000,
T0002559,1,EDI-004,1,25.00,25.00,7.5000,
T0002560,1,VAP-002,1,40.00,40.00,14.0000,
T0002560,2,EDI-003,1,20.00,20.00,6.5000,
T0002561,1,VAP-001,1,55.00,55.00,22.0000,
T0002561,2,FLO-004,1,38.00,38.00,15.0000,
T0002561,3,ACC-004,1,2.00,2.00,0.4000,
T0002561,5,TOP-001,2,35.00,35.00,12.0000,
T0002562,1,VAP-004,1,60.00,60.00,24.0000,
T0002562,2,PRE-005,2,6.00,5.40,1.8000,
T0002563,1,TOP-001,2,35.00,35.00,12.0000,
T0002563,2,CON-002,1,45.00,45.00,18.0000,
T0002564,1,CON-003,1,30.00,30.00,12.0000,
T0002564,2,EDI-001,1,20.00,20.00,6.0000,
T0002564,4,PRE-001,1,10.00,10.00,3.2000,
T0002565,1,ACC-002,1,3.00,2.40,0.6000,
T0002566,1,VAP-002,1,40.00,40.00,14.0000,
T0002566,2,EDI-004,1,25.00,25.00,7.5000,
T0002567,1,PRE-001,1,10.00,10.00,3.2000,
T0002568,1,PRE-002,2,10.00,10.00,3.4000,
T0002568,2,FLO-001,1,35.00,35.00,14.0000,
T0002568,3,ACC-004,1,2.00,2.00,0.4000,
T0002569,1,ACC-002,1,3.00,2.40,0.6000,
T0002569,2,EDI-004,1,25.00,20.00,7.5000,
T0002570,1,EDI-001,2,20.00,20.00,6.0000,
T0002571,1,PRE-002,1,10.00,10.00,3.4000,
T0002571,2,EDI-001,1,20.00,20.00,6.0000,
T0002572,1,EDI-007,3,18.00,18.00,6.0000,
T0002573,1,VAP-003,1,32.00,32.00,12.0000,
T0002573,2,FLO-003,1,70.00,70.00,28.0000,
T0002574,1,VAP-005,1,28.00,28.00,9.0000,
T0002574,2,CON-003,1,30.00,30.00,12.0000,
T0002575,1,VAP-001,2,55.00,55.00,22.0000,
T0002575,2,FLO-010,2,45.00,45.00,18.0000,
T0002576,1,EDI-001,3,20.00,18.00,6.0000,
T0002577,1,FLO-002,1,40.00,40.00,16.0000,
T0002578,1,VAP-002,2,40.00,36.00,14.0000,
T0002579,1,FLO-007,1,32.00,32.00,13.0000,
T0002579,2,FLO-002,1,40.00,40.00,16.0000,
T0002580,1,PRE-002,2,10.00,9.00,3.4000,
T0002580,2,FLO-005,1,38.00,38.00,15.5000,
T0002580,3,EDI-001,1,20.00,20.00,6.0000,
T0002581,1,PRE-002,2,10.00,10.00,3.4000,
T0002581,2,VAP-003,1,32.00,32.00,12.0000,
T0002582,1,PRE-003,1,18.00,14.40,6.0000,
T0002582,2,EDI-004,1,25.00,20.00,7.5000,
T0002583,1,VAP-001,1,55.00,55.00,22.0000,
T0002583,2,PRE-003,1,18.00,18.00,6.0000,
T0002583,3,EDI-004,1,25.00,25.00,7.5000,
T0002584,1,EDI-006,1,8.00,8.00,3.0000,
T0002585,1,ACC-004,1,2.00,2.00,0.4000,
T0002586,1,ACC-004,2,2.00,2.00,0.4000,
T0002586,2,FLO-004,1,38.00,38.00,15.0000,
T0002586,3,VAP-003,1,32.00,32.00,12.0000,
T0002587,1,FLO-002,1,40.00,40.00,16.0000,
T0002588,1,PRE-001,2,10.00,10.00,3.2000,
T0002588,2,FLO-008,1,32.00,32.00,13.5000,
T0002588,3,VAP-004,2,60.00,54.00,24.0000,
T0002588,4,ACC-004,1,2.00,2.00,0.4000,
T0002589,1,FLO-002,1,40.00,40.00,16.0000,
T0002590,1,ACC-001,1,20.00,20.00,5.0000,
T0002591,1,EDI-003,1,20.00,20.00,6.5000,
T0002592,1,EDI-004,1,25.00,25.00,7.5000,
T0002592,2,VAP-005,1,28.00,28.00,9.0000,
T0002592,3,EDI-006,2,8.00,8.00,3.0000,
T0002592,4,FLO-002,1,40.00,40.00,16.0000,
T0002592,5,ACC-004,2,2.00,2.00,0.4000,
T0002593,1,PRE-002,1,10.00,10.00,3.4000,
T0002594,1,FLO-008,1,32.00,32.00,13.5000,
T0002595,1,EDI-002,2,22.00,22.00,7.0000,
T0002595,2,VAP-002,1,40.00,40.00,14.0000,
T0002595,3,VAP-001,1,55.00,55.00,22.0000,
T0002595,4,FLO-003,2,70.00,70.00,28.0000,
T0002596,1,EDI-003,2,20.00,20.00,6.5000,
T0002597,1,FLO-005,2,38.00,38.00,15.5000,
T0002598,1,FLO-004,1,38.00,30.40,15.0000,
T0002599,1,PRE-005,2,6.00,6.00,1.8000,
T0002600,1,ACC-002,1,3.00,3.00,0.6000,
T0002600,2,FLO-001,3,35.00,35.00,14.0000,
T0002601,1,ACC-004,1,2.00,2.00,0.4000,
T0002602,1,PRE-005,1,6.00,6.00,1.8000,
T0002603,1,PRE-004,1,35.00,35.00,12.0000,
T0002603,2,EDI-004,1,25.00,25.00,7.5000,
T0002603,3,VAP-001,3,55.00,55.00,22.0000,
T0002604,1,VAP-002,1,40.00,40.00,14.0000,
T0002605,1,ACC-001,1,20.00,20.00,5.0000,
T0002606,1,ACC-004,1,2.00,1.80,0.4000,
T0002606,2,PRE-001,2,10.00,10.00,3.2000,
T0002606,3,EDI-004,1,25.00,25.00,7.5000,
T0002607,1,PRE-003,1,18.00,16.20,6.0000,
T0002607,2,FLO-005,1,38.00,38.00,15.5000,
T0002608,1,VAP-002,1,40.00,40.00,14.0000,
T0002608,2,PRE-005,1,6.00,6.00,1.8000,
T0002609,1,FLO-008,1,32.00,32.00,13.5000,
T0002609,2,EDI-001,1,20.00,20.00,6.0000,
T0002609,3,PRE-002,1,10.00,10.00,3.4000,
T0002609,4,ACC-001,1,20.00,16.00,5.0000,
T0002610,1,VAP-005,1,28.00,28.00,9.0000,
T0002610,2,EDI-006,1,8.00,8.00,3.0000,
T0002610,3,CON-003,1,30.00,30.00,12.0000,
T0002610,4,FLO-005,1,38.00,38.00,15.5000,
T0002610,5,PRE-005,1,6.00,5.40,1.8000,
T0002611,1,EDI-006,1,8.00,8.00,3.0000,
T0002612,1,EDI-004,1,25.00,25.00,7.5000,
T0002613,1,PRE-004,1,35.00,35.00,12.0000,
T0002613,2,FLO-002,1,40.00,40.00,16.0000,
T0002614,1,VAP-006,1,15.00,15.00,4.0000,
T0002615,1,EDI-007,1,18.00,18.00,6.0000,
T0002616,1,PRE-001,1,10.00,10.00,3.2000,
T0002617,1,EDI-002,1,22.00,22.00,7.0000,
T0002617,2,FLO-004,2,38.00,38.00,15.0000,
T0002618,1,EDI-003,1,20.00,20.00,6.5000,
T0002619,1,PRE-002,1,10.00,10.00,3.4000,
T0002619,2,EDI-006,1,8.00,7.20,3.0000,
T0002619,4,CON-001,2,75.00,60.00,32.0000,
T0002620,1,VAP-005,1,28.00,28.00,9.0000,
T0002621,1,PRE-005,3,6.00,6.00,1.8000,
T0002622,1,VAP-005,2,28.00,28.00,9.0000,
T0002623,1,PRE-005,1,6.00,6.00,1.8000,
T0002623,2,EDI-005,2,14.00,14.00,4.0000,
T0002623,3,PRE-003,1,18.00,18.00,6.0000,
T0002624,1,EDI-004,2,25.00,25.00,7.5000,
T0002625,1,FLO-007,1,32.00,32.00,13.0000,
T0002625,2,PRE-003,2,18.00,18.00,6.0000,
T0002626,1,FLO-002,2,40.00,40.00,16.0000,
T0002627,1,TIN-001,1,50.00,50.00,18.0000,
T0002627,2,EDI-003,1,20.00,20.00,6.5000,
T0002627,3,VAP-002,2,40.00,40.00,14.0000,
T0002628,1,PRE-001,1,10.00,10.00,3.2000,
T0002628,2,VAP-005,1,28.00,28.00,9.0000,
T0002629,1,FLO-005,1,38.00,38.00,15.5000,
T0002630,1,PRE-005,1,6.00,6.00,1.8000,
T0002631,1,EDI-001,1,20.00,20.00,6.0000,
T0002632,1,EDI-002,1,22.00,22.00,7.0000,
T0002632,2,VAP-006,1,15.00,15.00,4.0000,
T0002632,3,EDI-001,1,20.00,20.00,6.0000,
T0002632,4,PRE-003,1,18.00,18.00,6.0000,
T0002633,1,CON-001,2,75.00,75.00,32.0000,
T0002634,1,FLO-005,1,38.00,34.20,15.5000,
T0002635,1,FLO-003,1,70.00,70.00,28.0000,
T0002636,1,ACC-004,1,2.00,2.00,0.4000,
T0002637,1,PRE-003,3,18.00,16.20,6.0000,
T0002638,1,PRE-001,2,10.00,10.00,3.2000,
T0002639,1,PRE-001,1,10.00,10.00,3.2000,
T0002639,2,TIN-002,2,45.00,45.00,16.0000,
T0002639,3,CON-004,1,55.00,55.00,22.0000,
T0002640,1,PRE-001,1,10.00,10.00,3.2000,
T0002641,1,PRE-003,1,18.00,18.00,6.0000,
T0002641,2,VAP-006,1,15.00,15.00,4.0000,
T0002642,1,PRE-005,1,6.00,6.00,1.8000,
T0002643,1,PRE-005,1,6.00,6.00,1.8000,
T0002644,1,ACC-001,1,20.00,16.00,5.0000,
T0002644,2,VAP-002,1,40.00,32.00,14.0000,
T0002644,3,CON-002,1,45.00,40.50,18.0000,
T0002645,1,PRE-002,1,10.00,10.00,3.4000,
T0002646,1,PRE-001,1,10.00,10.00,3.2000,
T0002646,2,ACC-004,2,2.00,2.00,0.4000,
T0002647,1,PRE-002,1,10.00,8.00,3.4000,
T0002647,2,FLO-002,2,40.00,32.00,16.0000,
T0002648,1,PRE-002,1,10.00,10.00,3.4000,
T0002649,1,FLO-005,1,38.00,38.00,15.5000,
T0002649,2,PRE-002,1,10.00,10.00,3.4000,
T0002650,1,PRE-003,2,18.00,18.00,6.0000,
T0002650,2,FLO-008,1,32.00,32.00,13.5000,
T0002651,1,FLO-007,1,32.00,32.00,13.0000,
T0002651,2,FLO-008,1,32.00,28.80,13.5000,
T0002652,1,TIN-002,1,45.00,45.00,16.0000,
T0002653,1,VAP-002,1,40.00,40.00,14.0000,
T0002654,1,PRE-002,1,10.00,10.00,3.4000,
T0002654,2,CON-002,2,45.00,45.00,18.0000,
T0002654,3,EDI-001,1,20.00,20.00,6.0000,
T0002655,1,FLO-006,1,120.00,120.00,52.0000,
T0002656,1,PRE-005,1,6.00,6.00,1.8000,
T0002657,1,FLO-005,1,38.00,38.00,15.5000,
T0002657,2,FLO-010,1,45.00,45.00,18.0000,
T0002657,3,FLO-001,1,35.00,35.00,14.0000,
T0002657,4,ACC-002,1,3.00,3.00,0.6000,
T0002658,1,TIN-002,1,45.00,36.00,16.0000,
T0002658,2,EDI-004,1,25.00,25.00,7.5000,
T0002659,1,EDI-002,1,22.00,22.00,7.0000,
T0002660,1,VAP-002,1,40.00,40.00,14.0000,
T0002660,2,EDI-003,1,20.00,20.00,6.5000,
T0002661,1,ACC-002,2,3.00,3.00,0.6000,
T0002662,1,ACC-003,1,22.00,22.00,6.0000,
T0002662,2,CON-004,2,55.00,55.00,22.0000,
T0002663,1,ACC-002,1,3.00,3.00,0.6000,
T0002663,2,PRE-005,1,6.00,6.00,1.8000,
T0002663,3,FLO-004,1,38.00,38.00,15.0000,
T0002664,1,EDI-005,1,14.00,14.00,4.0000,
T0002664,2,PRE-001,1,10.00,10.00,3.2000,
T0002664,3,PRE-002,1,10.00,10.00,3.4000,
T0002665,1,VAP-003,1,32.00,32.00,12.0000,
T0002666,1,PRE-002,1,10.00,10.00,3.4000,
T0002667,1,ACC-004,1,2.00,2.00,0.4000,
T0002668,1,ACC-004,1,2.00,2.00,0.4000,
T0002669,1,VAP-002,1,40.00,40.00,14.0000,
T0002669,2,EDI-006,1,8.00,8.00,3.0000,
T0002669,3,TIN-001,1,50.00,50.00,18.0000,
T0002670,1,ACC-004,1,2.00,2.00,0.4000,
T0002671,1,FLO-003,2,70.00,70.00,28.0000,
T0002671,2,FLO-008,1,32.00,32.00,13.5000,
T0002671,3,FLO-001,1,35.00,31.50,14.0000,
T0002672,1,VAP-002,2,40.00,40.00,14.0000,
T0002673,1,VAP-005,1,28.00,28.00,9.0000,
T0002674,1,VAP-002,2,40.00,40.00,14.0000,
T0002674,2,EDI-003,1,20.00,20.00,6.5000,
T0002674,3,VAP-003,1,32.00,32.00,12.0000,
T0002674,4,PRE-005,2,6.00,6.00,1.8000,
T0002674,5,PRE-002,2,10.00,10.00,3.4000,
T0002675,1,PRE-002,2,10.00,10.00,3.4000,
T0002675,2,CON-004,2,55.00,55.00,22.0000,
T0002675,3,VAP-002,2,40.00,40.00,14.0000,
T0002675,4,FLO-001,1,35.00,35.00,14.0000,
T0002675,5,FLO-005,2,38.00,38.00,15.5000,
T0002676,1,PRE-002,1,10.00,10.00,3.4000,
T0002677,1,VAP-006,3,15.00,15.00,4.0000,
T0002678,1,CON-003,1,30.00,30.00,12.0000,
T0002678,2,FLO-004,1,38.00,38.00,15.0000,
T0002679,1,PRE-001,2,10.00,9.00,3.2000,
T0002679,2,FLO-007,1,32.00,28.80,13.0000,
T0002679,3,VAP-005,1,28.00,28.00,9.0000,
T0002679,4,PRE-005,1,6.00,6.00,1.8000,
T0002680,1,PRE-001,3,10.00,10.00,3.2000,
T0002681,1,EDI-005,1,14.00,14.00,4.0000,
T0002681,2,EDI-007,1,18.00,18.00,6.0000,
T0002682,1,EDI-004,2,25.00,25.00,7.5000,
T0002683,1,PRE-001,1,10.00,10.00,3.2000,
T0002684,1,ACC-002,3,3.00,3.00,0.6000,
T0002684,2,FLO-002,1,40.00,40.00,16.0000,
T0002684,3,EDI-002,1,22.00,22.00,7.0000,
T0002685,1,PRE-003,1,18.00,16.20,6.0000,
T0002686,1,EDI-005,1,14.00,14.00,4.0000,
T0002686,2,PRE-001,1,10.00,10.00,3.2000,
T0002687,1,CON-003,1,30.00,30.00,12.0000,
T0002687,2,PRE-005,2,6.00,6.00,1.8000,
T0002687,3,VAP-005,1,28.00,28.00,9.0000,
T0002688,1,FLO-004,3,38.00,38.00,15.0000,
T0002688,2,EDI-001,1,20.00,20.00,6.0000,
T0002688,3,EDI-004,1,25.00,25.00,7.5000,
T0002688,4,VAP-003,1,32.00,32.00,12.0000,
T0002689,1,FLO-001,1,35.00,31.50,14.0000,
T0002689,2,EDI-006,2,8.00,8.00,3.0000,
T0002690,1,ACC-004,2,2.00,2.00,0.4000,
T0002691,1,ACC-002,1,3.00,2.40,0.6000,
T0002691,2,VAP-002,1,40.00,32.00,14.0000,
T0002691,3,FLO-007,1,32.00,25.60,13.0000,
T0002691,4,TOP-001,1,35.00,35.00,12.0000,
T0002691,5,VAP-006,1,15.00,12.00,4.0000,
T0002692,1,EDI-001,1,20.00,20.00,6.0000,
T0002692,2,PRE-003,1,18.00,18.00,6.0000,
T0002693,1,TOP-002,1,24.00,24.00,9.0000,
T0002693,2,PRE-005,1,6.00,6.00,1.8000,
T0002693,3,PRE-001,1,10.00,10.00,3.2000,
T0002694,1,CON-002,1,45.00,45.00,18.0000,
T0002695,1,EDI-002,1,22.00,22.00,7.0000,
T0002695,2,CON-002,2,45.00,45.00,18.0000,
T0002696,1,ACC-002,1,3.00,3.00,0.6000,
T0002696,2,VAP-001,1,55.00,55.00,22.0000,
T0002696,3,EDI-002,2,22.00,22.00,7.0000,
T0002696,4,VAP-005,1,28.00,28.00,9.0000,
T0002697,1,PRE-005,1,6.00,6.00,1.8000,
T0002698,1,FLO-004,1,38.00,38.00,15.0000,
T0002698,2,PRE-001,1,10.00,10.00,3.2000,
T0002698,3,EDI-001,2,20.00,20.00,6.0000,
T0002699,1,EDI-004,1,25.00,25.00,7.5000,
T0002700,1,PRE-003,1,18.00,16.20,6.0000,
T0002700,2,VAP-002,2,40.00,40.00,14.0000,
T0002700,3,VAP-005,1,28.00,28.00,9.0000,
T0002701,1,FLO-007,1,32.00,32.00,13.0000,
T0002701,2,FLO-003,1,70.00,70.00,28.0000,
T0002701,3,FLO-002,1,40.00,40.00,16.0000,
T0002702,1,EDI-001,1,20.00,20.00,6.0000,
T0002702,2,VAP-002,1,40.00,40.00,14.0000,
T0002702,3,FLO-002,1,40.00,40.00,16.0000,
T0002702,4,VAP-005,2,28.00,28.00,9.0000,
T0002703,1,FLO-002,1,40.00,40.00,16.0000,
T0002704,1,ACC-004,1,2.00,2.00,0.4000,
T0002704,2,FLO-004,1,38.00,38.00,15.0000,
T0002704,3,VAP-005,1,28.00,28.00,9.0000,
T0002704,4,VAP-001,3,55.00,55.00,22.0000,
T0002705,1,FLO-007,1,32.00,32.00,13.0000,
T0002705,2,FLO-005,1,38.00,38.00,15.5000,
T0002705,3,ACC-004,1,2.00,1.60,0.4000,
T0002706,1,EDI-001,1,20.00,20.00,6.0000,
T0002706,2,EDI-002,1,22.00,22.00,7.0000,
T0002707,1,CON-003,1,30.00,30.00,12.0000,
T0002707,2,PRE-002,1,10.00,10.00,3.4000,
T0002708,1,FLO-001,1,35.00,35.00,14.0000,
T0002709,1,PRE-003,1,18.00,18.00,6.0000,
T0002710,1,EDI-001,1,20.00,20.00,6.0000,
T0002711,1,FLO-001,1,35.00,35.00,14.0000,
T0002711,2,VAP-003,1,32.00,32.00,12.0000,
T0002711,3,TIN-002,1,45.00,45.00,16.0000,
T0002711,4,EDI-005,1,14.00,14.00,4.0000,
T0002711,5,VAP-002,1,40.00,40.00,14.0000,
T0002712,1,PRE-002,1,10.00,10.00,3.4000,
T0002713,1,ACC-002,1,3.00,3.00,0.6000,
T0002714,1,FLO-005,1,38.00,38.00,15.5000,
T0002714,2,PRE-002,1,10.00,10.00,3.4000,
T0002715,1,FLO-001,2,35.00,35.00,14.0000,
T0002715,2,VAP-002,1,40.00,40.00,14.0000,
T0002716,1,VAP-002,2,40.00,40.00,14.0000,
T0002717,1,PRE-004,1,35.00,35.00,12.0000,
T0002718,1,VAP-004,1,60.00,60.00,24.0000,
T0002719,1,ACC-004,1,2.00,2.00,0.4000,
T0002719,2,FLO-001,1,35.00,35.00,14.0000,
T0002720,1,FLO-001,1,35.00,35.00,14.0000,
T0002720,2,FLO-003,1,70.00,63.00,28.0000,
T0002721,1,EDI-004,1,25.00,25.00,7.5000,
T0002721,2,PRE-002,1,10.00,10.00,3.4000,
T0002722,1,ACC-004,2,2.00,2.00,0.4000,
T0002722,2,FLO-002,1,40.00,40.00,16.0000,
T0002723,1,EDI-002,1,22.00,22.00,7.0000,
T0002723,2,EDI-001,1,20.00,20.00,6.0000,
T0002723,3,FLO-005,1,38.00,38.00,15.5000,
T0002724,1,PRE-001,1,10.00,10.00,3.2000,
T0002725,1,EDI-001,2,20.00,20.00,6.0000,
T0002725,2,FLO-005,1,38.00,38.00,15.5000,
T0002726,1,PRE-001,1,10.00,10.00,3.2000,
T0002726,2,TIN-002,1,45.00,45.00,16.0000,
T0002726,3,ACC-001,1,20.00,20.00,5.0000,
T0002727,1,EDI-006,1,8.00,8.00,3.0000,
T0002728,1,ACC-004,1,2.00,1.80,0.4000,
T0002729,1,FLO-004,2,38.00,38.00,15.0000,
T0002729,2,VAP-006,1,15.00,15.00,4.0000,
T0002729,3,FLO-001,1,35.00,31.50,14.0000,
T0002729,4,EDI-001,2,20.00,20.00,6.0000,
T0002729,5,CON-001,1,75.00,75.00,32.0000,
T0002730,1,PRE-003,1,18.00,18.00,6.0000,
T0002731,1,PRE-003,1,18.00,18.00,6.0000,
T0002732,1,PRE-001,1,10.00,10.00,3.2000,
T0002733,1,VAP-004,1,60.00,54.00,24.0000,
T0002733,2,VAP-002,2,40.00,40.00,14.0000,
T0002733,3,ACC-004,1,2.00,2.00,0.4000,
T0002734,1,FLO-003,2,70.00,70.00,28.0000,
T0002735,1,FLO-004,2,38.00,34.20,15.0000,
T0002735,2,EDI-003,1,20.00,20.00,6.5000,
T0002736,1,EDI-004,1,25.00,25.00,7.5000,
T0002737,1,PRE-001,1,10.00,10.00,3.2000,
T0002738,1,FLO-004,1,38.00,38.00,15.0000,
T0002738,2,VAP-005,1,28.00,28.00,9.0000,
T0002739,1,FLO-007,1,32.00,32.00,13.0000,
T0002740,1,EDI-001,3,20.00,20.00,6.0000,
T0002741,1,FLO-003,2,70.00,70.00,28.0000,
T0002742,1,ACC-004,3,2.00,2.00,0.4000,
T0002742,2,PRE-005,1,6.00,6.00,1.8000,
T0002742,3,EDI-002,1,22.00,19.80,7.0000,
T0002742,4,EDI-006,1,8.00,8.00,3.0000,
T0002742,5,TOP-001,1,35.00,35.00,12.0000,
T0002743,1,PRE-005,1,6.00,6.00,1.8000,
T0002744,1,PRE-003,2,18.00,18.00,6.0000,
T0002745,1,EDI-001,1,20.00,20.00,6.0000,
T0002745,2,EDI-004,2,25.00,25.00,7.5000,
T0002746,1,PRE-001,1,10.00,10.00,3.2000,
T0002747,1,FLO-007,1,32.00,32.00,13.0000,
T0002747,2,VAP-006,1,15.00,15.00,4.0000,
T0002748,1,PRE-002,3,10.00,10.00,3.4000,
T0002748,2,ACC-004,1,2.00,2.00,0.4000,
T0002748,3,EDI-004,1,25.00,25.00,7.5000,
T0002748,4,EDI-003,1,20.00,20.00,6.5000,
T0002749,1,ACC-001,2,20.00,20.00,5.0000,
T0002749,2,FLO-008,1,32.00,32.00,13.5000,
T0002749,3,VAP-006,2,15.00,15.00,4.0000,
T0002750,1,PRE-003,1,18.00,18.00,6.0000,
T0002750,2,FLO-001,1,35.00,35.00,14.0000,
T0002750,3,EDI-002,1,22.00,22.00,7.0000,
T0002750,4,VAP-002,1,40.00,40.00,14.0000,
T0002750,5,EDI-001,1,20.00,18.00,6.0000,
T0002751,1,EDI-005,1,14.00,14.00,4.0000,
T0002752,1,FLO-001,2,35.00,35.00,14.0000,
T0002752,2,PRE-001,1,10.00,10.00,3.2000,
T0002753,1,PRE-001,1,10.00,10.00,3.2000,
T0002753,2,FLO-002,2,40.00,36.00,16.0000,
T0002753,3,PRE-002,1,10.00,9.00,3.4000,
T0002754,1,FLO-001,1,35.00,35.00,14.0000,
T0002755,1,ACC-002,1,3.00,3.00,0.6000,
T0002755,2,ACC-004,1,2.00,2.00,0.4000,
T0002756,1,ACC-004,1,2.00,2.00,0.4000,
T0002757,1,FLO-001,1,35.00,31.50,14.0000,
T0002758,1,FLO-003,3,70.00,70.00,28.0000,
T0002758,2,ACC-004,3,2.00,1.80,0.4000,
T0002758,3,EDI-005,2,14.00,14.00,4.0000,
T0002759,1,EDI-002,1,22.00,22.00,7.0000,
T0002759,2,EDI-001,1,20.00,20.00,6.0000,
T0002759,3,FLO-004,1,38.00,38.00,15.0000,
T0002759,4,FLO-007,1,32.00,32.00,13.0000,
T0002760,1,EDI-001,1,20.00,20.00,6.0000,
T0002761,1,EDI-007,1,18.00,18.00,6.0000,
T0002762,1,EDI-002,1,22.00,22.00,7.0000,
T0002763,1,PRE-003,1,18.00,18.00,6.0000,
T0002763,2,VAP-002,2,40.00,40.00,14.0000,
T0002764,1,ACC-004,1,2.00,2.00,0.4000,
T0002764,2,PRE-002,1,10.00,10.00,3.4000,
T0002764,3,VAP-005,3,28.00,28.00,9.0000,
T0002765,1,EDI-005,3,14.00,14.00,4.0000,
T0002766,1,EDI-005,1,14.00,14.00,4.0000,
T0002766,2,VAP-006,2,15.00,15.00,4.0000,
T0002767,1,FLO-004,1,38.00,38.00,15.0000,
T0002767,2,FLO-003,1,70.00,70.00,28.0000,
T0002768,1,CON-002,1,45.00,45.00,18.0000,
T0002769,1,PRE-002,2,10.00,10.00,3.4000,
T0002770,1,FLO-001,1,35.00,35.00,14.0000,
T0002771,1,VAP-002,3,40.00,40.00,14.0000,
T0002772,1,VAP-004,1,60.00,60.00,24.0000,
T0002772,2,TOP-001,1,35.00,35.00,12.0000,
T0002772,3,FLO-002,1,40.00,40.00,16.0000,
T0002772,4,PRE-001,1,10.00,10.00,3.2000,
T0002773,1,EDI-006,1,8.00,6.40,3.0000,
T0002773,2,PRE-001,2,10.00,10.00,3.2000,
T0002773,3,ACC-002,2,3.00,2.40,0.6000,
T0002774,1,VAP-002,1,40.00,36.00,14.0000,
T0002775,1,PRE-004,1,35.00,35.00,12.0000,
T0002776,1,EDI-002,1,22.00,22.00,7.0000,
T0002777,1,ACC-004,1,2.00,2.00,0.4000,
T0002777,2,PRE-001,2,10.00,10.00,3.2000,
T0002778,1,VAP-001,1,55.00,55.00,22.0000,
T0002778,2,EDI-004,1,25.00,25.00,7.5000,
T0002779,1,FLO-004,2,38.00,38.00,15.0000,
T0002779,2,EDI-003,1,20.00,20.00,6.5000,
T0002779,3,TOP-001,2,35.00,35.00,12.0000,
T0002779,4,VAP-002,3,40.00,40.00,14.0000,
T0002779,5,EDI-001,1,20.00,20.00,6.0000,
T0002780,1,FLO-002,1,40.00,40.00,16.0000,
T0002780,2,ACC-004,1,2.00,2.00,0.4000,
T0002781,1,PRE-002,1,10.00,10.00,3.4000,
T0002781,2,FLO-005,1,38.00,38.00,15.5000,
T0002781,3,ACC-002,1,3.00,3.00,0.6000,
T0002782,1,VAP-001,1,55.00,55.00,22.0000,
T0002782,2,VAP-002,1,40.00,36.00,14.0000,
T0002782,3,ACC-002,1,3.00,3.00,0.6000,
T0002783,1,VAP-003,2,32.00,32.00,12.0000,
T0002784,1,VAP-003,2,32.00,32.00,12.0000,
T0002785,1,VAP-004,1,60.00,54.00,24.0000,
T0002785,2,FLO-008,1,32.00,28.80,13.5000,
T0002786,1,FLO-005,1,38.00,38.00,15.5000,
T0002787,1,EDI-005,1,14.00,14.00,4.0000,
T0002787,2,FLO-004,1,38.00,38.00,15.0000,
T0002787,3,EDI-004,1,25.00,25.00,7.5000,
T0002788,1,FLO-001,1,35.00,35.00,14.0000,
T0002789,1,PRE-001,1,10.00,10.00,3.2000,
T0002789,2,FLO-010,3,45.00,40.50,18.0000,
T0002790,1,PRE-004,2,35.00,35.00,12.0000,
T0002791,1,FLO-004,3,38.00,34.20,15.0000,
T0002791,2,CON-002,1,45.00,45.00,18.0000,
T0002791,3,PRE-001,1,10.00,10.00,3.2000,
T0002791,4,PRE-004,1,35.00,35.00,12.0000,
T0002792,1,VAP-003,1,32.00,32.00,12.0000,
T0002793,1,FLO-003,1,70.00,70.00,28.0000,
T0002794,1,VAP-001,1,55.00,55.00,22.0000,
T0002794,2,FLO-007,1,32.00,32.00,13.0000,
T0002795,1,PRE-001,1,10.00,9.00,3.2000,
T0002795,2,EDI-006,1,8.00,6.40,3.0000,
T0002796,1,FLO-004,1,38.00,38.00,15.0000,
T0002796,2,PRE-001,2,10.00,10.00,3.2000,
T0002796,3,TIN-001,3,50.00,50.00,18.0000,
T0002797,1,VAP-001,1,55.00,55.00,22.0000,
T0002798,1,ACC-004,1,2.00,2.00,0.4000,
T0002798,2,FLO-003,1,70.00,70.00,28.0000,
T0002799,1,FLO-003,1,70.00,56.00,28.0000,
T0002799,2,FLO-010,2,45.00,45.00,18.0000,
T0002799,3,VAP-001,1,55.00,55.00,22.0000,
T0002799,4,FLO-005,3,38.00,38.00,15.5000,
T0002799,5,EDI-004,1,25.00,25.00,7.5000,
T0002800,1,EDI-001,1,20.00,20.00,6.0000,
T0002800,2,FLO-002,1,40.00,40.00,16.0000,
T0002800,3,CON-003,2,30.00,27.00,12.0000,
T0002801,1,CON-002,2,45.00,45.00,18.0000,
T0002801,2,ACC-004,1,2.00,2.00,0.4000,
T0002802,1,VAP-005,1,28.00,28.00,9.0000,
T0002803,1,VAP-003,1,32.00,32.00,12.0000,
T0002803,2,ACC-002,2,3.00,3.00,0.6000,
T0002803,3,EDI-004,1,25.00,25.00,7.5000,
T0002804,1,FLO-005,2,38.00,34.20,15.5000,
T0002804,2,ACC-004,1,2.00,2.00,0.4000,
T0002805,1,EDI-003,2,20.00,20.00,6.5000,
T0002805,2,ACC-004,1,2.00,2.00,0.4000,
T0002805,3,FLO-001,2,35.00,35.00,14.0000,
T0002805,4,VAP-006,2,15.00,15.00,4.0000,
T0002805,5,EDI-001,1,20.00,20.00,6.0000,
T0002806,1,ACC-002,1,3.00,3.00,0.6000,
T0002807,1,VAP-005,2,28.00,25.20,9.0000,
T0002808,1,PRE-002,1,10.00,10.00,3.4000,
T0002808,2,FLO-005,1,38.00,38.00,15.5000,
T0002809,1,FLO-004,1,38.00,38.00,15.0000,
T0002809,2,FLO-005,1,38.00,38.00,15.5000,
T0002810,1,FLO-006,1,120.00,120.00,52.0000,
T0002811,1,FLO-003,1,70.00,63.00,28.0000,
T0002811,2,FLO-002,1,40.00,40.00,16.0000,
T0002811,3,FLO-005,1,38.00,38.00,15.5000,
T0002812,1,VAP-005,1,28.00,28.00,9.0000,
T0002812,2,FLO-002,1,40.00,40.00,16.0000,
T0002812,3,EDI-001,1,20.00,20.00,6.0000,
T0002813,1,VAP-002,1,40.00,40.00,14.0000,
T0002813,2,ACC-004,1,2.00,2.00,0.4000,
T0002814,1,EDI-002,1,22.00,17.60,7.0000,
T0002815,1,FLO-007,1,32.00,32.00,13.0000,
T0002815,2,VAP-003,1,32.00,28.80,12.0000,
T0002816,1,PRE-005,1,6.00,6.00,1.8000,
T0002816,2,ACC-004,2,2.00,2.00,0.4000,
T0002816,3,EDI-005,2,14.00,12.60,4.0000,
T0002817,1,FLO-005,1,38.00,38.00,15.5000,
T0002817,2,ACC-002,1,3.00,3.00,0.6000,
T0002818,1,FLO-007,1,32.00,28.80,13.0000,
T0002819,1,ACC-002,1,3.00,3.00,0.6000,
T0002819,2,EDI-001,1,20.00,20.00,6.0000,
T0002819,3,VAP-005,1,28.00,25.20,9.0000,
T0002819,4,EDI-006,1,8.00,8.00,3.0000,
T0002820,1,PRE-002,1,10.00,10.00,3.4000,
T0002820,2,EDI-001,2,20.00,20.00,6.0000,
T0002821,1,FLO-002,1,40.00,36.00,16.0000,
T0002821,2,EDI-001,1,20.00,20.00,6.0000,
T0002821,3,VAP-001,1,55.00,55.00,22.0000,
T0002821,4,ACC-002,3,3.00,3.00,0.6000,
T0002822,1,ACC-004,2,2.00,2.00,0.4000,
T0002823,1,FLO-001,3,35.00,35.00,14.0000,
T0002823,2,FLO-007,3,32.00,32.00,13.0000,
T0002824,1,EDI-003,2,20.00,20.00,6.5000,
T0002825,1,PRE-005,1,6.00,6.00,1.8000,
T0002825,2,PRE-001,1,10.00,10.00,3.2000,
T0002825,3,VAP-003,1,32.00,32.00,12.0000,
T0002825,4,FLO-005,1,38.00,38.00,15.5000,
T0002826,1,PRE-005,1,6.00,6.00,1.8000,
T0002826,2,CON-003,1,30.00,30.00,12.0000,
T0002826,3,PRE-001,1,10.00,10.00,3.2000,
T0002827,1,EDI-003,1,20.00,18.00,6.5000,
T0002828,1,VAP-002,1,40.00,40.00,14.0000,
T0002828,2,VAP-003,2,32.00,32.00,12.0000,
T0002829,1,PRE-001,1,10.00,10.00,3.2000,
T0002830,1,ACC-002,1,3.00,2.40,0.6000,
T0002830,2,VAP-004,1,60.00,60.00,24.0000,
T0002830,3,CON-003,1,30.00,27.00,12.0000,
T0002831,1,PRE-001,1,10.00,9.00,3.2000,
T0002831,2,EDI-003,1,20.00,18.00,6.5000,
T0002831,3,FLO-004,1,38.00,38.00,15.0000,
T0002831,4,FLO-005,1,38.00,38.00,15.5000,
T0002832,1,FLO-003,1,70.00,63.00,28.0000,
T0002832,2,PRE-004,1,35.00,31.50,12.0000,
T0002833,1,VAP-001,1,55.00,55.00,22.0000,
T0002834,1,FLO-001,1,35.00,28.00,14.0000,
T0002834,2,VAP-006,3,15.00,15.00,4.0000,
T0002834,3,CON-002,2,45.00,36.00,18.0000,
T0002834,4,PRE-004,1,35.00,35.00,12.0000,
T0002835,1,EDI-002,1,22.00,17.60,7.0000,
T0002836,1,FLO-007,1,32.00,32.00,13.0000,
T0002836,2,EDI-005,1,14.00,14.00,4.0000,
T0002837,1,VAP-006,1,15.00,15.00,4.0000,
T0002837,2,EDI-001,1,20.00,18.00,6.0000,
T0002837,3,TOP-002,1,24.00,24.00,9.0000,
T0002838,1,VAP-004,1,60.00,60.00,24.0000,
T0002839,1,VAP-001,1,55.00,55.00,22.0000,
T0002840,1,EDI-004,1,25.00,25.00,7.5000,
T0002841,1,TIN-001,2,50.00,50.00,18.0000,
T0002841,2,FLO-003,2,70.00,70.00,28.0000,
T0002841,3,PRE-001,1,10.00,10.00,3.2000,
T0002842,1,FLO-001,1,35.00,35.00,14.0000,
T0002842,2,VAP-005,1,28.00,28.00,9.0000,
T0002843,1,VAP-004,1,60.00,60.00,24.0000,
T0002843,2,VAP-003,1,32.00,32.00,12.0000,
T0002844,1,FLO-004,2,38.00,38.00,15.0000,
T0002845,1,VAP-005,1,28.00,28.00,9.0000,
T0002845,2,FLO-003,1,70.00,70.00,28.0000,
T0002846,1,FLO-003,1,70.00,70.00,28.0000,
T0002847,1,PRE-001,1,10.00,10.00,3.2000,
T0002847,2,FLO-004,2,38.00,38.00,15.0000,
T0002847,3,EDI-002,2,22.00,22.00,7.0000,
T0002847,4,VAP-005,1,28.00,28.00,9.0000,
T0002848,1,PRE-005,1,6.00,5.40,1.8000,
T0002848,2,FLO-002,1,40.00,40.00,16.0000,
T0002848,3,FLO-004,1,38.00,38.00,15.0000,
T0002848,4,EDI-004,1,25.00,25.00,7.5000,
T0002849,1,VAP-001,1,55.00,55.00,22.0000,
T0002850,1,FLO-007,1,32.00,32.00,13.0000,
T0002851,1,EDI-001,1,20.00,20.00,6.0000,
T0002852,1,PRE-004,1,35.00,35.00,12.0000,
T0002853,1,EDI-005,1,14.00,12.60,4.0000,
T0002853,2,FLO-002,1,40.00,40.00,16.0000,
T0002853,3,PRE-002,1,10.00,10.00,3.4000,
T0002854,1,VAP-003,1,32.00,32.00,12.0000,
T0002854,2,FLO-006,3,120.00,120.00,52.0000,
T0002855,1,PRE-005,2,6.00,6.00,1.8000,
T0002856,1,FLO-008,1,32.00,32.00,13.5000,
T0002856,2,VAP-001,1,55.00,55.00,22.0000,
T0002856,3,FLO-003,1,70.00,70.00,28.0000,
T0002857,1,ACC-004,1,2.00,2.00,0.4000,
T0002857,2,FLO-002,3,40.00,40.00,16.0000,
T0002857,3,ACC-001,3,20.00,20.00,5.0000,
T0002858,1,VAP-006,2,15.00,15.00,4.0000,
T0002858,2,ACC-004,1,2.00,2.00,0.4000,
T0002858,3,EDI-003,1,20.00,20.00,6.5000,
T0002859,1,FLO-001,1,35.00,35.00,14.0000,
T0002860,1,PRE-002,1,10.00,10.00,3.4000,
T0002861,1,EDI-003,1,20.00,20.00,6.5000,
T0002861,2,PRE-005,1,6.00,6.00,1.8000,
T0002862,1,FLO-007,2,32.00,32.00,13.0000,
T0002863,1,VAP-002,1,40.00,40.00,14.0000,
T0002863,2,VAP-006,2,15.00,15.00,4.0000,
T0002864,1,ACC-002,1,3.00,3.00,0.6000,
T0002864,2,PRE-003,1,18.00,16.20,6.0000,
T0002865,1,EDI-006,1,8.00,6.40,3.0000,
T0002866,1,EDI-001,1,20.00,20.00,6.0000,
T0002867,1,EDI-003,1,20.00,20.00,6.5000,
T0002867,2,EDI-006,2,8.00,8.00,3.0000,
T0002868,1,VAP-002,1,40.00,40.00,14.0000,
T0002868,2,FLO-005,1,38.00,38.00,15.5000,
T0002869,1,FLO-007,1,32.00,32.00,13.0000,
T0002870,1,EDI-006,1,8.00,6.40,3.0000,
T0002870,2,FLO-010,1,45.00,45.00,18.0000,
T0002871,1,ACC-003,3,22.00,22.00,6.0000,
T0002871,2,ACC-004,1,2.00,2.00,0.4000,
T0002872,1,EDI-002,1,22.00,17.60,7.0000,
T0002872,2,PRE-001,1,10.00,10.00,3.2000,
T0002873,1,ACC-001,1,20.00,20.00,5.0000,
T0002873,2,FLO-004,1,38.00,38.00,15.0000,
T0002873,3,FLO-002,1,40.00,40.00,16.0000,
T0002873,4,ACC-002,1,3.00,3.00,0.6000,
T0002873,5,FLO-003,1,70.00,70.00,28.0000,
T0002874,1,VAP-002,1,40.00,40.00,14.0000,
T0002875,1,VAP-005,1,28.00,28.00,9.0000,
T0002875,2,FLO-004,1,38.00,38.00,15.0000,
T0002875,3,EDI-001,1,20.00,20.00,6.0000,
T0002875,4,PRE-001,1,10.00,10.00,3.2000,
T0002876,1,ACC-001,1,20.00,20.00,5.0000,
T0002877,1,EDI-001,1,20.00,20.00,6.0000,
T0002877,2,VAP-006,1,15.00,15.00,4.0000,
T0002877,3,PRE-004,3,35.00,35.00,12.0000,
T0002878,1,VAP-002,1,40.00,40.00,14.0000,
T0002879,1,CON-002,2,45.00,45.00,18.0000,
T0002880,1,EDI-004,1,25.00,22.50,7.5000,
T0002880,2,EDI-006,1,8.00,8.00,3.0000,
T0002881,1,FLO-010,2,45.00,45.00,18.0000,
T0002881,2,EDI-004,2,25.00,25.00,7.5000,
T0002882,1,PRE-003,1,18.00,18.00,6.0000,
T0002882,2,VAP-005,1,28.00,28.00,9.0000,
T0002883,1,VAP-003,1,32.00,32.00,12.0000,
T0002883,2,EDI-004,1,25.00,25.00,7.5000,
T0002884,1,VAP-003,1,32.00,32.00,12.0000,
T0002884,2,PRE-004,1,35.00,35.00,12.0000,
T0002884,3,ACC-002,1,3.00,3.00,0.6000,
T0002885,1,PRE-003,1,18.00,16.20,6.0000,
T0002885,2,PRE-002,1,10.00,10.00,3.4000,
T0002886,1,PRE-001,1,10.00,10.00,3.2000,
T0002887,1,VAP-001,1,55.00,55.00,22.0000,
T0002887,2,ACC-002,1,3.00,3.00,0.6000,
T0002888,1,VAP-005,1,28.00,28.00,9.0000,
T0002888,2,VAP-003,2,32.00,32.00,12.0000,
T0002889,1,EDI-005,1,14.00,14.00,4.0000,
T0002889,2,EDI-004,1,25.00,25.00,7.5000,
T0002890,1,ACC-004,1,2.00,2.00,0.4000,
T0002890,2,EDI-002,1,22.00,22.00,7.0000,
T0002891,1,FLO-005,1,38.00,38.00,15.5000,
T0002892,1,FLO-008,1,32.00,32.00,13.5000,
T0002893,1,EDI-005,2,14.00,14.00,4.0000,
T0002893,2,FLO-007,2,32.00,32.00,13.0000,
T0002894,1,PRE-005,2,6.00,6.00,1.8000,
T0002894,2,PRE-001,1,10.00,10.00,3.2000,
T0002895,1,FLO-004,2,38.00,38.00,15.0000,
T0002896,1,FLO-002,2,40.00,40.00,16.0000,
T0002896,2,VAP-001,1,55.00,55.00,22.0000,
T0002896,3,PRE-001,1,10.00,9.00,3.2000,
T0002897,1,PRE-005,1,6.00,6.00,1.8000,
T0002898,1,VAP-002,2,40.00,40.00,14.0000,
T0002899,1,ACC-003,2,22.00,22.00,6.0000,
T0002900,1,EDI-001,1,20.00,20.00,6.0000,
T0002901,1,PRE-001,1,10.00,8.00,3.2000,
T0002902,1,EDI-005,1,14.00,11.20,4.0000,
T0002902,2,FLO-001,2,35.00,28.00,14.0000,
T0002903,1,EDI-005,1,14.00,14.00,4.0000,
T0002904,1,VAP-001,1,55.00,55.00,22.0000,
T0002905,1,EDI-002,2,22.00,22.00,7.0000,
T0002905,2,FLO-009,1,210.00,210.00,95.0000,
T0002905,3,EDI-001,1,20.00,16.00,6.0000,
T0002905,4,FLO-005,1,38.00,30.40,15.5000,
T0002906,1,VAP-002,1,40.00,40.00,14.0000,
T0002907,1,VAP-005,1,28.00,28.00,9.0000,
T0002908,1,VAP-002,1,40.00,40.00,14.0000,
T0002908,2,ACC-004,1,2.00,2.00,0.4000,
T0002909,1,PRE-004,1,35.00,28.00,12.0000,
T0002909,2,VAP-002,1,40.00,40.00,14.0000,
T0002910,1,EDI-002,1,22.00,22.00,7.0000,
T0002910,2,FLO-001,1,35.00,35.00,14.0000,
T0002911,1,ACC-003,1,22.00,17.60,6.0000,
T0002912,1,FLO-004,2,38.00,38.00,15.0000,
T0002913,1,TIN-001,2,50.00,40.00,18.0000,
T0002914,1,PRE-005,1,6.00,6.00,1.8000,
T0002914,2,PRE-001,2,10.00,10.00,3.2000,
T0002915,1,FLO-001,1,35.00,35.00,14.0000,
T0002915,2,PRE-001,1,10.00,10.00,3.2000,
T0002915,3,FLO-002,1,40.00,40.00,16.0000,
T0002915,4,VAP-005,1,28.00,28.00,9.0000,
T0002916,1,PRE-003,1,18.00,18.00,6.0000,
T0002916,2,PRE-005,1,6.00,6.00,1.8000,
T0002917,1,FLO-007,1,32.00,32.00,13.0000,
T0002917,2,VAP-005,2,28.00,28.00,9.0000,
T0002917,3,VAP-002,1,40.00,40.00,14.0000,
T0002918,1,PRE-005,1,6.00,6.00,1.8000,
T0002918,2,EDI-001,1,20.00,18.00,6.0000,
T0002918,3,TIN-001,1,50.00,50.00,18.0000,
T0002919,1,PRE-002,1,10.00,10.00,3.4000,
T0002919,2,VAP-006,1,15.00,15.00,4.0000,
T0002919,3,ACC-004,1,2.00,2.00,0.4000,
T0002919,4,VAP-001,1,55.00,49.50,22.0000,
T0002920,1,FLO-008,1,32.00,32.00,13.5000,
T0002920,2,VAP-003,1,32.00,25.60,12.0000,
T0002921,1,ACC-004,1,2.00,1.60,0.4000,
T0002921,2,VAP-005,1,28.00,28.00,9.0000,
T0002921,3,EDI-004,1,25.00,20.00,7.5000,
T0002921,4,TIN-002,1,45.00,45.00,16.0000,
T0002921,5,FLO-001,3,35.00,35.00,14.0000,
T0002922,1,EDI-001,2,20.00,20.00,6.0000,
T0002923,1,CON-001,1,75.00,75.00,32.0000,
T0002923,2,VAP-003,2,32.00,32.00,12.0000,
T0002923,3,ACC-004,1,2.00,2.00,0.4000,
T0002924,1,EDI-002,1,22.00,22.00,7.0000,
T0002924,2,EDI-004,1,25.00,25.00,7.5000,
T0002924,3,ACC-004,1,2.00,2.00,0.4000,
T0002925,1,VAP-003,1,32.00,32.00,12.0000,
T0002926,1,FLO-007,2,32.00,32.00,13.0000,
T0002926,2,PRE-002,1,10.00,10.00,3.4000,
T0002926,3,FLO-005,1,38.00,38.00,15.5000,
T0002926,4,FLO-006,1,120.00,120.00,52.0000,
T0002927,1,FLO-002,1,40.00,40.00,16.0000,
T0002928,1,EDI-001,3,20.00,20.00,6.0000,
T0002929,1,FLO-002,1,40.00,40.00,16.0000,
T0002929,2,ACC-002,2,3.00,3.00,0.6000,
T0002929,3,PRE-002,1,10.00,9.00,3.4000,
T0002930,1,EDI-006,1,8.00,8.00,3.0000,
T0002931,1,VAP-003,1,32.00,32.00,12.0000,
T0002932,1,FLO-007,1,32.00,32.00,13.0000,
T0002932,2,PRE-002,2,10.00,10.00,3.4000,
T0002933,1,EDI-004,1,25.00,25.00,7.5000,
T0002934,1,FLO-005,1,38.00,38.00,15.5000,
T0002934,2,FLO-007,1,32.00,32.00,13.0000,
T0002934,3,PRE-003,1,18.00,18.00,6.0000,
T0002935,1,VAP-002,2,40.00,40.00,14.0000,
T0002936,1,EDI-003,1,20.00,20.00,6.5000,
T0002936,2,PRE-005,1,6.00,6.00,1.8000,
T0002937,1,ACC-005,1,12.00,12.00,2.5000,
T0002937,2,EDI-001,1,20.00,20.00,6.0000,
T0002937,3,PRE-005,1,6.00,6.00,1.8000,
T0002938,1,FLO-006,1,120.00,120.00,52.0000,
T0002938,2,ACC-002,1,3.00,3.00,0.6000,
T0002939,1,ACC-002,1,3.00,3.00,0.6000,
T0002939,2,EDI-004,1,25.00,25.00,7.5000,
T0002940,1,EDI-001,1,20.00,20.00,6.0000,
T0002940,2,FLO-004,1,38.00,38.00,15.0000,
T0002941,1,EDI-002,1,22.00,22.00,7.0000,
T0002942,1,EDI-005,2,14.00,14.00,4.0000,
T0002942,2,ACC-003,2,22.00,22.00,6.0000,
T0002942,3,FLO-008,1,32.00,32.00,13.5000,
T0002942,4,VAP-002,2,40.00,40.00,14.0000,
T0002943,1,ACC-004,1,2.00,1.60,0.4000,
T0002943,2,PRE-001,1,10.00,8.00,3.2000,
T0002944,1,FLO-002,1,40.00,40.00,16.0000,
T0002944,2,PRE-001,1,10.00,10.00,3.2000,
T0002945,1,VAP-006,2,15.00,15.00,4.0000,
T0002945,2,EDI-001,2,20.00,20.00,6.0000,
T0002945,3,VAP-004,1,60.00,60.00,24.0000,
T0002946,1,PRE-005,1,6.00,6.00,1.8000,
T0002946,2,TIN-002,1,45.00,45.00,16.0000,
T0002947,1,ACC-004,1,2.00,2.00,0.4000,
T0002947,2,PRE-005,1,6.00,6.00,1.8000,
T0002947,3,FLO-005,1,38.00,38.00,15.5000,
T0002948,1,FLO-004,1,38.00,38.00,15.0000,
T0002948,2,EDI-004,2,25.00,25.00,7.5000,
T0002949,1,VAP-001,1,55.00,55.00,22.0000,
T0002949,2,EDI-001,1,20.00,20.00,6.0000,
T0002950,1,PRE-003,1,18.00,18.00,6.0000,
T0002950,2,FLO-008,1,32.00,32.00,13.5000,
T0002951,1,TIN-001,1,50.00,50.00,18.0000,
T0002952,1,PRE-002,3,10.00,10.00,3.4000,
T0002953,1,ACC-004,3,2.00,2.00,0.4000,
T0002953,2,EDI-001,1,20.00,20.00,6.0000,
T0002954,1,CON-002,1,45.00,45.00,18.0000,
T0002954,2,VAP-002,1,40.00,40.00,14.0000,
T0002954,3,VAP-006,1,15.00,13.50,4.0000,
T0002955,1,VAP-006,1,15.00,15.00,4.0000,
T0002956,1,ACC-003,2,22.00,22.00,6.0000,
T0002957,1,FLO-001,1,35.00,35.00,14.0000,
T0002957,2,EDI-005,1,14.00,14.00,4.0000,
T0002958,1,ACC-005,1,12.00,12.00,2.5000,
T0002958,2,VAP-002,1,40.00,36.00,14.0000,
T0002958,3,CON-004,2,55.00,55.00,22.0000,
T0002959,1,FLO-005,3,38.00,38.00,15.5000,
T0002960,1,FLO-001,1,35.00,31.50,14.0000,
T0002961,1,VAP-003,1,32.00,32.00,12.0000,
T0002961,2,PRE-001,1,10.00,9.00,3.2000,
T0002962,1,FLO-007,1,32.00,32.00,13.0000,
T0002962,3,ACC-004,2,2.00,2.00,0.4000,
T0002963,1,EDI-001,1,20.00,20.00,6.0000,
T0002963,2,PRE-002,1,10.00,9.00,3.4000,
T0002964,1,PRE-005,1,6.00,5.40,1.8000,
T0002965,1,FLO-007,1,32.00,32.00,13.0000,
T0002966,1,VAP-002,1,40.00,32.00,14.0000,
T0002966,2,ACC-004,1,2.00,2.00,0.4000,
T0002967,1,EDI-004,1,25.00,25.00,7.5000,
T0002967,2,CON-002,1,45.00,45.00,18.0000,
T0002968,1,ACC-004,1,2.00,2.00,0.4000,
T0002968,2,FLO-010,1,45.00,40.50,18.0000,
T0002969,1,FLO-003,1,70.00,70.00,28.0000,
T0002969,2,FLO-002,1,40.00,40.00,16.0000,
T0002969,3,CON-001,2,75.00,67.50,32.0000,
T0002970,1,FLO-001,1,35.00,35.00,14.0000,
T0002970,2,PRE-003,1,18.00,18.00,6.0000,
T0002970,3,VAP-006,3,15.00,15.00,4.0000,
T0002971,1,VAP-002,2,40.00,40.00,14.0000,
T0002972,1,VAP-003,2,32.00,32.00,12.0000,
T0002972,2,FLO-007,1,32.00,32.00,13.0000,
T0002973,1,ACC-004,1,2.00,2.00,0.4000,
T0002973,2,EDI-004,1,25.00,25.00,7.5000,
T0002973,4,FLO-001,1,35.00,35.00,14.0000,
T0002974,1,TIN-002,1,45.00,45.00,16.0000,
T0002974,2,EDI-007,1,18.00,18.00,6.0000,
T0002975,1,EDI-007,2,18.00,18.00,6.0000,
T0002975,2,FLO-005,1,38.00,38.00,15.5000,
T0002976,1,ACC-002,1,3.00,2.40,0.6000,
T0002977,1,CON-003,1,30.00,30.00,12.0000,
T0002978,1,EDI-006,3,8.00,6.40,3.0000,
T0002978,2,ACC-002,2,3.00,3.00,0.6000,
T0002979,1,VAP-003,3,32.00,32.00,12.0000,
T0002979,2,VAP-005,1,28.00,25.20,9.0000,
T0002979,4,FLO-005,1,38.00,38.00,15.5000,
T0002980,1,ACC-002,1,3.00,3.00,0.6000,
T0002980,2,PRE-002,1,10.00,10.00,3.4000,
T0002981,1,TIN-001,3,50.00,50.00,18.0000,
T0002981,2,EDI-006,1,8.00,8.00,3.0000,
T0002981,3,EDI-003,1,20.00,20.00,6.5000,
T0002981,4,EDI-005,1,14.00,14.00,4.0000,
T0002982,1,CON-003,1,30.00,30.00,12.0000,
T0002982,2,EDI-005,1,14.00,14.00,4.0000,
T0002982,3,PRE-002,1,10.00,9.00,3.4000,
T0002982,5,EDI-002,1,22.00,22.00,7.0000,
T0002983,1,PRE-001,3,10.00,10.00,3.2000,
T0002983,2,FLO-001,1,35.00,35.00,14.0000,
T0002983,3,PRE-005,1,6.00,6.00,1.8000,
T0002983,4,FLO-007,1,32.00,32.00,13.0000,
T0002984,1,ACC-004,1,2.00,2.00,0.4000,
T0002984,2,VAP-001,1,55.00,55.00,22.0000,
T0002985,1,PRE-001,1,10.00,9.00,3.2000,
T0002985,3,VAP-003,1,32.00,32.00,12.0000,
T0002985,4,VAP-002,1,40.00,36.00,14.0000,
T0002985,5,FLO-001,1,35.00,35.00,14.0000,
T0002986,1,PRE-002,1,10.00,10.00,3.4000,
T0002986,2,VAP-002,1,40.00,40.00,14.0000,
T0002987,1,PRE-004,1,35.00,35.00,12.0000,
T0002987,2,VAP-003,1,32.00,32.00,12.0000,
T0002988,1,PRE-002,2,10.00,10.00,3.4000,
T0002988,2,FLO-002,1,40.00,40.00,16.0000,
T0002989,1,ACC-004,1,2.00,2.00,0.4000,
T0002989,2,PRE-002,1,10.00,9.00,3.4000,
T0002990,1,ACC-001,1,20.00,20.00,5.0000,
T0002991,1,FLO-003,3,70.00,70.00,28.0000,
T0002992,1,ACC-002,1,3.00,3.00,0.6000,
T0002993,1,VAP-003,1,32.00,32.00,12.0000,
T0002993,2,VAP-004,1,60.00,60.00,24.0000,
T0002993,3,VAP-002,1,40.00,40.00,14.0000,
T0002994,1,PRE-001,1,10.00,10.00,3.2000,
T0002994,2,FLO-001,1,35.00,35.00,14.0000,
T0002995,1,FLO-007,1,32.00,32.00,13.0000,
T0002995,2,PRE-001,2,10.00,10.00,3.2000,
T0002995,3,EDI-007,1,18.00,18.00,6.0000,
T0002996,1,VAP-001,1,55.00,55.00,22.0000,
T0002997,1,VAP-003,1,32.00,32.00,12.0000,
T0002997,2,FLO-010,1,45.00,45.00,18.0000,
T0002997,3,PRE-002,3,10.00,10.00,3.4000,
T0002997,4,VAP-002,1,40.00,40.00,14.0000,
T0002998,1,FLO-006,1,120.00,120.00,52.0000,
T0002999,1,EDI-001,1,20.00,20.00,6.0000,
T0003000,1,EDI-003,1,20.00,20.00,6.5000,
T0003001,1,EDI-004,1,25.00,25.00,7.5000,
T0003001,2,PRE-002,1,10.00,10.00,3.4000,
T0003002,1,CON-003,1,30.00,30.00,12.0000,
T0003002,2,PRE-005,1,6.00,6.00,1.8000,
T0003003,1,VAP-005,2,28.00,28.00,9.0000,
T0003003,2,VAP-003,2,32.00,32.00,12.0000,
T0003004,1,PRE-003,1,18.00,18.00,6.0000,
T0003004,2,VAP-001,1,55.00,55.00,22.0000,
T0003004,3,CON-004,3,55.00,55.00,22.0000,
T0003005,1,EDI-001,2,20.00,20.00,6.0000,
T0003006,1,PRE-005,1,6.00,4.80,1.8000,
T0003007,1,ACC-005,3,12.00,12.00,2.5000,
T0003007,2,FLO-007,1,32.00,32.00,13.0000,
T0003007,3,EDI-002,1,22.00,22.00,7.0000,
T0003007,4,ACC-003,1,22.00,22.00,6.0000,
T0003007,5,FLO-002,2,40.00,40.00,16.0000,
T0003008,1,EDI-003,1,20.00,20.00,6.5000,
T0003009,1,PRE-005,1,6.00,6.00,1.8000,
T0003009,2,VAP-004,1,60.00,60.00,24.0000,
T0003010,1,PRE-001,1,10.00,10.00,3.2000,
T0003011,1,PRE-004,2,35.00,35.00,12.0000,
T0003012,1,VAP-005,3,28.00,28.00,9.0000,
T0003013,1,VAP-003,1,32.00,32.00,12.0000,
T0003013,2,FLO-001,1,35.00,35.00,14.0000,
T0003013,3,CON-002,1,45.00,45.00,18.0000,
T0003014,1,FLO-001,1,35.00,35.00,14.0000,
T0003014,2,FLO-008,1,32.00,32.00,13.5000,
T0003014,3,PRE-002,2,10.00,10.00,3.4000,
T0003015,1,PRE-004,1,35.00,35.00,12.0000,
T0003015,2,FLO-004,1,38.00,38.00,15.0000,
T0003016,1,EDI-007,1,18.00,18.00,6.0000,
T0003017,1,VAP-006,2,15.00,15.00,4.0000,
T0003017,2,ACC-002,1,3.00,3.00,0.6000,
T0003018,1,EDI-001,1,20.00,20.00,6.0000,
T0003018,2,PRE-002,1,10.00,10.00,3.4000,
T0003018,3,FLO-006,1,120.00,120.00,52.0000,
T0003019,1,VAP-003,2,32.00,32.00,12.0000,
T0003019,2,CON-004,1,55.00,44.00,22.0000,
T0003020,1,PRE-004,1,35.00,35.00,12.0000,
T0003021,1,PRE-004,1,35.00,35.00,12.0000,
T0003021,2,FLO-002,1,40.00,40.00,16.0000,
T0003021,3,PRE-005,1,6.00,6.00,1.8000,
T0003022,1,EDI-006,1,8.00,8.00,3.0000,
T0003023,1,ACC-002,3,3.00,3.00,0.6000,
T0003023,2,EDI-002,1,22.00,22.00,7.0000,
T0003024,1,FLO-001,2,35.00,31.50,14.0000,
T0003024,2,VAP-001,3,55.00,55.00,22.0000,
T0003025,1,FLO-002,1,40.00,40.00,16.0000,
T0003025,2,FLO-007,1,32.00,32.00,13.0000,
T0003025,3,FLO-004,1,38.00,38.00,15.0000,
T0003026,1,ACC-004,1,2.00,2.00,0.4000,
T0003026,2,PRE-001,2,10.00,10.00,3.2000,
T0003027,1,EDI-001,1,20.00,20.00,6.0000,
T0003028,1,FLO-001,1,35.00,35.00,14.0000,
T0003029,1,PRE-001,1,10.00,10.00,3.2000,
T0003029,2,FLO-002,2,40.00,40.00,16.0000,
T0003030,1,ACC-004,1,2.00,2.00,0.4000,
T0003030,2,CON-002,1,45.00,45.00,18.0000,
T0003031,1,VAP-005,1,28.00,25.20,9.0000,
T0003031,2,PRE-002,1,10.00,10.00,3.4000,
T0003031,3,CON-002,1,45.00,45.00,18.0000,
T0003031,4,VAP-001,1,55.00,55.00,22.0000,
T0003032,1,FLO-008,1,32.00,32.00,13.5000,
T0003033,1,VAP-001,3,55.00,55.00,22.0000,
T0003033,2,EDI-001,1,20.00,20.00,6.0000,
T0003034,1,FLO-005,2,38.00,38.00,15.5000,
T0003035,1,VAP-003,1,32.00,32.00,12.0000,
T0003036,1,CON-003,2,30.00,30.00,12.0000,
T0003036,2,ACC-004,1,2.00,2.00,0.4000,
T0003036,3,EDI-002,1,22.00,22.00,7.0000,
T0003036,4,FLO-003,1,70.00,70.00,28.0000,
T0003036,5,VAP-003,2,32.00,32.00,12.0000,
T0003037,1,CON-001,1,75.00,75.00,32.0000,
T0003037,2,VAP-002,1,40.00,40.00,14.0000,
T0003037,3,FLO-008,1,32.00,32.00,13.5000,
T0003037,4,ACC-002,1,3.00,3.00,0.6000,
T0003037,5,EDI-006,1,8.00,8.00,3.0000,
T0003038,1,VAP-002,1,40.00,40.00,14.0000,
T0003038,2,PRE-002,1,10.00,10.00,3.4000,
T0003039,1,TOP-001,1,35.00,35.00,12.0000,
T0003040,1,EDI-001,1,20.00,20.00,6.0000,
T0003041,1,EDI-002,2,22.00,22.00,7.0000,
T0003041,2,EDI-004,1,25.00,22.50,7.5000,
T0003042,1,ACC-004,2,2.00,2.00,0.4000,
T0003042,2,VAP-003,2,32.00,32.00,12.0000,
T0003042,3,ACC-002,2,3.00,2.40,0.6000,
T0003043,1,PRE-001,2,10.00,8.00,3.2000,
T0003044,1,FLO-008,2,32.00,32.00,13.5000,
T0003044,2,FLO-002,1,40.00,36.00,16.0000,
T0003044,3,EDI-004,2,25.00,25.00,7.5000,
T0003045,1,PRE-005,1,6.00,6.00,1.8000,
T0003045,2,EDI-007,1,18.00,18.00,6.0000,
T0003045,3,ACC-002,1,3.00,2.70,0.6000,
T0003045,4,FLO-002,2,40.00,40.00,16.0000,
T0003046,1,EDI-001,3,20.00,20.00,6.0000,
T0003046,2,ACC-002,1,3.00,3.00,0.6000,
T0003046,3,VAP-005,1,28.00,28.00,9.0000,
T0003046,4,PRE-003,1,18.00,18.00,6.0000,
T0003047,1,FLO-001,3,35.00,35.00,14.0000,
T0003048,1,ACC-002,1,3.00,3.00,0.6000,
T0003048,2,EDI-004,1,25.00,25.00,7.5000,
T0003049,1,CON-003,1,30.00,30.00,12.0000,
T0003050,1,PRE-004,1,35.00,35.00,12.0000,
T0003051,1,FLO-002,2,40.00,36.00,16.0000,
T0003051,2,EDI-004,1,25.00,20.00,7.5000,
T0003052,1,PRE-005,1,6.00,4.80,1.8000,
T0003052,2,FLO-009,1,210.00,210.00,95.0000,
T0003053,1,VAP-004,1,60.00,48.00,24.0000,
T0003054,1,VAP-001,3,55.00,55.00,22.0000,
T0003054,2,EDI-001,1,20.00,20.00,6.0000,
T0003054,3,VAP-004,1,60.00,60.00,24.0000,
T0003055,1,EDI-002,1,22.00,22.00,7.0000,
T0003055,2,FLO-002,2,40.00,40.00,16.0000,
T0003056,1,ACC-004,1,2.00,1.80,0.4000,
T0003056,2,FLO-010,1,45.00,45.00,18.0000,
T0003056,3,FLO-005,1,38.00,38.00,15.5000,
T0003056,4,FLO-008,1,32.00,32.00,13.5000,
T0003057,1,CON-003,1,30.00,30.00,12.0000,
T0003057,2,EDI-001,1,20.00,20.00,6.0000,
T0003057,3,PRE-001,1,10.00,10.00,3.2000,
T0003058,1,VAP-006,1,15.00,15.00,4.0000,
T0003059,1,VAP-002,1,40.00,40.00,14.0000,
T0003059,2,PRE-001,1,10.00,10.00,3.2000,
T0003059,3,FLO-009,1,210.00,210.00,95.0000,
T0003060,1,FLO-001,1,35.00,35.00,14.0000,
T0003061,1,PRE-001,1,10.00,10.00,3.2000,
T0003061,2,VAP-001,1,55.00,55.00,22.0000,
T0003061,3,FLO-001,1,35.00,35.00,14.0000,
T0003062,1,PRE-004,1,35.00,35.00,12.0000,
T0003063,1,ACC-002,1,3.00,2.40,0.6000,
T0003063,2,FLO-003,1,70.00,70.00,28.0000,
T0003063,3,VAP-001,1,55.00,55.00,22.0000,
T0003064,1,FLO-007,2,32.00,32.00,13.0000,
T0003065,1,ACC-004,1,2.00,2.00,0.4000,
T0003066,1,VAP-005,1,28.00,28.00,9.0000,
T0003067,1,VAP-005,2,28.00,28.00,9.0000,
T0003068,1,ACC-004,1,2.00,2.00,0.4000,
T0003068,2,PRE-001,1,10.00,10.00,3.2000,
T0003068,3,TOP-002,1,24.00,24.00,9.0000,
T0003068,4,FLO-005,1,38.00,38.00,15.5000,
T0003069,1,EDI-004,1,25.00,25.00,7.5000,
T0003070,1,PRE-002,1,10.00,10.00,3.4000,
T0003070,2,EDI-006,1,8.00,8.00,3.0000,
T0003071,1,FLO-001,1,35.00,35.00,14.0000,
T0003071,2,FLO-007,1,32.00,32.00,13.0000,
T0003071,3,PRE-001,1,10.00,10.00,3.2000,
T0003071,4,PRE-005,1,6.00,6.00,1.8000,
T0003072,1,CON-001,1,75.00,67.50,32.0000,
T0003073,1,EDI-006,1,8.00,8.00,3.0000,
T0003074,1,PRE-002,1,10.00,10.00,3.4000,
T0003074,2,FLO-008,1,32.00,32.00,13.5000,
T0003074,3,ACC-001,3,20.00,20.00,5.0000,
T0003075,1,VAP-006,1,15.00,15.00,4.0000,
T0003075,2,EDI-007,1,18.00,18.00,6.0000,
T0003075,3,FLO-008,1,32.00,32.00,13.5000,
T0003076,1,FLO-006,1,120.00,120.00,52.0000,
T0003076,2,PRE-005,2,6.00,6.00,1.8000,
T0003077,1,FLO-002,2,40.00,40.00,16.0000,
T0003077,2,VAP-005,1,28.00,28.00,9.0000,
T0003078,1,FLO-002,1,40.00,40.00,16.0000,
T0003079,1,VAP-002,1,40.00,40.00,14.0000,
T0003080,1,FLO-001,2,35.00,35.00,14.0000,
T0003080,2,EDI-007,1,18.00,18.00,6.0000,
T0003080,3,EDI-004,2,25.00,25.00,7.5000,
T0003081,1,EDI-002,2,22.00,22.00,7.0000,
T0003081,2,VAP-001,2,55.00,55.00,22.0000,
T0003082,1,VAP-006,1,15.00,12.00,4.0000,
T0003082,2,FLO-001,1,35.00,35.00,14.0000,
T0003083,1,FLO-006,1,120.00,120.00,52.0000,
T0003083,2,CON-004,1,55.00,55.00,22.0000,
T0003083,3,PRE-001,1,10.00,10.00,3.2000,
T0003083,4,FLO-005,3,38.00,38.00,15.5000,
T0003084,1,ACC-003,1,22.00,19.80,6.0000,
T0003085,1,VAP-003,1,32.00,32.00,12.0000,
T0003086,1,VAP-002,1,40.00,40.00,14.0000,
T0003087,1,FLO-003,1,70.00,70.00,28.0000,
T0003088,1,VAP-005,1,28.00,28.00,9.0000,
T0003088,2,VAP-003,1,32.00,25.60,12.0000,
T0003088,3,ACC-004,1,2.00,2.00,0.4000,
T0003089,1,VAP-001,1,55.00,55.00,22.0000,
T0003089,2,PRE-004,1,35.00,35.00,12.0000,
T0003090,1,ACC-001,1,20.00,18.00,5.0000,
T0003090,2,PRE-003,1,18.00,18.00,6.0000,
T0003090,3,PRE-001,1,10.00,10.00,3.2000,
T0003090,4,FLO-001,2,35.00,31.50,14.0000,
T0003091,1,PRE-003,2,18.00,18.00,6.0000,
T0003091,2,CON-003,1,30.00,30.00,12.0000,
T0003092,1,PRE-001,1,10.00,10.00,3.2000,
T0003092,2,ACC-004,2,2.00,2.00,0.4000,
T0003092,3,EDI-003,1,20.00,20.00,6.5000,
T0003093,1,EDI-004,1,25.00,25.00,7.5000,
T0003093,2,FLO-007,1,32.00,32.00,13.0000,
T0003093,3,VAP-001,1,55.00,55.00,22.0000,
T0003094,1,PRE-004,1,35.00,35.00,12.0000,
T0003094,2,EDI-001,1,20.00,20.00,6.0000,
T0003095,1,VAP-002,1,40.00,40.00,14.0000,
T0003095,2,FLO-002,1,40.00,40.00,16.0000,
T0003096,1,FLO-003,2,70.00,70.00,28.0000,
T0003096,2,FLO-001,1,35.00,31.50,14.0000,
T0003097,1,PRE-004,1,35.00,35.00,12.0000,
T0003097,2,PRE-005,2,6.00,6.00,1.8000,
T0003098,1,PRE-001,2,10.00,10.00,3.2000,
T0003098,2,EDI-004,1,25.00,25.00,7.5000,
T0003098,3,ACC-002,1,3.00,2.70,0.6000,
T0003099,1,PRE-001,1,10.00,10.00,3.2000,
T0003099,2,EDI-004,3,25.00,25.00,7.5000,
T0003099,3,PRE-002,1,10.00,10.00,3.4000,
T0003099,4,EDI-005,2,14.00,14.00,4.0000,
T0003100,1,PRE-001,1,10.00,10.00,3.2000,
T0003100,2,EDI-004,1,25.00,25.00,7.5000,
T0003101,1,FLO-009,1,210.00,210.00,95.0000,
T0003102,1,PRE-001,1,10.00,10.00,3.2000,
T0003102,2,FLO-004,1,38.00,34.20,15.0000,
T0003103,1,CON-002,1,45.00,45.00,18.0000,
T0003103,2,FLO-004,1,38.00,38.00,15.0000,
T0003104,1,EDI-007,1,18.00,18.00,6.0000,
T0003104,2,FLO-008,1,32.00,32.00,13.5000,
T0003105,1,EDI-001,1,20.00,20.00,6.0000,
T0003105,2,FLO-007,1,32.00,32.00,13.0000,
T0003105,3,FLO-002,1,40.00,40.00,16.0000,
T0003105,4,FLO-003,1,70.00,70.00,28.0000,
T0003106,1,ACC-005,1,12.00,12.00,2.5000,
T0003106,2,ACC-002,1,3.00,3.00,0.6000,
T0003106,3,EDI-004,1,25.00,25.00,7.5000,
T0003107,1,FLO-007,1,32.00,32.00,13.0000,
T0003107,2,FLO-008,1,32.00,32.00,13.5000,
T0003108,1,PRE-001,1,10.00,10.00,3.2000,
T0003108,2,EDI-004,3,25.00,25.00,7.5000,
T0003109,1,VAP-002,1,40.00,40.00,14.0000,
T0003109,2,PRE-005,2,6.00,6.00,1.8000,
T0003109,3,ACC-004,1,2.00,2.00,0.4000,
T0003110,1,PRE-002,1,10.00,10.00,3.4000,
T0003111,1,EDI-006,3,8.00,8.00,3.0000,
T0003112,1,VAP-003,1,32.00,32.00,12.0000,
T0003112,2,PRE-001,1,10.00,10.00,3.2000,
T0003112,3,VAP-002,1,40.00,40.00,14.0000,
T0003112,4,PRE-003,1,18.00,16.20,6.0000,
T0003112,5,FLO-005,2,38.00,38.00,15.5000,
T0003113,1,EDI-006,1,8.00,8.00,3.0000,
T0003113,2,VAP-002,1,40.00,40.00,14.0000,
T0003113,3,EDI-001,1,20.00,20.00,6.0000,
T0003113,4,PRE-001,1,10.00,10.00,3.2000,
T0003114,1,FLO-001,1,35.00,35.00,14.0000,
T0003115,1,EDI-005,3,14.00,14.00,4.0000,
T0003115,2,ACC-002,2,3.00,3.00,0.6000,
T0003115,3,VAP-002,2,40.00,40.00,14.0000,
T0003116,1,PRE-005,1,6.00,6.00,1.8000,
T0003116,2,FLO-001,1,35.00,35.00,14.0000,
T0003117,1,FLO-009,2,210.00,210.00,95.0000,
T0003118,1,EDI-001,2,20.00,20.00,6.0000,
T0003118,2,PRE-005,1,6.00,6.00,1.8000,
T0003118,3,PRE-004,1,35.00,35.00,12.0000,
T0003118,4,TIN-001,1,50.00,50.00,18.0000,
T0003119,1,PRE-002,1,10.00,10.00,3.4000,
T0003119,2,FLO-005,2,38.00,34.20,15.5000,
T0003120,1,CON-001,1,75.00,75.00,32.0000,
T0003120,2,EDI-006,2,8.00,8.00,3.0000,
T0003121,1,ACC-004,1,2.00,2.00,0.4000,
T0003122,1,FLO-002,1,40.00,40.00,16.0000,
T0003122,2,EDI-005,2,14.00,14.00,4.0000,
T0003122,3,EDI-006,2,8.00,8.00,3.0000,
T0003123,1,VAP-005,1,28.00,28.00,9.0000,
T0003123,2,FLO-004,1,38.00,38.00,15.0000,
T0003123,3,FLO-007,1,32.00,28.80,13.0000,
T0003124,1,PRE-005,1,6.00,6.00,1.8000,
T0003125,1,VAP-002,1,40.00,36.00,14.0000,
T0003125,2,EDI-005,1,14.00,14.00,4.0000,
T0003126,1,PRE-001,1,10.00,10.00,3.2000,
T0003127,1,ACC-004,1,2.00,2.00,0.4000,
T0003127,2,PRE-001,1,10.00,10.00,3.2000,
T0003127,3,FLO-003,1,70.00,70.00,28.0000,
T0003128,1,PRE-002,1,10.00,10.00,3.4000,
T0003129,1,EDI-001,1,20.00,16.00,6.0000,
T0003130,1,PRE-002,2,10.00,10.00,3.4000,
T0003130,2,EDI-003,1,20.00,20.00,6.5000,
T0003130,3,VAP-006,1,15.00,15.00,4.0000,
T0003131,1,EDI-003,1,20.00,20.00,6.5000,
T0003132,1,EDI-006,1,8.00,8.00,3.0000,
T0003132,2,FLO-007,1,32.00,32.00,13.0000,
T0003132,3,FLO-002,1,40.00,40.00,16.0000,
T0003133,1,FLO-005,2,38.00,38.00,15.5000,
T0003133,2,FLO-001,1,35.00,35.00,14.0000,
T0003133,3,VAP-002,2,40.00,40.00,14.0000,
T0003133,4,FLO-008,1,32.00,32.00,13.5000,
T0003134,1,FLO-005,1,38.00,38.00,15.5000,
T0003134,2,FLO-002,2,40.00,40.00,16.0000,
T0003134,3,PRE-003,1,18.00,18.00,6.0000,
T0003135,1,VAP-005,1,28.00,28.00,9.0000,
T0003135,2,ACC-005,1,12.00,9.60,2.5000,
T0003136,1,EDI-001,1,20.00,20.00,6.0000,
T0003136,2,FLO-006,1,120.00,120.00,52.0000,
T0003137,1,FLO-001,1,35.00,35.00,14.0000,
T0003138,1,VAP-006,2,15.00,15.00,4.0000,
T0003139,1,FLO-003,1,70.00,70.00,28.0000,
T0003139,2,PRE-004,1,35.00,35.00,12.0000,
T0003139,3,PRE-001,2,10.00,10.00,3.2000,
T0003139,4,FLO-006,1,120.00,120.00,52.0000,
T0003140,1,EDI-001,2,20.00,20.00,6.0000,
T0003140,2,ACC-004,1,2.00,2.00,0.4000,
T0003140,3,EDI-003,1,20.00,20.00,6.5000,
T0003141,1,EDI-001,1,20.00,20.00,6.0000,
T0003142,1,FLO-004,1,38.00,38.00,15.0000,
T0003143,1,VAP-001,1,55.00,55.00,22.0000,
T0003144,1,FLO-008,1,32.00,32.00,13.5000,
T0003144,2,EDI-001,1,20.00,20.00,6.0000,
T0003145,1,TIN-001,2,50.00,50.00,18.0000,
T0003145,2,VAP-004,1,60.00,60.00,24.0000,
T0003145,3,EDI-001,1,20.00,20.00,6.0000,
T0003145,4,VAP-003,1,32.00,32.00,12.0000,
T0003145,5,FLO-003,2,70.00,70.00,28.0000,
T0003146,1,ACC-004,1,2.00,1.60,0.4000,
T0003146,2,PRE-002,1,10.00,10.00,3.4000,
T0003146,3,FLO-005,2,38.00,38.00,15.5000,
T0003147,1,CON-002,1,45.00,45.00,18.0000,
T0003147,2,PRE-002,1,10.00,10.00,3.4000,
T0003148,1,ACC-004,2,2.00,1.80,0.4000,
T0003148,2,FLO-010,1,45.00,45.00,18.0000,
T0003148,3,PRE-005,1,6.00,6.00,1.8000,
T0003148,4,VAP-004,1,60.00,60.00,24.0000,
T0003149,1,PRE-001,2,10.00,10.00,3.2000,
T0003149,2,FLO-002,1,40.00,40.00,16.0000,
T0003149,3,PRE-005,2,6.00,6.00,1.8000,
T0003150,1,FLO-007,2,32.00,32.00,13.0000,
T0003150,2,FLO-008,2,32.00,32.00,13.5000,
T0003150,3,VAP-002,1,40.00,40.00,14.0000,
T0003151,1,VAP-002,2,40.00,40.00,14.0000,
T0003152,1,EDI-006,1,8.00,8.00,3.0000,
T0003153,1,VAP-005,1,28.00,28.00,9.0000,
T0003153,2,FLO-002,1,40.00,40.00,16.0000,
T0003154,1,CON-002,1,45.00,40.50,18.0000,
T0003154,2,VAP-003,1,32.00,32.00,12.0000,
T0003155,1,FLO-008,1,32.00,32.00,13.5000,
T0003156,1,EDI-001,1,20.00,20.00,6.0000,
T0003156,2,VAP-001,1,55.00,55.00,22.0000,
T0003157,1,CON-001,1,75.00,75.00,32.0000,
T0003157,2,PRE-001,1,10.00,10.00,3.2000,
T0003158,1,ACC-002,1,3.00,3.00,0.6000,
T0003159,1,ACC-004,1,2.00,2.00,0.4000,
T0003160,1,FLO-002,1,40.00,40.00,16.0000,
T0003161,1,VAP-001,1,55.00,55.00,22.0000,
T0003162,1,VAP-001,2,55.00,55.00,22.0000,
T0003163,1,ACC-003,1,22.00,22.00,6.0000,
T0003163,2,TOP-001,1,35.00,35.00,12.0000,
T0003163,3,FLO-001,1,35.00,35.00,14.0000,
T0003164,1,FLO-002,3,40.00,40.00,16.0000,
T0003165,1,EDI-007,2,18.00,18.00,6.0000,
T0003165,2,TOP-002,1,24.00,24.00,9.0000,
T0003166,1,EDI-006,1,8.00,8.00,3.0000,
T0003166,2,PRE-002,1,10.00,10.00,3.4000,
T0003167,1,VAP-001,1,55.00,55.00,22.0000,
T0003167,2,CON-002,1,45.00,45.00,18.0000,
T0003168,1,EDI-004,1,25.00,20.00,7.5000,
T0003168,2,PRE-001,1,10.00,10.00,3.2000,
T0003169,1,FLO-005,2,38.00,38.00,15.5000,
T0003170,1,PRE-004,1,35.00,35.00,12.0000,
T0003171,1,EDI-004,2,25.00,25.00,7.5000,
T0003171,2,VAP-003,2,32.00,32.00,12.0000,
T0003172,1,FLO-007,1,32.00,25.60,13.0000,
T0003172,2,VAP-002,1,40.00,40.00,14.0000,
T0003173,1,PRE-002,1,10.00,10.00,3.4000,
T0003174,1,ACC-004,1,2.00,2.00,0.4000,
T0003174,3,PRE-001,1,10.00,10.00,3.2000,
T0003174,4,FLO-001,1,35.00,35.00,14.0000,
T0003174,5,VAP-004,1,60.00,60.00,24.0000,
T0003175,1,EDI-004,1,25.00,25.00,7.5000,
T0003175,2,ACC-004,1,2.00,2.00,0.4000,
T0003176,1,CON-002,1,45.00,40.50,18.0000,
T0003176,2,EDI-002,3,22.00,22.00,7.0000,
T0003177,1,VAP-003,1,32.00,32.00,12.0000,
T0003177,2,EDI-005,1,14.00,14.00,4.0000,
T0003177,3,PRE-003,1,18.00,18.00,6.0000,
T0003177,4,VAP-002,1,40.00,40.00,14.0000,
T0003177,5,PRE-001,1,10.00,10.00,3.2000,
T0003178,1,ACC-004,1,2.00,1.60,0.4000,
T0003179,1,PRE-001,1,10.00,10.00,3.2000,
T0003180,1,PRE-002,3,10.00,10.00,3.4000,
T0003180,2,EDI-001,2,20.00,20.00,6.0000,
T0003181,1,EDI-004,3,25.00,20.00,7.5000,
T0003181,2,FLO-007,1,32.00,25.60,13.0000,
T0003182,1,CON-002,1,45.00,45.00,18.0000,
T0003183,1,EDI-001,1,20.00,20.00,6.0000,
T0003184,1,CON-002,1,45.00,45.00,18.0000,
T0003184,2,ACC-004,1,2.00,1.60,0.4000,
T0003185,1,FLO-004,1,38.00,38.00,15.0000,
T0003185,2,PRE-001,1,10.00,10.00,3.2000,
T0003185,3,PRE-005,1,6.00,6.00,1.8000,
T0003185,4,CON-002,1,45.00,45.00,18.0000,
T0003186,1,PRE-004,1,35.00,28.00,12.0000,
T0003186,2,ACC-004,1,2.00,2.00,0.4000,
T0003187,1,VAP-003,1,32.00,32.00,12.0000,
T0003188,1,FLO-001,1,35.00,31.50,14.0000,
T0003189,1,PRE-001,1,10.00,10.00,3.2000,
T0003189,2,CON-001,2,75.00,75.00,32.0000,
T0003189,3,PRE-005,3,6.00,6.00,1.8000,
T0003189,4,ACC-004,1,2.00,2.00,0.4000,
T0003189,5,FLO-004,1,38.00,38.00,15.0000,
T0003190,1,VAP-002,1,40.00,32.00,14.0000,
T0003190,2,FLO-004,1,38.00,38.00,15.0000,
T0003190,3,EDI-002,1,22.00,22.00,7.0000,
T0003191,1,PRE-001,1,10.00,10.00,3.2000,
T0003192,1,PRE-001,1,10.00,10.00,3.2000,
T0003193,1,PRE-001,1,10.00,10.00,3.2000,
T0003193,2,FLO-003,1,70.00,70.00,28.0000,
T0003194,1,VAP-003,1,32.00,32.00,12.0000,
T0003195,1,VAP-002,1,40.00,40.00,14.0000,
T0003195,2,FLO-005,2,38.00,38.00,15.5000,
T0003195,3,FLO-007,1,32.00,32.00,13.0000,
T0003196,1,PRE-001,1,10.00,10.00,3.2000,
T0003197,1,ACC-004,1,2.00,2.00,0.4000,
T0003197,2,EDI-001,1,20.00,20.00,6.0000,
T0003198,1,EDI-002,1,22.00,22.00,7.0000,
T0003198,2,VAP-002,2,40.00,40.00,14.0000,
T0003199,1,EDI-003,1,20.00,20.00,6.5000,
T0003200,1,PRE-005,1,6.00,6.00,1.8000,
T0003201,1,PRE-005,1,6.00,6.00,1.8000,
T0003201,2,CON-002,1,45.00,45.00,18.0000,
T0003202,1,VAP-005,1,28.00,28.00,9.0000,
T0003202,2,FLO-008,1,32.00,32.00,13.5000,
T0003203,1,FLO-002,1,40.00,40.00,16.0000,
T0003204,1,PRE-001,1,10.00,10.00,3.2000,
T0003204,2,CON-003,2,30.00,30.00,12.0000,
T0003204,3,PRE-003,2,18.00,18.00,6.0000,
T0003204,4,EDI-004,1,25.00,22.50,7.5000,
T0003204,5,ACC-004,1,2.00,2.00,0.4000,
T0003205,1,TOP-002,2,24.00,24.00,9.0000,
T0003205,2,FLO-003,1,70.00,70.00,28.0000,
T0003205,3,CON-003,1,30.00,24.00,12.0000,
T0003205,5,FLO-004,1,38.00,38.00,15.0000,
T0003206,1,EDI-005,1,14.00,14.00,4.0000,
T0003207,1,FLO-010,1,45.00,45.00,18.0000,
T0003207,2,FLO-002,1,40.00,40.00,16.0000,
T0003208,1,ACC-002,1,3.00,3.00,0.6000,
T0003208,3,PRE-005,1,6.00,6.00,1.8000,
T0003208,4,VAP-003,1,32.00,32.00,12.0000,
T0003209,1,CON-003,3,30.00,30.00,12.0000,
T0003209,2,VAP-005,1,28.00,28.00,9.0000,
T0003210,1,CON-001,1,75.00,75.00,32.0000,
T0003211,1,FLO-001,1,35.00,35.00,14.0000,
T0003212,1,FLO-003,1,70.00,70.00,28.0000,
T0003212,2,EDI-003,1,20.00,20.00,6.5000,
T0003213,1,PRE-001,1,10.00,10.00,3.2000,
T0003213,2,FLO-008,1,32.00,32.00,13.5000,
T0003213,3,FLO-002,1,40.00,40.00,16.0000,
T0003213,4,ACC-005,1,12.00,12.00,2.5000,
T0003214,1,EDI-001,1,20.00,20.00,6.0000,
T0003214,2,EDI-006,2,8.00,6.40,3.0000,
T0003215,1,EDI-005,2,14.00,14.00,4.0000,
T0003215,2,VAP-006,1,15.00,13.50,4.0000,
T0003215,3,EDI-004,1,25.00,25.00,7.5000,
T0003216,1,FLO-007,2,32.00,32.00,13.0000,
T0003217,1,EDI-001,2,20.00,20.00,6.0000,
T0003217,2,ACC-004,1,2.00,2.00,0.4000,
T0003217,3,VAP-005,1,28.00,28.00,9.0000,
T0003218,1,FLO-006,3,120.00,120.00,52.0000,
T0003218,2,EDI-004,1,25.00,22.50,7.5000,
T0003218,3,EDI-001,1,20.00,20.00,6.0000,
T0003219,1,CON-003,3,30.00,30.00,12.0000,
T0003219,2,CON-001,1,75.00,75.00,32.0000,
T0003219,3,PRE-003,2,18.00,18.00,6.0000,
T0003220,1,ACC-004,1,2.00,2.00,0.4000,
T0003221,1,VAP-005,1,28.00,28.00,9.0000,
T0003221,3,FLO-001,1,35.00,35.00,14.0000,
T0003221,4,EDI-001,2,20.00,20.00,6.0000,
T0003221,5,FLO-002,1,40.00,40.00,16.0000,
T0003222,1,FLO-008,1,32.00,32.00,13.5000,
T0003222,2,VAP-005,2,28.00,28.00,9.0000,
T0003222,3,FLO-001,2,35.00,35.00,14.0000,
T0003223,1,CON-002,1,45.00,45.00,18.0000,
T0003223,2,VAP-003,1,32.00,32.00,12.0000,
T0003223,3,VAP-006,1,15.00,15.00,4.0000,
T0003223,4,PRE-005,2,6.00,6.00,1.8000,
T0003224,1,TIN-001,1,50.00,50.00,18.0000,
T0003224,2,FLO-008,1,32.00,32.00,13.5000,
T0003225,1,FLO-002,1,40.00,40.00,16.0000,
T0003225,2,VAP-003,1,32.00,32.00,12.0000,
T0003225,3,FLO-004,1,38.00,38.00,15.0000,
T0003225,4,ACC-004,1,2.00,2.00,0.4000,
T0003225,5,VAP-006,2,15.00,15.00,4.0000,
T0003226,1,ACC-004,3,2.00,1.60,0.4000,
T0003226,2,EDI-005,1,14.00,14.00,4.0000,
T0003226,3,FLO-004,1,38.00,38.00,15.0000,
T0003226,4,FLO-002,1,40.00,40.00,16.0000,
T0003227,1,FLO-008,1,32.00,32.00,13.5000,
T0003227,2,CON-003,1,30.00,30.00,12.0000,
T0003227,3,EDI-001,1,20.00,20.00,6.0000,
T0003228,1,PRE-003,2,18.00,18.00,6.0000,
T0003228,2,EDI-002,1,22.00,22.00,7.0000,
T0003228,3,FLO-004,1,38.00,38.00,15.0000,
T0003228,4,PRE-002,1,10.00,10.00,3.4000,
T0003228,5,FLO-001,1,35.00,35.00,14.0000,
T0003229,1,ACC-002,1,3.00,3.00,0.6000,
T0003229,2,VAP-004,1,60.00,60.00,24.0000,
T0003230,1,FLO-007,1,32.00,32.00,13.0000,
T0003230,2,ACC-004,1,2.00,2.00,0.4000,
T0003230,3,VAP-002,1,40.00,40.00,14.0000,
T0003231,1,FLO-007,1,32.00,32.00,13.0000,
T0003232,1,PRE-001,1,10.00,10.00,3.2000,
T0003233,1,VAP-005,1,28.00,28.00,9.0000,
T0003234,1,PRE-005,3,6.00,6.00,1.8000,
T0003234,2,TIN-002,1,45.00,45.00,16.0000,
T0003235,1,TOP-002,1,24.00,24.00,9.0000,
T0003236,1,PRE-001,1,10.00,10.00,3.2000,
T0003236,2,VAP-005,1,28.00,28.00,9.0000,
T0003237,1,PRE-001,2,10.00,9.00,3.2000,
T0003237,2,ACC-004,2,2.00,1.80,0.4000,
T0003237,3,FLO-006,1,120.00,120.00,52.0000,
T0003238,1,FLO-002,2,40.00,40.00,16.0000,
T0003239,1,FLO-004,1,38.00,38.00,15.0000,
T0003239,2,VAP-005,1,28.00,28.00,9.0000,
T0003240,1,PRE-001,2,10.00,10.00,3.2000,
T0003241,1,PRE-005,1,6.00,6.00,1.8000,
T0003242,1,FLO-002,1,40.00,40.00,16.0000,
T0003242,2,EDI-001,1,20.00,16.00,6.0000,
T0003243,1,PRE-002,1,10.00,10.00,3.4000,
T0003243,2,ACC-002,1,3.00,3.00,0.6000,
T0003243,3,CON-001,1,75.00,75.00,32.0000,
T0003244,1,ACC-002,1,3.00,3.00,0.6000,
T0003244,2,VAP-001,3,55.00,55.00,22.0000,
T0003245,1,PRE-003,1,18.00,18.00,6.0000,
T0003245,2,TOP-002,1,24.00,21.60,9.0000,
T0003246,1,EDI-005,2,14.00,14.00,4.0000,
T0003247,1,PRE-004,1,35.00,35.00,12.0000,
T0003247,2,PRE-005,1,6.00,6.00,1.8000,
T0003248,1,EDI-004,1,25.00,25.00,7.5000,
T0003249,1,EDI-002,2,22.00,22.00,7.0000,
T0003249,2,FLO-007,1,32.00,32.00,13.0000,
T0003249,3,VAP-003,3,32.00,32.00,12.0000,
T0003250,1,PRE-003,1,18.00,18.00,6.0000,
T0003250,2,FLO-003,1,70.00,70.00,28.0000,
T0003251,1,VAP-001,1,55.00,55.00,22.0000,
T0003252,1,FLO-002,1,40.00,40.00,16.0000,
T0003253,1,PRE-005,1,6.00,6.00,1.8000,
T0003253,2,VAP-002,1,40.00,40.00,14.0000,
T0003253,3,VAP-005,1,28.00,25.20,9.0000,
T0003254,1,FLO-005,1,38.00,38.00,15.5000,
T0003254,2,VAP-002,1,40.00,40.00,14.0000,
T0003255,1,FLO-004,1,38.00,38.00,15.0000,
T0003255,2,FLO-003,1,70.00,70.00,28.0000,
T0003256,1,VAP-005,2,28.00,28.00,9.0000,
T0003256,2,EDI-003,1,20.00,20.00,6.5000,
T0003257,1,PRE-001,1,10.00,10.00,3.2000,
T0003258,1,VAP-003,2,32.00,32.00,12.0000,
T0003258,2,PRE-001,1,10.00,10.00,3.2000,
T0003259,1,FLO-002,1,40.00,40.00,16.0000,
T0003260,1,VAP-004,1,60.00,60.00,24.0000,
T0003261,1,FLO-005,1,38.00,38.00,15.5000,
T0003262,1,VAP-001,1,55.00,55.00,22.0000,
T0003262,2,PRE-002,1,10.00,10.00,3.4000,
T0003262,4,ACC-001,1,20.00,20.00,5.0000,
T0003263,1,FLO-005,1,38.00,38.00,15.5000,
T0003263,2,FLO-010,1,45.00,40.50,18.0000,
T0003263,3,VAP-003,1,32.00,32.00,12.0000,
T0003263,4,FLO-001,1,35.00,35.00,14.0000,
T0003264,1,EDI-004,1,25.00,25.00,7.5000,
T0003264,2,FLO-008,2,32.00,32.00,13.5000,
T0003265,1,EDI-006,1,8.00,8.00,3.0000,
T0003265,2,VAP-003,1,32.00,32.00,12.0000,
T0003266,1,ACC-005,2,12.00,12.00,2.5000,
T0003266,2,VAP-006,1,15.00,15.00,4.0000,
T0003267,1,FLO-008,1,32.00,25.60,13.5000,
T0003267,2,VAP-001,1,55.00,55.00,22.0000,
T0003268,1,VAP-002,1,40.00,40.00,14.0000,
T0003268,2,FLO-002,2,40.00,40.00,16.0000,
T0003268,3,PRE-002,1,10.00,10.00,3.4000,
T0003268,4,ACC-004,2,2.00,2.00,0.4000,
T0003269,1,EDI-006,1,8.00,6.40,3.0000,
T0003270,1,FLO-004,1,38.00,38.00,15.0000,
T0003271,1,EDI-001,1,20.00,20.00,6.0000,
T0003271,2,TOP-001,1,35.00,35.00,12.0000,
T0003271,3,PRE-002,1,10.00,10.00,3.4000,
T0003272,1,FLO-005,1,38.00,34.20,15.5000,
T0003272,2,EDI-005,2,14.00,14.00,4.0000,
T0003273,1,FLO-007,1,32.00,28.80,13.0000,
T0003274,1,VAP-006,1,15.00,15.00,4.0000,
T0003274,2,PRE-001,1,10.00,10.00,3.2000,
T0003275,1,EDI-001,1,20.00,16.00,6.0000,
T0003276,1,VAP-006,1,15.00,15.00,4.0000,
T0003277,1,ACC-002,1,3.00,3.00,0.6000,
T0003277,2,EDI-001,1,20.00,20.00,6.0000,
T0003278,1,FLO-008,2,32.00,32.00,13.5000,
T0003278,2,VAP-001,1,55.00,55.00,22.0000,
T0003278,3,FLO-005,2,38.00,38.00,15.5000,
T0003278,4,VAP-005,3,28.00,28.00,9.0000,
T0003279,1,VAP-002,1,40.00,40.00,14.0000,
T0003280,1,VAP-001,1,55.00,49.50,22.0000,
T0003281,1,FLO-004,3,38.00,38.00,15.0000,
T0003282,1,FLO-001,3,35.00,35.00,14.0000,
T0003282,2,PRE-001,1,10.00,10.00,3.2000,
T0003282,3,EDI-001,1,20.00,20.00,6.0000,
T0003283,1,FLO-007,2,32.00,32.00,13.0000,
T0003283,2,EDI-004,1,25.00,25.00,7.5000,
T0003283,3,CON-001,1,75.00,75.00,32.0000,
T0003284,1,FLO-007,2,32.00,32.00,13.0000,
T0003284,2,FLO-004,2,38.00,38.00,15.0000,
T0003284,3,FLO-008,1,32.00,32.00,13.5000,
T0003284,4,PRE-001,1,10.00,8.00,3.2000,
T0003285,1,VAP-005,1,28.00,28.00,9.0000,
T0003285,2,VAP-002,1,40.00,40.00,14.0000,
T0003285,3,FLO-007,1,32.00,32.00,13.0000,
T0003285,4,FLO-002,2,40.00,40.00,16.0000,
T0003285,5,ACC-004,1,2.00,2.00,0.4000,
T0003286,1,FLO-010,1,45.00,45.00,18.0000,
T0003287,1,PRE-005,1,6.00,6.00,1.8000,
T0003287,2,PRE-001,1,10.00,10.00,3.2000,
T0003288,1,ACC-002,1,3.00,3.00,0.6000,
T0003289,1,ACC-002,1,3.00,3.00,0.6000,
T0003290,1,ACC-002,1,3.00,3.00,0.6000,
T0003291,1,EDI-001,1,20.00,20.00,6.0000,
T0003291,2,PRE-001,1,10.00,10.00,3.2000,
T0003292,1,EDI-004,1,25.00,25.00,7.5000,
T0003292,3,VAP-003,1,32.00,32.00,12.0000,
T0003293,1,ACC-004,1,2.00,2.00,0.4000,
T0003294,1,VAP-005,1,28.00,28.00,9.0000,
T0003294,2,FLO-005,1,38.00,38.00,15.5000,
T0003295,1,VAP-001,1,55.00,55.00,22.0000,
T0003295,2,PRE-003,1,18.00,18.00,6.0000,
T0003295,3,EDI-004,3,25.00,22.50,7.5000,
T0003296,1,EDI-002,1,22.00,22.00,7.0000,
T0003297,1,VAP-004,1,60.00,60.00,24.0000,
T0003298,1,EDI-005,2,14.00,14.00,4.0000,
T0003299,1,EDI-001,1,20.00,20.00,6.0000,
T0003300,1,PRE-004,1,35.00,35.00,12.0000,
T0003300,2,PRE-001,1,10.00,10.00,3.2000,
T0003301,1,VAP-005,2,28.00,28.00,9.0000,
T0003302,1,FLO-002,1,40.00,40.00,16.0000,
T0003303,1,FLO-003,2,70.00,70.00,28.0000,
T0003303,2,EDI-001,2,20.00,20.00,6.0000,
T0003304,1,VAP-001,3,55.00,55.00,22.0000,
T0003304,2,CON-003,1,30.00,30.00,12.0000,
T0003305,1,ACC-002,1,3.00,3.00,0.6000,
T0003306,1,VAP-003,1,32.00,32.00,12.0000,
T0003306,2,FLO-004,1,38.00,38.00,15.0000,
T0003306,3,CON-004,1,55.00,55.00,22.0000,
T0003306,4,ACC-002,1,3.00,3.00,0.6000,
T0003307,1,PRE-005,1,6.00,6.00,1.8000,
T0003307,2,VAP-002,1,40.00,40.00,14.0000,
T0003308,1,PRE-005,2,6.00,6.00,1.8000,
T0003308,2,PRE-002,1,10.00,10.00,3.4000,
T0003309,1,FLO-007,3,32.00,32.00,13.0000,
T0003310,1,EDI-001,1,20.00,20.00,6.0000,
T0003310,2,FLO-004,1,38.00,38.00,15.0000,
T0003310,3,ACC-004,3,2.00,2.00,0.4000,
T0003310,4,PRE-004,1,35.00,35.00,12.0000,
T0003311,1,TIN-002,1,45.00,45.00,16.0000,
T0003312,1,PRE-001,1,10.00,10.00,3.2000,
T0003312,2,PRE-003,1,18.00,18.00,6.0000,
T0003313,1,PRE-003,1,18.00,18.00,6.0000,
T0003313,2,PRE-001,2,10.00,8.00,3.2000,
T0003314,1,ACC-002,1,3.00,3.00,0.6000,
T0003314,2,EDI-007,1,18.00,18.00,6.0000,
T0003314,3,EDI-002,1,22.00,22.00,7.0000,
T0003315,1,FLO-005,1,38.00,38.00,15.5000,
T0003316,1,TOP-001,1,35.00,35.00,12.0000,
T0003316,2,FLO-007,1,32.00,32.00,13.0000,
T0003316,3,FLO-003,2,70.00,70.00,28.0000,
T0003316,4,FLO-005,2,38.00,38.00,15.5000,
T0003317,1,ACC-004,1,2.00,2.00,0.4000,
T0003318,1,FLO-007,1,32.00,25.60,13.0000,
T0003318,2,FLO-001,2,35.00,35.00,14.0000,
T0003319,1,EDI-007,1,18.00,18.00,6.0000,
T0003319,2,PRE-001,1,10.00,10.00,3.2000,
T0003319,3,VAP-005,1,28.00,28.00,9.0000,
T0003319,4,ACC-001,2,20.00,20.00,5.0000,
T0003319,5,VAP-001,1,55.00,55.00,22.0000,
T0003320,1,VAP-004,1,60.00,60.00,24.0000,
T0003320,2,PRE-005,1,6.00,6.00,1.8000,
T0003321,1,VAP-003,1,32.00,32.00,12.0000,
T0003321,2,FLO-007,1,32.00,32.00,13.0000,
T0003322,1,VAP-003,3,32.00,32.00,12.0000,
T0003322,2,FLO-004,1,38.00,38.00,15.0000,
T0003322,3,EDI-004,1,25.00,25.00,7.5000,
T0003323,1,EDI-003,1,20.00,20.00,6.5000,
T0003324,1,PRE-002,1,10.00,10.00,3.4000,
T0003324,2,PRE-005,1,6.00,6.00,1.8000,
T0003324,3,FLO-008,1,32.00,32.00,13.5000,
T0003325,1,FLO-001,1,35.00,35.00,14.0000,
T0003326,1,PRE-001,1,10.00,10.00,3.2000,
T0003326,2,PRE-003,1,18.00,18.00,6.0000,
T0003327,1,EDI-001,2,20.00,20.00,6.0000,
T0003327,2,PRE-002,1,10.00,10.00,3.4000,
T0003328,1,ACC-002,1,3.00,3.00,0.6000,
T0003328,2,VAP-003,1,32.00,32.00,12.0000,
T0003328,3,ACC-004,3,2.00,2.00,0.4000,
T0003329,1,TIN-002,1,45.00,45.00,16.0000,
T0003330,1,PRE-001,1,10.00,10.00,3.2000,
T0003330,2,FLO-004,1,38.00,38.00,15.0000,
T0003331,1,FLO-007,1,32.00,25.60,13.0000,
T0003332,1,PRE-005,1,6.00,5.40,1.8000,
T0003333,1,FLO-004,2,38.00,38.00,15.0000,
T0003334,1,VAP-005,1,28.00,28.00,9.0000,
T0003334,2,EDI-003,1,20.00,20.00,6.5000,
T0003335,1,EDI-001,1,20.00,20.00,6.0000,
T0003336,1,PRE-004,1,35.00,35.00,12.0000,
T0003336,2,VAP-001,1,55.00,55.00,22.0000,
T0003336,3,FLO-004,1,38.00,38.00,15.0000,
T0003336,4,FLO-001,1,35.00,35.00,14.0000,
T0003336,5,ACC-002,1,3.00,3.00,0.6000,
T0003337,1,PRE-001,2,10.00,10.00,3.2000,
T0003337,2,PRE-002,1,10.00,10.00,3.4000,
T0003338,1,FLO-002,3,40.00,40.00,16.0000,
T0003339,1,EDI-002,2,22.00,22.00,7.0000,
T0003340,1,CON-001,1,75.00,75.00,32.0000,
T0003341,1,FLO-003,2,70.00,70.00,28.0000,
T0003342,1,VAP-006,1,15.00,15.00,4.0000,
T0003342,2,PRE-001,1,10.00,10.00,3.2000,
T0003343,1,FLO-004,1,38.00,38.00,15.0000,
T0003344,1,EDI-007,1,18.00,18.00,6.0000,
T0003344,2,EDI-002,1,22.00,22.00,7.0000,
T0003345,1,VAP-006,2,15.00,15.00,4.0000,
T0003345,2,VAP-005,1,28.00,28.00,9.0000,
T0003346,1,FLO-004,1,38.00,38.00,15.0000,
T0003346,2,FLO-003,1,70.00,70.00,28.0000,
T0003347,1,PRE-005,2,6.00,5.40,1.8000,
T0003347,2,FLO-003,1,70.00,70.00,28.0000,
T0003347,3,FLO-002,1,40.00,40.00,16.0000,
T0003347,4,PRE-002,1,10.00,10.00,3.4000,
T0003348,1,ACC-002,2,3.00,3.00,0.6000,
T0003348,2,EDI-003,1,20.00,20.00,6.5000,
T0003349,1,FLO-001,1,35.00,35.00,14.0000,
T0003349,2,FLO-004,2,38.00,38.00,15.0000,
T0003349,3,EDI-001,1,20.00,20.00,6.0000,
T0003350,1,FLO-001,1,35.00,35.00,14.0000,
T0003351,1,FLO-005,1,38.00,34.20,15.5000,
T0003352,1,FLO-007,1,32.00,32.00,13.0000,
T0003353,1,EDI-005,1,14.00,14.00,4.0000,
T0003353,2,TOP-001,2,35.00,35.00,12.0000,
T0003353,3,VAP-002,1,40.00,40.00,14.0000,
T0003354,1,VAP-001,2,55.00,55.00,22.0000,
T0003354,2,EDI-004,1,25.00,25.00,7.5000,
T0003355,1,CON-003,1,30.00,30.00,12.0000,
T0003355,2,PRE-002,1,10.00,10.00,3.4000,
T0003356,1,VAP-006,1,15.00,13.50,4.0000,
T0003356,2,VAP-001,2,55.00,44.00,22.0000,
T0003356,3,ACC-002,1,3.00,2.40,0.6000,
T0003356,4,FLO-001,1,35.00,28.00,14.0000,
T0003357,1,PRE-004,1,35.00,35.00,12.0000,
T0003358,1,ACC-004,1,2.00,2.00,0.4000,
T0003359,1,VAP-006,1,15.00,15.00,4.0000,
T0003360,1,VAP-002,1,40.00,32.00,14.0000,
T0003360,2,VAP-005,1,28.00,28.00,9.0000,
T0003361,1,TOP-002,1,24.00,24.00,9.0000,
T0003362,1,PRE-001,1,10.00,10.00,3.2000,
T0003362,2,FLO-005,1,38.00,38.00,15.5000,
T0003362,3,EDI-001,1,20.00,20.00,6.0000,
T0003363,1,PRE-001,1,10.00,10.00,3.2000,
T0003363,2,FLO-001,1,35.00,35.00,14.0000,
T0003363,4,VAP-002,1,40.00,40.00,14.0000,
T0003364,1,CON-002,1,45.00,45.00,18.0000,
T0003364,2,FLO-004,1,38.00,38.00,15.0000,
T0003364,3,FLO-002,1,40.00,40.00,16.0000,
T0003365,1,EDI-001,3,20.00,20.00,6.0000,
T0003366,1,ACC-004,2,2.00,2.00,0.4000,
T0003366,2,FLO-004,1,38.00,38.00,15.0000,
T0003366,3,FLO-005,1,38.00,38.00,15.5000,
T0003367,1,VAP-003,3,32.00,32.00,12.0000,
T0003367,2,EDI-001,3,20.00,20.00,6.0000,
T0003367,3,TIN-001,1,50.00,50.00,18.0000,
T0003367,4,PRE-001,2,10.00,10.00,3.2000,
T0003367,5,PRE-002,1,10.00,10.00,3.4000,
T0003368,1,EDI-001,1,20.00,16.00,6.0000,
T0003368,2,EDI-003,2,20.00,20.00,6.5000,
T0003368,3,FLO-006,1,120.00,120.00,52.0000,
T0003369,1,FLO-001,1,35.00,35.00,14.0000,
T0003369,2,EDI-002,2,22.00,17.60,7.0000,
T0003369,3,PRE-002,2,10.00,8.00,3.4000,
T0003370,1,ACC-004,1,2.00,2.00,0.4000,
T0003371,1,TOP-002,1,24.00,24.00,9.0000,
T0003371,2,EDI-005,1,14.00,14.00,4.0000,
T0003372,1,FLO-005,1,38.00,38.00,15.5000,
T0003373,1,EDI-003,1,20.00,20.00,6.5000,
T0003373,2,EDI-002,2,22.00,22.00,7.0000,
T0003373,3,PRE-005,2,6.00,5.40,1.8000,
T0003374,1,FLO-007,3,32.00,25.60,13.0000,
T0003374,2,PRE-003,1,18.00,16.20,6.0000,
T0003374,3,VAP-003,1,32.00,32.00,12.0000,
T0003375,1,EDI-004,1,25.00,25.00,7.5000,
T0003375,2,EDI-002,1,22.00,22.00,7.0000,
T0003375,3,EDI-001,1,20.00,20.00,6.0000,
T0003376,1,PRE-005,1,6.00,6.00,1.8000,
T0003376,2,ACC-004,1,2.00,1.60,0.4000,
T0003377,1,VAP-005,1,28.00,25.20,9.0000,
T0003377,2,FLO-002,1,40.00,40.00,16.0000,
T0003377,3,CON-002,1,45.00,45.00,18.0000,
T0003378,1,VAP-003,2,32.00,32.00,12.0000,
T0003378,2,EDI-001,2,20.00,20.00,6.0000,
T0003379,1,PRE-003,1,18.00,18.00,6.0000,
T0003379,3,ACC-004,1,2.00,2.00,0.4000,
T0003380,1,FLO-005,1,38.00,38.00,15.5000,
T0003380,2,ACC-001,1,20.00,18.00,5.0000,
T0003380,3,EDI-002,2,22.00,22.00,7.0000,
T0003381,1,PRE-002,1,10.00,10.00,3.4000,
T0003381,2,TIN-001,1,50.00,50.00,18.0000,
T0003382,1,CON-003,1,30.00,30.00,12.0000,
T0003383,1,ACC-004,1,2.00,2.00,0.4000,
T0003384,1,EDI-001,1,20.00,20.00,6.0000,
T0003384,2,FLO-008,2,32.00,32.00,13.5000,
T0003385,1,PRE-002,2,10.00,10.00,3.4000,
T0003386,1,FLO-007,1,32.00,32.00,13.0000,
T0003386,3,FLO-003,1,70.00,70.00,28.0000,
T0003386,4,PRE-005,2,6.00,6.00,1.8000,
T0003387,1,FLO-008,1,32.00,32.00,13.5000,
T0003388,1,ACC-002,1,3.00,3.00,0.6000,
T0003389,1,CON-004,1,55.00,55.00,22.0000,
T0003389,2,PRE-004,1,35.00,35.00,12.0000,
T0003390,1,ACC-004,3,2.00,2.00,0.4000,
T0003391,1,FLO-003,2,70.00,63.00,28.0000,
T0003392,1,TIN-002,1,45.00,45.00,16.0000,
T0003393,1,VAP-005,1,28.00,28.00,9.0000,
T0003393,2,FLO-002,1,40.00,40.00,16.0000,
T0003394,1,PRE-002,1,10.00,10.00,3.4000,
T0003395,1,EDI-005,1,14.00,14.00,4.0000,
T0003396,1,EDI-007,1,18.00,16.20,6.0000,
T0003396,2,FLO-004,1,38.00,38.00,15.0000,
T0003396,3,EDI-004,1,25.00,25.00,7.5000,
T0003396,4,VAP-005,1,28.00,28.00,9.0000,
T0003397,1,PRE-002,1,10.00,10.00,3.4000,
T0003397,2,FLO-001,1,35.00,35.00,14.0000,
T0003397,3,FLO-008,1,32.00,32.00,13.5000,
T0003398,1,VAP-005,1,28.00,28.00,9.0000,
T0003398,2,FLO-004,1,38.00,38.00,15.0000,
T0003398,3,FLO-002,1,40.00,40.00,16.0000,
T0003398,4,PRE-005,3,6.00,6.00,1.8000,
T0003399,1,VAP-003,1,32.00,32.00,12.0000,
T0003399,2,FLO-005,1,38.00,38.00,15.5000,
T0003400,1,EDI-006,1,8.00,6.40,3.0000,
T0003400,2,ACC-004,1,2.00,2.00,0.4000,
T0003400,3,CON-002,1,45.00,45.00,18.0000,
T0003401,1,ACC-002,1,3.00,3.00,0.6000,
T0003401,2,EDI-001,2,20.00,20.00,6.0000,
T0003401,3,FLO-004,1,38.00,38.00,15.0000,
T0003402,1,VAP-006,2,15.00,15.00,4.0000,
T0003402,2,ACC-004,2,2.00,2.00,0.4000,
T0003403,1,ACC-002,1,3.00,3.00,0.6000,
T0003404,1,FLO-005,1,38.00,38.00,15.5000,
T0003404,2,EDI-003,1,20.00,20.00,6.5000,
T0003405,1,VAP-005,2,28.00,28.00,9.0000,
T0003406,1,VAP-002,1,40.00,40.00,14.0000,
T0003407,1,EDI-004,1,25.00,25.00,7.5000,
T0003408,1,VAP-004,1,60.00,60.00,24.0000,
T0003409,1,FLO-007,1,32.00,25.60,13.0000,
T0003410,1,PRE-003,1,18.00,18.00,6.0000,
T0003411,1,TIN-001,3,50.00,45.00,18.0000,
T0003412,1,PRE-004,2,35.00,31.50,12.0000,
T0003412,2,VAP-001,2,55.00,55.00,22.0000,
T0003413,1,VAP-002,1,40.00,40.00,14.0000,
T0003413,2,FLO-001,1,35.00,31.50,14.0000,
T0003414,1,FLO-001,1,35.00,35.00,14.0000,
T0003414,2,CON-002,1,45.00,45.00,18.0000,
T0003415,1,FLO-005,2,38.00,38.00,15.5000,
T0003415,2,ACC-003,1,22.00,22.00,6.0000,
T0003415,3,FLO-008,1,32.00,32.00,13.5000,
T0003416,1,VAP-006,1,15.00,15.00,4.0000,
T0003416,2,FLO-005,2,38.00,38.00,15.5000,
T0003417,1,EDI-005,1,14.00,14.00,4.0000,
T0003417,2,ACC-004,1,2.00,2.00,0.4000,
T0003417,3,FLO-010,1,45.00,45.00,18.0000,
T0003417,4,EDI-004,1,25.00,25.00,7.5000,
T0003418,1,VAP-005,3,28.00,28.00,9.0000,
T0003419,1,ACC-002,1,3.00,3.00,0.6000,
T0003420,1,EDI-003,2,20.00,16.00,6.5000,
T0003420,2,PRE-001,1,10.00,8.00,3.2000,
T0003420,3,PRE-004,1,35.00,28.00,12.0000,
T0003420,4,PRE-005,1,6.00,6.00,1.8000,
T0003420,5,PRE-002,1,10.00,9.00,3.4000,
T0003421,1,VAP-003,2,32.00,32.00,12.0000,
T0003421,2,EDI-004,3,25.00,25.00,7.5000,
T0003421,3,PRE-005,2,6.00,6.00,1.8000,
T0003421,4,FLO-007,1,32.00,32.00,13.0000,
T0003422,1,PRE-002,1,10.00,10.00,3.4000,
T0003422,3,EDI-001,2,20.00,20.00,6.0000,
T0003423,1,FLO-002,1,40.00,40.00,16.0000,
T0003424,1,EDI-006,2,8.00,8.00,3.0000,
T0003424,2,VAP-002,1,40.00,40.00,14.0000,
T0003424,3,PRE-003,1,18.00,18.00,6.0000,
T0003425,1,FLO-001,1,35.00,35.00,14.0000,
T0003425,2,VAP-002,1,40.00,40.00,14.0000,
T0003426,1,CON-004,1,55.00,55.00,22.0000,
T0003427,1,PRE-001,1,10.00,10.00,3.2000,
T0003427,2,FLO-004,1,38.00,38.00,15.0000,
T0003427,3,PRE-003,1,18.00,18.00,6.0000,
T0003428,1,PRE-005,2,6.00,6.00,1.8000,
T0003429,1,PRE-005,1,6.00,6.00,1.8000,
T0003430,1,PRE-001,2,10.00,10.00,3.2000,
T0003431,1,PRE-005,1,6.00,5.40,1.8000,
T0003431,2,FLO-003,1,70.00,70.00,28.0000,
T0003431,3,FLO-001,1,35.00,35.00,14.0000,
T0003432,1,PRE-001,1,10.00,10.00,3.2000,
T0003433,1,TOP-001,3,35.00,31.50,12.0000,
T0003434,1,FLO-007,1,32.00,32.00,13.0000,
T0003434,2,EDI-005,3,14.00,14.00,4.0000,
T0003435,1,EDI-005,1,14.00,14.00,4.0000,
T0003435,2,FLO-001,1,35.00,35.00,14.0000,
T0003435,3,PRE-003,1,18.00,18.00,6.0000,
T0003436,1,EDI-003,1,20.00,20.00,6.5000,
T0003437,1,ACC-003,1,22.00,22.00,6.0000,
T0003437,2,VAP-002,1,40.00,40.00,14.0000,
T0003437,3,FLO-005,1,38.00,38.00,15.5000,
T0003437,4,ACC-004,1,2.00,2.00,0.4000,
T0003438,1,PRE-002,1,10.00,10.00,3.4000,
T0003439,1,FLO-003,1,70.00,70.00,28.0000,
T0003439,2,PRE-005,1,6.00,6.00,1.8000,
T0003439,3,FLO-004,2,38.00,34.20,15.0000,
T0003439,4,EDI-002,1,22.00,22.00,7.0000,
T0003440,1,VAP-001,1,55.00,44.00,22.0000,
T0003441,1,PRE-005,1,6.00,6.00,1.8000,
T0003441,2,ACC-003,1,22.00,17.60,6.0000,
T0003441,3,VAP-005,1,28.00,28.00,9.0000,
T0003441,4,FLO-007,1,32.00,32.00,13.0000,
T0003441,5,FLO-001,1,35.00,28.00,14.0000,
T0003442,1,EDI-001,1,20.00,16.00,6.0000,
T0003442,2,FLO-001,2,35.00,35.00,14.0000,
T0003443,1,PRE-004,2,35.00,35.00,12.0000,
T0003443,2,ACC-004,2,2.00,2.00,0.4000,
T0003443,3,EDI-005,1,14.00,14.00,4.0000,
T0003443,4,EDI-002,1,22.00,22.00,7.0000,
T0003443,5,FLO-006,2,120.00,120.00,52.0000,
T0003444,1,EDI-001,1,20.00,20.00,6.0000,
T0003444,2,FLO-008,1,32.00,32.00,13.5000,
T0003445,1,ACC-004,1,2.00,2.00,0.4000,
T0003445,2,PRE-002,1,10.00,10.00,3.4000,
T0003446,1,ACC-004,1,2.00,2.00,0.4000,
T0003446,2,CON-003,3,30.00,30.00,12.0000,
T0003447,1,ACC-004,3,2.00,1.60,0.4000,
T0003448,1,FLO-005,1,38.00,38.00,15.5000,
T0003448,2,ACC-004,1,2.00,2.00,0.4000,
T0003448,3,PRE-002,1,10.00,10.00,3.4000,
T0003449,1,CON-001,2,75.00,75.00,32.0000,
T0003449,2,ACC-004,1,2.00,2.00,0.4000,
T0003450,1,PRE-001,1,10.00,10.00,3.2000,
T0003450,2,EDI-005,1,14.00,14.00,4.0000,
T0003451,1,PRE-001,1,10.00,10.00,3.2000,
T0003451,2,PRE-005,1,6.00,6.00,1.8000,
T0003451,3,ACC-004,3,2.00,2.00,0.4000,
T0003451,4,EDI-001,1,20.00,20.00,6.0000,
T0003452,1,VAP-001,1,55.00,55.00,22.0000,
T0003453,1,ACC-004,2,2.00,2.00,0.4000,
T0003454,1,VAP-002,1,40.00,40.00,14.0000,
T0003454,2,ACC-004,1,2.00,2.00,0.4000,
T0003455,1,FLO-003,1,70.00,56.00,28.0000,
T0003456,1,ACC-002,1,3.00,3.00,0.6000,
T0003456,2,EDI-005,1,14.00,14.00,4.0000,
T0003457,1,FLO-004,1,38.00,38.00,15.0000,
T0003457,2,VAP-004,1,60.00,60.00,24.0000,
T0003458,1,FLO-002,1,40.00,40.00,16.0000,
T0003458,2,PRE-001,1,10.00,10.00,3.2000,
T0003459,1,VAP-003,1,32.00,32.00,12.0000,
T0003459,2,FLO-001,1,35.00,35.00,14.0000,
T0003460,1,FLO-001,1,35.00,35.00,14.0000,
T0003460,2,FLO-005,1,38.00,38.00,15.5000,
T0003460,3,EDI-001,1,20.00,20.00,6.0000,
T0003460,4,FLO-002,1,40.00,40.00,16.0000,
T0003461,1,ACC-004,1,2.00,2.00,0.4000,
T0003462,1,FLO-005,1,38.00,38.00,15.5000,
T0003462,2,PRE-001,1,10.00,10.00,3.2000,
T0003462,4,PRE-004,3,35.00,35.00,12.0000,
T0003463,1,ACC-004,1,2.00,2.00,0.4000,
T0003463,2,PRE-001,1,10.00,8.00,3.2000,
T0003463,3,FLO-007,1,32.00,32.00,13.0000,
T0003464,1,PRE-005,2,6.00,6.00,1.8000,
T0003464,2,FLO-004,1,38.00,38.00,15.0000,
T0003465,1,PRE-003,2,18.00,18.00,6.0000,
T0003466,1,PRE-003,1,18.00,16.20,6.0000,
T0003466,2,VAP-003,1,32.00,32.00,12.0000,
T0003467,1,FLO-007,1,32.00,32.00,13.0000,
T0003468,1,CON-001,1,75.00,75.00,32.0000,
T0003468,2,VAP-005,1,28.00,28.00,9.0000,
T0003468,3,FLO-008,1,32.00,32.00,13.5000,
T0003469,1,PRE-001,1,10.00,10.00,3.2000,
T0003469,2,TIN-002,1,45.00,45.00,16.0000,
T0003469,3,EDI-006,1,8.00,8.00,3.0000,
T0003470,1,CON-001,1,75.00,75.00,32.0000,
T0003471,1,FLO-004,2,38.00,34.20,15.0000,
T0003471,2,ACC-004,2,2.00,2.00,0.4000,
T0003472,1,FLO-005,1,38.00,38.00,15.5000,
T0003473,1,FLO-008,2,32.00,25.60,13.5000,
T0003474,1,PRE-003,1,18.00,18.00,6.0000,
T0003474,2,FLO-002,2,40.00,32.00,16.0000,
T0003474,3,ACC-004,1,2.00,1.60,0.4000,
T0003475,1,FLO-002,1,40.00,40.00,16.0000,
T0003475,2,EDI-002,1,22.00,17.60,7.0000,
T0003476,1,VAP-002,1,40.00,40.00,14.0000,
T0003477,1,FLO-002,2,40.00,40.00,16.0000,
T0003477,2,ACC-004,2,2.00,2.00,0.4000,
T0003478,1,EDI-004,1,25.00,25.00,7.5000,
T0003478,2,EDI-005,1,14.00,12.60,4.0000,
T0003479,1,ACC-004,2,2.00,2.00,0.4000,
T0003480,1,PRE-005,1,6.00,6.00,1.8000,
T0003480,2,PRE-001,1,10.00,10.00,3.2000,
T0003481,1,EDI-002,1,22.00,22.00,7.0000,
T0003482,1,FLO-003,1,70.00,70.00,28.0000,
T0003482,2,FLO-005,1,38.00,38.00,15.5000,
T0003482,3,FLO-007,1,32.00,32.00,13.0000,
T0003483,1,EDI-001,2,20.00,16.00,6.0000,
T0003483,2,EDI-004,1,25.00,25.00,7.5000,
T0003483,3,FLO-005,2,38.00,30.40,15.5000,
T0003483,4,VAP-002,1,40.00,40.00,14.0000,
T0003484,1,ACC-004,1,2.00,2.00,0.4000,
T0003485,1,FLO-005,1,38.00,38.00,15.5000,
T0003486,1,PRE-005,1,6.00,5.40,1.8000,
T0003486,2,PRE-001,1,10.00,10.00,3.2000,
T0003487,1,EDI-004,1,25.00,25.00,7.5000,
T0003487,2,EDI-005,1,14.00,14.00,4.0000,
T0003487,3,ACC-002,1,3.00,3.00,0.6000,
T0003488,1,PRE-001,1,10.00,10.00,3.2000,
T0003489,1,FLO-002,1,40.00,40.00,16.0000,
T0003489,2,FLO-007,2,32.00,25.60,13.0000,
T0003490,1,PRE-001,1,10.00,10.00,3.2000,
T0003490,2,PRE-002,1,10.00,10.00,3.4000,
T0003491,1,VAP-006,2,15.00,15.00,4.0000,
T0003491,2,VAP-005,1,28.00,28.00,9.0000,
T0003492,1,EDI-001,3,20.00,20.00,6.0000,
T0003492,2,CON-004,1,55.00,55.00,22.0000,
T0003493,1,VAP-001,2,55.00,49.50,22.0000,
T0003493,2,PRE-005,2,6.00,6.00,1.8000,
T0003494,1,VAP-001,3,55.00,55.00,22.0000,
T0003495,1,EDI-001,3,20.00,20.00,6.0000,
T0003495,2,CON-003,1,30.00,30.00,12.0000,
T0003496,1,ACC-001,2,20.00,20.00,5.0000,
T0003496,2,EDI-005,2,14.00,14.00,4.0000,
T0003497,1,EDI-001,1,20.00,20.00,6.0000,
T0003497,2,VAP-001,1,55.00,55.00,22.0000,
T0003498,1,EDI-001,1,20.00,20.00,6.0000,
T0003499,1,VAP-006,1,15.00,12.00,4.0000,
T0003499,2,PRE-001,1,10.00,10.00,3.2000,
T0003500,1,EDI-007,2,18.00,18.00,6.0000,
T0003501,1,PRE-002,1,10.00,10.00,3.4000,
T0003502,1,FLO-008,1,32.00,32.00,13.5000,
T0003503,1,CON-002,1,45.00,45.00,18.0000,
T0003503,2,ACC-004,1,2.00,2.00,0.4000,
T0003504,1,EDI-005,1,14.00,14.00,4.0000,
T0003504,2,EDI-006,1,8.00,8.00,3.0000,
T0003505,1,PRE-002,2,10.00,10.00,3.4000,
T0003505,2,EDI-005,1,14.00,14.00,4.0000,
T0003505,3,FLO-001,1,35.00,35.00,14.0000,
T0003505,4,PRE-005,1,6.00,5.40,1.8000,
T0003505,5,VAP-001,1,55.00,55.00,22.0000,
T0003506,1,PRE-003,1,18.00,18.00,6.0000,
T0003506,2,FLO-007,1,32.00,32.00,13.0000,
T0003506,3,PRE-001,1,10.00,10.00,3.2000,
T0003506,4,FLO-005,1,38.00,38.00,15.5000,
T0003507,1,FLO-005,1,38.00,38.00,15.5000,
T0003507,2,VAP-002,2,40.00,40.00,14.0000,
T0003507,3,EDI-001,1,20.00,20.00,6.0000,
T0003507,4,PRE-005,1,6.00,6.00,1.8000,
T0003508,1,FLO-007,1,32.00,32.00,13.0000,
T0003508,2,VAP-005,1,28.00,22.40,9.0000,
T0003509,1,ACC-002,1,3.00,2.40,0.6000,
T0003510,1,FLO-004,1,38.00,30.40,15.0000,
T0003511,1,ACC-004,1,2.00,2.00,0.4000,
T0003512,1,ACC-002,1,3.00,3.00,0.6000,
T0003513,1,PRE-001,1,10.00,10.00,3.2000,
T0003514,1,TOP-001,1,35.00,35.00,12.0000,
T0003515,1,VAP-003,1,32.00,32.00,12.0000,
T0003516,1,TIN-002,2,45.00,45.00,16.0000,
T0003516,2,VAP-003,3,32.00,32.00,12.0000,
T0003517,1,TIN-002,1,45.00,45.00,16.0000,
T0003518,1,TOP-001,1,35.00,28.00,12.0000,
T0003518,2,ACC-004,2,2.00,1.60,0.4000,
T0003519,1,FLO-006,2,120.00,120.00,52.0000,
T0003519,2,ACC-004,1,2.00,1.80,0.4000,
T0003519,3,EDI-006,1,8.00,8.00,3.0000,
T0003519,4,VAP-002,1,40.00,40.00,14.0000,
T0003520,1,PRE-003,1,18.00,16.20,6.0000,
T0003521,1,PRE-003,1,18.00,18.00,6.0000,
T0003521,2,PRE-005,1,6.00,5.40,1.8000,
T0003521,3,FLO-002,2,40.00,40.00,16.0000,
T0003521,4,FLO-003,1,70.00,70.00,28.0000,
T0003522,1,VAP-003,1,32.00,32.00,12.0000,
T0003522,2,EDI-005,1,14.00,14.00,4.0000,
T0003523,1,VAP-006,2,15.00,15.00,4.0000,
T0003524,1,FLO-001,1,35.00,28.00,14.0000,
T0003525,1,PRE-002,1,10.00,10.00,3.4000,
T0003526,1,PRE-001,1,10.00,10.00,3.2000,
T0003526,2,VAP-002,1,40.00,32.00,14.0000,
T0003527,1,FLO-002,1,40.00,40.00,16.0000,
T0003527,2,VAP-006,1,15.00,15.00,4.0000,
T0003527,3,CON-004,1,55.00,55.00,22.0000,
T0003527,4,ACC-003,1,22.00,22.00,6.0000,
T0003527,5,FLO-005,1,38.00,38.00,15.5000,
T0003528,1,ACC-004,2,2.00,2.00,0.4000,
T0003529,1,VAP-005,1,28.00,28.00,9.0000,
T0003529,2,PRE-001,2,10.00,10.00,3.2000,
T0003530,1,ACC-002,2,3.00,3.00,0.6000,
T0003530,2,FLO-005,1,38.00,34.20,15.5000,
T0003530,3,FLO-004,2,38.00,38.00,15.0000,
T0003531,1,FLO-002,1,40.00,40.00,16.0000,
T0003532,1,EDI-007,1,18.00,18.00,6.0000,
T0003533,1,FLO-001,3,35.00,35.00,14.0000,
T0003534,1,PRE-004,1,35.00,35.00,12.0000,
T0003535,1,PRE-004,1,35.00,35.00,12.0000,
T0003535,2,EDI-006,2,8.00,8.00,3.0000,
T0003535,3,PRE-003,1,18.00,16.20,6.0000,
T0003536,1,VAP-005,2,28.00,28.00,9.0000,
T0003537,1,VAP-005,2,28.00,25.20,9.0000,
T0003537,2,EDI-001,1,20.00,20.00,6.0000,
T0003538,1,VAP-004,1,60.00,60.00,24.0000,
T0003538,2,TIN-002,2,45.00,45.00,16.0000,
T0003538,3,VAP-006,1,15.00,13.50,4.0000,
T0003539,1,FLO-001,2,35.00,35.00,14.0000,
T0003540,1,EDI-004,1,25.00,25.00,7.5000,
T0003541,1,VAP-001,2,55.00,55.00,22.0000,
T0003542,1,FLO-004,1,38.00,30.40,15.0000,
T0003542,2,VAP-005,1,28.00,28.00,9.0000,
T0003542,3,FLO-003,1,70.00,70.00,28.0000,
T0003543,1,VAP-005,1,28.00,28.00,9.0000,
T0003543,2,VAP-001,1,55.00,55.00,22.0000,
T0003544,1,PRE-001,2,10.00,10.00,3.2000,
T0003544,2,FLO-003,3,70.00,70.00,28.0000,
T0003545,1,FLO-008,3,32.00,32.00,13.5000,
T0003545,2,VAP-004,1,60.00,60.00,24.0000,
T0003545,3,PRE-002,1,10.00,10.00,3.4000,
T0003546,1,ACC-002,1,3.00,3.00,0.6000,
T0003546,2,PRE-001,1,10.00,10.00,3.2000,
T0003546,3,PRE-003,1,18.00,16.20,6.0000,
T0003546,4,FLO-004,3,38.00,38.00,15.0000,
T0003547,1,PRE-005,1,6.00,6.00,1.8000,
T0003548,1,VAP-006,1,15.00,15.00,4.0000,
T0003548,2,FLO-002,1,40.00,40.00,16.0000,
T0003548,3,EDI-002,1,22.00,22.00,7.0000,
T0003549,1,VAP-002,3,40.00,40.00,14.0000,
T0003549,2,EDI-003,2,20.00,20.00,6.5000,
T0003550,1,FLO-003,1,70.00,70.00,28.0000,
T0003550,2,FLO-002,2,40.00,40.00,16.0000,
T0003551,1,EDI-004,2,25.00,25.00,7.5000,
T0003552,1,CON-002,2,45.00,45.00,18.0000,
T0003553,1,TOP-001,1,35.00,35.00,12.0000,
T0003553,2,EDI-001,1,20.00,20.00,6.0000,
T0003553,3,PRE-005,1,6.00,5.40,1.8000,
T0003554,1,EDI-003,2,20.00,20.00,6.5000,
T0003555,1,FLO-001,1,35.00,35.00,14.0000,
T0003555,2,FLO-010,2,45.00,40.50,18.0000,
T0003556,1,PRE-001,1,10.00,10.00,3.2000,
T0003557,1,CON-003,1,30.00,30.00,12.0000,
T0003557,2,VAP-001,1,55.00,55.00,22.0000,
T0003557,3,PRE-002,1,10.00,10.00,3.4000,
T0003558,1,FLO-007,1,32.00,32.00,13.0000,
T0003558,2,EDI-001,2,20.00,20.00,6.0000,
T0003559,1,FLO-008,2,32.00,32.00,13.5000,
T0003560,1,FLO-001,1,35.00,35.00,14.0000,
T0003561,1,VAP-002,1,40.00,40.00,14.0000,
T0003561,2,EDI-001,1,20.00,20.00,6.0000,
T0003562,1,EDI-006,1,8.00,8.00,3.0000,
T0003562,2,ACC-004,2,2.00,2.00,0.4000,
T0003562,3,CON-002,1,45.00,45.00,18.0000,
T0003563,1,ACC-004,1,2.00,2.00,0.4000,
T0003563,2,PRE-004,1,35.00,35.00,12.0000,
T0003563,3,EDI-005,1,14.00,14.00,4.0000,
T0003563,4,FLO-008,1,32.00,32.00,13.5000,
T0003564,1,PRE-005,1,6.00,6.00,1.8000,
T0003565,1,PRE-002,1,10.00,10.00,3.4000,
T0003565,2,CON-004,1,55.00,55.00,22.0000,
T0003566,1,FLO-003,1,70.00,70.00,28.0000,
T0003566,2,PRE-001,1,10.00,10.00,3.2000,
T0003566,3,FLO-007,1,32.00,32.00,13.0000,
T0003567,1,FLO-005,2,38.00,38.00,15.5000,
T0003568,1,FLO-002,1,40.00,40.00,16.0000,
T0003568,2,TIN-002,1,45.00,45.00,16.0000,
T0003568,3,CON-002,1,45.00,45.00,18.0000,
T0003569,1,VAP-002,1,40.00,36.00,14.0000,
T0003569,2,PRE-005,1,6.00,6.00,1.8000,
T0003570,1,ACC-005,1,12.00,12.00,2.5000,
T0003571,1,EDI-002,1,22.00,22.00,7.0000,
T0003572,1,ACC-003,1,22.00,22.00,6.0000,
T0003572,2,PRE-005,1,6.00,5.40,1.8000,
T0003573,1,ACC-002,1,3.00,3.00,0.6000,
T0003574,1,PRE-001,1,10.00,10.00,3.2000,
T0003575,1,EDI-002,1,22.00,22.00,7.0000,
T0003576,1,EDI-006,1,8.00,8.00,3.0000,
T0003577,1,PRE-005,2,6.00,6.00,1.8000,
T0003577,2,PRE-002,2,10.00,8.00,3.4000,
T0003578,1,FLO-001,1,35.00,35.00,14.0000,
T0003578,2,PRE-003,1,18.00,18.00,6.0000,
T0003578,3,FLO-008,1,32.00,32.00,13.5000,
T0003578,4,FLO-005,1,38.00,38.00,15.5000,
T0003579,1,EDI-001,1,20.00,20.00,6.0000,
T0003580,1,FLO-004,1,38.00,38.00,15.0000,
T0003580,2,EDI-006,1,8.00,8.00,3.0000,
T0003581,1,VAP-003,1,32.00,32.00,12.0000,
T0003582,1,EDI-005,1,14.00,14.00,4.0000,
T0003583,1,FLO-005,1,38.00,38.00,15.5000,
T0003583,2,EDI-003,1,20.00,20.00,6.5000,
T0003584,1,FLO-002,1,40.00,40.00,16.0000,
T0003584,2,PRE-001,1,10.00,10.00,3.2000,
T0003584,3,PRE-003,2,18.00,18.00,6.0000,
T0003585,1,VAP-006,1,15.00,13.50,4.0000,
T0003586,1,PRE-003,1,18.00,18.00,6.0000,
T0003586,2,PRE-005,1,6.00,6.00,1.8000,
T0003587,1,EDI-001,2,20.00,20.00,6.0000,
T0003588,1,PRE-003,1,18.00,18.00,6.0000,
T0003588,2,CON-004,2,55.00,55.00,22.0000,
T0003589,1,VAP-002,2,40.00,40.00,14.0000,
T0003589,2,FLO-005,3,38.00,38.00,15.5000,
T0003590,1,FLO-008,1,32.00,28.80,13.5000,
T0003591,1,FLO-005,2,38.00,38.00,15.5000,
T0003591,2,FLO-002,1,40.00,40.00,16.0000,
T0003592,1,PRE-002,1,10.00,10.00,3.4000,
T0003592,2,FLO-001,1,35.00,35.00,14.0000,
T0003592,3,VAP-005,1,28.00,28.00,9.0000,
T0003593,1,EDI-003,1,20.00,20.00,6.5000,
T0003593,2,ACC-002,2,3.00,3.00,0.6000,
T0003594,1,VAP-002,1,40.00,40.00,14.0000,
T0003594,2,PRE-004,1,35.00,35.00,12.0000,
T0003595,1,PRE-001,1,10.00,10.00,3.2000,
T0003595,2,PRE-004,1,35.00,35.00,12.0000,
T0003596,1,EDI-005,1,14.00,14.00,4.0000,
T0003596,2,VAP-002,1,40.00,40.00,14.0000,
T0003596,3,PRE-002,1,10.00,10.00,3.4000,
T0003596,4,VAP-001,1,55.00,55.00,22.0000,
T0003596,5,PRE-003,2,18.00,18.00,6.0000,
T0003597,1,EDI-005,1,14.00,14.00,4.0000,
T0003597,2,PRE-005,1,6.00,6.00,1.8000,
T0003597,3,PRE-001,1,10.00,10.00,3.2000,
T0003598,1,TIN-002,1,45.00,45.00,16.0000,
T0003599,1,EDI-002,1,22.00,22.00,7.0000,
T0003600,1,EDI-002,1,22.00,22.00,7.0000,
T0003600,2,PRE-003,1,18.00,18.00,6.0000,
T0003601,1,VAP-004,1,60.00,48.00,24.0000,
T0003601,2,EDI-004,1,25.00,20.00,7.5000,
T0003601,3,VAP-003,1,32.00,25.60,12.0000,
T0003602,1,VAP-004,3,60.00,60.00,24.0000,
T0003603,1,CON-002,1,45.00,45.00,18.0000,
T0003603,2,EDI-001,3,20.00,20.00,6.0000,
T0003603,3,ACC-004,1,2.00,2.00,0.4000,
T0003604,1,VAP-002,1,40.00,40.00,14.0000,
T0003605,1,EDI-003,3,20.00,20.00,6.5000,
T0003606,1,PRE-001,1,10.00,10.00,3.2000,
T0003607,1,EDI-006,1,8.00,8.00,3.0000,
T0003608,1,EDI-003,1,20.00,20.00,6.5000,
T0003608,2,ACC-004,2,2.00,2.00,0.4000,
T0003608,3,ACC-005,1,12.00,12.00,2.5000,
T0003609,1,VAP-005,1,28.00,28.00,9.0000,
T0003609,3,EDI-004,1,25.00,25.00,7.5000,
T0003610,1,CON-002,1,45.00,45.00,18.0000,
T0003610,2,VAP-001,1,55.00,55.00,22.0000,
T0003610,3,EDI-004,2,25.00,25.00,7.5000,
T0003611,1,ACC-004,1,2.00,2.00,0.4000,
T0003612,1,PRE-005,1,6.00,6.00,1.8000,
T0003613,1,CON-002,1,45.00,45.00,18.0000,
T0003614,1,FLO-002,1,40.00,36.00,16.0000,
T0003614,2,EDI-006,1,8.00,8.00,3.0000,
T0003615,1,EDI-004,2,25.00,25.00,7.5000,
T0003615,2,VAP-003,2,32.00,32.00,12.0000,
T0003615,3,FLO-008,2,32.00,28.80,13.5000,
T0003616,1,PRE-001,1,10.00,10.00,3.2000,
T0003616,2,ACC-002,1,3.00,3.00,0.6000,
T0003616,3,FLO-008,1,32.00,32.00,13.5000,
T0003617,1,FLO-004,2,38.00,38.00,15.0000,
T0003617,2,CON-002,1,45.00,45.00,18.0000,
T0003618,1,VAP-001,1,55.00,55.00,22.0000,
T0003619,1,FLO-001,1,35.00,35.00,14.0000,
T0003619,2,FLO-004,1,38.00,38.00,15.0000,
T0003619,3,FLO-005,1,38.00,38.00,15.5000,
T0003619,4,PRE-005,1,6.00,6.00,1.8000,
T0003620,1,PRE-001,1,10.00,10.00,3.2000,
T0003621,1,TOP-001,1,35.00,35.00,12.0000,
T0003622,1,PRE-001,1,10.00,10.00,3.2000,
T0003623,1,VAP-001,1,55.00,55.00,22.0000,
T0003624,1,VAP-003,1,32.00,32.00,12.0000,
T0003624,2,EDI-004,1,25.00,25.00,7.5000,
T0003624,3,CON-001,1,75.00,67.50,32.0000,
T0003625,1,VAP-005,3,28.00,28.00,9.0000,
T0003625,2,PRE-003,2,18.00,18.00,6.0000,
T0003626,1,ACC-004,1,2.00,2.00,0.4000,
T0003626,2,PRE-002,1,10.00,10.00,3.4000,
T0003627,1,VAP-005,2,28.00,28.00,9.0000,
T0003627,2,FLO-001,1,35.00,35.00,14.0000,
T0003628,1,FLO-003,3,70.00,70.00,28.0000,
T0003629,1,ACC-004,1,2.00,2.00,0.4000,
T0003630,1,VAP-003,1,32.00,32.00,12.0000,
T0003630,2,EDI-001,1,20.00,20.00,6.0000,
T0003631,1,PRE-001,1,10.00,10.00,3.2000,
T0003632,1,EDI-001,1,20.00,20.00,6.0000,
T0003632,3,VAP-003,2,32.00,32.00,12.0000,
T0003633,1,VAP-001,1,55.00,55.00,22.0000,
T0003633,2,FLO-003,1,70.00,70.00,28.0000,
T0003633,3,PRE-001,1,10.00,10.00,3.2000,
T0003633,4,FLO-004,2,38.00,38.00,15.0000,
T0003633,5,ACC-004,1,2.00,2.00,0.4000,
T0003634,1,VAP-005,1,28.00,28.00,9.0000,
T0003635,1,CON-003,1,30.00,30.00,12.0000,
T0003635,2,VAP-001,1,55.00,55.00,22.0000,
T0003636,1,ACC-002,1,3.00,3.00,0.6000,
T0003637,1,PRE-001,1,10.00,10.00,3.2000,
T0003638,1,FLO-002,1,40.00,40.00,16.0000,
T0003638,2,ACC-004,1,2.00,2.00,0.4000,
T0003639,1,EDI-004,3,25.00,25.00,7.5000,
T0003639,2,PRE-001,1,10.00,10.00,3.2000,
T0003640,1,FLO-008,2,32.00,32.00,13.5000,
T0003641,1,CON-003,1,30.00,30.00,12.0000,
T0003642,1,FLO-001,1,35.00,35.00,14.0000,
T0003643,1,TIN-001,1,50.00,50.00,18.0000,
T0003643,2,FLO-004,1,38.00,38.00,15.0000,
T0003644,1,PRE-004,3,35.00,35.00,12.0000,
T0003645,1,FLO-003,3,70.00,56.00,28.0000,
T0003646,1,ACC-002,1,3.00,2.70,0.6000,
T0003646,2,FLO-008,3,32.00,32.00,13.5000,
T0003647,1,FLO-001,1,35.00,35.00,14.0000,
T0003647,2,CON-001,1,75.00,75.00,32.0000,
T0003647,3,ACC-004,1,2.00,2.00,0.4000,
T0003648,1,VAP-005,3,28.00,28.00,9.0000,
T0003649,1,FLO-003,2,70.00,70.00,28.0000,
T0003649,2,VAP-003,1,32.00,32.00,12.0000,
T0003649,3,VAP-001,1,55.00,55.00,22.0000,
T0003649,4,PRE-003,1,18.00,18.00,6.0000,
T0003650,1,PRE-001,2,10.00,8.00,3.2000,
T0003650,2,PRE-003,1,18.00,18.00,6.0000,
T0003650,3,VAP-005,1,28.00,22.40,9.0000,
T0003651,1,VAP-003,1,32.00,32.00,12.0000,
T0003652,1,PRE-002,1,10.00,10.00,3.4000,
T0003652,2,ACC-002,1,3.00,3.00,0.6000,
T0003652,3,EDI-002,1,22.00,22.00,7.0000,
T0003653,1,TIN-001,1,50.00,45.00,18.0000,
T0003654,1,FLO-006,1,120.00,120.00,52.0000,
T0003654,2,ACC-004,1,2.00,2.00,0.4000,
T0003655,1,FLO-001,1,35.00,35.00,14.0000,
T0003656,1,EDI-004,1,25.00,25.00,7.5000,
T0003656,2,FLO-001,1,35.00,31.50,14.0000,
T0003656,3,PRE-001,1,10.00,10.00,3.2000,
T0003656,4,ACC-004,1,2.00,2.00,0.4000,
T0003657,1,VAP-004,1,60.00,60.00,24.0000,
T0003657,2,PRE-001,3,10.00,10.00,3.2000,
T0003658,1,PRE-001,1,10.00,10.00,3.2000,
T0003658,2,PRE-002,1,10.00,9.00,3.4000,
T0003658,3,EDI-003,1,20.00,20.00,6.5000,
T0003658,4,VAP-003,1,32.00,32.00,12.0000,
T0003659,1,FLO-001,1,35.00,35.00,14.0000,
T0003659,2,EDI-003,1,20.00,20.00,6.5000,
T0003659,3,ACC-004,1,2.00,1.80,0.4000,
T0003659,4,ACC-003,1,22.00,22.00,6.0000,
T0003660,1,ACC-002,1,3.00,2.40,0.6000,
T0003661,1,VAP-005,1,28.00,28.00,9.0000,
T0003662,1,PRE-001,1,10.00,10.00,3.2000,
T0003662,2,PRE-002,2,10.00,10.00,3.4000,
T0003663,1,ACC-004,1,2.00,2.00,0.4000,
T0003664,1,EDI-004,1,25.00,25.00,7.5000,
T0003664,2,EDI-002,1,22.00,22.00,7.0000,
T0003665,1,VAP-005,1,28.00,28.00,9.0000,
T0003665,2,VAP-002,1,40.00,36.00,14.0000,
T0003665,3,VAP-003,1,32.00,32.00,12.0000,
T0003666,1,VAP-001,1,55.00,55.00,22.0000,
T0003667,1,EDI-005,2,14.00,14.00,4.0000,
T0003667,2,FLO-001,2,35.00,35.00,14.0000,
T0003667,3,PRE-002,1,10.00,8.00,3.4000,
T0003668,1,TOP-001,1,35.00,35.00,12.0000,
T0003668,2,VAP-006,1,15.00,15.00,4.0000,
T0003668,3,FLO-002,1,40.00,40.00,16.0000,
T0003668,4,FLO-004,1,38.00,34.20,15.0000,
T0003669,1,ACC-004,1,2.00,2.00,0.4000,
T0003669,2,FLO-005,2,38.00,38.00,15.5000,
T0003669,3,EDI-001,1,20.00,20.00,6.0000,
T0003669,4,PRE-002,1,10.00,10.00,3.4000,
T0003670,1,TOP-001,1,35.00,35.00,12.0000,
T0003671,1,FLO-001,1,35.00,31.50,14.0000,
T0003671,2,ACC-004,1,2.00,2.00,0.4000,
T0003671,3,VAP-003,3,32.00,32.00,12.0000,
T0003672,1,FLO-002,1,40.00,40.00,16.0000,
T0003672,2,ACC-004,1,2.00,2.00,0.4000,
T0003673,1,EDI-001,1,20.00,20.00,6.0000,
T0003674,1,PRE-002,2,10.00,10.00,3.4000,
T0003675,1,ACC-002,2,3.00,3.00,0.6000,
T0003675,2,TIN-001,3,50.00,50.00,18.0000,
T0003675,3,ACC-004,1,2.00,2.00,0.4000,
T0003676,1,EDI-001,1,20.00,20.00,6.0000,
T0003676,2,VAP-003,1,32.00,32.00,12.0000,
T0003677,1,PRE-001,1,10.00,10.00,3.2000,
T0003678,1,VAP-004,1,60.00,54.00,24.0000,
T0003679,1,ACC-002,1,3.00,2.70,0.6000,
T0003680,1,PRE-005,2,6.00,6.00,1.8000,
T0003681,1,ACC-004,1,2.00,2.00,0.4000,
T0003681,2,VAP-004,1,60.00,60.00,24.0000,
T0003682,1,VAP-001,1,55.00,55.00,22.0000,
T0003683,1,EDI-004,1,25.00,25.00,7.5000,
T0003684,1,FLO-004,1,38.00,38.00,15.0000,
T0003684,2,ACC-005,1,12.00,12.00,2.5000,
T0003684,3,PRE-001,3,10.00,9.00,3.2000,
T0003684,4,EDI-003,2,20.00,20.00,6.5000,
T0003685,1,CON-003,1,30.00,30.00,12.0000,
T0003685,2,FLO-001,1,35.00,35.00,14.0000,
T0003685,3,VAP-001,2,55.00,55.00,22.0000,
T0003685,4,ACC-002,1,3.00,3.00,0.6000,
T0003686,1,EDI-002,1,22.00,22.00,7.0000,
T0003687,1,EDI-001,1,20.00,20.00,6.0000,
T0003688,1,PRE-003,3,18.00,18.00,6.0000,
T0003689,1,FLO-002,1,40.00,40.00,16.0000,
T0003689,2,ACC-003,1,22.00,22.00,6.0000,
T0003689,3,EDI-006,3,8.00,8.00,3.0000,
T0003689,4,FLO-003,1,70.00,70.00,28.0000,
T0003689,5,FLO-001,1,35.00,35.00,14.0000,
T0003690,1,PRE-004,2,35.00,35.00,12.0000,
T0003691,1,FLO-008,1,32.00,32.00,13.5000,
T0003691,2,ACC-004,1,2.00,2.00,0.4000,
T0003692,1,EDI-007,1,18.00,18.00,6.0000,
T0003692,2,PRE-005,3,6.00,5.40,1.8000,
T0003692,3,ACC-004,1,2.00,2.00,0.4000,
T0003693,1,PRE-002,1,10.00,10.00,3.4000,
T0003694,1,FLO-008,1,32.00,32.00,13.5000,
T0003695,1,VAP-002,1,40.00,40.00,14.0000,
T0003695,2,EDI-005,1,14.00,14.00,4.0000,
T0003696,1,EDI-002,1,22.00,22.00,7.0000,
T0003697,1,VAP-001,2,55.00,55.00,22.0000,
T0003697,2,EDI-005,1,14.00,14.00,4.0000,
T0003698,1,EDI-004,1,25.00,25.00,7.5000,
T0003698,2,PRE-005,1,6.00,6.00,1.8000,
T0003699,1,VAP-004,1,60.00,60.00,24.0000,
T0003699,2,VAP-002,1,40.00,40.00,14.0000,
T0003699,3,PRE-005,1,6.00,6.00,1.8000,
T0003700,1,PRE-005,2,6.00,6.00,1.8000,
T0003700,2,EDI-007,2,18.00,18.00,6.0000,
T0003701,1,EDI-002,1,22.00,22.00,7.0000,
T0003701,2,PRE-001,1,10.00,10.00,3.2000,
T0003702,1,TOP-001,1,35.00,35.00,12.0000,
T0003703,1,EDI-006,1,8.00,7.20,3.0000,
T0003704,1,PRE-005,1,6.00,6.00,1.8000,
T0003704,3,TOP-002,1,24.00,24.00,9.0000,
T0003704,4,VAP-003,3,32.00,32.00,12.0000,
T0003705,1,FLO-005,1,38.00,38.00,15.5000,
T0003705,2,ACC-004,3,2.00,2.00,0.4000,
T0003705,3,PRE-005,1,6.00,6.00,1.8000,
T0003706,1,ACC-003,1,22.00,22.00,6.0000,
T0003707,1,VAP-003,1,32.00,32.00,12.0000,
T0003707,2,EDI-003,1,20.00,20.00,6.5000,
T0003708,1,FLO-007,1,32.00,32.00,13.0000,
T0003708,2,PRE-005,1,6.00,5.40,1.8000,
T0003708,3,EDI-001,1,20.00,20.00,6.0000,
T0003709,1,PRE-001,2,10.00,10.00,3.2000,
T0003709,2,EDI-001,1,20.00,20.00,6.0000,
T0003709,3,EDI-002,1,22.00,22.00,7.0000,
T0003710,1,FLO-008,2,32.00,32.00,13.5000,
T0003711,1,VAP-006,1,15.00,13.50,4.0000,
T0003712,1,PRE-005,3,6.00,6.00,1.8000,
T0003712,2,EDI-004,1,25.00,25.00,7.5000,
T0003713,1,ACC-002,1,3.00,3.00,0.6000,
T0003713,2,EDI-001,2,20.00,20.00,6.0000,
T0003713,3,ACC-005,2,12.00,12.00,2.5000,
T0003714,1,FLO-005,2,38.00,34.20,15.5000,
T0003714,2,VAP-001,1,55.00,55.00,22.0000,
T0003715,1,FLO-007,1,32.00,32.00,13.0000,
T0003716,1,FLO-007,2,32.00,32.00,13.0000,
T0003716,2,FLO-008,1,32.00,32.00,13.5000,
T0003717,1,PRE-005,1,6.00,6.00,1.8000,
T0003718,1,PRE-001,2,10.00,10.00,3.2000,
T0003718,2,FLO-001,1,35.00,35.00,14.0000,
T0003718,3,PRE-002,1,10.00,10.00,3.4000,
T0003718,4,VAP-003,1,32.00,32.00,12.0000,
T0003719,1,ACC-004,1,2.00,2.00,0.4000,
T0003719,2,CON-004,1,55.00,55.00,22.0000,
T0003720,1,VAP-006,1,15.00,15.00,4.0000,
T0003721,1,FLO-001,1,35.00,28.00,14.0000,
T0003722,1,VAP-002,2,40.00,40.00,14.0000,
T0003722,2,FLO-004,2,38.00,38.00,15.0000,
T0003722,3,PRE-005,1,6.00,6.00,1.8000,
T0003723,1,PRE-002,3,10.00,10.00,3.4000,
T0003723,2,VAP-001,1,55.00,55.00,22.0000,
T0003723,3,EDI-003,2,20.00,20.00,6.5000,
T0003724,1,FLO-004,1,38.00,38.00,15.0000,
T0003725,1,FLO-002,1,40.00,40.00,16.0000,
T0003726,1,PRE-002,1,10.00,10.00,3.4000,
T0003726,2,FLO-008,1,32.00,32.00,13.5000,
T0003727,1,PRE-002,1,10.00,10.00,3.4000,
T0003728,1,PRE-002,1,10.00,10.00,3.4000,
T0003728,2,VAP-005,1,28.00,22.40,9.0000,
T0003728,3,FLO-005,2,38.00,38.00,15.5000,
T0003729,1,ACC-004,1,2.00,2.00,0.4000,
T0003729,2,PRE-001,2,10.00,10.00,3.2000,
T0003729,3,VAP-005,1,28.00,28.00,9.0000,
T0003730,1,VAP-004,1,60.00,60.00,24.0000,
T0003730,2,CON-001,2,75.00,75.00,32.0000,
T0003731,1,VAP-004,1,60.00,60.00,24.0000,
T0003731,2,FLO-005,1,38.00,38.00,15.5000,
T0003732,1,FLO-002,1,40.00,40.00,16.0000,
T0003732,2,ACC-004,1,2.00,1.80,0.4000,
T0003733,1,FLO-008,1,32.00,32.00,13.5000,
T0003734,1,EDI-003,3,20.00,16.00,6.5000,
T0003734,2,VAP-001,1,55.00,44.00,22.0000,
T0003734,3,VAP-003,1,32.00,25.60,12.0000,
T0003735,1,FLO-008,1,32.00,32.00,13.5000,
T0003735,2,VAP-005,2,28.00,28.00,9.0000,
T0003736,1,EDI-002,1,22.00,22.00,7.0000,
T0003736,2,PRE-002,2,10.00,10.00,3.4000,
T0003736,3,FLO-001,1,35.00,35.00,14.0000,
T0003737,1,PRE-005,1,6.00,6.00,1.8000,
T0003737,2,FLO-002,1,40.00,40.00,16.0000,
T0003737,3,PRE-004,1,35.00,35.00,12.0000,
T0003738,1,FLO-009,1,210.00,210.00,95.0000,
T0003739,1,VAP-002,1,40.00,32.00,14.0000,
T0003739,2,FLO-009,1,210.00,210.00,95.0000,
T0003740,1,PRE-001,1,10.00,10.00,3.2000,
T0003740,2,FLO-008,1,32.00,32.00,13.5000,
T0003740,3,EDI-002,2,22.00,22.00,7.0000,
T0003741,1,PRE-002,1,10.00,10.00,3.4000,
T0003742,1,FLO-005,1,38.00,38.00,15.5000,
T0003743,1,FLO-007,1,32.00,32.00,13.0000,
T0003743,2,PRE-002,2,10.00,10.00,3.4000,
T0003744,1,FLO-007,1,32.00,32.00,13.0000,
T0003744,2,TIN-001,2,50.00,50.00,18.0000,
T0003745,1,VAP-005,1,28.00,28.00,9.0000,
T0003745,2,CON-001,1,75.00,75.00,32.0000,
T0003745,3,EDI-002,1,22.00,22.00,7.0000,
T0003746,1,VAP-002,1,40.00,40.00,14.0000,
T0003746,2,VAP-003,2,32.00,32.00,12.0000,
T0003746,3,FLO-008,2,32.00,32.00,13.5000,
T0003747,1,PRE-001,1,10.00,10.00,3.2000,
T0003747,2,EDI-001,1,20.00,20.00,6.0000,
T0003748,1,FLO-008,1,32.00,32.00,13.5000,
T0003749,1,EDI-005,2,14.00,14.00,4.0000,
T0003750,1,VAP-001,1,55.00,55.00,22.0000,
T0003751,1,CON-003,1,30.00,24.00,12.0000,
T0003752,1,FLO-001,1,35.00,35.00,14.0000,
T0003753,1,EDI-007,1,18.00,16.20,6.0000,
T0003753,2,VAP-005,1,28.00,28.00,9.0000,
T0003754,1,PRE-001,3,10.00,9.00,3.2000,
T0003755,1,EDI-001,1,20.00,20.00,6.0000,
T0003755,2,FLO-002,1,40.00,40.00,16.0000,
T0003756,1,EDI-003,1,20.00,20.00,6.5000,
T0003756,2,FLO-001,1,35.00,35.00,14.0000,
T0003757,1,PRE-001,1,10.00,10.00,3.2000,
T0003757,2,PRE-002,1,10.00,8.00,3.4000,
T0003757,3,EDI-001,1,20.00,20.00,6.0000,
T0003758,1,VAP-002,1,40.00,40.00,14.0000,
T0003759,1,VAP-005,1,28.00,28.00,9.0000,
T0003760,1,PRE-002,1,10.00,10.00,3.4000,
T0003761,1,FLO-003,1,70.00,70.00,28.0000,
T0003761,2,VAP-001,1,55.00,55.00,22.0000,
T0003762,1,VAP-001,1,55.00,55.00,22.0000,
T0003763,1,PRE-004,1,35.00,35.00,12.0000,
T0003763,2,EDI-004,2,25.00,25.00,7.5000,
T0003763,3,ACC-001,2,20.00,20.00,5.0000,
T0003764,1,FLO-001,1,35.00,35.00,14.0000,
T0003764,2,PRE-005,1,6.00,5.40,1.8000,
T0003765,1,EDI-006,1,8.00,7.20,3.0000,
T0003765,2,CON-001,1,75.00,75.00,32.0000,
T0003766,1,EDI-006,1,8.00,8.00,3.0000,
T0003766,2,PRE-004,1,35.00,35.00,12.0000,
T0003767,1,VAP-001,1,55.00,49.50,22.0000,
T0003767,2,EDI-004,1,25.00,25.00,7.5000,
T0003768,1,ACC-004,1,2.00,1.80,0.4000,
T0003769,1,PRE-002,1,10.00,10.00,3.4000,
T0003769,2,ACC-004,1,2.00,1.60,0.4000,
T0003770,1,EDI-005,1,14.00,14.00,4.0000,
T0003771,1,VAP-001,1,55.00,55.00,22.0000,
T0003771,2,EDI-001,1,20.00,20.00,6.0000,
T0003772,1,EDI-002,2,22.00,22.00,7.0000,
T0003773,1,EDI-001,1,20.00,20.00,6.0000,
T0003773,2,ACC-004,1,2.00,2.00,0.4000,
T0003773,3,VAP-005,1,28.00,28.00,9.0000,
T0003774,1,VAP-004,2,60.00,60.00,24.0000,
T0003775,1,FLO-003,3,70.00,70.00,28.0000,
T0003776,1,FLO-002,1,40.00,32.00,16.0000,
T0003777,1,PRE-001,2,10.00,10.00,3.2000,
T0003778,1,VAP-002,3,40.00,40.00,14.0000,
T0003778,2,FLO-008,1,32.00,32.00,13.5000,
T0003779,1,FLO-007,1,32.00,32.00,13.0000,
T0003779,2,ACC-002,2,3.00,3.00,0.6000,
T0003779,4,VAP-001,1,55.00,55.00,22.0000,
T0003779,5,PRE-001,1,10.00,10.00,3.2000,
T0003780,1,EDI-003,1,20.00,16.00,6.5000,
T0003781,1,FLO-008,1,32.00,32.00,13.5000,
T0003782,1,ACC-002,1,3.00,3.00,0.6000,
T0003783,1,FLO-005,1,38.00,38.00,15.5000,
T0003784,1,FLO-005,3,38.00,38.00,15.5000,
T0003784,2,PRE-001,2,10.00,10.00,3.2000,
T0003785,1,PRE-004,1,35.00,35.00,12.0000,
T0003786,1,PRE-001,1,10.00,10.00,3.2000,
T0003787,1,EDI-007,1,18.00,18.00,6.0000,
T0003788,1,EDI-001,1,20.00,20.00,6.0000,
T0003789,1,FLO-003,1,70.00,70.00,28.0000,
T0003790,1,VAP-005,1,28.00,28.00,9.0000,
T0003791,1,PRE-003,1,18.00,18.00,6.0000,
T0003791,2,TOP-001,1,35.00,35.00,12.0000,
T0003791,3,ACC-002,1,3.00,3.00,0.6000,
T0003791,4,PRE-002,1,10.00,10.00,3.4000,
T0003792,1,ACC-004,1,2.00,2.00,0.4000,
T0003792,2,FLO-010,1,45.00,45.00,18.0000,
T0003792,3,EDI-001,1,20.00,20.00,6.0000,
T0003793,1,FLO-005,1,38.00,34.20,15.5000,
T0003794,1,VAP-001,1,55.00,55.00,22.0000,
T0003794,2,FLO-001,1,35.00,35.00,14.0000,
T0003795,1,ACC-002,1,3.00,3.00,0.6000,
T0003795,2,VAP-001,1,55.00,55.00,22.0000,
T0003796,1,CON-003,3,30.00,30.00,12.0000,
T0003797,1,VAP-002,2,40.00,40.00,14.0000,
T0003798,1,VAP-003,1,32.00,32.00,12.0000,
T0003799,1,PRE-005,1,6.00,6.00,1.8000,
T0003800,1,EDI-002,2,22.00,22.00,7.0000,
T0003801,1,EDI-004,1,25.00,25.00,7.5000,
T0003801,2,PRE-003,1,18.00,18.00,6.0000,
T0003801,3,ACC-004,1,2.00,2.00,0.4000,
T0003801,4,EDI-003,1,20.00,20.00,6.5000,
T0003802,1,EDI-002,1,22.00,22.00,7.0000,
T0003803,1,FLO-007,2,32.00,32.00,13.0000,
T0003804,1,VAP-004,2,60.00,60.00,24.0000,
T0003804,2,VAP-002,1,40.00,40.00,14.0000,
T0003804,3,VAP-003,1,32.00,32.00,12.0000,
T0003805,1,PRE-001,2,10.00,10.00,3.2000,
T0003805,2,ACC-003,1,22.00,22.00,6.0000,
T0003805,3,VAP-002,1,40.00,36.00,14.0000,
T0003805,4,VAP-003,2,32.00,32.00,12.0000,
T0003805,5,VAP-001,2,55.00,55.00,22.0000,
T0003806,1,PRE-005,1,6.00,6.00,1.8000,
T0003806,2,PRE-001,3,10.00,10.00,3.2000,
T0003807,1,PRE-005,1,6.00,6.00,1.8000,
T0003807,2,FLO-002,1,40.00,32.00,16.0000,
T0003807,3,ACC-004,1,2.00,1.60,0.4000,
T0003807,4,FLO-008,1,32.00,25.60,13.5000,
T0003807,5,VAP-006,1,15.00,15.00,4.0000,
T0003808,1,FLO-001,3,35.00,35.00,14.0000,
T0003808,2,FLO-007,3,32.00,32.00,13.0000,
T0003808,3,EDI-001,1,20.00,20.00,6.0000,
T0003808,4,PRE-001,1,10.00,10.00,3.2000,
T0003809,1,FLO-003,1,70.00,70.00,28.0000,
T0003810,1,ACC-001,2,20.00,20.00,5.0000,
T0003810,2,VAP-001,1,55.00,55.00,22.0000,
T0003811,1,EDI-005,1,14.00,14.00,4.0000,
T0003811,2,EDI-001,1,20.00,20.00,6.0000,
T0003812,1,ACC-004,1,2.00,2.00,0.4000,
T0003812,2,EDI-004,1,25.00,25.00,7.5000,
T0003812,3,EDI-001,1,20.00,20.00,6.0000,
T0003813,1,ACC-004,2,2.00,2.00,0.4000,
T0003813,2,EDI-004,1,25.00,25.00,7.5000,
T0003813,3,FLO-001,2,35.00,35.00,14.0000,
T0003813,4,EDI-006,1,8.00,8.00,3.0000,
T0003814,1,VAP-003,1,32.00,32.00,12.0000,
T0003814,2,VAP-005,1,28.00,28.00,9.0000,
T0003815,1,EDI-002,1,22.00,22.00,7.0000,
T0003815,2,FLO-002,1,40.00,40.00,16.0000,
T0003816,1,VAP-002,3,40.00,40.00,14.0000,
T0003817,1,TIN-001,1,50.00,50.00,18.0000,
T0003817,3,FLO-001,1,35.00,35.00,14.0000,
T0003818,1,PRE-001,2,10.00,10.00,3.2000,
T0003819,1,VAP-003,2,32.00,32.00,12.0000,
T0003819,2,FLO-001,1,35.00,35.00,14.0000,
T0003819,3,FLO-003,1,70.00,70.00,28.0000,
T0003820,1,TIN-002,1,45.00,45.00,16.0000,
T0003820,2,FLO-002,3,40.00,40.00,16.0000,
T0003820,3,CON-004,1,55.00,55.00,22.0000,
T0003821,1,PRE-001,2,10.00,10.00,3.2000,
T0003821,2,ACC-004,2,2.00,2.00,0.4000,
T0003821,3,EDI-005,2,14.00,14.00,4.0000,
T0003821,4,EDI-001,1,20.00,20.00,6.0000,
T0003822,1,FLO-004,1,38.00,38.00,15.0000,
T0003823,1,FLO-008,3,32.00,32.00,13.5000,
T0003823,2,PRE-003,2,18.00,18.00,6.0000,
T0003824,1,PRE-005,1,6.00,6.00,1.8000,
T0003825,1,PRE-001,2,10.00,10.00,3.2000,
T0003825,2,FLO-008,1,32.00,32.00,13.5000,
T0003826,1,EDI-006,1,8.00,8.00,3.0000,
T0003826,2,VAP-001,1,55.00,55.00,22.0000,
T0003826,3,PRE-005,1,6.00,6.00,1.8000,
T0003827,1,VAP-001,1,55.00,49.50,22.0000,
T0003827,2,PRE-001,1,10.00,10.00,3.2000,
T0003828,1,FLO-009,1,210.00,210.00,95.0000,
T0003828,2,FLO-005,3,38.00,38.00,15.5000,
T0003829,1,FLO-005,1,38.00,30.40,15.5000,
T0003830,1,PRE-002,1,10.00,10.00,3.4000,
T0003830,2,CON-001,1,75.00,75.00,32.0000,
T0003831,1,FLO-004,1,38.00,38.00,15.0000,
T0003832,1,EDI-001,1,20.00,18.00,6.0000,
T0003832,2,FLO-005,1,38.00,38.00,15.5000,
T0003833,1,CON-003,1,30.00,30.00,12.0000,
T0003834,1,ACC-004,1,2.00,2.00,0.4000,
T0003834,2,ACC-002,1,3.00,3.00,0.6000,
T0003835,1,PRE-004,1,35.00,31.50,12.0000,
T0003835,2,VAP-003,1,32.00,32.00,12.0000,
T0003835,3,FLO-002,1,40.00,40.00,16.0000,
T0003836,1,PRE-002,2,10.00,10.00,3.4000,
T0003836,2,EDI-001,1,20.00,20.00,6.0000,
T0003837,1,EDI-004,1,25.00,25.00,7.5000,
T0003837,2,FLO-007,1,32.00,32.00,13.0000,
T0003838,1,EDI-001,1,20.00,18.00,6.0000,
T0003839,1,ACC-002,1,3.00,3.00,0.6000,
T0003840,1,VAP-005,3,28.00,28.00,9.0000,
T0003841,1,PRE-004,1,35.00,35.00,12.0000,
T0003841,2,PRE-002,1,10.00,9.00,3.4000,
T0003841,3,EDI-001,2,20.00,20.00,6.0000,
T0003841,4,FLO-001,2,35.00,35.00,14.0000,
T0003842,1,PRE-001,1,10.00,10.00,3.2000,
T0003842,2,FLO-004,1,38.00,38.00,15.0000,
T0003843,1,PRE-003,1,18.00,18.00,6.0000,
T0003843,2,EDI-007,1,18.00,18.00,6.0000,
T0003844,1,VAP-003,1,32.00,32.00,12.0000,
T0003844,2,FLO-004,1,38.00,38.00,15.0000,
T0003844,3,VAP-002,1,40.00,40.00,14.0000,
T0003845,1,FLO-007,1,32.00,32.00,13.0000,
T0003846,1,EDI-006,1,8.00,8.00,3.0000,
T0003846,2,PRE-004,3,35.00,35.00,12.0000,
T0003847,1,EDI-004,1,25.00,25.00,7.5000,
T0003847,2,CON-002,1,45.00,45.00,18.0000,
T0003847,3,EDI-001,1,20.00,20.00,6.0000,
T0003848,1,FLO-002,1,40.00,40.00,16.0000,
T0003849,1,CON-003,1,30.00,30.00,12.0000,
T0003850,1,EDI-004,1,25.00,25.00,7.5000,
T0003850,2,ACC-004,1,2.00,2.00,0.4000,
T0003851,1,PRE-005,1,6.00,4.80,1.8000,
T0003852,1,ACC-002,1,3.00,3.00,0.6000,
T0003853,1,FLO-001,1,35.00,35.00,14.0000,
T0003854,1,FLO-002,1,40.00,32.00,16.0000,
T0003854,2,FLO-003,1,70.00,70.00,28.0000,
T0003855,1,VAP-005,1,28.00,28.00,9.0000,
T0003855,2,ACC-004,1,2.00,2.00,0.4000,
T0003855,3,VAP-003,2,32.00,32.00,12.0000,
T0003855,4,VAP-002,1,40.00,40.00,14.0000,
T0003856,1,CON-002,2,45.00,45.00,18.0000,
T0003857,1,VAP-006,1,15.00,15.00,4.0000,
T0003857,2,PRE-005,1,6.00,6.00,1.8000,
T0003857,3,FLO-004,1,38.00,38.00,15.0000,
T0003857,4,CON-002,1,45.00,45.00,18.0000,
T0003858,1,FLO-004,1,38.00,38.00,15.0000,
T0003859,1,EDI-004,1,25.00,22.50,7.5000,
T0003860,1,ACC-004,1,2.00,2.00,0.4000,
T0003860,2,EDI-003,1,20.00,20.00,6.5000,
T0003860,3,PRE-001,1,10.00,10.00,3.2000,
T0003861,1,ACC-004,1,2.00,2.00,0.4000,
T0003861,2,PRE-005,1,6.00,6.00,1.8000,
T0003861,3,FLO-004,1,38.00,38.00,15.0000,
T0003861,4,EDI-007,1,18.00,18.00,6.0000,
T0003862,1,VAP-004,1,60.00,60.00,24.0000,
T0003862,2,FLO-002,1,40.00,40.00,16.0000,
T0003863,1,PRE-002,1,10.00,10.00,3.4000,
T0003864,1,EDI-001,2,20.00,20.00,6.0000,
T0003864,2,ACC-004,2,2.00,2.00,0.4000,
T0003865,1,VAP-005,1,28.00,28.00,9.0000,
T0003866,1,FLO-003,1,70.00,70.00,28.0000,
T0003867,1,ACC-004,1,2.00,1.60,0.4000,
T0003868,1,FLO-005,2,38.00,38.00,15.5000,
T0003869,1,ACC-002,2,3.00,2.40,0.6000,
T0003869,2,FLO-004,1,38.00,38.00,15.0000,
T0003869,3,PRE-001,1,10.00,10.00,3.2000,
T0003870,1,FLO-002,1,40.00,40.00,16.0000,
T0003870,2,EDI-005,1,14.00,14.00,4.0000,
T0003870,3,VAP-005,2,28.00,28.00,9.0000,
T0003871,1,VAP-003,1,32.00,32.00,12.0000,
T0003872,1,VAP-001,1,55.00,55.00,22.0000,
T0003873,1,CON-003,3,30.00,30.00,12.0000,
T0003874,1,FLO-001,2,35.00,35.00,14.0000,
T0003875,1,EDI-003,1,20.00,18.00,6.5000,
T0003876,1,EDI-001,1,20.00,20.00,6.0000,
T0003877,1,PRE-001,1,10.00,10.00,3.2000,
T0003877,2,VAP-003,2,32.00,32.00,12.0000,
T0003877,3,FLO-004,1,38.00,38.00,15.0000,
T0003877,5,PRE-005,1,6.00,6.00,1.8000,
T0003878,1,PRE-005,1,6.00,6.00,1.8000,
T0003878,2,CON-003,1,30.00,30.00,12.0000,
T0003879,1,PRE-005,1,6.00,6.00,1.8000,
T0003879,2,EDI-003,2,20.00,20.00,6.5000,
T0003879,3,EDI-001,1,20.00,20.00,6.0000,
T0003880,1,TIN-001,1,50.00,45.00,18.0000,
T0003881,1,VAP-002,1,40.00,36.00,14.0000,
T0003882,1,CON-003,1,30.00,30.00,12.0000,
T0003883,1,CON-003,2,30.00,27.00,12.0000,
T0003883,2,VAP-002,1,40.00,36.00,14.0000,
T0003884,1,EDI-001,1,20.00,20.00,6.0000,
T0003884,2,EDI-005,1,14.00,14.00,4.0000,
T0003884,3,PRE-001,1,10.00,10.00,3.2000,
T0003884,4,EDI-003,1,20.00,20.00,6.5000,
T0003885,1,EDI-004,1,25.00,25.00,7.5000,
T0003886,1,VAP-005,1,28.00,28.00,9.0000,
T0003887,1,ACC-004,2,2.00,2.00,0.4000,
T0003888,1,FLO-002,1,40.00,40.00,16.0000,
T0003889,1,PRE-001,1,10.00,10.00,3.2000,
T0003890,1,PRE-001,1,10.00,10.00,3.2000,
T0003890,2,EDI-001,1,20.00,20.00,6.0000,
T0003891,1,EDI-004,3,25.00,25.00,7.5000,
T0003891,2,EDI-001,2,20.00,20.00,6.0000,
T0003892,1,VAP-006,1,15.00,15.00,4.0000,
T0003892,2,PRE-001,1,10.00,10.00,3.2000,
T0003892,3,TOP-001,2,35.00,35.00,12.0000,
T0003892,4,FLO-004,1,38.00,30.40,15.0000,
T0003893,1,PRE-002,1,10.00,10.00,3.4000,
T0003893,2,FLO-008,2,32.00,32.00,13.5000,
T0003893,3,FLO-002,1,40.00,40.00,16.0000,
T0003893,4,VAP-004,1,60.00,60.00,24.0000,
T0003894,1,FLO-003,1,70.00,70.00,28.0000,
T0003895,1,PRE-001,1,10.00,8.00,3.2000,
T0003896,1,VAP-005,1,28.00,28.00,9.0000,
T0003897,1,ACC-001,1,20.00,16.00,5.0000,
T0003898,1,EDI-005,1,14.00,12.60,4.0000,
T0003899,1,FLO-002,1,40.00,40.00,16.0000,
T0003900,1,VAP-002,1,40.00,40.00,14.0000,
T0003901,1,FLO-004,1,38.00,38.00,15.0000,
T0003901,2,FLO-007,1,32.00,32.00,13.0000,
T0003902,1,VAP-002,1,40.00,40.00,14.0000,
T0003903,1,PRE-001,1,10.00,10.00,3.2000,
T0003903,2,VAP-001,1,55.00,55.00,22.0000,
T0003904,1,PRE-003,1,18.00,18.00,6.0000,
T0003904,2,VAP-001,1,55.00,55.00,22.0000,
T0003905,1,PRE-001,1,10.00,10.00,3.2000,
T0003905,2,VAP-002,1,40.00,40.00,14.0000,
T0003906,1,FLO-008,1,32.00,32.00,13.5000,
T0003906,2,PRE-005,2,6.00,6.00,1.8000,
T0003906,3,FLO-005,1,38.00,38.00,15.5000,
T0003907,1,EDI-001,2,20.00,20.00,6.0000,
T0003907,2,FLO-004,1,38.00,38.00,15.0000,
T0003907,3,ACC-001,2,20.00,20.00,5.0000,
T0003907,4,EDI-004,1,25.00,22.50,7.5000,
T0003908,1,FLO-004,1,38.00,38.00,15.0000,
T0003909,1,FLO-008,1,32.00,32.00,13.5000,
T0003910,1,CON-002,1,45.00,40.50,18.0000,
T0003910,2,VAP-002,1,40.00,40.00,14.0000,
T0003911,1,EDI-004,1,25.00,25.00,7.5000,
T0003911,2,ACC-004,1,2.00,2.00,0.4000,
T0003911,3,FLO-008,1,32.00,32.00,13.5000,
T0003912,1,VAP-001,1,55.00,55.00,22.0000,
T0003913,1,VAP-005,1,28.00,28.00,9.0000,
T0003914,1,ACC-003,3,22.00,22.00,6.0000,
T0003914,2,FLO-002,1,40.00,40.00,16.0000,
T0003914,3,PRE-004,1,35.00,35.00,12.0000,
T0003915,1,FLO-002,1,40.00,40.00,16.0000,
T0003916,1,PRE-001,2,10.00,10.00,3.2000,
T0003917,1,ACC-001,2,20.00,20.00,5.0000,
T0003917,2,ACC-004,1,2.00,2.00,0.4000,
T0003918,1,ACC-004,1,2.00,2.00,0.4000,
T0003918,2,PRE-001,1,10.00,10.00,3.2000,
T0003918,3,CON-001,1,75.00,75.00,32.0000,
T0003919,1,FLO-007,1,32.00,32.00,13.0000,
T0003919,2,EDI-004,1,25.00,25.00,7.5000,
T0003919,3,PRE-001,1,10.00,10.00,3.2000,
T0003920,1,ACC-002,1,3.00,3.00,0.6000,
T0003920,2,EDI-001,1,20.00,20.00,6.0000,
T0003920,3,VAP-004,1,60.00,60.00,24.0000,
T0003921,1,EDI-004,1,25.00,25.00,7.5000,
T0003922,1,CON-003,1,30.00,30.00,12.0000,
T0003922,2,EDI-001,1,20.00,20.00,6.0000,
T0003922,3,PRE-001,1,10.00,8.00,3.2000,
T0003923,1,PRE-002,1,10.00,10.00,3.4000,
T0003923,2,EDI-003,1,20.00,20.00,6.5000,
T0003924,1,PRE-001,1,10.00,10.00,3.2000,
T0003925,1,FLO-004,1,38.00,38.00,15.0000,
T0003925,2,PRE-002,1,10.00,10.00,3.4000,
T0003925,3,VAP-002,1,40.00,40.00,14.0000,
T0003926,1,PRE-001,1,10.00,10.00,3.2000,
T0003926,2,EDI-001,1,20.00,20.00,6.0000,
T0003926,3,FLO-003,1,70.00,70.00,28.0000,
T0003926,4,VAP-002,1,40.00,40.00,14.0000,
T0003927,1,FLO-005,1,38.00,38.00,15.5000,
T0003927,2,PRE-002,1,10.00,10.00,3.4000,
T0003928,1,VAP-001,1,55.00,55.00,22.0000,
T0003929,1,VAP-003,1,32.00,32.00,12.0000,
T0003930,1,PRE-002,1,10.00,10.00,3.4000,
T0003930,2,TOP-002,1,24.00,24.00,9.0000,
T0003930,3,PRE-001,1,10.00,10.00,3.2000,
T0003930,4,EDI-002,1,22.00,22.00,7.0000,
T0003931,1,VAP-002,1,40.00,40.00,14.0000,
T0003932,1,EDI-003,1,20.00,20.00,6.5000,
T0003932,2,ACC-002,1,3.00,3.00,0.6000,
T0003933,1,FLO-007,3,32.00,32.00,13.0000,
T0003934,1,ACC-002,1,3.00,2.70,0.6000,
T0003934,2,VAP-003,1,32.00,32.00,12.0000,
T0003935,1,PRE-005,1,6.00,6.00,1.8000,
T0003935,2,PRE-002,1,10.00,10.00,3.4000,
T0003936,1,VAP-005,1,28.00,28.00,9.0000,
T0003937,1,PRE-002,1,10.00,10.00,3.4000,
T0003937,2,ACC-004,1,2.00,2.00,0.4000,
T0003937,3,VAP-001,2,55.00,55.00,22.0000,
T0003938,1,EDI-004,1,25.00,25.00,7.5000,
T0003938,2,CON-004,1,55.00,55.00,22.0000,
T0003939,1,EDI-002,1,22.00,22.00,7.0000,
T0003940,1,VAP-002,2,40.00,36.00,14.0000,
T0003941,1,EDI-003,1,20.00,20.00,6.5000,
T0003942,1,FLO-004,1,38.00,38.00,15.0000,
T0003942,2,PRE-002,1,10.00,10.00,3.4000,
T0003942,3,VAP-005,2,28.00,28.00,9.0000,
T0003943,1,VAP-003,1,32.00,32.00,12.0000,
T0003943,2,EDI-004,2,25.00,25.00,7.5000,
T0003944,1,VAP-004,1,60.00,60.00,24.0000,
T0003944,2,EDI-001,1,20.00,20.00,6.0000,
T0003945,1,VAP-003,1,32.00,32.00,12.0000,
T0003946,1,VAP-001,1,55.00,55.00,22.0000,
T0003946,2,EDI-001,2,20.00,18.00,6.0000,
T0003946,3,FLO-008,1,32.00,32.00,13.5000,
T0003947,1,TIN-001,1,50.00,50.00,18.0000,
T0003948,1,EDI-005,1,14.00,14.00,4.0000,
T0003948,2,TIN-002,1,45.00,45.00,16.0000,
T0003949,1,EDI-001,1,20.00,20.00,6.0000,
T0003949,2,PRE-001,1,10.00,10.00,3.2000,
T0003950,1,FLO-001,1,35.00,31.50,14.0000,
T0003950,2,FLO-005,1,38.00,38.00,15.5000,
T0003951,1,FLO-002,1,40.00,32.00,16.0000,
T0003952,1,TOP-001,1,35.00,28.00,12.0000,
T0003953,1,PRE-004,2,35.00,35.00,12.0000,
T0003953,2,FLO-001,1,35.00,35.00,14.0000,
T0003954,1,FLO-001,1,35.00,35.00,14.0000,
T0003954,2,FLO-002,1,40.00,36.00,16.0000,
T0003954,3,FLO-006,1,120.00,120.00,52.0000,
T0003955,1,EDI-006,2,8.00,8.00,3.0000,
T0003956,1,PRE-005,1,6.00,6.00,1.8000,
T0003957,1,VAP-003,2,32.00,32.00,12.0000,
T0003957,2,VAP-002,1,40.00,40.00,14.0000,
T0003958,1,TOP-001,1,35.00,35.00,12.0000,
T0003958,2,VAP-006,2,15.00,15.00,4.0000,
T0003959,1,VAP-002,1,40.00,40.00,14.0000,
T0003960,1,VAP-002,1,40.00,40.00,14.0000,
T0003961,1,FLO-007,1,32.00,32.00,13.0000,
T0003962,1,FLO-003,1,70.00,63.00,28.0000,
T0003962,2,PRE-003,1,18.00,18.00,6.0000,
T0003962,3,FLO-002,1,40.00,36.00,16.0000,
T0003963,1,FLO-003,1,70.00,70.00,28.0000,
T0003963,2,TOP-002,1,24.00,24.00,9.0000,
T0003964,1,PRE-003,1,18.00,18.00,6.0000,
T0003964,2,FLO-003,1,70.00,70.00,28.0000,
T0003965,1,FLO-007,1,32.00,32.00,13.0000,
T0003966,1,EDI-001,1,20.00,20.00,6.0000,
T0003966,2,EDI-006,1,8.00,8.00,3.0000,
T0003967,1,VAP-003,1,32.00,32.00,12.0000,
T0003967,2,PRE-004,1,35.00,35.00,12.0000,
T0003968,1,PRE-001,1,10.00,8.00,3.2000,
T0003969,1,ACC-001,1,20.00,20.00,5.0000,
T0003969,2,FLO-010,2,45.00,45.00,18.0000,
T0003969,3,FLO-004,1,38.00,38.00,15.0000,
T0003970,1,PRE-005,1,6.00,6.00,1.8000,
T0003970,2,PRE-003,1,18.00,18.00,6.0000,
T0003971,1,TIN-002,1,45.00,45.00,16.0000,
T0003972,1,TIN-002,1,45.00,45.00,16.0000,
T0003972,2,FLO-007,1,32.00,32.00,13.0000,
T0003973,1,ACC-004,1,2.00,2.00,0.4000,
T0003973,2,PRE-004,1,35.00,35.00,12.0000,
T0003974,1,EDI-001,2,20.00,20.00,6.0000,
T0003974,2,FLO-009,1,210.00,210.00,95.0000,
T0003974,3,VAP-005,2,28.00,28.00,9.0000,
T0003975,1,FLO-005,1,38.00,38.00,15.5000,
T0003975,2,VAP-006,1,15.00,15.00,4.0000,
T0003976,1,FLO-002,1,40.00,40.00,16.0000,
T0003976,2,VAP-003,1,32.00,32.00,12.0000,
T0003977,1,PRE-002,1,10.00,8.00,3.4000,
T0003977,2,VAP-005,1,28.00,28.00,9.0000,
T0003977,3,PRE-004,2,35.00,35.00,12.0000,
T0003978,1,FLO-001,1,35.00,35.00,14.0000,
T0003979,1,EDI-007,1,18.00,18.00,6.0000,
T0003980,1,VAP-004,1,60.00,48.00,24.0000,
T0003981,1,CON-003,1,30.00,27.00,12.0000,
T0003982,1,PRE-002,1,10.00,10.00,3.4000,
T0003983,1,PRE-005,1,6.00,6.00,1.8000,
T0003984,1,PRE-002,1,10.00,10.00,3.4000,
T0003984,2,EDI-004,2,25.00,25.00,7.5000,
T0003985,1,TIN-002,1,45.00,45.00,16.0000,
T0003986,1,FLO-005,2,38.00,38.00,15.5000,
T0003987,1,VAP-002,1,40.00,40.00,14.0000,
T0003988,1,EDI-001,3,20.00,20.00,6.0000,
T0003988,2,EDI-004,1,25.00,25.00,7.5000,
T0003989,1,ACC-003,1,22.00,22.00,6.0000,
T0003990,1,VAP-002,1,40.00,40.00,14.0000,
T0003990,2,FLO-005,1,38.00,38.00,15.5000,
T0003991,1,CON-002,2,45.00,45.00,18.0000,
T0003991,2,FLO-001,1,35.00,35.00,14.0000,
T0003991,3,PRE-004,1,35.00,35.00,12.0000,
T0003991,4,VAP-006,1,15.00,15.00,4.0000,
T0003991,5,PRE-001,1,10.00,9.00,3.2000,
T0003992,1,PRE-003,1,18.00,18.00,6.0000,
T0003992,2,EDI-001,1,20.00,20.00,6.0000,
T0003992,3,PRE-005,1,6.00,6.00,1.8000,
T0003993,1,VAP-004,1,60.00,60.00,24.0000,
T0003994,1,PRE-004,1,35.00,35.00,12.0000,
T0003994,2,PRE-001,1,10.00,10.00,3.2000,
T0003994,4,EDI-004,1,25.00,25.00,7.5000,
T0003995,1,EDI-001,1,20.00,20.00,6.0000,
T0003996,1,PRE-003,1,18.00,18.00,6.0000,
T0003996,2,VAP-004,2,60.00,60.00,24.0000,
T0003996,3,PRE-002,2,10.00,10.00,3.4000,
T0003996,4,VAP-005,1,28.00,25.20,9.0000,
T0003997,1,PRE-005,2,6.00,6.00,1.8000,
T0003997,2,FLO-008,2,32.00,32.00,13.5000,
T0003997,3,FLO-002,2,40.00,40.00,16.0000,
T0003997,4,EDI-005,1,14.00,14.00,4.0000,
T0003997,5,EDI-001,2,20.00,20.00,6.0000,
T0003998,1,ACC-005,1,12.00,12.00,2.5000,
T0003999,1,FLO-008,1,32.00,25.60,13.5000,
T0003999,2,VAP-002,1,40.00,40.00,14.0000,
T0003999,3,VAP-004,1,60.00,60.00,24.0000,
T0003999,4,FLO-002,2,40.00,32.00,16.0000,
T0004000,1,PRE-002,1,10.00,10.00,3.4000,
T0004001,1,PRE-001,1,10.00,10.00,3.2000,
T0004002,1,PRE-002,1,10.00,10.00,3.4000,
T0004002,2,TIN-002,1,45.00,40.50,16.0000,
T0004002,3,ACC-002,2,3.00,3.00,0.6000,
T0004002,4,PRE-004,2,35.00,35.00,12.0000,
T0004002,5,TOP-002,1,24.00,24.00,9.0000,
T0004003,1,VAP-006,1,15.00,13.50,4.0000,
T0004003,2,CON-002,2,45.00,45.00,18.0000,
T0004004,1,EDI-002,1,22.00,22.00,7.0000,
T0004004,2,FLO-004,3,38.00,38.00,15.0000,
T0004005,1,PRE-005,1,6.00,6.00,1.8000,
T0004006,1,FLO-004,2,38.00,38.00,15.0000,
T0004006,2,VAP-004,1,60.00,48.00,24.0000,
T0004007,1,FLO-003,1,70.00,70.00,28.0000,
T0004008,1,EDI-001,2,20.00,20.00,6.0000,
T0004008,2,FLO-001,1,35.00,35.00,14.0000,
T0004009,1,ACC-003,1,22.00,22.00,6.0000,
T0004010,1,VAP-003,3,32.00,25.60,12.0000,
T0004010,2,PRE-005,1,6.00,4.80,1.8000,
T0004011,1,VAP-002,1,40.00,40.00,14.0000,
T0004012,1,VAP-002,1,40.00,40.00,14.0000,
T0004012,2,FLO-004,1,38.00,38.00,15.0000,
T0004013,1,FLO-008,1,32.00,32.00,13.5000,
T0004013,2,VAP-002,1,40.00,40.00,14.0000,
T0004013,3,PRE-002,1,10.00,10.00,3.4000,
T0004013,4,PRE-005,3,6.00,6.00,1.8000,
T0004014,1,FLO-010,1,45.00,45.00,18.0000,
T0004015,1,FLO-001,1,35.00,28.00,14.0000,
T0004015,2,PRE-003,2,18.00,14.40,6.0000,
T0004016,1,EDI-006,1,8.00,8.00,3.0000,
T0004017,1,EDI-005,2,14.00,14.00,4.0000,
T0004018,1,VAP-006,1,15.00,15.00,4.0000,
T0004019,1,VAP-001,1,55.00,55.00,22.0000,
T0004020,1,PRE-001,1,10.00,10.00,3.2000,
T0004020,2,FLO-001,1,35.00,35.00,14.0000,
T0004021,1,VAP-002,1,40.00,40.00,14.0000,
T0004022,1,ACC-004,1,2.00,2.00,0.4000,
T0004022,2,FLO-005,2,38.00,38.00,15.5000,
T0004022,3,PRE-001,3,10.00,10.00,3.2000,
T0004023,1,FLO-001,1,35.00,35.00,14.0000,
T0004024,1,PRE-005,1,6.00,6.00,1.8000,
T0004024,2,EDI-003,3,20.00,20.00,6.5000,
T0004025,1,PRE-002,1,10.00,10.00,3.4000,
T0004026,1,FLO-004,1,38.00,34.20,15.0000,
T0004026,2,PRE-002,1,10.00,10.00,3.4000,
T0004026,3,VAP-006,2,15.00,15.00,4.0000,
T0004026,4,PRE-001,2,10.00,10.00,3.2000,
T0004027,1,ACC-004,1,2.00,1.60,0.4000,
T0004027,4,PRE-003,1,18.00,14.40,6.0000,
T0004027,5,FLO-004,1,38.00,38.00,15.0000,
T0004028,1,FLO-002,2,40.00,36.00,16.0000,
T0004028,2,PRE-001,2,10.00,10.00,3.2000,
T0004029,1,ACC-004,1,2.00,2.00,0.4000,
T0004029,2,VAP-002,2,40.00,40.00,14.0000,
T0004030,1,EDI-003,1,20.00,20.00,6.5000,
T0004031,1,PRE-002,1,10.00,10.00,3.4000,
T0004031,2,EDI-002,2,22.00,22.00,7.0000,
T0004031,3,ACC-002,1,3.00,3.00,0.6000,
T0004031,4,PRE-001,1,10.00,10.00,3.2000,
T0004032,1,PRE-004,1,35.00,35.00,12.0000,
T0004033,1,ACC-004,1,2.00,2.00,0.4000,
T0004034,1,EDI-002,2,22.00,22.00,7.0000,
T0004035,1,FLO-001,2,35.00,35.00,14.0000,
T0004035,2,ACC-003,1,22.00,22.00,6.0000,
T0004035,3,CON-004,2,55.00,55.00,22.0000,
T0004035,4,EDI-001,2,20.00,20.00,6.0000,
T0004036,1,FLO-004,1,38.00,38.00,15.0000,
T0004037,1,FLO-008,1,32.00,32.00,13.5000,
T0004037,2,VAP-006,3,15.00,15.00,4.0000,
T0004038,1,TIN-002,1,45.00,45.00,16.0000,
T0004038,2,PRE-002,2,10.00,10.00,3.4000,
T0004038,3,PRE-003,1,18.00,18.00,6.0000,
T0004039,1,VAP-005,1,28.00,28.00,9.0000,
T0004039,2,EDI-007,1,18.00,18.00,6.0000,
T0004039,3,FLO-002,1,40.00,40.00,16.0000,
T0004040,1,VAP-002,1,40.00,40.00,14.0000,
T0004041,1,FLO-001,1,35.00,35.00,14.0000,
T0004041,2,VAP-003,1,32.00,32.00,12.0000,
T0004042,1,FLO-004,2,38.00,30.40,15.0000,
T0004042,2,FLO-003,1,70.00,56.00,28.0000,
T0004043,1,PRE-002,1,10.00,10.00,3.4000,
T0004043,2,ACC-002,2,3.00,3.00,0.6000,
T0004044,1,VAP-002,1,40.00,40.00,14.0000,
T0004044,2,ACC-002,1,3.00,3.00,0.6000,
T0004044,3,EDI-002,3,22.00,22.00,7.0000,
T0004044,4,EDI-001,3,20.00,20.00,6.0000,
T0004045,1,ACC-001,1,20.00,18.00,5.0000,
T0004045,2,EDI-001,1,20.00,20.00,6.0000,
T0004046,1,FLO-008,1,32.00,25.60,13.5000,
T0004046,2,PRE-002,1,10.00,8.00,3.4000,
T0004047,1,FLO-010,2,45.00,36.00,18.0000,
T0004047,2,EDI-001,1,20.00,16.00,6.0000,
T0004048,1,VAP-002,1,40.00,40.00,14.0000,
T0004048,2,PRE-003,3,18.00,18.00,6.0000,
T0004048,3,VAP-001,1,55.00,55.00,22.0000,
T0004048,4,PRE-005,1,6.00,6.00,1.8000,
T0004049,1,FLO-002,1,40.00,36.00,16.0000,
T0004049,2,VAP-006,1,15.00,15.00,4.0000,
T0004049,3,ACC-003,1,22.00,22.00,6.0000,
T0004049,4,PRE-005,1,6.00,6.00,1.8000,
T0004050,1,ACC-002,1,3.00,3.00,0.6000,
T0004050,2,PRE-001,1,10.00,10.00,3.2000,
T0004051,1,PRE-001,1,10.00,10.00,3.2000,
T0004052,1,PRE-003,1,18.00,14.40,6.0000,
T0004053,1,PRE-005,1,6.00,6.00,1.8000,
T0004053,2,VAP-004,1,60.00,60.00,24.0000,
T0004053,3,FLO-007,2,32.00,32.00,13.0000,
T0004054,1,VAP-005,1,28.00,28.00,9.0000,
T0004054,2,VAP-002,2,40.00,40.00,14.0000,
T0004055,1,ACC-002,1,3.00,3.00,0.6000,
T0004055,2,PRE-002,2,10.00,10.00,3.4000,
T0004056,1,ACC-004,1,2.00,2.00,0.4000,
T0004057,1,EDI-007,3,18.00,18.00,6.0000,
T0004057,2,PRE-003,1,18.00,18.00,6.0000,
T0004057,3,PRE-001,1,10.00,10.00,3.2000,
T0004058,1,EDI-003,1,20.00,20.00,6.5000,
T0004059,1,EDI-001,1,20.00,20.00,6.0000,
T0004060,1,VAP-001,1,55.00,44.00,22.0000,
T0004061,1,PRE-003,1,18.00,18.00,6.0000,
T0004062,1,PRE-004,1,35.00,35.00,12.0000,
T0004063,1,ACC-004,1,2.00,2.00,0.4000,
T0004063,2,VAP-003,3,32.00,32.00,12.0000,
T0004064,1,ACC-002,1,3.00,3.00,0.6000,
T0004064,2,FLO-002,1,40.00,32.00,16.0000,
T0004065,1,PRE-005,1,6.00,6.00,1.8000,
T0004065,2,VAP-001,3,55.00,55.00,22.0000,
T0004065,3,VAP-003,2,32.00,32.00,12.0000,
T0004066,1,VAP-005,2,28.00,28.00,9.0000,
T0004066,2,PRE-002,2,10.00,10.00,3.4000,
T0004066,3,VAP-003,1,32.00,32.00,12.0000,
T0004067,1,PRE-002,1,10.00,8.00,3.4000,
T0004068,1,FLO-007,1,32.00,32.00,13.0000,
T0004068,2,PRE-003,1,18.00,18.00,6.0000,
T0004068,3,VAP-001,1,55.00,55.00,22.0000,
T0004069,1,PRE-001,1,10.00,10.00,3.2000,
T0004070,1,VAP-002,1,40.00,40.00,14.0000,
T0004071,1,FLO-007,1,32.00,32.00,13.0000,
T0004071,2,FLO-005,2,38.00,38.00,15.5000,
T0004072,1,EDI-007,2,18.00,18.00,6.0000,
T0004072,2,ACC-002,3,3.00,3.00,0.6000,
T0004072,3,FLO-007,1,32.00,32.00,13.0000,
T0004072,4,FLO-001,1,35.00,35.00,14.0000,
T0004073,1,EDI-001,1,20.00,20.00,6.0000,
T0004073,2,EDI-005,1,14.00,11.20,4.0000,
T0004073,3,VAP-002,1,40.00,40.00,14.0000,
T0004073,4,PRE-001,1,10.00,10.00,3.2000,
T0004074,1,EDI-003,1,20.00,20.00,6.5000,
T0004075,1,FLO-007,1,32.00,25.60,13.0000,
T0004076,1,VAP-003,1,32.00,32.00,12.0000,
T0004076,2,FLO-004,1,38.00,38.00,15.0000,
T0004077,1,FLO-007,1,32.00,32.00,13.0000,
T0004077,2,FLO-004,1,38.00,38.00,15.0000,
T0004078,1,PRE-002,3,10.00,10.00,3.4000,
T0004079,1,FLO-007,1,32.00,32.00,13.0000,
T0004079,2,ACC-002,1,3.00,3.00,0.6000,
T0004080,1,PRE-001,1,10.00,8.00,3.2000,
T0004080,2,VAP-005,1,28.00,22.40,9.0000,
T0004081,1,VAP-004,1,60.00,60.00,24.0000,
T0004081,2,PRE-003,1,18.00,18.00,6.0000,
T0004081,3,PRE-002,1,10.00,10.00,3.4000,
T0004082,1,VAP-004,1,60.00,60.00,24.0000,
T0004082,2,EDI-002,2,22.00,19.80,7.0000,
T0004083,1,FLO-008,1,32.00,32.00,13.5000,
T0004083,2,FLO-006,2,120.00,120.00,52.0000,
T0004084,1,EDI-004,1,25.00,25.00,7.5000,
T0004085,1,CON-001,3,75.00,75.00,32.0000,
T0004086,1,PRE-001,1,10.00,9.00,3.2000,
T0004087,1,PRE-002,2,10.00,10.00,3.4000,
T0004088,1,VAP-002,1,40.00,40.00,14.0000,
T0004089,1,CON-003,1,30.00,30.00,12.0000,
T0004090,1,EDI-005,1,14.00,14.00,4.0000,
T0004090,2,EDI-001,1,20.00,20.00,6.0000,
T0004090,3,PRE-002,3,10.00,10.00,3.4000,
T0004091,1,CON-002,2,45.00,45.00,18.0000,
T0004091,2,FLO-005,1,38.00,30.40,15.5000,
T0004092,1,VAP-001,1,55.00,55.00,22.0000,
T0004093,1,PRE-003,1,18.00,18.00,6.0000,
T0004093,2,PRE-002,2,10.00,10.00,3.4000,
T0004094,1,PRE-001,1,10.00,10.00,3.2000,
T0004094,2,VAP-003,1,32.00,32.00,12.0000,
T0004095,1,EDI-001,1,20.00,16.00,6.0000,
T0004095,2,VAP-002,2,40.00,40.00,14.0000,
T0004096,1,TIN-001,2,50.00,50.00,18.0000,
T0004097,1,FLO-004,1,38.00,38.00,15.0000,
T0004098,1,ACC-004,1,2.00,2.00,0.4000,
T0004098,2,PRE-004,2,35.00,35.00,12.0000,
T0004099,1,EDI-006,2,8.00,8.00,3.0000,
T0004100,1,PRE-002,1,10.00,10.00,3.4000,
T0004100,2,EDI-001,1,20.00,20.00,6.0000,
T0004101,1,EDI-001,2,20.00,20.00,6.0000,
T0004101,3,PRE-001,2,10.00,10.00,3.2000,
T0004101,4,FLO-010,1,45.00,45.00,18.0000,
T0004102,1,PRE-001,2,10.00,10.00,3.2000,
T0004103,1,VAP-004,1,60.00,60.00,24.0000,
T0004103,2,EDI-001,1,20.00,20.00,6.0000,
T0004104,1,FLO-001,1,35.00,31.50,14.0000,
T0004105,1,EDI-002,1,22.00,22.00,7.0000,
T0004105,2,EDI-004,1,25.00,25.00,7.5000,
T0004105,3,PRE-002,3,10.00,10.00,3.4000,
T0004105,4,VAP-006,1,15.00,15.00,4.0000,
T0004106,1,PRE-002,1,10.00,10.00,3.4000,
T0004107,1,FLO-006,1,120.00,120.00,52.0000,
T0004107,2,VAP-005,1,28.00,28.00,9.0000,
T0004108,1,FLO-008,1,32.00,32.00,13.5000,
T0004108,2,ACC-004,2,2.00,2.00,0.4000,
T0004108,3,FLO-007,3,32.00,32.00,13.0000,
T0004109,1,FLO-006,1,120.00,120.00,52.0000,
T0004110,1,PRE-002,1,10.00,10.00,3.4000,
T0004110,2,VAP-001,1,55.00,55.00,22.0000,
T0004111,1,PRE-001,1,10.00,10.00,3.2000,
T0004111,2,FLO-008,1,32.00,32.00,13.5000,
T0004111,3,EDI-002,1,22.00,22.00,7.0000,
T0004112,1,PRE-005,1,6.00,6.00,1.8000,
T0004112,2,VAP-006,1,15.00,15.00,4.0000,
T0004112,3,FLO-005,1,38.00,38.00,15.5000,
T0004112,4,PRE-002,1,10.00,10.00,3.4000,
T0004113,1,PRE-001,1,10.00,10.00,3.2000,
T0004114,1,EDI-001,1,20.00,20.00,6.0000,
T0004114,2,FLO-010,1,45.00,45.00,18.0000,
T0004114,3,CON-003,1,30.00,30.00,12.0000,
T0004115,1,ACC-004,1,2.00,2.00,0.4000,
T0004116,1,FLO-004,1,38.00,30.40,15.0000,
T0004116,2,FLO-002,1,40.00,32.00,16.0000,
T0004117,1,EDI-004,1,25.00,25.00,7.5000,
T0004117,2,ACC-004,1,2.00,2.00,0.4000,
T0004118,1,PRE-005,1,6.00,6.00,1.8000,
T0004119,1,PRE-003,3,18.00,18.00,6.0000,
T0004120,1,PRE-003,1,18.00,18.00,6.0000,
T0004120,2,FLO-003,1,70.00,70.00,28.0000,
T0004120,3,FLO-005,3,38.00,38.00,15.5000,
T0004120,4,VAP-002,1,40.00,40.00,14.0000,
T0004121,1,FLO-001,1,35.00,35.00,14.0000,
T0004122,1,EDI-004,2,25.00,25.00,7.5000,
T0004122,2,PRE-005,1,6.00,6.00,1.8000,
T0004123,1,VAP-006,1,15.00,15.00,4.0000,
T0004123,3,CON-001,1,75.00,75.00,32.0000,
T0004123,4,TIN-001,2,50.00,50.00,18.0000,
T0004124,1,FLO-007,2,32.00,32.00,13.0000,
T0004124,2,FLO-005,2,38.00,34.20,15.5000,
T0004125,1,FLO-002,2,40.00,40.00,16.0000,
T0004125,2,ACC-004,1,2.00,1.80,0.4000,
T0004125,3,FLO-003,1,70.00,70.00,28.0000,
T0004126,1,FLO-002,1,40.00,40.00,16.0000,
T0004126,2,FLO-001,1,35.00,35.00,14.0000,
T0004127,1,VAP-002,1,40.00,40.00,14.0000,
T0004128,1,PRE-002,1,10.00,10.00,3.4000,
T0004128,2,FLO-005,1,38.00,38.00,15.5000,
T0004128,3,VAP-005,3,28.00,28.00,9.0000,
T0004129,1,FLO-005,1,38.00,38.00,15.5000,
T0004129,2,ACC-002,3,3.00,3.00,0.6000,
T0004129,3,PRE-002,1,10.00,9.00,3.4000,
T0004130,1,EDI-003,1,20.00,20.00,6.5000,
T0004131,1,FLO-002,1,40.00,40.00,16.0000,
T0004132,1,FLO-001,1,35.00,35.00,14.0000,
T0004132,2,EDI-004,1,25.00,25.00,7.5000,
T0004133,1,FLO-001,2,35.00,35.00,14.0000,
T0004134,1,ACC-001,2,20.00,20.00,5.0000,
T0004135,1,PRE-001,1,10.00,10.00,3.2000,
T0004135,2,ACC-001,1,20.00,20.00,5.0000,
T0004135,3,PRE-003,1,18.00,18.00,6.0000,
T0004136,1,EDI-004,2,25.00,25.00,7.5000,
T0004136,2,EDI-006,2,8.00,8.00,3.0000,
T0004136,3,PRE-003,2,18.00,18.00,6.0000,
T0004136,4,TOP-002,1,24.00,24.00,9.0000,
T0004137,1,VAP-002,1,40.00,40.00,14.0000,
T0004137,2,PRE-005,1,6.00,6.00,1.8000,
T0004138,1,PRE-001,1,10.00,9.00,3.2000,
T0004138,2,ACC-004,1,2.00,2.00,0.4000,
T0004138,3,VAP-001,2,55.00,49.50,22.0000,
T0004139,1,VAP-004,1,60.00,60.00,24.0000,
T0004139,2,FLO-001,1,35.00,35.00,14.0000,
T0004139,3,VAP-001,1,55.00,55.00,22.0000,
T0004139,4,FLO-004,1,38.00,38.00,15.0000,
T0004140,1,EDI-001,2,20.00,20.00,6.0000,
T0004140,2,FLO-004,1,38.00,34.20,15.0000,
T0004141,1,PRE-002,1,10.00,10.00,3.4000,
T0004142,1,ACC-002,1,3.00,3.00,0.6000,
T0004142,2,FLO-007,3,32.00,32.00,13.0000,
T0004143,1,EDI-002,1,22.00,19.80,7.0000,
T0004143,2,FLO-005,1,38.00,34.20,15.5000,
T0004144,1,EDI-006,1,8.00,8.00,3.0000,
T0004145,1,PRE-002,1,10.00,10.00,3.4000,
T0004146,1,ACC-002,1,3.00,3.00,0.6000,
T0004146,2,PRE-002,1,10.00,10.00,3.4000,
T0004146,3,TOP-001,1,35.00,35.00,12.0000,
T0004147,1,PRE-003,1,18.00,18.00,6.0000,
T0004147,2,CON-004,1,55.00,55.00,22.0000,
T0004147,3,ACC-002,2,3.00,3.00,0.6000,
T0004148,1,PRE-002,1,10.00,10.00,3.4000,
T0004149,1,PRE-001,1,10.00,10.00,3.2000,
T0004150,1,ACC-005,1,12.00,10.80,2.5000,
T0004150,2,CON-002,1,45.00,45.00,18.0000,
T0004150,3,VAP-005,1,28.00,28.00,9.0000,
T0004151,1,VAP-002,1,40.00,40.00,14.0000,
T0004152,1,VAP-001,1,55.00,55.00,22.0000,
T0004152,2,CON-001,1,75.00,75.00,32.0000,
T0004152,3,PRE-004,2,35.00,35.00,12.0000,
T0004153,1,PRE-003,1,18.00,18.00,6.0000,
T0004154,1,ACC-002,2,3.00,2.70,0.6000,
T0004155,1,EDI-003,1,20.00,16.00,6.5000,
T0004155,2,TOP-001,1,35.00,28.00,12.0000,
T0004155,3,PRE-001,1,10.00,8.00,3.2000,
T0004156,1,FLO-007,1,32.00,32.00,13.0000,
T0004156,2,VAP-002,1,40.00,40.00,14.0000,
T0004157,1,FLO-004,2,38.00,30.40,15.0000,
T0004158,1,VAP-002,1,40.00,40.00,14.0000,
T0004158,2,ACC-002,1,3.00,3.00,0.6000,
T0004158,3,FLO-001,2,35.00,35.00,14.0000,
T0004158,4,EDI-002,1,22.00,22.00,7.0000,
T0004159,1,FLO-009,3,210.00,168.00,95.0000,
T0004160,1,PRE-004,1,35.00,35.00,12.0000,
T0004160,2,VAP-006,1,15.00,15.00,4.0000,
T0004161,1,PRE-005,1,6.00,6.00,1.8000,
T0004161,2,EDI-003,1,20.00,20.00,6.5000,
T0004161,3,PRE-003,1,18.00,18.00,6.0000,
T0004162,1,FLO-001,1,35.00,35.00,14.0000,
T0004162,2,FLO-002,1,40.00,40.00,16.0000,
T0004163,1,FLO-007,1,32.00,28.80,13.0000,
T0004163,2,VAP-001,1,55.00,55.00,22.0000,
T0004163,3,CON-003,1,30.00,30.00,12.0000,
T0004164,1,PRE-001,2,10.00,10.00,3.2000,
T0004164,2,VAP-001,2,55.00,55.00,22.0000,
T0004165,1,VAP-001,1,55.00,55.00,22.0000,
T0004165,2,PRE-005,1,6.00,6.00,1.8000,
T0004166,1,PRE-004,1,35.00,35.00,12.0000,
T0004166,2,EDI-002,1,22.00,22.00,7.0000,
T0004167,1,FLO-004,2,38.00,30.40,15.0000,
T0004167,2,PRE-004,1,35.00,35.00,12.0000,
T0004167,3,PRE-005,1,6.00,6.00,1.8000,
T0004167,4,PRE-003,1,18.00,14.40,6.0000,
T0004168,1,PRE-001,1,10.00,10.00,3.2000,
T0004169,1,FLO-002,1,40.00,40.00,16.0000,
T0004170,1,PRE-002,1,10.00,9.00,3.4000,
T0004170,2,VAP-005,1,28.00,28.00,9.0000,
T0004170,3,ACC-005,1,12.00,12.00,2.5000,
T0004171,1,ACC-004,1,2.00,2.00,0.4000,
T0004171,2,EDI-004,1,25.00,25.00,7.5000,
T0004171,3,VAP-005,1,28.00,28.00,9.0000,
T0004172,1,FLO-001,1,35.00,35.00,14.0000,
T0004172,2,ACC-004,2,2.00,2.00,0.4000,
T0004173,1,FLO-010,1,45.00,45.00,18.0000,
T0004173,2,EDI-001,2,20.00,20.00,6.0000,
T0004173,3,PRE-003,1,18.00,18.00,6.0000,
T0004174,1,FLO-005,1,38.00,38.00,15.5000,
T0004175,1,VAP-005,1,28.00,22.40,9.0000,
T0004175,2,ACC-002,2,3.00,2.40,0.6000,
T0004176,1,FLO-007,1,32.00,32.00,13.0000,
T0004177,1,FLO-002,2,40.00,40.00,16.0000,
T0004177,2,FLO-005,1,38.00,38.00,15.5000,
T0004177,3,VAP-004,3,60.00,60.00,24.0000,
T0004177,4,EDI-004,1,25.00,25.00,7.5000,
T0004177,5,FLO-008,2,32.00,32.00,13.5000,
T0004178,1,VAP-006,1,15.00,15.00,4.0000,
T0004179,1,PRE-004,1,35.00,35.00,12.0000,
T0004180,1,CON-003,1,30.00,30.00,12.0000,
T0004181,1,FLO-008,2,32.00,32.00,13.5000,
T0004182,1,FLO-008,1,32.00,32.00,13.5000,
T0004183,1,FLO-008,1,32.00,25.60,13.5000,
T0004183,2,EDI-002,1,22.00,22.00,7.0000,
T0004183,3,EDI-005,1,14.00,14.00,4.0000,
T0004184,1,VAP-002,2,40.00,40.00,14.0000,
T0004184,2,EDI-005,2,14.00,14.00,4.0000,
T0004185,1,PRE-002,1,10.00,10.00,3.4000,
T0004186,1,EDI-006,1,8.00,7.20,3.0000,
T0004186,2,EDI-004,1,25.00,25.00,7.5000,
T0004186,3,FLO-002,1,40.00,40.00,16.0000,
T0004186,4,CON-004,1,55.00,55.00,22.0000,
T0004186,5,CON-002,3,45.00,45.00,18.0000,
T0004187,1,PRE-002,1,10.00,10.00,3.4000,
T0004187,2,EDI-004,1,25.00,25.00,7.5000,
T0004188,1,FLO-006,1,120.00,120.00,52.0000,
T0004188,2,PRE-001,1,10.00,10.00,3.2000,
T0004188,3,FLO-005,1,38.00,38.00,15.5000,
T0004188,4,FLO-001,1,35.00,35.00,14.0000,
T0004188,5,FLO-002,1,40.00,36.00,16.0000,
T0004189,1,VAP-001,1,55.00,55.00,22.0000,
T0004189,2,ACC-004,1,2.00,2.00,0.4000,
T0004190,1,VAP-006,2,15.00,15.00,4.0000,
T0004191,1,FLO-002,2,40.00,40.00,16.0000,
T0004191,2,VAP-003,1,32.00,32.00,12.0000,
T0004192,1,PRE-002,1,10.00,10.00,3.4000,
T0004193,1,PRE-001,1,10.00,10.00,3.2000,
T0004193,2,VAP-004,1,60.00,60.00,24.0000,
T0004193,3,EDI-003,1,20.00,20.00,6.5000,
T0004194,1,FLO-005,1,38.00,30.40,15.5000,
T0004194,2,VAP-005,2,28.00,28.00,9.0000,
T0004195,1,FLO-008,1,32.00,32.00,13.5000,
T0004195,2,PRE-004,3,35.00,35.00,12.0000,
T0004196,1,EDI-001,1,20.00,20.00,6.0000,
T0004196,2,PRE-002,2,10.00,10.00,3.4000,
T0004196,3,VAP-002,2,40.00,40.00,14.0000,
T0004197,1,FLO-002,1,40.00,40.00,16.0000,
T0004198,1,VAP-005,1,28.00,28.00,9.0000,
T0004199,1,FLO-002,1,40.00,40.00,16.0000,
T0004200,1,FLO-001,1,35.00,35.00,14.0000,
T0004201,1,PRE-005,2,6.00,6.00,1.8000,
T0004202,1,EDI-006,1,8.00,8.00,3.0000,
T0004203,1,EDI-001,1,20.00,20.00,6.0000,
T0004204,1,FLO-002,2,40.00,40.00,16.0000,
T0004205,1,FLO-006,1,120.00,120.00,52.0000,
T0004205,2,FLO-008,1,32.00,32.00,13.5000,
T0004205,3,EDI-002,3,22.00,17.60,7.0000,
T0004206,1,FLO-004,2,38.00,38.00,15.0000,
T0004206,2,PRE-001,1,10.00,10.00,3.2000,
T0004207,1,EDI-007,1,18.00,18.00,6.0000,
T0004207,2,PRE-003,1,18.00,18.00,6.0000,
T0004208,1,PRE-002,1,10.00,10.00,3.4000,
T0004208,2,ACC-004,1,2.00,1.80,0.4000,
T0004209,1,FLO-003,1,70.00,70.00,28.0000,
T0004209,2,EDI-002,1,22.00,22.00,7.0000,
T0004210,1,FLO-004,2,38.00,38.00,15.0000,
T0004210,2,EDI-001,1,20.00,20.00,6.0000,
T0004210,3,VAP-006,1,15.00,15.00,4.0000,
T0004210,4,PRE-003,1,18.00,18.00,6.0000,
T0004211,1,PRE-004,2,35.00,35.00,12.0000,
T0004211,2,PRE-001,1,10.00,10.00,3.2000,
T0004211,3,PRE-005,1,6.00,6.00,1.8000,
T0004212,1,VAP-003,2,32.00,32.00,12.0000,
T0004213,1,CON-002,2,45.00,45.00,18.0000,
T0004213,2,EDI-001,2,20.00,20.00,6.0000,
T0004214,1,PRE-002,1,10.00,10.00,3.4000,
T0004214,2,ACC-004,1,2.00,2.00,0.4000,
T0004215,1,EDI-006,1,8.00,6.40,3.0000,
T0004215,2,PRE-003,1,18.00,18.00,6.0000,
T0004215,3,PRE-005,3,6.00,6.00,1.8000,
T0004215,4,PRE-001,1,10.00,9.00,3.2000,
T0004216,1,VAP-002,1,40.00,36.00,14.0000,
T0004216,2,FLO-008,1,32.00,32.00,13.5000,
T0004216,3,EDI-004,1,25.00,25.00,7.5000,
T0004217,1,FLO-005,3,38.00,38.00,15.5000,
T0004218,1,ACC-004,1,2.00,2.00,0.4000,
T0004218,2,EDI-005,1,14.00,14.00,4.0000,
T0004219,1,FLO-004,2,38.00,38.00,15.0000,
T0004219,2,PRE-003,3,18.00,16.20,6.0000,
T0004219,3,EDI-007,1,18.00,18.00,6.0000,
T0004219,4,PRE-002,1,10.00,9.00,3.4000,
T0004220,1,CON-003,1,30.00,30.00,12.0000,
T0004221,1,FLO-001,1,35.00,35.00,14.0000,
T0004221,2,VAP-001,1,55.00,44.00,22.0000,
T0004222,1,TIN-001,1,50.00,50.00,18.0000,
T0004223,1,VAP-003,1,32.00,32.00,12.0000,
T0004223,2,FLO-002,1,40.00,40.00,16.0000,
T0004224,1,PRE-002,1,10.00,10.00,3.4000,
T0004224,2,ACC-004,1,2.00,2.00,0.4000,
T0004225,1,EDI-004,1,25.00,25.00,7.5000,
T0004225,2,EDI-001,1,20.00,20.00,6.0000,
T0004226,1,EDI-004,1,25.00,25.00,7.5000,
T0004227,1,ACC-002,2,3.00,2.40,0.6000,
T0004227,2,VAP-002,1,40.00,40.00,14.0000,
T0004228,1,VAP-005,1,28.00,22.40,9.0000,
T0004228,2,FLO-007,1,32.00,32.00,13.0000,
T0004228,3,TIN-002,1,45.00,36.00,16.0000,
T0004229,1,PRE-002,1,10.00,10.00,3.4000,
T0004229,2,PRE-003,2,18.00,18.00,6.0000,
T0004230,1,ACC-002,1,3.00,2.70,0.6000,
T0004230,2,PRE-005,1,6.00,6.00,1.8000,
T0004231,1,ACC-002,1,3.00,3.00,0.6000,
T0004232,1,FLO-002,2,40.00,40.00,16.0000,
T0004233,1,FLO-007,1,32.00,32.00,13.0000,
T0004233,2,PRE-002,1,10.00,10.00,3.4000,
T0004234,1,PRE-002,1,10.00,8.00,3.4000,
T0004234,2,PRE-003,1,18.00,16.20,6.0000,
T0004235,1,EDI-003,1,20.00,20.00,6.5000,
T0004235,2,ACC-005,1,12.00,12.00,2.5000,
T0004236,1,PRE-005,2,6.00,6.00,1.8000,
T0004236,2,PRE-001,1,10.00,10.00,3.2000,
T0004237,1,PRE-004,2,35.00,35.00,12.0000,
T0004238,1,VAP-004,1,60.00,48.00,24.0000,
T0004239,1,VAP-006,2,15.00,15.00,4.0000,
T0004240,1,EDI-003,2,20.00,20.00,6.5000,
T0004241,1,FLO-007,1,32.00,32.00,13.0000,
T0004241,2,VAP-005,1,28.00,28.00,9.0000,
T0004242,1,PRE-003,1,18.00,18.00,6.0000,
T0004242,2,FLO-001,2,35.00,35.00,14.0000,
T0004242,3,FLO-006,2,120.00,120.00,52.0000,
T0004243,1,EDI-007,1,18.00,18.00,6.0000,
T0004243,2,FLO-005,1,38.00,38.00,15.5000,
T0004243,3,FLO-003,2,70.00,70.00,28.0000,
T0004243,4,ACC-002,1,3.00,3.00,0.6000,
T0004244,1,EDI-003,1,20.00,20.00,6.5000,
T0004245,1,PRE-002,1,10.00,8.00,3.4000,
T0004246,1,FLO-005,1,38.00,38.00,15.5000,
T0004246,2,PRE-002,2,10.00,10.00,3.4000,
T0004247,1,FLO-007,1,32.00,32.00,13.0000,
T0004247,2,EDI-004,1,25.00,25.00,7.5000,
T0004247,3,FLO-005,1,38.00,38.00,15.5000,
T0004248,1,TIN-002,1,45.00,40.50,16.0000,
T0004248,2,ACC-003,1,22.00,22.00,6.0000,
T0004249,1,EDI-002,1,22.00,19.80,7.0000,
T0004250,1,PRE-001,1,10.00,10.00,3.2000,
T0004251,1,FLO-005,2,38.00,38.00,15.5000,
T0004252,1,FLO-003,1,70.00,70.00,28.0000,
T0004253,1,CON-001,1,75.00,67.50,32.0000,
T0004253,2,EDI-003,1,20.00,20.00,6.5000,
T0004254,1,PRE-002,1,10.00,10.00,3.4000,
T0004254,2,VAP-005,1,28.00,28.00,9.0000,
T0004255,1,VAP-003,1,32.00,32.00,12.0000,
T0004256,1,PRE-005,2,6.00,6.00,1.8000,
T0004256,2,ACC-003,1,22.00,22.00,6.0000,
T0004257,1,FLO-007,2,32.00,32.00,13.0000,
T0004257,2,FLO-005,1,38.00,38.00,15.5000,
T0004257,3,VAP-005,1,28.00,28.00,9.0000,
T0004258,1,FLO-002,1,40.00,40.00,16.0000,
T0004258,2,PRE-002,1,10.00,10.00,3.4000,
T0004259,1,FLO-002,1,40.00,40.00,16.0000,
T0004260,1,ACC-004,1,2.00,2.00,0.4000,
T0004260,3,PRE-003,1,18.00,14.40,6.0000,
T0004260,4,EDI-001,1,20.00,16.00,6.0000,
T0004261,1,VAP-003,1,32.00,28.80,12.0000,
T0004261,2,PRE-004,1,35.00,35.00,12.0000,
T0004261,3,CON-003,1,30.00,30.00,12.0000,
T0004261,4,FLO-002,1,40.00,40.00,16.0000,
T0004262,1,PRE-005,1,6.00,6.00,1.8000,
T0004263,1,CON-001,1,75.00,75.00,32.0000,
T0004263,2,FLO-004,1,38.00,38.00,15.0000,
T0004263,3,EDI-002,1,22.00,22.00,7.0000,
T0004264,1,EDI-001,1,20.00,20.00,6.0000,
T0004265,1,VAP-002,1,40.00,32.00,14.0000,
T0004265,2,PRE-005,1,6.00,6.00,1.8000,
T0004266,1,ACC-002,1,3.00,2.70,0.6000,
T0004266,2,VAP-001,1,55.00,55.00,22.0000,
T0004266,3,FLO-004,1,38.00,38.00,15.0000,
T0004267,1,PRE-001,1,10.00,10.00,3.2000,
T0004267,2,FLO-005,2,38.00,38.00,15.5000,
T0004268,1,CON-003,1,30.00,30.00,12.0000,
T0004269,1,PRE-001,2,10.00,10.00,3.2000,
T0004269,2,CON-004,1,55.00,55.00,22.0000,
T0004269,3,EDI-006,1,8.00,8.00,3.0000,
T0004270,1,VAP-005,1,28.00,28.00,9.0000,
T0004271,1,FLO-003,1,70.00,70.00,28.0000,
T0004272,1,PRE-001,2,10.00,10.00,3.2000,
T0004273,1,EDI-004,1,25.00,25.00,7.5000,
T0004273,2,VAP-005,1,28.00,28.00,9.0000,
T0004274,1,PRE-002,1,10.00,10.00,3.4000,
T0004275,1,EDI-004,1,25.00,25.00,7.5000,
T0004275,2,VAP-006,1,15.00,15.00,4.0000,
T0004275,3,VAP-005,1,28.00,28.00,9.0000,
T0004275,4,EDI-003,3,20.00,20.00,6.5000,
T0004275,5,EDI-005,1,14.00,14.00,4.0000,
T0004276,1,VAP-005,1,28.00,22.40,9.0000,
T0004277,1,FLO-006,1,120.00,108.00,52.0000,
T0004277,2,VAP-001,1,55.00,55.00,22.0000,
T0004277,3,PRE-002,2,10.00,10.00,3.4000,
T0004278,1,EDI-001,1,20.00,20.00,6.0000,
T0004279,1,FLO-010,1,45.00,45.00,18.0000,
T0004280,1,EDI-006,2,8.00,8.00,3.0000,
T0004281,1,FLO-002,2,40.00,40.00,16.0000,
T0004282,1,VAP-006,3,15.00,15.00,4.0000,
T0004283,1,VAP-002,1,40.00,40.00,14.0000,
T0004283,2,PRE-005,1,6.00,6.00,1.8000,
T0004283,3,EDI-001,1,20.00,16.00,6.0000,
T0004284,1,EDI-007,1,18.00,16.20,6.0000,
T0004284,2,PRE-004,1,35.00,35.00,12.0000,
T0004284,3,EDI-006,1,8.00,8.00,3.0000,
T0004285,1,TIN-002,1,45.00,45.00,16.0000,
T0004285,2,VAP-002,1,40.00,40.00,14.0000,
T0004285,3,PRE-005,1,6.00,6.00,1.8000,
T0004285,4,FLO-008,1,32.00,32.00,13.5000,
T0004286,1,FLO-002,1,40.00,40.00,16.0000,
T0004287,1,EDI-001,1,20.00,20.00,6.0000,
T0004288,1,PRE-002,3,10.00,10.00,3.4000,
T0004288,2,ACC-004,1,2.00,2.00,0.4000,
T0004288,3,VAP-001,1,55.00,55.00,22.0000,
T0004288,4,PRE-001,3,10.00,10.00,3.2000,
T0004288,5,ACC-002,1,3.00,2.40,0.6000,
T0004289,1,PRE-002,1,10.00,9.00,3.4000,
T0004289,2,VAP-005,1,28.00,28.00,9.0000,
T0004290,1,FLO-002,1,40.00,40.00,16.0000,
T0004290,2,FLO-008,1,32.00,32.00,13.5000,
T0004291,1,FLO-001,2,35.00,35.00,14.0000,
T0004292,1,CON-002,1,45.00,45.00,18.0000,
T0004293,1,FLO-004,1,38.00,38.00,15.0000,
T0004294,1,ACC-004,1,2.00,1.80,0.4000,
T0004294,2,CON-001,1,75.00,75.00,32.0000,
T0004295,1,PRE-005,1,6.00,4.80,1.8000,
T0004296,1,EDI-006,1,8.00,8.00,3.0000,
T0004297,1,VAP-001,1,55.00,55.00,22.0000,
T0004298,1,PRE-002,1,10.00,8.00,3.4000,
T0004299,1,EDI-005,2,14.00,14.00,4.0000,
T0004299,2,PRE-001,1,10.00,10.00,3.2000,
T0004300,1,EDI-002,1,22.00,22.00,7.0000,
T0004300,2,VAP-001,1,55.00,55.00,22.0000,
T0004300,3,VAP-002,1,40.00,40.00,14.0000,
T0004300,4,ACC-002,1,3.00,3.00,0.6000,
T0004301,1,EDI-002,1,22.00,22.00,7.0000,
T0004301,2,EDI-001,1,20.00,20.00,6.0000,
T0004301,3,ACC-003,1,22.00,22.00,6.0000,
T0004302,1,VAP-003,1,32.00,32.00,12.0000,
T0004302,2,EDI-004,1,25.00,25.00,7.5000,
T0004302,3,CON-002,1,45.00,45.00,18.0000,
T0004302,4,PRE-001,1,10.00,10.00,3.2000,
T0004303,1,VAP-001,1,55.00,44.00,22.0000,
T0004303,2,FLO-008,2,32.00,32.00,13.5000,
T0004303,3,FLO-009,1,210.00,168.00,95.0000,
T0004303,4,FLO-005,1,38.00,38.00,15.5000,
T0004303,5,ACC-004,1,2.00,1.60,0.4000,
T0004304,1,ACC-004,1,2.00,2.00,0.4000,
T0004304,2,FLO-003,1,70.00,70.00,28.0000,
T0004304,3,FLO-004,1,38.00,38.00,15.0000,
T0004304,4,FLO-001,1,35.00,35.00,14.0000,
T0004305,1,PRE-001,3,10.00,10.00,3.2000,
T0004305,2,ACC-002,1,3.00,3.00,0.6000,
T0004306,1,PRE-003,1,18.00,18.00,6.0000,
T0004306,2,FLO-008,2,32.00,32.00,13.5000,
T0004307,1,PRE-001,1,10.00,10.00,3.2000,
T0004307,2,FLO-005,1,38.00,38.00,15.5000,
T0004307,3,PRE-002,1,10.00,10.00,3.4000,
T0004308,1,EDI-002,1,22.00,22.00,7.0000,
T0004308,2,VAP-001,1,55.00,55.00,22.0000,
T0004308,3,EDI-001,1,20.00,20.00,6.0000,
T0004309,1,EDI-001,1,20.00,20.00,6.0000,
T0004309,2,FLO-008,1,32.00,32.00,13.5000,
T0004310,1,ACC-004,1,2.00,2.00,0.4000,
T0004311,1,EDI-006,1,8.00,8.00,3.0000,
T0004311,2,PRE-003,1,18.00,18.00,6.0000,
T0004312,1,CON-002,1,45.00,45.00,18.0000,
T0004312,2,ACC-003,1,22.00,22.00,6.0000,
T0004313,1,ACC-002,2,3.00,3.00,0.6000,
T0004313,2,ACC-004,1,2.00,2.00,0.4000,
T0004314,1,PRE-003,1,18.00,18.00,6.0000,
T0004314,2,FLO-002,2,40.00,36.00,16.0000,
T0004314,3,EDI-004,1,25.00,25.00,7.5000,
T0004314,4,VAP-003,1,32.00,32.00,12.0000,
T0004314,5,TOP-001,1,35.00,35.00,12.0000,
T0004315,1,VAP-002,1,40.00,40.00,14.0000,
T0004316,1,PRE-002,2,10.00,10.00,3.4000,
T0004316,2,PRE-004,1,35.00,35.00,12.0000,
T0004317,1,FLO-001,1,35.00,35.00,14.0000,
T0004318,1,VAP-005,2,28.00,25.20,9.0000,
T0004318,2,PRE-003,1,18.00,18.00,6.0000,
T0004318,3,VAP-002,1,40.00,40.00,14.0000,
T0004319,1,FLO-002,1,40.00,40.00,16.0000,
T0004320,1,PRE-001,1,10.00,8.00,3.2000,
T0004320,2,ACC-004,1,2.00,2.00,0.4000,
T0004320,3,EDI-002,1,22.00,22.00,7.0000,
T0004320,4,EDI-004,2,25.00,25.00,7.5000,
T0004321,1,TOP-002,2,24.00,24.00,9.0000,
T0004322,1,PRE-005,1,6.00,6.00,1.8000,
T0004322,2,TOP-001,1,35.00,35.00,12.0000,
T0004322,3,VAP-005,1,28.00,28.00,9.0000,
T0004323,1,PRE-002,1,10.00,10.00,3.4000,
T0004324,1,PRE-005,1,6.00,6.00,1.8000,
T0004324,2,FLO-002,1,40.00,40.00,16.0000,
T0004325,1,PRE-003,1,18.00,18.00,6.0000,
T0004326,1,FLO-001,2,35.00,35.00,14.0000,
T0004326,2,EDI-006,2,8.00,8.00,3.0000,
T0004327,1,EDI-001,1,20.00,20.00,6.0000,
T0004328,1,FLO-003,1,70.00,70.00,28.0000,
T0004328,2,EDI-004,1,25.00,25.00,7.5000,
T0004328,3,PRE-003,1,18.00,18.00,6.0000,
T0004328,4,FLO-004,1,38.00,38.00,15.0000,
T0004329,1,EDI-006,1,8.00,8.00,3.0000,
T0004329,2,FLO-001,1,35.00,35.00,14.0000,
T0004329,3,FLO-007,1,32.00,32.00,13.0000,
T0004329,4,ACC-004,1,2.00,2.00,0.4000,
T0004330,1,CON-001,1,75.00,75.00,32.0000,
T0004330,2,FLO-003,1,70.00,63.00,28.0000,
T0004331,1,FLO-001,1,35.00,35.00,14.0000,
T0004331,2,EDI-005,1,14.00,11.20,4.0000,
T0004332,1,ACC-002,1,3.00,3.00,0.6000,
T0004333,1,FLO-001,2,35.00,35.00,14.0000,
T0004334,1,VAP-002,1,40.00,40.00,14.0000,
T0004335,1,PRE-001,1,10.00,10.00,3.2000,
T0004335,2,EDI-006,1,8.00,8.00,3.0000,
T0004335,3,EDI-005,2,14.00,14.00,4.0000,
T0004335,4,ACC-002,3,3.00,3.00,0.6000,
T0004336,1,FLO-002,1,40.00,40.00,16.0000,
T0004337,1,PRE-002,1,10.00,10.00,3.4000,
T0004337,2,VAP-001,1,55.00,55.00,22.0000,
T0004337,3,VAP-005,1,28.00,28.00,9.0000,
T0004338,1,VAP-003,1,32.00,32.00,12.0000,
T0004338,2,FLO-005,3,38.00,38.00,15.5000,
T0004339,1,VAP-001,1,55.00,55.00,22.0000,
T0004339,2,PRE-004,1,35.00,31.50,12.0000,
T0004339,3,VAP-003,1,32.00,32.00,12.0000,
T0004340,1,FLO-004,1,38.00,38.00,15.0000,
T0004341,1,VAP-001,1,55.00,55.00,22.0000,
T0004342,1,FLO-003,1,70.00,70.00,28.0000,
T0004342,2,PRE-002,1,10.00,10.00,3.4000,
T0004343,1,ACC-004,2,2.00,2.00,0.4000,
T0004343,2,FLO-001,1,35.00,35.00,14.0000,
T0004343,3,EDI-001,2,20.00,20.00,6.0000,
T0004343,4,ACC-002,1,3.00,2.70,0.6000,
T0004344,1,EDI-003,1,20.00,20.00,6.5000,
T0004344,2,FLO-007,1,32.00,32.00,13.0000,
T0004345,1,CON-003,1,30.00,30.00,12.0000,
T0004346,1,VAP-003,1,32.00,32.00,12.0000,
T0004347,1,VAP-003,1,32.00,32.00,12.0000,
T0004348,1,EDI-002,1,22.00,22.00,7.0000,
T0004349,1,EDI-003,1,20.00,20.00,6.5000,
T0004349,2,ACC-004,1,2.00,2.00,0.4000,
T0004349,3,ACC-002,1,3.00,3.00,0.6000,
T0004349,4,PRE-005,1,6.00,6.00,1.8000,
T0004349,5,EDI-006,1,8.00,8.00,3.0000,
T0004350,1,PRE-002,1,10.00,10.00,3.4000,
T0004350,2,EDI-003,1,20.00,18.00,6.5000,
T0004351,1,FLO-004,1,38.00,34.20,15.0000,
T0004351,2,EDI-005,2,14.00,14.00,4.0000,
T0004351,3,PRE-002,1,10.00,10.00,3.4000,
T0004352,1,FLO-007,2,32.00,28.80,13.0000,
T0004353,1,EDI-006,2,8.00,8.00,3.0000,
T0004354,1,FLO-001,1,35.00,35.00,14.0000,
T0004355,1,PRE-003,1,18.00,18.00,6.0000,
T0004355,2,PRE-001,1,10.00,9.00,3.2000,
T0004356,1,EDI-001,1,20.00,20.00,6.0000,
T0004356,2,FLO-008,1,32.00,28.80,13.5000,
T0004356,3,PRE-005,1,6.00,6.00,1.8000,
T0004356,4,EDI-004,1,25.00,25.00,7.5000,
T0004357,1,EDI-006,1,8.00,8.00,3.0000,
T0004357,2,FLO-002,2,40.00,32.00,16.0000,
T0004357,3,ACC-004,1,2.00,2.00,0.4000,
T0004358,1,TIN-002,1,45.00,45.00,16.0000,
T0004359,1,VAP-005,1,28.00,28.00,9.0000,
T0004359,2,PRE-002,1,10.00,10.00,3.4000,
T0004360,1,FLO-001,1,35.00,35.00,14.0000,
T0004361,1,ACC-001,1,20.00,20.00,5.0000,
T0004362,1,PRE-003,2,18.00,18.00,6.0000,
T0004362,2,EDI-005,1,14.00,14.00,4.0000,
T0004363,1,PRE-004,1,35.00,35.00,12.0000,
T0004364,1,CON-004,1,55.00,55.00,22.0000,
T0004364,2,PRE-003,2,18.00,18.00,6.0000,
T0004365,1,FLO-001,1,35.00,35.00,14.0000,
T0004365,2,EDI-004,1,25.00,25.00,7.5000,
T0004366,1,FLO-005,1,38.00,38.00,15.5000,
T0004366,2,EDI-005,1,14.00,12.60,4.0000,
T0004367,1,ACC-001,1,20.00,20.00,5.0000,
T0004368,1,TOP-002,2,24.00,24.00,9.0000,
T0004369,1,VAP-001,1,55.00,55.00,22.0000,
T0004369,2,FLO-003,1,70.00,70.00,28.0000,
T0004369,3,PRE-005,1,6.00,6.00,1.8000,
T0004370,1,PRE-003,1,18.00,14.40,6.0000,
T0004370,2,FLO-008,1,32.00,25.60,13.5000,
T0004370,3,PRE-001,1,10.00,8.00,3.2000,
T0004370,4,PRE-002,1,10.00,8.00,3.4000,
T0004371,1,VAP-005,1,28.00,28.00,9.0000,
T0004372,1,EDI-001,1,20.00,20.00,6.0000,
T0004373,1,EDI-006,1,8.00,8.00,3.0000,
T0004374,1,CON-001,1,75.00,75.00,32.0000,
T0004375,1,VAP-001,1,55.00,55.00,22.0000,
T0004376,1,ACC-004,1,2.00,2.00,0.4000,
T0004376,2,EDI-003,1,20.00,20.00,6.5000,
T0004377,1,EDI-002,1,22.00,22.00,7.0000,
T0004378,1,EDI-002,1,22.00,22.00,7.0000,
T0004378,2,EDI-005,1,14.00,12.60,4.0000,
T0004378,3,FLO-010,1,45.00,45.00,18.0000,
T0004379,1,EDI-006,2,8.00,8.00,3.0000,
T0004380,1,FLO-010,1,45.00,45.00,18.0000,
T0004381,1,EDI-001,1,20.00,20.00,6.0000,
T0004381,2,ACC-001,1,20.00,20.00,5.0000,
T0004381,3,CON-004,2,55.00,55.00,22.0000,
T0004381,4,FLO-005,1,38.00,38.00,15.5000,
T0004382,1,PRE-003,2,18.00,18.00,6.0000,
T0004382,2,VAP-003,1,32.00,32.00,12.0000,
T0004383,1,FLO-002,1,40.00,40.00,16.0000,
T0004383,2,VAP-001,1,55.00,55.00,22.0000,
T0004383,4,FLO-004,1,38.00,38.00,15.0000,
T0004384,1,ACC-004,1,2.00,2.00,0.4000,
T0004385,1,VAP-005,1,28.00,28.00,9.0000,
T0004386,1,PRE-004,2,35.00,31.50,12.0000,
T0004386,2,EDI-004,1,25.00,25.00,7.5000,
T0004386,3,PRE-002,1,10.00,10.00,3.4000,
T0004386,4,FLO-004,2,38.00,38.00,15.0000,
T0004387,1,EDI-001,1,20.00,20.00,6.0000,
T0004388,1,FLO-001,1,35.00,35.00,14.0000,
T0004388,2,FLO-007,1,32.00,32.00,13.0000,
T0004388,3,VAP-003,1,32.00,32.00,12.0000,
T0004388,4,PRE-004,1,35.00,35.00,12.0000,
T0004389,1,VAP-003,2,32.00,32.00,12.0000,
T0004389,2,ACC-004,1,2.00,2.00,0.4000,
T0004389,3,FLO-002,1,40.00,40.00,16.0000,
T0004389,4,VAP-005,1,28.00,28.00,9.0000,
T0004390,1,FLO-007,1,32.00,32.00,13.0000,
T0004391,1,VAP-006,1,15.00,15.00,4.0000,
T0004392,1,PRE-003,2,18.00,18.00,6.0000,
T0004392,2,PRE-004,1,35.00,35.00,12.0000,
T0004393,1,ACC-001,1,20.00,20.00,5.0000,
T0004393,2,PRE-001,3,10.00,10.00,3.2000,
T0004394,1,PRE-001,1,10.00,10.00,3.2000,
T0004395,1,PRE-005,1,6.00,6.00,1.8000,
T0004395,2,PRE-004,1,35.00,35.00,12.0000,
T0004396,1,TOP-002,2,24.00,24.00,9.0000,
T0004397,1,EDI-001,1,20.00,20.00,6.0000,
T0004398,1,EDI-001,1,20.00,20.00,6.0000,
T0004398,2,VAP-003,1,32.00,32.00,12.0000,
T0004399,1,PRE-001,2,10.00,10.00,3.2000,
T0004400,1,VAP-005,2,28.00,28.00,9.0000,
T0004400,2,FLO-005,1,38.00,38.00,15.5000,
T0004400,3,PRE-002,2,10.00,10.00,3.4000,
T0004401,1,PRE-005,2,6.00,6.00,1.8000,
T0004401,2,CON-001,1,75.00,75.00,32.0000,
T0004402,1,ACC-002,2,3.00,3.00,0.6000,
T0004403,1,PRE-005,1,6.00,6.00,1.8000,
T0004403,2,ACC-005,1,12.00,12.00,2.5000,
T0004403,3,VAP-002,1,40.00,40.00,14.0000,
T0004404,1,ACC-002,2,3.00,3.00,0.6000,
T0004405,1,PRE-003,1,18.00,18.00,6.0000,
T0004406,1,EDI-001,1,20.00,20.00,6.0000,
T0004407,1,EDI-007,1,18.00,18.00,6.0000,
T0004407,2,EDI-002,1,22.00,22.00,7.0000,
T0004408,1,FLO-007,1,32.00,32.00,13.0000,
T0004409,1,PRE-002,2,10.00,10.00,3.4000,
T0004409,2,PRE-005,2,6.00,6.00,1.8000,
T0004410,1,PRE-001,1,10.00,10.00,3.2000,
T0004410,2,ACC-002,1,3.00,3.00,0.6000,
T0004411,1,VAP-002,1,40.00,36.00,14.0000,
T0004411,2,VAP-001,1,55.00,49.50,22.0000,
T0004411,3,EDI-001,1,20.00,20.00,6.0000,
T0004412,1,PRE-005,1,6.00,6.00,1.8000,
T0004412,2,VAP-006,1,15.00,15.00,4.0000,
T0004412,3,FLO-002,1,40.00,40.00,16.0000,
T0004413,1,ACC-004,1,2.00,2.00,0.4000,
T0004414,1,PRE-005,1,6.00,6.00,1.8000,
T0004415,1,PRE-002,1,10.00,10.00,3.4000,
T0004416,1,TOP-001,1,35.00,35.00,12.0000,
T0004416,2,FLO-002,1,40.00,40.00,16.0000,
T0004416,3,VAP-001,2,55.00,55.00,22.0000,
T0004417,1,FLO-005,1,38.00,38.00,15.5000,
T0004417,2,FLO-007,1,32.00,32.00,13.0000,
T0004418,1,EDI-001,1,20.00,20.00,6.0000,
T0004418,2,VAP-001,1,55.00,49.50,22.0000,
T0004418,3,FLO-004,1,38.00,38.00,15.0000,
T0004419,1,FLO-008,1,32.00,32.00,13.5000,
T0004419,2,ACC-004,1,2.00,2.00,0.4000,
T0004419,3,PRE-003,1,18.00,18.00,6.0000,
T0004420,1,FLO-001,2,35.00,28.00,14.0000,
T0004421,1,VAP-002,1,40.00,40.00,14.0000,
T0004422,1,FLO-001,1,35.00,35.00,14.0000,
T0004422,2,EDI-006,1,8.00,6.40,3.0000,
T0004422,3,VAP-002,1,40.00,36.00,14.0000,
T0004423,1,FLO-002,1,40.00,40.00,16.0000,
T0004423,2,EDI-001,1,20.00,20.00,6.0000,
T0004424,1,FLO-010,1,45.00,45.00,18.0000,
T0004425,1,EDI-001,1,20.00,20.00,6.0000,
T0004425,2,PRE-002,1,10.00,10.00,3.4000,
T0004426,1,ACC-004,1,2.00,2.00,0.4000,
T0004426,2,EDI-002,1,22.00,22.00,7.0000,
T0004427,1,EDI-005,1,14.00,14.00,4.0000,
T0004428,1,CON-003,3,30.00,30.00,12.0000,
T0004429,1,PRE-002,2,10.00,10.00,3.4000,
T0004429,2,ACC-002,2,3.00,2.70,0.6000,
T0004430,1,FLO-003,1,70.00,70.00,28.0000,
T0004431,1,VAP-001,1,55.00,55.00,22.0000,
T0004431,2,CON-003,1,30.00,30.00,12.0000,
T0004431,3,VAP-002,1,40.00,40.00,14.0000,
T0004432,1,FLO-001,2,35.00,35.00,14.0000,
T0004433,1,PRE-005,1,6.00,6.00,1.8000,
T0004433,2,FLO-008,1,32.00,32.00,13.5000,
T0004434,1,EDI-004,2,25.00,25.00,7.5000,
T0004434,2,EDI-001,2,20.00,20.00,6.0000,
T0004435,1,EDI-007,1,18.00,18.00,6.0000,
T0004436,1,FLO-001,1,35.00,35.00,14.0000,
T0004436,2,VAP-002,1,40.00,40.00,14.0000,
T0004437,1,PRE-001,1,10.00,10.00,3.2000,
T0004438,1,EDI-006,1,8.00,7.20,3.0000,
T0004439,1,VAP-002,1,40.00,40.00,14.0000,
T0004439,2,PRE-001,1,10.00,10.00,3.2000,
T0004440,1,FLO-004,1,38.00,30.40,15.0000,
T0004440,2,EDI-001,1,20.00,20.00,6.0000,
T0004441,1,CON-003,2,30.00,30.00,12.0000,
T0004442,1,ACC-005,1,12.00,12.00,2.5000,
T0004443,1,ACC-002,1,3.00,3.00,0.6000,
T0004443,2,ACC-004,2,2.00,2.00,0.4000,
T0004444,1,VAP-003,1,32.00,32.00,12.0000,
T0004445,1,EDI-006,1,8.00,8.00,3.0000,
T0004446,1,PRE-001,1,10.00,10.00,3.2000,
T0004446,2,VAP-001,1,55.00,55.00,22.0000,
T0004447,1,FLO-001,1,35.00,35.00,14.0000,
T0004447,2,FLO-002,1,40.00,40.00,16.0000,
T0004447,3,PRE-005,1,6.00,6.00,1.8000,
T0004448,1,EDI-004,1,25.00,25.00,7.5000,
T0004449,1,VAP-003,1,32.00,32.00,12.0000,
T0004450,1,CON-001,2,75.00,75.00,32.0000,
T0004450,2,PRE-004,1,35.00,35.00,12.0000,
T0004450,3,PRE-001,1,10.00,9.00,3.2000,
T0004450,4,VAP-005,1,28.00,28.00,9.0000,
T0004451,1,VAP-004,1,60.00,60.00,24.0000,
T0004451,2,ACC-004,1,2.00,2.00,0.4000,
T0004452,1,CON-002,1,45.00,45.00,18.0000,
T0004452,2,ACC-004,1,2.00,2.00,0.4000,
T0004453,1,FLO-004,1,38.00,38.00,15.0000,
T0004454,1,EDI-006,1,8.00,8.00,3.0000,
T0004454,2,FLO-007,1,32.00,32.00,13.0000,
T0004454,3,PRE-001,2,10.00,9.00,3.2000,
T0004455,1,EDI-003,1,20.00,20.00,6.5000,
T0004455,2,EDI-006,1,8.00,8.00,3.0000,
T0004456,1,EDI-001,1,20.00,20.00,6.0000,
T0004456,2,PRE-002,2,10.00,10.00,3.4000,
T0004457,1,EDI-001,1,20.00,20.00,6.0000,
T0004457,2,ACC-002,1,3.00,3.00,0.6000,
T0004458,1,FLO-005,1,38.00,38.00,15.5000,
T0004458,3,FLO-007,2,32.00,32.00,13.0000,
T0004458,4,PRE-001,1,10.00,10.00,3.2000,
T0004459,1,VAP-006,1,15.00,15.00,4.0000,
T0004459,2,EDI-002,1,22.00,19.80,7.0000,
T0004459,3,CON-002,1,45.00,45.00,18.0000,
T0004460,1,ACC-002,1,3.00,3.00,0.6000,
T0004460,2,FLO-010,2,45.00,40.50,18.0000,
T0004461,1,VAP-001,1,55.00,55.00,22.0000,
T0004461,2,PRE-005,1,6.00,4.80,1.8000,
T0004461,3,ACC-004,1,2.00,2.00,0.4000,
T0004462,1,PRE-002,1,10.00,10.00,3.4000,
T0004463,1,VAP-001,2,55.00,44.00,22.0000,
T0004463,2,PRE-001,1,10.00,8.00,3.2000,
T0004464,1,VAP-001,1,55.00,55.00,22.0000,
T0004465,1,FLO-002,1,40.00,40.00,16.0000,
T0004466,1,PRE-002,1,10.00,10.00,3.4000,
T0004466,2,CON-003,1,30.00,30.00,12.0000,
T0004466,3,EDI-001,2,20.00,20.00,6.0000,
T0004466,4,FLO-004,1,38.00,38.00,15.0000,
T0004466,5,ACC-001,1,20.00,20.00,5.0000,
T0004467,1,PRE-001,1,10.00,10.00,3.2000,
T0004467,2,PRE-003,1,18.00,18.00,6.0000,
T0004468,1,FLO-005,1,38.00,38.00,15.5000,
T0004469,1,EDI-005,3,14.00,14.00,4.0000,
T0004469,2,VAP-001,2,55.00,55.00,22.0000,
T0004469,3,VAP-005,1,28.00,28.00,9.0000,
T0004470,1,EDI-002,1,22.00,22.00,7.0000,
T0004470,2,TOP-002,1,24.00,24.00,9.0000,
T0004471,1,PRE-001,1,10.00,10.00,3.2000,
T0004471,2,FLO-004,1,38.00,38.00,15.0000,
T0004471,3,FLO-007,1,32.00,32.00,13.0000,
T0004472,1,EDI-002,2,22.00,22.00,7.0000,
T0004472,2,FLO-002,1,40.00,40.00,16.0000,
T0004473,1,PRE-004,1,35.00,28.00,12.0000,
T0004473,2,FLO-004,1,38.00,34.20,15.0000,
T0004474,1,VAP-004,2,60.00,60.00,24.0000,
T0004474,2,ACC-004,2,2.00,2.00,0.4000,
T0004475,1,EDI-007,1,18.00,14.40,6.0000,
T0004475,2,FLO-001,1,35.00,35.00,14.0000,
T0004476,1,ACC-004,2,2.00,2.00,0.4000,
T0004476,2,FLO-001,1,35.00,35.00,14.0000,
T0004477,1,PRE-002,1,10.00,10.00,3.4000,
T0004477,2,FLO-010,2,45.00,45.00,18.0000,
T0004478,1,FLO-002,1,40.00,40.00,16.0000,
T0004478,2,PRE-001,1,10.00,10.00,3.2000,
T0004478,3,FLO-004,1,38.00,38.00,15.0000,
T0004479,1,VAP-002,1,40.00,40.00,14.0000,
T0004480,1,PRE-001,1,10.00,9.00,3.2000,
T0004481,1,VAP-001,1,55.00,55.00,22.0000,
T0004481,2,PRE-001,2,10.00,10.00,3.2000,
T0004481,3,FLO-005,2,38.00,38.00,15.5000,
T0004482,1,FLO-004,1,38.00,38.00,15.0000,
T0004482,2,ACC-002,1,3.00,3.00,0.6000,
T0004482,3,EDI-001,1,20.00,18.00,6.0000,
T0004483,1,PRE-001,2,10.00,10.00,3.2000,
T0004483,2,FLO-002,2,40.00,36.00,16.0000,
T0004484,1,VAP-001,1,55.00,55.00,22.0000,
T0004484,2,VAP-006,1,15.00,13.50,4.0000,
T0004484,3,EDI-001,1,20.00,20.00,6.0000,
T0004484,4,EDI-005,1,14.00,14.00,4.0000,
T0004485,1,EDI-006,1,8.00,8.00,3.0000,
T0004485,2,PRE-001,1,10.00,8.00,3.2000,
T0004486,1,EDI-002,1,22.00,19.80,7.0000,
T0004486,2,PRE-002,1,10.00,10.00,3.4000,
T0004487,1,EDI-001,1,20.00,20.00,6.0000,
T0004487,2,FLO-001,2,35.00,35.00,14.0000,
T0004487,3,EDI-004,1,25.00,25.00,7.5000,
T0004488,1,VAP-003,2,32.00,32.00,12.0000,
T0004488,2,VAP-006,1,15.00,15.00,4.0000,
T0004489,1,EDI-007,1,18.00,18.00,6.0000,
T0004489,2,ACC-001,1,20.00,20.00,5.0000,
T0004490,1,FLO-004,1,38.00,30.40,15.0000,
T0004490,2,EDI-001,1,20.00,20.00,6.0000,
T0004491,1,PRE-002,1,10.00,10.00,3.4000,
T0004491,2,PRE-001,1,10.00,10.00,3.2000,
T0004492,1,PRE-002,1,10.00,8.00,3.4000,
T0004492,2,EDI-002,1,22.00,22.00,7.0000,
T0004492,3,VAP-003,1,32.00,32.00,12.0000,
T0004493,1,ACC-003,2,22.00,22.00,6.0000,
T0004494,1,PRE-005,1,6.00,6.00,1.8000,
T0004495,1,FLO-005,1,38.00,38.00,15.5000,
T0004496,1,VAP-002,1,40.00,40.00,14.0000,
T0004497,1,EDI-007,1,18.00,18.00,6.0000,
T0004497,2,PRE-005,1,6.00,6.00,1.8000,
T0004497,3,VAP-002,1,40.00,40.00,14.0000,
T0004498,1,PRE-003,1,18.00,18.00,6.0000,
T0004499,1,VAP-006,3,15.00,15.00,4.0000,
T0004499,2,EDI-004,1,25.00,25.00,7.5000,
T0004499,3,EDI-001,1,20.00,20.00,6.0000,
T0004499,4,VAP-003,1,32.00,28.80,12.0000,
T0004499,5,PRE-002,1,10.00,10.00,3.4000,
T0004500,1,FLO-007,1,32.00,32.00,13.0000,
T0004500,2,FLO-001,1,35.00,35.00,14.0000,
T0004500,3,VAP-003,1,32.00,32.00,12.0000,
T0004501,1,EDI-001,3,20.00,20.00,6.0000,
T0004501,2,FLO-002,1,40.00,40.00,16.0000,
T0004502,1,EDI-002,1,22.00,19.80,7.0000,
T0004503,1,PRE-001,1,10.00,10.00,3.2000,
T0004504,1,PRE-005,1,6.00,5.40,1.8000,
T0004505,1,ACC-004,2,2.00,2.00,0.4000,
T0004505,2,EDI-007,2,18.00,18.00,6.0000,
T0004505,3,FLO-007,1,32.00,28.80,13.0000,
T0004506,1,VAP-006,2,15.00,15.00,4.0000,
T0004507,1,FLO-004,1,38.00,38.00,15.0000,
T0004507,2,VAP-003,1,32.00,32.00,12.0000,
T0004508,1,PRE-002,1,10.00,10.00,3.4000,
T0004509,1,PRE-005,1,6.00,6.00,1.8000,
T0004510,1,PRE-001,1,10.00,10.00,3.2000,
T0004511,1,FLO-001,1,35.00,35.00,14.0000,
T0004512,1,EDI-002,1,22.00,22.00,7.0000,
T0004512,2,EDI-001,1,20.00,20.00,6.0000,
T0004513,1,EDI-001,1,20.00,20.00,6.0000,
T0004513,2,PRE-001,1,10.00,9.00,3.2000,
T0004513,3,FLO-005,1,38.00,38.00,15.5000,
T0004513,4,TOP-001,1,35.00,35.00,12.0000,
T0004513,5,EDI-006,1,8.00,8.00,3.0000,
T0004514,1,VAP-002,1,40.00,40.00,14.0000,
T0004514,2,PRE-001,1,10.00,10.00,3.2000,
T0004514,3,FLO-001,1,35.00,35.00,14.0000,
T0004514,4,EDI-005,1,14.00,14.00,4.0000,
T0004515,1,VAP-005,1,28.00,28.00,9.0000,
T0004515,2,PRE-002,2,10.00,10.00,3.4000,
T0004516,1,EDI-001,1,20.00,16.00,6.0000,
T0004516,2,PRE-005,1,6.00,5.40,1.8000,
T0004517,1,PRE-004,1,35.00,35.00,12.0000,
T0004518,1,VAP-002,1,40.00,40.00,14.0000,
T0004518,2,ACC-002,1,3.00,3.00,0.6000,
T0004519,1,EDI-002,1,22.00,22.00,7.0000,
T0004520,1,VAP-002,1,40.00,40.00,14.0000,
T0004520,2,PRE-005,1,6.00,6.00,1.8000,
T0004520,3,TIN-001,1,50.00,45.00,18.0000,
T0004521,1,VAP-003,1,32.00,32.00,12.0000,
T0004521,2,ACC-001,1,20.00,20.00,5.0000,
T0004521,3,EDI-004,1,25.00,25.00,7.5000,
T0004522,1,PRE-002,1,10.00,10.00,3.4000,
T0004522,2,FLO-006,1,120.00,120.00,52.0000,
T0004523,1,VAP-001,1,55.00,55.00,22.0000,
T0004523,2,PRE-002,1,10.00,9.00,3.4000,
T0004523,4,EDI-006,1,8.00,8.00,3.0000,
T0004524,1,EDI-002,1,22.00,22.00,7.0000,
T0004525,1,FLO-001,1,35.00,35.00,14.0000,
T0004526,1,PRE-002,2,10.00,10.00,3.4000,
T0004527,1,VAP-003,1,32.00,32.00,12.0000,
T0004528,1,FLO-002,1,40.00,40.00,16.0000,
T0004528,2,CON-003,1,30.00,30.00,12.0000,
T0004529,1,PRE-005,1,6.00,6.00,1.8000,
T0004530,1,PRE-004,1,35.00,35.00,12.0000,
T0004531,1,FLO-008,2,32.00,32.00,13.5000,
T0004532,1,CON-003,2,30.00,27.00,12.0000,
T0004533,1,FLO-004,1,38.00,38.00,15.0000,
T0004533,2,VAP-003,1,32.00,32.00,12.0000,
T0004533,3,FLO-002,1,40.00,36.00,16.0000,
T0004534,1,FLO-003,2,70.00,70.00,28.0000,
T0004534,2,VAP-001,1,55.00,55.00,22.0000,
T0004534,3,PRE-002,1,10.00,10.00,3.4000,
T0004534,4,PRE-001,2,10.00,10.00,3.2000,
T0004535,1,ACC-004,1,2.00,2.00,0.4000,
T0004535,2,FLO-005,1,38.00,34.20,15.5000,
T0004536,1,EDI-004,1,25.00,25.00,7.5000,
T0004536,2,ACC-004,1,2.00,2.00,0.4000,
T0004537,1,EDI-001,1,20.00,20.00,6.0000,
T0004537,2,PRE-004,1,35.00,35.00,12.0000,
T0004538,1,CON-001,1,75.00,75.00,32.0000,
T0004538,2,PRE-001,1,10.00,10.00,3.2000,
T0004538,3,ACC-004,1,2.00,2.00,0.4000,
T0004539,1,EDI-006,1,8.00,8.00,3.0000,
T0004539,2,VAP-002,1,40.00,40.00,14.0000,
T0004540,1,FLO-003,2,70.00,70.00,28.0000,
T0004541,1,VAP-005,2,28.00,28.00,9.0000,
T0004542,1,FLO-003,1,70.00,70.00,28.0000,
T0004542,2,FLO-008,1,32.00,32.00,13.5000,
T0004543,1,FLO-001,1,35.00,35.00,14.0000,
T0004544,1,FLO-007,1,32.00,32.00,13.0000,
T0004544,2,PRE-001,1,10.00,10.00,3.2000,
T0004545,1,VAP-006,1,15.00,15.00,4.0000,
T0004545,2,FLO-003,1,70.00,70.00,28.0000,
T0004546,1,ACC-005,1,12.00,12.00,2.5000,
T0004547,1,FLO-002,1,40.00,40.00,16.0000,
T0004547,2,PRE-001,3,10.00,8.00,3.2000,
T0004547,3,EDI-002,3,22.00,17.60,7.0000,
T0004547,4,TOP-001,2,35.00,28.00,12.0000,
T0004547,5,VAP-002,1,40.00,40.00,14.0000,
T0004548,1,VAP-003,1,32.00,28.80,12.0000,
T0004548,2,FLO-007,1,32.00,32.00,13.0000,
T0004548,3,PRE-002,3,10.00,10.00,3.4000,
T0004549,1,EDI-007,1,18.00,18.00,6.0000,
T0004549,2,VAP-001,1,55.00,55.00,22.0000,
T0004549,3,EDI-001,2,20.00,20.00,6.0000,
T0004549,4,FLO-007,1,32.00,32.00,13.0000,
T0004550,1,FLO-005,2,38.00,38.00,15.5000,
T0004551,1,PRE-003,1,18.00,18.00,6.0000,
T0004551,2,PRE-005,1,6.00,6.00,1.8000,
T0004551,3,EDI-001,3,20.00,20.00,6.0000,
T0004552,1,EDI-001,2,20.00,20.00,6.0000,
T0004553,1,VAP-004,2,60.00,60.00,24.0000,
T0004553,2,CON-002,1,45.00,45.00,18.0000,
T0004553,3,EDI-004,1,25.00,25.00,7.5000,
T0004553,4,VAP-001,3,55.00,49.50,22.0000,
T0004554,1,VAP-003,1,32.00,32.00,12.0000,
T0004555,1,PRE-002,3,10.00,10.00,3.4000,
T0004556,1,FLO-001,1,35.00,35.00,14.0000,
T0004556,2,VAP-006,1,15.00,15.00,4.0000,
T0004556,3,PRE-002,2,10.00,10.00,3.4000,
T0004557,1,PRE-003,1,18.00,18.00,6.0000,
T0004557,2,PRE-004,1,35.00,35.00,12.0000,
T0004557,3,VAP-001,1,55.00,55.00,22.0000,
T0004557,4,FLO-005,1,38.00,38.00,15.5000,
T0004558,1,EDI-001,1,20.00,20.00,6.0000,
T0004558,2,VAP-006,1,15.00,15.00,4.0000,
T0004558,3,ACC-004,1,2.00,2.00,0.4000,
T0004559,1,EDI-001,1,20.00,20.00,6.0000,
T0004560,1,EDI-002,1,22.00,22.00,7.0000,
T0004561,1,EDI-001,1,20.00,20.00,6.0000,
T0004562,1,VAP-003,1,32.00,32.00,12.0000,
T0004562,2,VAP-001,1,55.00,44.00,22.0000,
T0004563,1,ACC-002,1,3.00,3.00,0.6000,
T0004564,1,EDI-004,1,25.00,25.00,7.5000,
T0004564,2,EDI-001,2,20.00,20.00,6.0000,
T0004565,1,PRE-002,1,10.00,10.00,3.4000,
T0004565,2,VAP-003,1,32.00,32.00,12.0000,
T0004565,3,FLO-001,1,35.00,35.00,14.0000,
T0004565,4,PRE-001,1,10.00,10.00,3.2000,
T0004565,5,FLO-003,1,70.00,70.00,28.0000,
T0004566,1,FLO-008,1,32.00,32.00,13.5000,
T0004566,2,PRE-005,1,6.00,5.40,1.8000,
T0004567,1,FLO-002,3,40.00,36.00,16.0000,
T0004568,1,EDI-001,1,20.00,20.00,6.0000,
T0004569,1,VAP-005,1,28.00,25.20,9.0000,
T0004570,1,CON-002,3,45.00,45.00,18.0000,
T0004570,2,FLO-002,1,40.00,40.00,16.0000,
T0004571,1,FLO-008,1,32.00,32.00,13.5000,
T0004572,1,FLO-003,1,70.00,70.00,28.0000,
T0004573,1,PRE-001,1,10.00,10.00,3.2000,
T0004573,2,VAP-005,1,28.00,28.00,9.0000,
T0004574,1,FLO-005,1,38.00,34.20,15.5000,
T0004575,1,EDI-006,1,8.00,8.00,3.0000,
T0004575,2,ACC-004,1,2.00,2.00,0.4000,
T0004575,3,EDI-004,2,25.00,25.00,7.5000,
T0004575,4,EDI-005,1,14.00,14.00,4.0000,
T0004576,1,ACC-002,1,3.00,3.00,0.6000,
T0004576,2,PRE-005,1,6.00,6.00,1.8000,
T0004576,3,VAP-005,1,28.00,28.00,9.0000,
T0004576,4,FLO-003,1,70.00,70.00,28.0000,
T0004576,5,EDI-001,1,20.00,20.00,6.0000,
T0004577,1,PRE-005,1,6.00,4.80,1.8000,
T0004577,2,EDI-001,1,20.00,20.00,6.0000,
T0004577,3,EDI-006,1,8.00,6.40,3.0000,
T0004578,1,PRE-002,1,10.00,10.00,3.4000,
T0004578,2,EDI-001,1,20.00,18.00,6.0000,
T0004578,3,CON-003,2,30.00,30.00,12.0000,
T0004579,1,EDI-002,2,22.00,22.00,7.0000,
T0004579,2,TIN-002,1,45.00,45.00,16.0000,
T0004579,3,FLO-004,1,38.00,38.00,15.0000,
T0004579,4,CON-004,2,55.00,55.00,22.0000,
T0004580,1,ACC-004,1,2.00,2.00,0.4000,
T0004581,1,VAP-005,1,28.00,28.00,9.0000,
T0004581,2,FLO-007,1,32.00,28.80,13.0000,
T0004582,1,CON-001,1,75.00,75.00,32.0000,
T0004583,1,FLO-001,2,35.00,28.00,14.0000,
T0004583,2,PRE-002,2,10.00,9.00,3.4000,
T0004583,3,VAP-002,1,40.00,40.00,14.0000,
T0004584,1,VAP-005,1,28.00,28.00,9.0000,
T0004585,1,PRE-002,1,10.00,8.00,3.4000,
T0004586,1,FLO-003,3,70.00,70.00,28.0000,
T0004586,3,ACC-004,1,2.00,2.00,0.4000,
T0004586,4,PRE-001,1,10.00,10.00,3.2000,
T0004586,5,ACC-001,1,20.00,20.00,5.0000,
T0004587,1,FLO-001,1,35.00,35.00,14.0000,
T0004587,2,FLO-008,1,32.00,32.00,13.5000,
T0004588,1,PRE-002,2,10.00,10.00,3.4000,
T0004588,2,EDI-007,1,18.00,18.00,6.0000,
T0004588,3,EDI-001,1,20.00,20.00,6.0000,
T0004588,4,FLO-007,1,32.00,28.80,13.0000,
T0004589,1,VAP-001,2,55.00,49.50,22.0000,
T0004590,1,PRE-002,1,10.00,10.00,3.4000,
T0004591,1,EDI-002,1,22.00,22.00,7.0000,
T0004592,1,ACC-004,1,2.00,2.00,0.4000,
T0004593,1,FLO-007,1,32.00,28.80,13.0000,
T0004593,2,EDI-001,2,20.00,20.00,6.0000,
T0004594,1,VAP-005,1,28.00,28.00,9.0000,
T0004595,1,EDI-003,2,20.00,20.00,6.5000,
T0004595,2,FLO-001,1,35.00,35.00,14.0000,
T0004596,1,EDI-004,1,25.00,25.00,7.5000,
T0004596,2,CON-003,1,30.00,30.00,12.0000,
T0004596,3,EDI-006,1,8.00,8.00,3.0000,
T0004597,1,EDI-004,2,25.00,25.00,7.5000,
T0004598,1,VAP-003,1,32.00,32.00,12.0000,
T0004599,1,FLO-008,1,32.00,32.00,13.5000,
T0004599,2,ACC-004,1,2.00,2.00,0.4000,
T0004599,3,FLO-001,1,35.00,35.00,14.0000,
T0004599,4,TIN-002,1,45.00,45.00,16.0000,
T0004600,1,VAP-001,1,55.00,55.00,22.0000,
T0004601,1,PRE-001,1,10.00,10.00,3.2000,
T0004601,2,PRE-004,1,35.00,31.50,12.0000,
T0004601,3,PRE-005,1,6.00,5.40,1.8000,
T0004602,1,ACC-004,1,2.00,2.00,0.4000,
T0004603,1,PRE-004,1,35.00,35.00,12.0000,
T0004604,1,CON-001,2,75.00,75.00,32.0000,
T0004604,2,FLO-004,1,38.00,38.00,15.0000,
T0004604,3,ACC-002,1,3.00,3.00,0.6000,
T0004605,1,EDI-002,1,22.00,19.80,7.0000,
T0004606,1,FLO-001,2,35.00,35.00,14.0000,
T0004606,2,EDI-003,2,20.00,20.00,6.5000,
T0004606,3,FLO-003,1,70.00,70.00,28.0000,
T0004607,1,PRE-001,1,10.00,8.00,3.2000,
T0004607,2,EDI-003,1,20.00,20.00,6.5000,
T0004607,3,VAP-002,1,40.00,32.00,14.0000,
T0004607,4,EDI-004,1,25.00,22.50,7.5000,
T0004608,1,VAP-002,1,40.00,36.00,14.0000,
T0004609,1,VAP-006,2,15.00,15.00,4.0000,
T0004609,2,FLO-007,1,32.00,32.00,13.0000,
T0004609,3,CON-002,1,45.00,45.00,18.0000,
T0004610,1,VAP-002,1,40.00,36.00,14.0000,
T0004611,1,PRE-005,1,6.00,6.00,1.8000,
T0004611,2,CON-001,2,75.00,75.00,32.0000,
T0004611,3,EDI-004,1,25.00,25.00,7.5000,
T0004612,1,EDI-002,1,22.00,22.00,7.0000,
T0004613,1,ACC-004,1,2.00,2.00,0.4000,
T0004614,1,PRE-002,2,10.00,8.00,3.4000,
T0004614,2,CON-002,1,45.00,36.00,18.0000,
T0004615,1,EDI-001,1,20.00,20.00,6.0000,
T0004615,2,FLO-001,1,35.00,31.50,14.0000,
T0004615,3,PRE-002,1,10.00,10.00,3.4000,
T0004615,4,PRE-003,1,18.00,16.20,6.0000,
T0004615,5,FLO-010,1,45.00,45.00,18.0000,
T0004616,1,FLO-001,2,35.00,35.00,14.0000,
T0004616,2,EDI-002,1,22.00,22.00,7.0000,
T0004617,1,VAP-005,1,28.00,28.00,9.0000,
T0004618,1,VAP-003,3,32.00,32.00,12.0000,
T0004619,1,PRE-005,2,6.00,5.40,1.8000,
T0004619,2,PRE-002,1,10.00,10.00,3.4000,
T0004619,3,FLO-005,2,38.00,38.00,15.5000,
T0004620,1,PRE-003,1,18.00,18.00,6.0000,
T0004620,2,VAP-005,1,28.00,28.00,9.0000,
T0004621,1,FLO-005,1,38.00,38.00,15.5000,
T0004621,2,PRE-004,1,35.00,35.00,12.0000,
T0004622,1,EDI-004,1,25.00,25.00,7.5000,
T0004622,2,PRE-003,1,18.00,18.00,6.0000,
T0004623,1,ACC-004,1,2.00,2.00,0.4000,
T0004624,1,EDI-005,1,14.00,11.20,4.0000,
T0004624,2,PRE-004,1,35.00,28.00,12.0000,
T0004625,1,ACC-002,1,3.00,3.00,0.6000,
T0004626,1,VAP-001,1,55.00,55.00,22.0000,
T0004627,1,EDI-003,2,20.00,20.00,6.5000,
T0004627,2,PRE-001,3,10.00,10.00,3.2000,
T0004628,1,VAP-003,1,32.00,32.00,12.0000,
T0004628,2,PRE-003,2,18.00,18.00,6.0000,
T0004629,1,EDI-001,1,20.00,20.00,6.0000,
T0004630,1,PRE-001,1,10.00,10.00,3.2000,
T0004630,2,PRE-005,1,6.00,6.00,1.8000,
T0004631,1,VAP-006,1,15.00,15.00,4.0000,
T0004631,2,PRE-005,1,6.00,6.00,1.8000,
T0004631,3,EDI-006,1,8.00,8.00,3.0000,
T0004632,1,CON-004,1,55.00,55.00,22.0000,
T0004632,2,FLO-001,1,35.00,35.00,14.0000,
T0004632,3,VAP-002,1,40.00,40.00,14.0000,
T0004633,1,FLO-002,1,40.00,40.00,16.0000,
T0004633,2,EDI-001,1,20.00,20.00,6.0000,
T0004633,3,EDI-006,2,8.00,8.00,3.0000,
T0004634,1,PRE-003,1,18.00,18.00,6.0000,
T0004634,2,FLO-005,1,38.00,38.00,15.5000,
T0004635,1,FLO-002,1,40.00,40.00,16.0000,
T0004635,2,VAP-003,1,32.00,32.00,12.0000,
T0004635,3,ACC-001,1,20.00,20.00,5.0000,
T0004635,4,VAP-005,1,28.00,28.00,9.0000,
T0004636,1,CON-001,1,75.00,75.00,32.0000,
T0004636,2,PRE-001,1,10.00,10.00,3.2000,
T0004637,1,FLO-005,1,38.00,38.00,15.5000,
T0004638,1,CON-002,2,45.00,45.00,18.0000,
T0004638,2,PRE-001,2,10.00,10.00,3.2000,
T0004639,1,EDI-006,1,8.00,8.00,3.0000,
T0004639,2,ACC-003,1,22.00,22.00,6.0000,
T0004639,3,FLO-005,1,38.00,38.00,15.5000,
T0004640,1,PRE-002,1,10.00,10.00,3.4000,
T0004640,2,FLO-001,1,35.00,35.00,14.0000,
T0004640,3,VAP-004,1,60.00,48.00,24.0000,
T0004641,1,VAP-004,1,60.00,60.00,24.0000,
T0004642,1,VAP-005,1,28.00,28.00,9.0000,
T0004642,2,CON-002,1,45.00,45.00,18.0000,
T0004642,3,FLO-007,1,32.00,32.00,13.0000,
T0004642,4,FLO-002,1,40.00,40.00,16.0000,
T0004642,5,FLO-003,2,70.00,70.00,28.0000,
T0004643,1,PRE-002,1,10.00,10.00,3.4000,
T0004643,2,ACC-004,2,2.00,1.80,0.4000,
T0004644,1,VAP-002,2,40.00,40.00,14.0000,
T0004644,2,FLO-003,1,70.00,70.00,28.0000,
T0004644,3,VAP-004,1,60.00,60.00,24.0000,
T0004645,1,VAP-001,3,55.00,55.00,22.0000,
T0004646,1,EDI-001,1,20.00,20.00,6.0000,
T0004646,2,PRE-001,1,10.00,10.00,3.2000,
T0004646,3,VAP-002,1,40.00,40.00,14.0000,
T0004647,1,EDI-005,1,14.00,14.00,4.0000,
T0004647,2,VAP-002,1,40.00,32.00,14.0000,
T0004647,3,FLO-004,2,38.00,38.00,15.0000,
T0004647,4,EDI-001,2,20.00,20.00,6.0000,
T0004648,1,ACC-004,1,2.00,2.00,0.4000,
T0004649,1,PRE-001,1,10.00,10.00,3.2000,
T0004649,2,VAP-004,1,60.00,60.00,24.0000,
T0004649,3,EDI-002,1,22.00,22.00,7.0000,
T0004649,4,FLO-008,1,32.00,32.00,13.5000,
T0004650,1,TOP-002,1,24.00,24.00,9.0000,
T0004650,2,ACC-002,1,3.00,3.00,0.6000,
T0004651,1,EDI-003,2,20.00,20.00,6.5000,
T0004651,2,PRE-001,1,10.00,10.00,3.2000,
T0004652,1,PRE-002,1,10.00,10.00,3.4000,
T0004652,2,PRE-005,3,6.00,6.00,1.8000,
T0004653,1,ACC-001,1,20.00,20.00,5.0000,
T0004653,2,PRE-002,1,10.00,10.00,3.4000,
T0004653,3,FLO-001,1,35.00,35.00,14.0000,
T0004653,4,ACC-004,2,2.00,2.00,0.4000,
T0004654,1,CON-003,1,30.00,30.00,12.0000,
T0004655,1,EDI-001,1,20.00,20.00,6.0000,
T0004655,2,FLO-009,1,210.00,210.00,95.0000,
T0004655,4,FLO-004,2,38.00,38.00,15.0000,
T0004656,1,CON-002,1,45.00,45.00,18.0000,
T0004657,1,VAP-001,1,55.00,55.00,22.0000,
T0004657,2,FLO-004,1,38.00,38.00,15.0000,
T0004657,3,VAP-005,1,28.00,28.00,9.0000,
T0004657,4,VAP-004,1,60.00,60.00,24.0000,
T0004658,1,PRE-002,1,10.00,10.00,3.4000,
T0004658,2,EDI-004,1,25.00,25.00,7.5000,
T0004659,1,VAP-006,1,15.00,15.00,4.0000,
T0004659,2,CON-003,1,30.00,30.00,12.0000,
T0004660,1,PRE-002,1,10.00,10.00,3.4000,
T0004660,2,TIN-002,1,45.00,45.00,16.0000,
T0004661,1,FLO-004,1,38.00,38.00,15.0000,
T0004661,2,VAP-002,1,40.00,40.00,14.0000,
T0004661,3,FLO-002,1,40.00,40.00,16.0000,
T0004661,4,VAP-003,1,32.00,32.00,12.0000,
T0004662,1,PRE-001,1,10.00,10.00,3.2000,
T0004662,2,VAP-006,2,15.00,12.00,4.0000,
T0004663,1,VAP-001,1,55.00,55.00,22.0000,
T0004663,2,FLO-005,1,38.00,38.00,15.5000,
T0004663,3,PRE-004,1,35.00,35.00,12.0000,
T0004663,4,ACC-002,1,3.00,3.00,0.6000,
T0004664,1,FLO-004,1,38.00,38.00,15.0000,
T0004665,1,ACC-004,1,2.00,2.00,0.4000,
T0004666,1,PRE-001,1,10.00,10.00,3.2000,
T0004667,1,EDI-001,1,20.00,20.00,6.0000,
T0004668,1,EDI-001,1,20.00,20.00,6.0000,
T0004669,1,PRE-002,1,10.00,10.00,3.4000,
T0004669,2,EDI-001,3,20.00,20.00,6.0000,
T0004670,1,FLO-001,2,35.00,35.00,14.0000,
T0004671,1,FLO-004,1,38.00,38.00,15.0000,
T0004672,1,VAP-002,1,40.00,40.00,14.0000,
T0004673,1,PRE-002,1,10.00,10.00,3.4000,
T0004674,1,FLO-007,1,32.00,32.00,13.0000,
T0004675,1,PRE-001,1,10.00,10.00,3.2000,
T0004676,1,PRE-003,1,18.00,18.00,6.0000,
T0004676,2,VAP-001,1,55.00,44.00,22.0000,
T0004677,1,FLO-003,2,70.00,70.00,28.0000,
T0004678,1,FLO-004,1,38.00,38.00,15.0000,
T0004678,2,EDI-001,1,20.00,20.00,6.0000,
T0004679,1,VAP-003,1,32.00,32.00,12.0000,
T0004679,2,PRE-005,3,6.00,6.00,1.8000,
T0004679,3,CON-001,1,75.00,75.00,32.0000,
T0004680,1,PRE-002,1,10.00,10.00,3.4000,
T0004680,2,PRE-005,1,6.00,6.00,1.8000,
T0004680,3,VAP-001,1,55.00,55.00,22.0000,
T0004681,1,CON-002,1,45.00,45.00,18.0000,
T0004682,1,PRE-005,1,6.00,6.00,1.8000,
T0004682,2,CON-003,1,30.00,30.00,12.0000,
T0004682,3,PRE-002,1,10.00,10.00,3.4000,
T0004683,1,FLO-005,1,38.00,38.00,15.5000,
T0004684,1,PRE-004,1,35.00,35.00,12.0000,
T0004685,1,FLO-001,2,35.00,35.00,14.0000,
T0004685,2,FLO-005,1,38.00,38.00,15.5000,
T0004686,1,ACC-004,1,2.00,2.00,0.4000,
T0004686,2,PRE-002,1,10.00,10.00,3.4000,
T0004686,3,FLO-007,1,32.00,28.80,13.0000,
T0004686,4,PRE-001,2,10.00,10.00,3.2000,
T0004687,1,ACC-002,1,3.00,3.00,0.6000,
T0004688,1,FLO-005,2,38.00,38.00,15.5000,
T0004688,2,PRE-001,3,10.00,10.00,3.2000,
T0004688,3,EDI-001,1,20.00,20.00,6.0000,
T0004689,1,CON-003,1,30.00,30.00,12.0000,
T0004689,2,PRE-003,1,18.00,18.00,6.0000,
T0004689,3,CON-002,1,45.00,45.00,18.0000,
T0004690,1,VAP-001,1,55.00,55.00,22.0000,
T0004691,1,TIN-002,2,45.00,45.00,16.0000,
T0004691,2,ACC-004,1,2.00,2.00,0.4000,
T0004691,3,FLO-004,1,38.00,34.20,15.0000,
T0004692,1,EDI-006,2,8.00,8.00,3.0000,
T0004692,2,PRE-001,2,10.00,10.00,3.2000,
T0004693,1,PRE-002,1,10.00,9.00,3.4000,
T0004693,2,PRE-005,1,6.00,6.00,1.8000,
T0004693,3,FLO-010,1,45.00,45.00,18.0000,
T0004693,4,PRE-001,1,10.00,10.00,3.2000,
T0004694,1,EDI-003,2,20.00,20.00,6.5000,
T0004694,2,ACC-004,1,2.00,2.00,0.4000,
T0004694,3,EDI-006,1,8.00,8.00,3.0000,
T0004694,4,VAP-002,1,40.00,36.00,14.0000,
T0004695,1,PRE-001,1,10.00,10.00,3.2000,
T0004695,2,ACC-002,1,3.00,3.00,0.6000,
T0004696,1,ACC-003,1,22.00,22.00,6.0000,
T0004697,1,FLO-002,1,40.00,40.00,16.0000,
T0004697,2,EDI-002,1,22.00,22.00,7.0000,
T0004697,3,FLO-005,1,38.00,38.00,15.5000,
T0004697,4,PRE-004,2,35.00,35.00,12.0000,
T0004698,1,PRE-003,1,18.00,18.00,6.0000,
T0004698,2,FLO-002,1,40.00,40.00,16.0000,
T0004699,1,FLO-008,1,32.00,32.00,13.5000,
T0004700,1,FLO-001,1,35.00,35.00,14.0000,
T0004700,2,PRE-001,1,10.00,10.00,3.2000,
T0004700,3,VAP-004,1,60.00,60.00,24.0000,
T0004700,4,FLO-008,1,32.00,25.60,13.5000,
T0004701,1,FLO-005,1,38.00,38.00,15.5000,
T0004702,1,ACC-001,1,20.00,20.00,5.0000,
T0004703,1,FLO-002,1,40.00,40.00,16.0000,
T0004703,2,PRE-002,1,10.00,10.00,3.4000,
T0004703,3,FLO-001,1,35.00,28.00,14.0000,
T0004703,4,FLO-004,1,38.00,38.00,15.0000,
T0004703,5,ACC-002,1,3.00,3.00,0.6000,
T0004704,1,FLO-005,1,38.00,38.00,15.5000,
T0004704,2,CON-002,1,45.00,45.00,18.0000,
T0004704,3,PRE-001,1,10.00,10.00,3.2000,
T0004704,4,EDI-004,1,25.00,25.00,7.5000,
T0004704,5,ACC-003,1,22.00,22.00,6.0000,
T0004705,1,EDI-006,2,8.00,8.00,3.0000,
T0004706,1,FLO-003,1,70.00,70.00,28.0000,
T0004707,1,ACC-004,1,2.00,2.00,0.4000,
T0004707,2,EDI-005,2,14.00,14.00,4.0000,
T0004707,3,ACC-002,1,3.00,3.00,0.6000,
T0004708,1,FLO-001,1,35.00,35.00,14.0000,
T0004709,1,FLO-010,2,45.00,45.00,18.0000,
T0004709,2,TIN-001,2,50.00,50.00,18.0000,
T0004710,1,PRE-002,1,10.00,10.00,3.4000,
T0004710,2,ACC-002,1,3.00,3.00,0.6000,
T0004711,1,PRE-002,1,10.00,10.00,3.4000,
T0004712,1,VAP-005,1,28.00,25.20,9.0000,
T0004712,2,PRE-003,1,18.00,18.00,6.0000,
T0004712,3,EDI-001,1,20.00,20.00,6.0000,
T0004713,1,FLO-004,1,38.00,38.00,15.0000,
T0004714,1,FLO-001,1,35.00,35.00,14.0000,
T0004714,2,VAP-003,1,32.00,32.00,12.0000,
T0004715,1,EDI-006,1,8.00,8.00,3.0000,
T0004716,1,PRE-005,1,6.00,6.00,1.8000,
T0004716,2,PRE-002,2,10.00,10.00,3.4000,
T0004717,1,VAP-002,1,40.00,40.00,14.0000,
T0004717,2,EDI-002,1,22.00,22.00,7.0000,
T0004718,1,FLO-007,1,32.00,32.00,13.0000,
T0004719,1,EDI-006,1,8.00,8.00,3.0000,
T0004720,1,EDI-007,1,18.00,18.00,6.0000,
T0004721,1,EDI-002,1,22.00,22.00,7.0000,
T0004721,2,PRE-001,1,10.00,10.00,3.2000,
T0004722,1,PRE-001,1,10.00,10.00,3.2000,
T0004722,2,PRE-005,2,6.00,6.00,1.8000,
T0004723,1,TIN-002,2,45.00,45.00,16.0000,
T0004723,2,VAP-002,1,40.00,40.00,14.0000,
T0004724,1,PRE-005,1,6.00,6.00,1.8000,
T0004724,2,VAP-004,1,60.00,60.00,24.0000,
T0004724,3,VAP-002,1,40.00,40.00,14.0000,
T0004724,4,PRE-001,2,10.00,10.00,3.2000,
T0004725,1,EDI-005,2,14.00,14.00,4.0000,
T0004726,1,EDI-003,1,20.00,20.00,6.5000,
T0004726,2,VAP-001,1,55.00,55.00,22.0000,
T0004727,1,ACC-002,2,3.00,3.00,0.6000,
T0004727,2,VAP-002,1,40.00,32.00,14.0000,
T0004728,1,PRE-002,2,10.00,10.00,3.4000,
T0004729,1,VAP-002,1,40.00,40.00,14.0000,
T0004730,1,PRE-002,1,10.00,10.00,3.4000,
T0004731,1,ACC-004,1,2.00,2.00,0.4000,
T0004732,1,PRE-001,1,10.00,10.00,3.2000,
T0004733,1,FLO-001,1,35.00,35.00,14.0000,
T0004733,2,FLO-004,1,38.00,38.00,15.0000,
T0004733,3,ACC-004,2,2.00,2.00,0.4000,
T0004733,4,PRE-004,2,35.00,35.00,12.0000,
T0004733,5,FLO-002,2,40.00,40.00,16.0000,
T0004734,1,VAP-001,2,55.00,55.00,22.0000,
T0004734,2,FLO-004,1,38.00,38.00,15.0000,
T0004735,1,ACC-004,1,2.00,2.00,0.4000,
T0004736,1,CON-004,1,55.00,55.00,22.0000,
T0004737,1,PRE-005,1,6.00,6.00,1.8000,
T0004737,2,ACC-002,1,3.00,3.00,0.6000,
T0004737,3,PRE-002,1,10.00,10.00,3.4000,
T0004737,4,FLO-008,1,32.00,32.00,13.5000,
T0004738,1,VAP-002,1,40.00,36.00,14.0000,
T0004739,1,EDI-006,3,8.00,8.00,3.0000,
T0004740,1,ACC-002,1,3.00,3.00,0.6000,
T0004741,1,FLO-004,1,38.00,38.00,15.0000,
T0004741,2,CON-001,3,75.00,75.00,32.0000,
T0004741,3,VAP-003,2,32.00,32.00,12.0000,
T0004742,1,ACC-002,1,3.00,3.00,0.6000,
T0004743,1,EDI-005,1,14.00,14.00,4.0000,
T0004744,1,CON-003,1,30.00,30.00,12.0000,
T0004745,1,VAP-002,1,40.00,40.00,14.0000,
T0004746,1,EDI-004,1,25.00,25.00,7.5000,
T0004746,2,PRE-002,1,10.00,10.00,3.4000,
T0004747,1,VAP-004,2,60.00,60.00,24.0000,
T0004748,1,FLO-010,1,45.00,45.00,18.0000,
T0004748,2,VAP-003,1,32.00,32.00,12.0000,
T0004748,3,VAP-005,1,28.00,28.00,9.0000,
T0004749,1,EDI-004,1,25.00,25.00,7.5000,
T0004749,2,FLO-002,1,40.00,40.00,16.0000,
T0004750,1,ACC-002,2,3.00,3.00,0.6000,
T0004750,2,PRE-005,1,6.00,6.00,1.8000,
T0004751,1,VAP-005,1,28.00,28.00,9.0000,
T0004751,2,EDI-001,1,20.00,20.00,6.0000,
T0004751,4,FLO-002,1,40.00,40.00,16.0000,
T0004752,1,PRE-004,1,35.00,35.00,12.0000,
T0004753,1,PRE-002,1,10.00,9.00,3.4000,
T0004754,1,PRE-005,1,6.00,6.00,1.8000,
T0004755,1,PRE-002,1,10.00,10.00,3.4000,
T0004755,2,VAP-003,1,32.00,32.00,12.0000,
T0004756,1,EDI-001,1,20.00,20.00,6.0000,
T0004757,1,ACC-004,1,2.00,2.00,0.4000,
T0004757,2,TIN-001,1,50.00,50.00,18.0000,
T0004757,3,PRE-001,1,10.00,10.00,3.2000,
T0004758,1,EDI-004,1,25.00,25.00,7.5000,
T0004759,1,PRE-003,1,18.00,18.00,6.0000,
T0004759,2,EDI-002,2,22.00,22.00,7.0000,
T0004760,1,VAP-005,1,28.00,28.00,9.0000,
T0004760,3,VAP-002,2,40.00,36.00,14.0000,
T0004760,4,FLO-007,2,32.00,32.00,13.0000,
T0004760,5,FLO-005,1,38.00,34.20,15.5000,
T0004761,1,EDI-002,1,22.00,22.00,7.0000,
T0004762,1,ACC-002,1,3.00,3.00,0.6000,
T0004762,2,VAP-005,1,28.00,28.00,9.0000,
T0004762,3,ACC-001,1,20.00,20.00,5.0000,
T0004763,1,PRE-001,1,10.00,10.00,3.2000,
T0004764,1,PRE-002,2,10.00,10.00,3.4000,
T0004764,2,PRE-005,2,6.00,6.00,1.8000,
T0004765,1,FLO-002,3,40.00,40.00,16.0000,
T0004766,1,PRE-005,1,6.00,6.00,1.8000,
T0004767,1,PRE-003,1,18.00,18.00,6.0000,
T0004768,1,ACC-004,1,2.00,2.00,0.4000,
T0004768,2,PRE-001,1,10.00,10.00,3.2000,
T0004768,3,PRE-005,1,6.00,6.00,1.8000,
T0004768,4,EDI-001,1,20.00,20.00,6.0000,
T0004769,1,PRE-005,1,6.00,4.80,1.8000,
T0004770,1,ACC-002,1,3.00,3.00,0.6000,
T0004771,1,PRE-003,1,18.00,18.00,6.0000,
T0004771,2,VAP-001,1,55.00,55.00,22.0000,
T0004771,3,ACC-004,1,2.00,2.00,0.4000,
T0004771,4,EDI-006,1,8.00,8.00,3.0000,
T0004771,5,PRE-005,1,6.00,6.00,1.8000,
T0004772,1,FLO-004,1,38.00,38.00,15.0000,
T0004772,2,PRE-005,2,6.00,6.00,1.8000,
T0004772,3,PRE-001,1,10.00,10.00,3.2000,
T0004773,1,FLO-004,1,38.00,38.00,15.0000,
T0004773,2,FLO-001,1,35.00,35.00,14.0000,
T0004773,3,EDI-006,1,8.00,8.00,3.0000,
T0004774,1,EDI-001,1,20.00,20.00,6.0000,
T0004774,2,FLO-007,1,32.00,32.00,13.0000,
T0004775,1,EDI-005,3,14.00,14.00,4.0000,
T0004776,1,VAP-001,1,55.00,44.00,22.0000,
T0004777,1,PRE-001,1,10.00,10.00,3.2000,
T0004777,3,FLO-005,1,38.00,38.00,15.5000,
T0004777,4,EDI-005,1,14.00,14.00,4.0000,
T0004778,1,PRE-001,1,10.00,10.00,3.2000,
T0004779,1,PRE-001,2,10.00,10.00,3.2000,
T0004780,1,EDI-004,1,25.00,20.00,7.5000,
T0004781,1,PRE-001,1,10.00,10.00,3.2000,
T0004781,2,VAP-005,1,28.00,28.00,9.0000,
T0004781,3,PRE-002,3,10.00,8.00,3.4000,
T0004782,1,EDI-006,1,8.00,8.00,3.0000,
T0004783,1,PRE-005,1,6.00,6.00,1.8000,
T0004784,1,VAP-003,1,32.00,32.00,12.0000,
T0004784,2,ACC-003,1,22.00,22.00,6.0000,
T0004784,3,FLO-002,1,40.00,40.00,16.0000,
T0004785,1,VAP-001,1,55.00,55.00,22.0000,
T0004785,2,PRE-001,1,10.00,10.00,3.2000,
T0004785,3,FLO-008,1,32.00,32.00,13.5000,
T0004786,1,TIN-001,1,50.00,50.00,18.0000,
T0004787,1,EDI-007,1,18.00,18.00,6.0000,
T0004787,2,FLO-008,1,32.00,32.00,13.5000,
T0004788,1,FLO-005,1,38.00,38.00,15.5000,
T0004788,2,PRE-001,1,10.00,9.00,3.2000,
T0004788,3,ACC-004,1,2.00,2.00,0.4000,
T0004789,1,VAP-006,2,15.00,15.00,4.0000,
T0004789,2,EDI-001,1,20.00,20.00,6.0000,
T0004789,3,CON-002,1,45.00,45.00,18.0000,
T0004789,4,CON-001,2,75.00,75.00,32.0000,
T0004790,1,PRE-005,2,6.00,6.00,1.8000,
T0004790,2,ACC-004,1,2.00,2.00,0.4000,
T0004790,3,FLO-001,1,35.00,31.50,14.0000,
T0004791,1,VAP-003,1,32.00,32.00,12.0000,
T0004792,1,EDI-001,1,20.00,20.00,6.0000,
T0004792,2,EDI-002,1,22.00,22.00,7.0000,
T0004793,1,EDI-003,1,20.00,20.00,6.5000,
T0004794,1,ACC-002,2,3.00,3.00,0.6000,
T0004794,2,PRE-001,1,10.00,10.00,3.2000,
T0004795,1,CON-004,1,55.00,55.00,22.0000,
T0004796,1,PRE-001,1,10.00,9.00,3.2000,
T0004797,1,EDI-001,1,20.00,20.00,6.0000,
T0004797,2,VAP-005,1,28.00,28.00,9.0000,
T0004798,1,VAP-003,2,32.00,32.00,12.0000,
T0004799,1,PRE-004,1,35.00,28.00,12.0000,
T0004799,2,FLO-003,1,70.00,56.00,28.0000,
T0004800,1,FLO-002,1,40.00,40.00,16.0000,
T0004800,2,PRE-005,1,6.00,6.00,1.8000,
T0004800,3,VAP-001,1,55.00,55.00,22.0000,
T0004801,1,FLO-005,2,38.00,38.00,15.5000,
T0004802,1,PRE-001,1,10.00,10.00,3.2000,
T0004802,2,PRE-005,1,6.00,6.00,1.8000,
T0004802,3,EDI-001,1,20.00,20.00,6.0000,
T0004803,1,ACC-001,1,20.00,20.00,5.0000,
T0004804,1,PRE-004,1,35.00,35.00,12.0000,
T0004804,2,EDI-002,1,22.00,22.00,7.0000,
T0004804,3,PRE-002,1,10.00,10.00,3.4000,
T0004804,4,ACC-004,2,2.00,2.00,0.4000,
T0004805,1,EDI-006,1,8.00,8.00,3.0000,
T0004805,2,FLO-001,1,35.00,35.00,14.0000,
T0004806,1,PRE-001,1,10.00,10.00,3.2000,
T0004807,1,EDI-004,1,25.00,25.00,7.5000,
T0004808,1,FLO-004,1,38.00,34.20,15.0000,
T0004808,2,ACC-004,2,2.00,2.00,0.4000,
T0004809,1,ACC-003,1,22.00,22.00,6.0000,
T0004809,2,FLO-010,2,45.00,45.00,18.0000,
T0004809,3,PRE-001,3,10.00,10.00,3.2000,
T0004810,1,CON-002,1,45.00,45.00,18.0000,
T0004810,2,PRE-002,1,10.00,10.00,3.4000,
T0004811,1,FLO-001,1,35.00,35.00,14.0000,
T0004811,2,PRE-002,1,10.00,10.00,3.4000,
T0004812,1,CON-003,2,30.00,30.00,12.0000,
T0004812,2,EDI-003,3,20.00,18.00,6.5000,
T0004813,1,EDI-002,1,22.00,22.00,7.0000,
T0004813,2,VAP-001,1,55.00,55.00,22.0000,
T0004814,1,PRE-002,1,10.00,10.00,3.4000,
T0004815,1,TOP-001,1,35.00,35.00,12.0000,
T0004815,2,FLO-004,1,38.00,38.00,15.0000,
T0004815,3,PRE-005,1,6.00,6.00,1.8000,
T0004815,4,PRE-002,1,10.00,10.00,3.4000,
T0004816,1,VAP-005,1,28.00,28.00,9.0000,
T0004816,2,EDI-002,1,22.00,22.00,7.0000,
T0004817,1,PRE-001,1,10.00,10.00,3.2000,
T0004817,2,VAP-002,1,40.00,40.00,14.0000,
T0004817,3,EDI-004,1,25.00,20.00,7.5000,
T0004817,4,VAP-004,1,60.00,60.00,24.0000,
T0004818,1,VAP-002,2,40.00,40.00,14.0000,
T0004819,1,VAP-001,1,55.00,44.00,22.0000,
T0004819,2,FLO-004,1,38.00,30.40,15.0000,
T0004819,3,ACC-004,1,2.00,2.00,0.4000,
T0004819,4,EDI-005,1,14.00,11.20,4.0000,
T0004820,1,FLO-005,1,38.00,30.40,15.5000,
T0004821,1,ACC-002,1,3.00,3.00,0.6000,
T0004822,1,FLO-004,1,38.00,38.00,15.0000,
T0004822,2,FLO-001,1,35.00,35.00,14.0000,
T0004823,1,PRE-005,1,6.00,6.00,1.8000,
T0004823,2,ACC-004,1,2.00,2.00,0.4000,
T0004823,3,FLO-002,1,40.00,40.00,16.0000,
T0004824,1,CON-001,2,75.00,75.00,32.0000,
T0004825,1,CON-002,1,45.00,45.00,18.0000,
T0004826,1,VAP-003,1,32.00,28.80,12.0000,
T0004827,1,PRE-003,1,18.00,18.00,6.0000,
T0004828,1,PRE-002,2,10.00,10.00,3.4000,
T0004828,2,FLO-002,1,40.00,40.00,16.0000,
T0004829,1,EDI-005,1,14.00,14.00,4.0000,
T0004829,2,VAP-002,1,40.00,40.00,14.0000,
T0004829,3,VAP-004,1,60.00,60.00,24.0000,
T0004830,1,CON-003,2,30.00,30.00,12.0000,
T0004830,2,PRE-002,1,10.00,10.00,3.4000,
T0004831,1,PRE-001,1,10.00,10.00,3.2000,
T0004831,2,VAP-003,1,32.00,32.00,12.0000,
T0004831,3,EDI-006,1,8.00,8.00,3.0000,
T0004831,4,CON-003,2,30.00,27.00,12.0000,
T0004832,1,CON-003,1,30.00,30.00,12.0000,
T0004833,1,FLO-004,2,38.00,38.00,15.0000,
T0004834,1,FLO-008,1,32.00,25.60,13.5000,
T0004834,2,PRE-003,1,18.00,14.40,6.0000,
T0004834,3,FLO-002,1,40.00,32.00,16.0000,
T0004834,4,ACC-004,1,2.00,1.60,0.4000,
T0004835,1,EDI-003,2,20.00,20.00,6.5000,
T0004835,2,ACC-004,1,2.00,2.00,0.4000,
T0004836,1,PRE-001,1,10.00,10.00,3.2000,
T0004837,1,ACC-004,1,2.00,2.00,0.4000,
T0004837,2,PRE-002,1,10.00,10.00,3.4000,
T0004838,1,VAP-006,1,15.00,13.50,4.0000,
T0004838,2,EDI-004,1,25.00,20.00,7.5000,
T0004839,1,PRE-001,1,10.00,10.00,3.2000,
T0004840,1,VAP-005,2,28.00,28.00,9.0000,
T0004841,1,EDI-006,1,8.00,8.00,3.0000,
T0004842,1,FLO-002,1,40.00,40.00,16.0000,
T0004842,2,ACC-004,1,2.00,2.00,0.4000,
T0004842,3,EDI-001,1,20.00,20.00,6.0000,
T0004843,1,EDI-006,1,8.00,8.00,3.0000,
T0004843,2,FLO-002,1,40.00,40.00,16.0000,
T0004844,1,TOP-002,1,24.00,24.00,9.0000,
T0004844,2,EDI-003,1,20.00,18.00,6.5000,
T0004844,3,EDI-004,2,25.00,25.00,7.5000,
T0004844,4,VAP-005,1,28.00,28.00,9.0000,
T0004845,1,PRE-002,1,10.00,10.00,3.4000,
T0004845,3,EDI-003,2,20.00,20.00,6.5000,
T0004846,1,ACC-004,1,2.00,1.80,0.4000,
T0004846,2,PRE-003,1,18.00,18.00,6.0000,
T0004847,1,FLO-004,1,38.00,38.00,15.0000,
T0004848,1,ACC-004,1,2.00,2.00,0.4000,
T0004848,2,FLO-002,1,40.00,40.00,16.0000,
T0004848,3,CON-002,1,45.00,45.00,18.0000,
T0004848,4,EDI-002,1,22.00,22.00,7.0000,
T0004848,5,PRE-005,1,6.00,6.00,1.8000,
T0004849,1,FLO-004,1,38.00,38.00,15.0000,
T0004850,1,EDI-002,1,22.00,22.00,7.0000,
T0004850,2,EDI-004,1,25.00,25.00,7.5000,
T0004851,1,VAP-002,3,40.00,40.00,14.0000,
T0004851,3,VAP-005,2,28.00,28.00,9.0000,
T0004852,1,TOP-001,1,35.00,35.00,12.0000,
T0004852,2,FLO-004,1,38.00,38.00,15.0000,
T0004852,3,FLO-001,1,35.00,35.00,14.0000,
T0004852,4,TIN-001,1,50.00,50.00,18.0000,
T0004853,1,FLO-004,1,38.00,38.00,15.0000,
T0004854,1,PRE-003,1,18.00,18.00,6.0000,
T0004854,2,ACC-001,1,20.00,20.00,5.0000,
T0004854,3,EDI-005,1,14.00,14.00,4.0000,
T0004855,1,TOP-001,1,35.00,35.00,12.0000,
T0004856,1,FLO-005,1,38.00,38.00,15.5000,
T0004856,2,FLO-007,1,32.00,32.00,13.0000,
T0004856,3,ACC-004,1,2.00,2.00,0.4000,
T0004857,1,VAP-005,1,28.00,28.00,9.0000,
T0004857,2,FLO-004,1,38.00,38.00,15.0000,
T0004858,1,FLO-006,2,120.00,108.00,52.0000,
T0004858,2,PRE-003,1,18.00,18.00,6.0000,
T0004859,1,PRE-005,1,6.00,6.00,1.8000,
T0004860,1,EDI-001,1,20.00,20.00,6.0000,
T0004861,1,FLO-001,1,35.00,35.00,14.0000,
T0004861,2,TIN-001,1,50.00,50.00,18.0000,
T0004861,3,PRE-005,3,6.00,6.00,1.8000,
T0004862,1,EDI-005,2,14.00,14.00,4.0000,
T0004863,1,FLO-001,2,35.00,35.00,14.0000,
T0004863,2,ACC-004,1,2.00,2.00,0.4000,
T0004864,1,FLO-010,1,45.00,45.00,18.0000,
T0004864,2,EDI-001,1,20.00,20.00,6.0000,
T0004865,1,FLO-001,1,35.00,35.00,14.0000,
T0004865,2,VAP-002,1,40.00,40.00,14.0000,
T0004866,1,ACC-004,1,2.00,2.00,0.4000,
T0004867,1,FLO-005,1,38.00,38.00,15.5000,
T0004867,2,TOP-001,2,35.00,28.00,12.0000,
T0004868,1,TIN-002,1,45.00,45.00,16.0000,
T0004868,2,ACC-002,1,3.00,3.00,0.6000,
T0004869,1,PRE-001,2,10.00,9.00,3.2000,
T0004869,2,FLO-010,1,45.00,45.00,18.0000,
T0004869,3,FLO-001,2,35.00,35.00,14.0000,
T0004870,1,FLO-005,1,38.00,38.00,15.5000,
T0004870,2,PRE-001,1,10.00,10.00,3.2000,
T0004871,1,FLO-003,2,70.00,70.00,28.0000,
T0004871,2,VAP-002,1,40.00,36.00,14.0000,
T0004872,1,FLO-007,1,32.00,32.00,13.0000,
T0004873,1,VAP-002,1,40.00,40.00,14.0000,
T0004874,1,PRE-005,2,6.00,6.00,1.8000,
T0004875,1,EDI-001,1,20.00,20.00,6.0000,
T0004875,2,ACC-005,1,12.00,12.00,2.5000,
T0004876,1,VAP-005,1,28.00,28.00,9.0000,
T0004876,2,PRE-002,1,10.00,10.00,3.4000,
T0004877,1,CON-003,1,30.00,24.00,12.0000,
T0004877,2,TOP-001,1,35.00,31.50,12.0000,
T0004877,3,PRE-005,1,6.00,4.80,1.8000,
T0004878,1,PRE-005,1,6.00,6.00,1.8000,
T0004879,1,VAP-003,2,32.00,32.00,12.0000,
T0004879,2,EDI-001,1,20.00,20.00,6.0000,
T0004879,3,CON-002,2,45.00,45.00,18.0000,
T0004880,1,PRE-001,1,10.00,10.00,3.2000,
T0004880,3,PRE-005,1,6.00,6.00,1.8000,
T0004880,4,PRE-004,1,35.00,35.00,12.0000,
T0004881,1,PRE-001,1,10.00,10.00,3.2000,
T0004882,1,EDI-004,1,25.00,25.00,7.5000,
T0004882,2,FLO-008,2,32.00,32.00,13.5000,
T0004883,1,PRE-002,1,10.00,10.00,3.4000,
T0004883,2,PRE-003,1,18.00,18.00,6.0000,
T0004884,1,VAP-001,2,55.00,55.00,22.0000,
T0004885,1,FLO-002,3,40.00,40.00,16.0000,
T0004886,1,PRE-003,1,18.00,16.20,6.0000,
T0004886,2,EDI-002,2,22.00,22.00,7.0000,
T0004886,3,PRE-001,1,10.00,10.00,3.2000,
T0004887,1,VAP-002,1,40.00,40.00,14.0000,
T0004887,2,FLO-001,1,35.00,35.00,14.0000,
T0004888,1,PRE-001,1,10.00,10.00,3.2000,
T0004888,2,FLO-001,1,35.00,35.00,14.0000,
T0004889,1,FLO-001,1,35.00,35.00,14.0000,
T0004890,1,PRE-005,1,6.00,6.00,1.8000,
T0004891,1,VAP-003,1,32.00,32.00,12.0000,
T0004892,1,VAP-002,1,40.00,40.00,14.0000,
T0004892,2,PRE-002,1,10.00,10.00,3.4000,
T0004893,1,VAP-003,1,32.00,32.00,12.0000,
T0004893,2,FLO-001,1,35.00,35.00,14.0000,
T0004893,3,EDI-004,1,25.00,25.00,7.5000,
T0004893,4,PRE-004,1,35.00,35.00,12.0000,
T0004894,1,FLO-007,1,32.00,32.00,13.0000,
T0004894,2,FLO-004,1,38.00,38.00,15.0000,
T0004894,3,ACC-004,1,2.00,1.60,0.4000,
T0004894,4,FLO-001,1,35.00,35.00,14.0000,
T0004895,1,FLO-002,1,40.00,40.00,16.0000,
T0004896,1,ACC-003,1,22.00,22.00,6.0000,
T0004896,2,FLO-007,1,32.00,32.00,13.0000,
T0004896,3,PRE-001,2,10.00,10.00,3.2000,
T0004896,4,FLO-005,1,38.00,38.00,15.5000,
T0004897,1,FLO-004,1,38.00,38.00,15.0000,
T0004897,2,EDI-006,1,8.00,8.00,3.0000,
T0004897,3,VAP-004,1,60.00,60.00,24.0000,
T0004898,1,PRE-002,1,10.00,10.00,3.4000,
T0004899,1,EDI-001,3,20.00,16.00,6.0000,
T0004899,2,PRE-001,1,10.00,8.00,3.2000,
T0004899,3,EDI-006,1,8.00,6.40,3.0000,
T0004900,1,EDI-001,3,20.00,20.00,6.0000,
T0004900,2,VAP-002,1,40.00,40.00,14.0000,
T0004901,1,ACC-004,1,2.00,2.00,0.4000,
T0004901,2,VAP-001,1,55.00,49.50,22.0000,
T0004901,3,FLO-004,1,38.00,38.00,15.0000,
T0004902,1,CON-001,2,75.00,75.00,32.0000,
T0004902,2,EDI-006,1,8.00,8.00,3.0000,
T0004902,3,VAP-001,1,55.00,55.00,22.0000,
T0004902,4,PRE-003,1,18.00,18.00,6.0000,
T0004903,1,EDI-003,2,20.00,20.00,6.5000,
T0004903,2,VAP-002,1,40.00,40.00,14.0000,
T0004903,3,ACC-002,1,3.00,3.00,0.6000,
T0004903,4,PRE-005,1,6.00,6.00,1.8000,
T0004903,5,EDI-002,1,22.00,22.00,7.0000,
T0004904,1,EDI-002,1,22.00,22.00,7.0000,
T0004905,1,PRE-003,1,18.00,18.00,6.0000,
T0004906,1,EDI-003,1,20.00,18.00,6.5000,
T0004907,1,EDI-003,2,20.00,20.00,6.5000,
T0004908,1,EDI-004,1,25.00,25.00,7.5000,
T0004908,2,PRE-001,2,10.00,10.00,3.2000,
T0004908,3,EDI-002,1,22.00,22.00,7.0000,
T0004909,1,PRE-001,1,10.00,10.00,3.2000,
T0004910,1,VAP-001,1,55.00,55.00,22.0000,
T0004911,1,ACC-005,1,12.00,12.00,2.5000,
T0004912,1,ACC-004,1,2.00,2.00,0.4000,
T0004912,2,VAP-001,2,55.00,55.00,22.0000,
T0004912,3,FLO-001,1,35.00,35.00,14.0000,
T0004913,1,PRE-003,1,18.00,18.00,6.0000,
T0004913,2,FLO-005,1,38.00,34.20,15.5000,
T0004913,3,FLO-002,1,40.00,40.00,16.0000,
T0004914,1,ACC-004,1,2.00,2.00,0.4000,
T0004915,1,PRE-005,2,6.00,6.00,1.8000,
T0004916,1,FLO-001,1,35.00,35.00,14.0000,
T0004916,2,FLO-004,1,38.00,38.00,15.0000,
T0004917,1,VAP-001,1,55.00,55.00,22.0000,
T0004917,2,FLO-005,2,38.00,38.00,15.5000,
T0004917,3,FLO-002,1,40.00,40.00,16.0000,
T0004918,1,FLO-002,2,40.00,32.00,16.0000,
T0004918,2,PRE-003,3,18.00,14.40,6.0000,
T0004919,1,FLO-002,1,40.00,36.00,16.0000,
T0004920,1,VAP-001,1,55.00,55.00,22.0000,
T0004920,2,PRE-002,1,10.00,10.00,3.4000,
T0004920,3,FLO-007,1,32.00,32.00,13.0000,
T0004921,1,VAP-002,1,40.00,40.00,14.0000,
T0004921,2,VAP-001,1,55.00,55.00,22.0000,
T0004922,1,EDI-006,1,8.00,8.00,3.0000,
T0004923,1,PRE-002,1,10.00,10.00,3.4000,
T0004923,2,PRE-001,1,10.00,10.00,3.2000,
T0004923,3,FLO-005,1,38.00,38.00,15.5000,
T0004923,4,CON-002,1,45.00,36.00,18.0000,
T0004924,1,PRE-001,1,10.00,10.00,3.2000,
T0004925,1,PRE-002,1,10.00,10.00,3.4000,
T0004925,2,ACC-002,1,3.00,3.00,0.6000,
T0004925,3,FLO-003,1,70.00,70.00,28.0000,
T0004926,1,FLO-002,1,40.00,40.00,16.0000,
T0004926,2,ACC-002,1,3.00,3.00,0.6000,
T0004927,1,TIN-001,2,50.00,50.00,18.0000,
T0004928,1,EDI-003,2,20.00,20.00,6.5000,
T0004929,1,VAP-002,2,40.00,40.00,14.0000,
T0004930,1,PRE-002,1,10.00,10.00,3.4000,
T0004930,2,FLO-005,1,38.00,38.00,15.5000,
T0004930,3,VAP-001,1,55.00,55.00,22.0000,
T0004930,4,PRE-001,1,10.00,10.00,3.2000,
T0004931,1,EDI-001,1,20.00,18.00,6.0000,
T0004932,1,VAP-003,1,32.00,25.60,12.0000,
T0004933,1,FLO-004,2,38.00,38.00,15.0000,
T0004933,2,EDI-001,3,20.00,20.00,6.0000,
T0004933,3,EDI-002,1,22.00,22.00,7.0000,
T0004934,1,FLO-001,1,35.00,35.00,14.0000,
T0004934,2,EDI-006,1,8.00,8.00,3.0000,
T0004935,1,PRE-003,1,18.00,18.00,6.0000,
T0004935,2,VAP-003,1,32.00,32.00,12.0000,
T0004935,3,EDI-003,1,20.00,20.00,6.5000,
T0004936,1,FLO-010,1,45.00,45.00,18.0000,
T0004937,1,EDI-004,1,25.00,25.00,7.5000,
T0004938,1,VAP-001,1,55.00,55.00,22.0000,
T0004939,1,EDI-006,1,8.00,8.00,3.0000,
T0004940,1,FLO-004,1,38.00,38.00,15.0000,
T0004941,1,FLO-003,1,70.00,70.00,28.0000,
T0004942,1,EDI-001,1,20.00,20.00,6.0000,
T0004943,1,FLO-004,1,38.00,30.40,15.0000,
T0004944,1,FLO-002,1,40.00,40.00,16.0000,
T0004944,2,PRE-001,2,10.00,10.00,3.2000,
T0004945,1,EDI-002,2,22.00,22.00,7.0000,
T0004946,1,EDI-001,1,20.00,20.00,6.0000,
T0004947,1,VAP-002,1,40.00,40.00,14.0000,
T0004948,1,FLO-006,1,120.00,120.00,52.0000,
T0004949,1,PRE-001,1,10.00,10.00,3.2000,
T0004950,1,CON-003,1,30.00,30.00,12.0000,
T0004950,2,VAP-002,1,40.00,40.00,14.0000,
T0004950,3,VAP-005,2,28.00,28.00,9.0000,
T0004951,1,PRE-004,1,35.00,35.00,12.0000,
T0004952,1,FLO-008,1,32.00,32.00,13.5000,
T0004952,2,PRE-001,1,10.00,10.00,3.2000,
T0004953,1,EDI-002,1,22.00,22.00,7.0000,
T0004953,2,EDI-007,2,18.00,18.00,6.0000,
T0004954,1,CON-003,1,30.00,27.00,12.0000,
T0004954,2,TOP-001,1,35.00,35.00,12.0000,
T0004955,1,PRE-003,1,18.00,18.00,6.0000,
T0004955,2,EDI-001,1,20.00,20.00,6.0000,
T0004956,1,PRE-002,1,10.00,10.00,3.4000,
T0004957,1,PRE-002,1,10.00,10.00,3.4000,
T0004957,2,VAP-002,2,40.00,40.00,14.0000,
T0004957,3,VAP-003,1,32.00,32.00,12.0000,
T0004957,4,FLO-007,2,32.00,32.00,13.0000,
T0004957,5,FLO-005,3,38.00,38.00,15.5000,
T0004958,1,EDI-002,1,22.00,22.00,7.0000,
T0004959,1,EDI-002,1,22.00,22.00,7.0000,
T0004959,2,FLO-001,3,35.00,35.00,14.0000,
T0004959,3,FLO-007,2,32.00,32.00,13.0000,
T0004960,1,VAP-005,1,28.00,28.00,9.0000,
T0004961,1,PRE-005,1,6.00,6.00,1.8000,
T0004961,2,FLO-006,1,120.00,120.00,52.0000,
T0004961,3,FLO-009,3,210.00,210.00,95.0000,
T0004962,1,PRE-003,1,18.00,18.00,6.0000,
T0004962,2,FLO-005,1,38.00,34.20,15.5000,
T0004962,3,FLO-007,1,32.00,32.00,13.0000,
T0004963,1,VAP-003,1,32.00,28.80,12.0000,
T0004964,1,FLO-004,2,38.00,34.20,15.0000,
T0004964,2,FLO-006,1,120.00,120.00,52.0000,
T0004965,1,VAP-002,1,40.00,36.00,14.0000,
T0004966,1,EDI-003,1,20.00,20.00,6.5000,
T0004967,1,FLO-008,2,32.00,32.00,13.5000,
T0004967,2,FLO-002,1,40.00,40.00,16.0000,
T0004968,1,PRE-001,1,10.00,10.00,3.2000,
T0004968,2,FLO-002,2,40.00,40.00,16.0000,
T0004968,3,FLO-001,2,35.00,35.00,14.0000,
T0004969,1,PRE-002,1,10.00,10.00,3.4000,
T0004970,1,TIN-002,2,45.00,45.00,16.0000,
T0004970,2,PRE-001,2,10.00,10.00,3.2000,
T0004971,1,EDI-006,1,8.00,7.20,3.0000,
T0004972,1,VAP-005,1,28.00,28.00,9.0000,
T0004972,2,FLO-005,1,38.00,34.20,15.5000,
T0004973,1,CON-003,3,30.00,30.00,12.0000,
T0004973,2,FLO-004,1,38.00,38.00,15.0000,
T0004974,1,PRE-004,2,35.00,35.00,12.0000,
T0004975,1,FLO-001,1,35.00,35.00,14.0000,
T0004975,2,VAP-001,3,55.00,55.00,22.0000,
T0004975,3,ACC-002,3,3.00,3.00,0.6000,
T0004975,4,ACC-003,2,22.00,19.80,6.0000,
T0004976,1,PRE-002,1,10.00,10.00,3.4000,
T0004977,1,ACC-004,2,2.00,2.00,0.4000,
T0004978,1,ACC-003,1,22.00,22.00,6.0000,
T0004979,1,EDI-006,1,8.00,8.00,3.0000,
T0004980,1,EDI-004,1,25.00,25.00,7.5000,
T0004981,1,PRE-001,1,10.00,10.00,3.2000,
T0004981,2,PRE-002,1,10.00,10.00,3.4000,
T0004982,1,FLO-005,1,38.00,38.00,15.5000,
T0004983,1,ACC-002,1,3.00,3.00,0.6000,
T0004984,1,FLO-002,1,40.00,40.00,16.0000,
T0004984,2,PRE-001,1,10.00,10.00,3.2000,
T0004985,1,FLO-003,1,70.00,70.00,28.0000,
T0004986,1,FLO-002,1,40.00,40.00,16.0000,
T0004987,1,ACC-004,1,2.00,2.00,0.4000,
T0004988,1,PRE-001,3,10.00,10.00,3.2000,
T0004988,2,FLO-001,1,35.00,35.00,14.0000,
T0004989,1,VAP-002,2,40.00,40.00,14.0000,
T0004990,1,EDI-001,2,20.00,20.00,6.0000,
T0004991,1,EDI-006,1,8.00,8.00,3.0000,
T0004991,2,ACC-002,1,3.00,2.70,0.6000,
T0004992,1,FLO-007,1,32.00,32.00,13.0000,
T0004993,1,TIN-001,1,50.00,50.00,18.0000,
T0004994,1,FLO-004,1,38.00,38.00,15.0000,
T0004995,1,FLO-005,1,38.00,38.00,15.5000,
T0004996,1,CON-004,1,55.00,55.00,22.0000,
T0004996,2,VAP-005,1,28.00,28.00,9.0000,
T0004997,1,PRE-002,1,10.00,10.00,3.4000,
T0004998,1,VAP-002,2,40.00,40.00,14.0000,
T0004998,2,PRE-001,1,10.00,10.00,3.2000,
T0004999,1,TIN-002,1,45.00,40.50,16.0000,
T0005000,1,PRE-001,2,10.00,10.00,3.2000,
T0005000,2,VAP-003,1,32.00,32.00,12.0000,
T0005001,1,EDI-004,1,25.00,25.00,7.5000,
T0005001,2,EDI-002,1,22.00,22.00,7.0000,
T0005002,1,ACC-002,2,3.00,3.00,0.6000,
T0005002,2,PRE-001,3,10.00,10.00,3.2000,
T0005002,4,FLO-007,1,32.00,32.00,13.0000,
T0005002,5,PRE-002,1,10.00,10.00,3.4000,
T0005003,1,EDI-006,1,8.00,8.00,3.0000,
T0005004,1,CON-004,1,55.00,55.00,22.0000,
T0005004,2,EDI-001,1,20.00,18.00,6.0000,
T0005005,1,VAP-005,1,28.00,28.00,9.0000,
T0005006,1,ACC-001,2,20.00,20.00,5.0000,
T0005006,2,CON-004,3,55.00,49.50,22.0000,
T0005006,3,FLO-005,1,38.00,34.20,15.5000,
T0005006,4,VAP-002,1,40.00,40.00,14.0000,
T0005007,1,VAP-001,1,55.00,55.00,22.0000,
T0005008,1,EDI-006,1,8.00,8.00,3.0000,
T0005009,1,PRE-004,1,35.00,35.00,12.0000,
T0005010,1,EDI-005,3,14.00,14.00,4.0000,
T0005010,2,VAP-004,1,60.00,60.00,24.0000,
T0005011,1,EDI-002,1,22.00,22.00,7.0000,
T0005012,1,CON-002,1,45.00,45.00,18.0000,
T0005012,2,PRE-003,2,18.00,18.00,6.0000,
T0005013,1,EDI-004,3,25.00,25.00,7.5000,
T0005014,1,PRE-002,1,10.00,10.00,3.4000,
T0005014,2,FLO-007,1,32.00,32.00,13.0000,
T0005015,1,VAP-003,1,32.00,32.00,12.0000,
T0005016,1,PRE-003,2,18.00,18.00,6.0000,
T0005016,2,FLO-002,1,40.00,40.00,16.0000,
T0005017,1,PRE-002,1,10.00,10.00,3.4000,
T0005018,1,PRE-002,1,10.00,10.00,3.4000,
T0005018,2,EDI-005,2,14.00,14.00,4.0000,
T0005018,3,FLO-008,1,32.00,32.00,13.5000,
T0005019,1,PRE-005,2,6.00,6.00,1.8000,
T0005019,2,PRE-003,2,18.00,18.00,6.0000,
T0005020,1,VAP-005,1,28.00,28.00,9.0000,
T0005020,2,FLO-008,1,32.00,32.00,13.5000,
T0005021,1,EDI-006,1,8.00,8.00,3.0000,
T0005022,1,FLO-010,2,45.00,45.00,18.0000,
T0005022,2,PRE-004,1,35.00,28.00,12.0000,
T0005022,3,ACC-002,2,3.00,2.40,0.6000,
T0005022,4,FLO-009,2,210.00,210.00,95.0000,
T0005023,1,PRE-001,2,10.00,10.00,3.2000,
T0005023,2,PRE-004,1,35.00,35.00,12.0000,
T0005024,1,PRE-001,3,10.00,10.00,3.2000,
T0005024,2,EDI-007,1,18.00,18.00,6.0000,
T0005025,1,EDI-004,1,25.00,25.00,7.5000,
T0005026,1,VAP-003,1,32.00,32.00,12.0000,
T0005026,2,EDI-005,2,14.00,14.00,4.0000,
T0005026,3,VAP-002,1,40.00,40.00,14.0000,
T0005027,1,ACC-002,1,3.00,3.00,0.6000,
T0005027,2,FLO-008,1,32.00,32.00,13.5000,
T0005028,1,ACC-002,1,3.00,3.00,0.6000,
T0005028,2,VAP-004,1,60.00,60.00,24.0000,
T0005028,3,FLO-003,1,70.00,70.00,28.0000,
T0005028,4,EDI-003,1,20.00,20.00,6.5000,
T0005029,1,PRE-001,1,10.00,10.00,3.2000,
T0005030,1,TIN-002,1,45.00,45.00,16.0000,
T0005031,1,PRE-003,1,18.00,18.00,6.0000,
T0005032,1,EDI-005,3,14.00,14.00,4.0000,
T0005033,1,PRE-001,1,10.00,10.00,3.2000,
T0005034,1,PRE-001,1,10.00,10.00,3.2000,
T0005034,2,ACC-004,1,2.00,2.00,0.4000,
T0005034,3,CON-004,1,55.00,55.00,22.0000,
T0005035,1,PRE-005,2,6.00,6.00,1.8000,
T0005036,1,VAP-005,1,28.00,28.00,9.0000,
T0005037,1,FLO-005,1,38.00,30.40,15.5000,
T0005037,2,FLO-008,1,32.00,25.60,13.5000,
T0005037,3,EDI-001,1,20.00,20.00,6.0000,
T0005038,1,EDI-003,1,20.00,20.00,6.5000,
T0005039,1,EDI-001,1,20.00,20.00,6.0000,
T0005040,1,ACC-004,1,2.00,2.00,0.4000,
T0005040,2,EDI-001,1,20.00,16.00,6.0000,
T0005040,3,FLO-008,2,32.00,32.00,13.5000,
T0005040,4,EDI-002,1,22.00,17.60,7.0000,
T0005041,1,ACC-004,1,2.00,2.00,0.4000,
T0005042,1,FLO-001,1,35.00,35.00,14.0000,
T0005043,1,TIN-001,1,50.00,50.00,18.0000,
T0005043,2,ACC-004,1,2.00,1.80,0.4000,
T0005043,3,PRE-001,1,10.00,10.00,3.2000,
T0005044,1,CON-001,1,75.00,75.00,32.0000,
T0005045,1,FLO-001,1,35.00,35.00,14.0000,
T0005046,1,FLO-002,2,40.00,32.00,16.0000,
T0005047,1,EDI-003,1,20.00,20.00,6.5000,
T0005048,1,VAP-001,1,55.00,55.00,22.0000,
T0005049,1,PRE-005,1,6.00,6.00,1.8000,
T0005049,2,ACC-001,1,20.00,20.00,5.0000,
T0005049,3,VAP-001,1,55.00,55.00,22.0000,
T0005050,1,PRE-005,1,6.00,5.40,1.8000,
T0005051,1,EDI-005,1,14.00,12.60,4.0000,
T0005051,2,PRE-001,1,10.00,10.00,3.2000,
T0005051,3,EDI-007,1,18.00,18.00,6.0000,
T0005052,1,VAP-004,2,60.00,48.00,24.0000,
T0005052,2,VAP-002,3,40.00,40.00,14.0000,
T0005053,1,EDI-002,1,22.00,22.00,7.0000,
T0005053,2,ACC-004,1,2.00,2.00,0.4000,
T0005054,1,VAP-003,1,32.00,32.00,12.0000,
T0005055,1,EDI-004,1,25.00,25.00,7.5000,
T0005056,1,EDI-006,2,8.00,8.00,3.0000,
T0005057,1,EDI-002,1,22.00,22.00,7.0000,
T0005057,2,FLO-001,1,35.00,35.00,14.0000,
T0005058,1,VAP-002,1,40.00,36.00,14.0000,
T0005059,1,VAP-003,1,32.00,32.00,12.0000,
T0005060,1,VAP-003,1,32.00,32.00,12.0000,
T0005060,2,PRE-005,2,6.00,5.40,1.8000,
T0005060,3,CON-004,1,55.00,55.00,22.0000,
T0005061,1,ACC-004,1,2.00,2.00,0.4000,
T0005062,1,VAP-002,1,40.00,32.00,14.0000,
T0005063,1,EDI-002,1,22.00,22.00,7.0000,
T0005063,2,PRE-002,2,10.00,10.00,3.4000,
T0005063,3,VAP-002,1,40.00,40.00,14.0000,
T0005064,1,PRE-001,3,10.00,10.00,3.2000,
T0005064,2,ACC-004,1,2.00,2.00,0.4000,
T0005065,1,FLO-001,2,35.00,35.00,14.0000,
T0005066,1,PRE-002,1,10.00,9.00,3.4000,
T0005066,2,FLO-001,1,35.00,35.00,14.0000,
T0005067,1,FLO-008,1,32.00,32.00,13.5000,
T0005067,2,ACC-004,1,2.00,2.00,0.4000,
T0005067,3,FLO-004,2,38.00,34.20,15.0000,
T0005067,4,CON-002,1,45.00,45.00,18.0000,
T0005068,1,FLO-006,1,120.00,120.00,52.0000,
T0005068,2,FLO-008,3,32.00,32.00,13.5000,
T0005068,3,ACC-004,1,2.00,2.00,0.4000,
T0005069,1,VAP-002,1,40.00,40.00,14.0000,
T0005069,2,FLO-007,3,32.00,32.00,13.0000,
T0005069,3,FLO-006,1,120.00,120.00,52.0000,
T0005070,1,FLO-005,1,38.00,38.00,15.5000,
T0005070,2,EDI-005,1,14.00,14.00,4.0000,
T0005071,1,FLO-008,1,32.00,32.00,13.5000,
T0005071,2,TOP-002,2,24.00,24.00,9.0000,
T0005071,3,EDI-005,1,14.00,14.00,4.0000,
T0005072,1,VAP-002,1,40.00,40.00,14.0000,
T0005072,2,PRE-001,1,10.00,10.00,3.2000,
T0005073,1,ACC-004,1,2.00,2.00,0.4000,
T0005073,2,CON-003,1,30.00,30.00,12.0000,
T0005074,1,FLO-003,1,70.00,70.00,28.0000,
T0005074,2,FLO-004,1,38.00,38.00,15.0000,
T0005075,1,TOP-001,1,35.00,31.50,12.0000,
T0005075,2,FLO-002,1,40.00,40.00,16.0000,
T0005075,3,VAP-002,1,40.00,40.00,14.0000,
T0005076,1,PRE-004,1,35.00,35.00,12.0000,
T0005076,2,FLO-005,1,38.00,38.00,15.5000,
T0005077,1,FLO-007,1,32.00,32.00,13.0000,
T0005077,2,VAP-005,1,28.00,22.40,9.0000,
T0005078,1,PRE-002,1,10.00,10.00,3.4000,
T0005079,1,FLO-010,1,45.00,45.00,18.0000,
T0005080,1,VAP-003,1,32.00,32.00,12.0000,
T0005080,2,PRE-004,1,35.00,35.00,12.0000,
T0005081,1,VAP-003,1,32.00,25.60,12.0000,
T0005082,1,FLO-005,1,38.00,38.00,15.5000,
T0005083,1,CON-002,1,45.00,45.00,18.0000,
T0005084,1,VAP-005,2,28.00,28.00,9.0000,
T0005085,1,ACC-004,1,2.00,2.00,0.4000,
T0005086,1,PRE-002,2,10.00,10.00,3.4000,
T0005086,2,VAP-003,1,32.00,25.60,12.0000,
T0005087,1,EDI-001,1,20.00,20.00,6.0000,
T0005087,2,ACC-004,1,2.00,2.00,0.4000,
T0005087,3,FLO-002,1,40.00,40.00,16.0000,
T0005087,4,FLO-004,1,38.00,34.20,15.0000,
T0005087,5,EDI-006,1,8.00,8.00,3.0000,
T0005088,1,VAP-003,1,32.00,28.80,12.0000,
T0005088,2,CON-002,1,45.00,45.00,18.0000,
T0005089,1,FLO-003,1,70.00,70.00,28.0000,
T0005089,2,EDI-004,1,25.00,25.00,7.5000,
T0005089,4,ACC-004,1,2.00,2.00,0.4000,
T0005090,1,EDI-001,1,20.00,20.00,6.0000,
T0005091,1,EDI-003,1,20.00,20.00,6.5000,
T0005091,2,FLO-005,1,38.00,38.00,15.5000,
T0005092,1,EDI-006,1,8.00,8.00,3.0000,
T0005092,2,FLO-002,1,40.00,40.00,16.0000,
T0005092,3,VAP-002,1,40.00,40.00,14.0000,
T0005093,1,PRE-005,3,6.00,5.40,1.8000,
T0005093,2,FLO-008,1,32.00,32.00,13.5000,
T0005094,1,ACC-002,1,3.00,3.00,0.6000,
T0005094,2,TOP-002,2,24.00,24.00,9.0000,
T0005094,3,VAP-002,2,40.00,40.00,14.0000,
T0005095,1,EDI-006,1,8.00,7.20,3.0000,
T0005095,2,PRE-005,2,6.00,6.00,1.8000,
T0005095,3,FLO-001,3,35.00,35.00,14.0000,
T0005095,4,ACC-002,1,3.00,3.00,0.6000,
T0005096,1,PRE-003,1,18.00,18.00,6.0000,
T0005097,1,FLO-004,1,38.00,38.00,15.0000,
T0005097,2,PRE-005,1,6.00,6.00,1.8000,
T0005097,3,CON-003,1,30.00,30.00,12.0000,
T0005097,4,EDI-005,1,14.00,14.00,4.0000,
T0005097,5,PRE-003,1,18.00,18.00,6.0000,
T0005098,1,FLO-001,1,35.00,35.00,14.0000,
T0005098,2,PRE-002,1,10.00,10.00,3.4000,
T0005099,1,VAP-002,1,40.00,40.00,14.0000,
T0005100,1,PRE-003,1,18.00,18.00,6.0000,
T0005101,1,ACC-002,1,3.00,3.00,0.6000,
T0005101,2,FLO-010,2,45.00,40.50,18.0000,
T0005102,1,FLO-005,1,38.00,30.40,15.5000,
T0005102,2,VAP-001,2,55.00,55.00,22.0000,
T0005103,1,ACC-002,2,3.00,3.00,0.6000,
T0005103,2,CON-003,1,30.00,30.00,12.0000,
T0005103,3,VAP-002,1,40.00,40.00,14.0000,
T0005104,1,PRE-001,1,10.00,10.00,3.2000,
T0005104,2,VAP-003,1,32.00,32.00,12.0000,
T0005105,1,FLO-002,1,40.00,40.00,16.0000,
T0005105,2,VAP-002,1,40.00,36.00,14.0000,
T0005106,1,FLO-002,1,40.00,40.00,16.0000,
T0005107,1,EDI-001,1,20.00,20.00,6.0000,
T0005107,2,FLO-007,1,32.00,32.00,13.0000,
T0005108,1,PRE-003,1,18.00,18.00,6.0000,
T0005108,2,CON-002,1,45.00,45.00,18.0000,
T0005108,3,VAP-002,1,40.00,40.00,14.0000,
T0005109,1,PRE-001,1,10.00,10.00,3.2000,
T0005109,2,FLO-005,1,38.00,38.00,15.5000,
T0005109,3,TOP-002,1,24.00,24.00,9.0000,
T0005110,1,VAP-002,2,40.00,40.00,14.0000,
T0005111,1,FLO-005,1,38.00,38.00,15.5000,
T0005111,2,PRE-003,2,18.00,18.00,6.0000,
T0005111,3,PRE-002,1,10.00,10.00,3.4000,
T0005112,1,VAP-002,1,40.00,40.00,14.0000,
T0005113,1,PRE-003,2,18.00,16.20,6.0000,
T0005113,2,EDI-006,1,8.00,8.00,3.0000,
T0005113,3,FLO-001,1,35.00,35.00,14.0000,
T0005113,4,PRE-001,1,10.00,10.00,3.2000,
T0005114,1,ACC-004,1,2.00,2.00,0.4000,
T0005114,2,EDI-001,1,20.00,20.00,6.0000,
T0005115,1,PRE-005,1,6.00,6.00,1.8000,
T0005116,1,PRE-002,1,10.00,10.00,3.4000,
T0005117,1,FLO-003,1,70.00,70.00,28.0000,
T0005117,2,EDI-003,1,20.00,20.00,6.5000,
T0005117,3,FLO-002,2,40.00,40.00,16.0000,
T0005118,1,VAP-002,1,40.00,40.00,14.0000,
T0005119,1,PRE-001,1,10.00,10.00,3.2000,
T0005120,1,VAP-006,1,15.00,13.50,4.0000,
T0005121,1,VAP-005,2,28.00,22.40,9.0000,
T0005122,1,PRE-001,3,10.00,10.00,3.2000,
T0005123,1,ACC-004,3,2.00,2.00,0.4000,
T0005124,1,EDI-002,1,22.00,22.00,7.0000,
T0005125,1,TOP-002,1,24.00,24.00,9.0000,
T0005125,2,EDI-006,2,8.00,8.00,3.0000,
T0005126,1,FLO-005,2,38.00,38.00,15.5000,
T0005127,1,PRE-002,1,10.00,9.00,3.4000,
T0005128,1,EDI-004,1,25.00,25.00,7.5000,
T0005129,1,EDI-004,1,25.00,25.00,7.5000,
T0005130,1,FLO-001,2,35.00,35.00,14.0000,
T0005130,2,VAP-001,1,55.00,55.00,22.0000,
T0005130,3,VAP-003,1,32.00,28.80,12.0000,
T0005130,4,VAP-006,1,15.00,15.00,4.0000,
T0005131,1,EDI-002,1,22.00,22.00,7.0000,
T0005132,1,FLO-006,1,120.00,120.00,52.0000,
T0005132,2,ACC-002,1,3.00,3.00,0.6000,
T0005133,1,VAP-004,2,60.00,60.00,24.0000,
T0005133,2,VAP-003,1,32.00,28.80,12.0000,
T0005133,3,PRE-002,1,10.00,10.00,3.4000,
T0005134,1,PRE-005,1,6.00,5.40,1.8000,
T0005134,2,FLO-001,1,35.00,35.00,14.0000,
T0005134,3,VAP-003,2,32.00,32.00,12.0000,
T0005134,4,TIN-001,1,50.00,50.00,18.0000,
T0005135,1,FLO-008,2,32.00,32.00,13.5000,
T0005136,1,PRE-002,2,10.00,10.00,3.4000,
T0005136,2,FLO-004,1,38.00,38.00,15.0000,
T0005137,1,FLO-008,1,32.00,32.00,13.5000,
T0005137,2,VAP-005,1,28.00,25.20,9.0000,
T0005138,1,CON-001,1,75.00,75.00,32.0000,
T0005138,2,EDI-004,2,25.00,25.00,7.5000,
T0005139,1,ACC-002,2,3.00,3.00,0.6000,
T0005139,2,TIN-001,1,50.00,50.00,18.0000,
T0005139,3,EDI-001,1,20.00,18.00,6.0000,
T0005140,1,EDI-004,1,25.00,25.00,7.5000,
T0005141,1,EDI-001,2,20.00,20.00,6.0000,
T0005141,2,FLO-001,2,35.00,31.50,14.0000,
T0005141,3,EDI-005,1,14.00,14.00,4.0000,
T0005142,1,EDI-006,1,8.00,8.00,3.0000,
T0005142,2,CON-001,1,75.00,75.00,32.0000,
T0005142,3,PRE-004,1,35.00,35.00,12.0000,
T0005143,1,FLO-005,1,38.00,34.20,15.5000,
T0005144,1,FLO-003,1,70.00,70.00,28.0000,
T0005145,1,ACC-004,1,2.00,2.00,0.4000,
T0005146,1,EDI-003,1,20.00,20.00,6.5000,
T0005147,1,EDI-002,1,22.00,19.80,7.0000,
T0005148,1,EDI-001,1,20.00,20.00,6.0000,
T0005149,1,PRE-004,2,35.00,35.00,12.0000,
T0005149,2,EDI-003,1,20.00,20.00,6.5000,
T0005149,3,FLO-003,2,70.00,70.00,28.0000,
T0005150,1,PRE-002,1,10.00,10.00,3.4000,
T0005151,1,FLO-007,1,32.00,32.00,13.0000,
T0005152,1,PRE-002,1,10.00,8.00,3.4000,
T0005152,2,CON-003,1,30.00,30.00,12.0000,
T0005153,1,CON-002,1,45.00,45.00,18.0000,
T0005154,1,VAP-003,1,32.00,32.00,12.0000,
T0005155,1,PRE-001,1,10.00,10.00,3.2000,
T0005156,1,PRE-004,1,35.00,35.00,12.0000,
T0005157,1,FLO-001,1,35.00,35.00,14.0000,
T0005158,1,EDI-001,1,20.00,20.00,6.0000,
T0005159,1,VAP-002,1,40.00,40.00,14.0000,
T0005160,1,FLO-002,1,40.00,40.00,16.0000,
T0005160,2,PRE-005,1,6.00,6.00,1.8000,
T0005160,3,EDI-001,1,20.00,20.00,6.0000,
T0005161,1,FLO-004,2,38.00,38.00,15.0000,
T0005162,1,ACC-004,1,2.00,2.00,0.4000,
T0005162,2,FLO-004,1,38.00,38.00,15.0000,
T0005163,1,CON-003,1,30.00,30.00,12.0000,
T0005164,1,ACC-002,1,3.00,3.00,0.6000,
T0005164,2,EDI-004,1,25.00,22.50,7.5000,
T0005165,1,EDI-001,2,20.00,20.00,6.0000,
T0005166,1,ACC-004,1,2.00,2.00,0.4000,
T0005167,1,FLO-005,1,38.00,38.00,15.5000,
T0005167,2,FLO-001,1,35.00,35.00,14.0000,
T0005167,3,PRE-001,1,10.00,10.00,3.2000,
T0005168,1,PRE-005,1,6.00,4.80,1.8000,
T0005168,2,FLO-002,1,40.00,40.00,16.0000,
T0005169,1,PRE-004,2,35.00,35.00,12.0000,
T0005170,1,EDI-001,3,20.00,20.00,6.0000,
T0005171,1,ACC-004,1,2.00,2.00,0.4000,
T0005171,2,VAP-001,1,55.00,55.00,22.0000,
T0005171,3,VAP-005,2,28.00,25.20,9.0000,
T0005171,4,PRE-002,1,10.00,10.00,3.4000,
T0005171,5,ACC-002,1,3.00,3.00,0.6000,
T0005172,1,ACC-002,1,3.00,2.70,0.6000,
T0005172,2,EDI-007,1,18.00,18.00,6.0000,
T0005172,3,TIN-002,1,45.00,45.00,16.0000,
T0005173,1,FLO-003,1,70.00,70.00,28.0000,
T0005174,1,PRE-002,3,10.00,10.00,3.4000,
T0005174,2,FLO-001,1,35.00,35.00,14.0000,
T0005175,1,FLO-005,1,38.00,38.00,15.5000,
T0005175,2,PRE-002,3,10.00,10.00,3.4000,
T0005176,1,VAP-005,1,28.00,28.00,9.0000,
T0005176,2,VAP-002,1,40.00,40.00,14.0000,
T0005176,3,FLO-004,2,38.00,38.00,15.0000,
T0005176,4,PRE-004,1,35.00,35.00,12.0000,
T0005176,5,EDI-001,1,20.00,18.00,6.0000,
T0005177,1,VAP-002,1,40.00,40.00,14.0000,
T0005177,2,VAP-004,1,60.00,60.00,24.0000,
T0005178,1,FLO-003,2,70.00,70.00,28.0000,
T0005178,2,PRE-002,1,10.00,10.00,3.4000,
T0005179,1,VAP-003,1,32.00,32.00,12.0000,
T0005180,1,PRE-001,2,10.00,10.00,3.2000,
T0005180,2,VAP-001,1,55.00,55.00,22.0000,
T0005180,3,CON-004,1,55.00,55.00,22.0000,
T0005181,1,PRE-005,1,6.00,6.00,1.8000,
T0005182,1,FLO-002,1,40.00,32.00,16.0000,
T0005183,1,FLO-002,1,40.00,40.00,16.0000,
T0005184,1,PRE-001,1,10.00,10.00,3.2000,
T0005184,2,VAP-005,1,28.00,25.20,9.0000,
T0005185,1,PRE-003,2,18.00,18.00,6.0000,
T0005185,2,CON-002,1,45.00,45.00,18.0000,
T0005186,1,ACC-005,1,12.00,12.00,2.5000,
T0005186,2,ACC-002,1,3.00,3.00,0.6000,
T0005186,3,FLO-002,1,40.00,40.00,16.0000,
T0005186,4,EDI-005,1,14.00,14.00,4.0000,
T0005187,1,TOP-001,1,35.00,31.50,12.0000,
T0005188,1,EDI-001,1,20.00,20.00,6.0000,
T0005188,2,EDI-004,1,25.00,25.00,7.5000,
T0005189,1,FLO-004,1,38.00,38.00,15.0000,
T0005190,1,EDI-005,1,14.00,14.00,4.0000,
T0005191,1,EDI-007,1,18.00,18.00,6.0000,
T0005191,2,PRE-001,1,10.00,10.00,3.2000,
T0005192,1,PRE-003,2,18.00,18.00,6.0000,
T0005192,2,VAP-002,1,40.00,40.00,14.0000,
T0005192,3,PRE-001,1,10.00,10.00,3.2000,
T0005192,4,EDI-003,3,20.00,20.00,6.5000,
T0005193,1,VAP-001,1,55.00,55.00,22.0000,
T0005193,2,FLO-010,1,45.00,36.00,18.0000,
T0005193,3,FLO-003,1,70.00,70.00,28.0000,
T0005193,4,VAP-003,1,32.00,25.60,12.0000,
T0005194,1,EDI-002,1,22.00,22.00,7.0000,
T0005194,2,PRE-003,1,18.00,18.00,6.0000,
T0005194,3,PRE-002,1,10.00,10.00,3.4000,
T0005195,1,EDI-006,1,8.00,8.00,3.0000,
T0005196,1,EDI-006,1,8.00,8.00,3.0000,
T0005197,1,EDI-006,1,8.00,8.00,3.0000,
T0005197,2,EDI-003,1,20.00,20.00,6.5000,
T0005198,1,FLO-004,1,38.00,38.00,15.0000,
T0005198,2,VAP-001,1,55.00,55.00,22.0000,
T0005198,3,PRE-005,1,6.00,6.00,1.8000,
T0005199,1,FLO-007,1,32.00,32.00,13.0000,
T0005200,1,ACC-001,1,20.00,20.00,5.0000,
T0005200,2,VAP-003,1,32.00,32.00,12.0000,
T0005201,1,CON-002,2,45.00,45.00,18.0000,
T0005202,1,FLO-001,1,35.00,35.00,14.0000,
T0005203,1,EDI-002,1,22.00,22.00,7.0000,
T0005203,2,VAP-005,1,28.00,28.00,9.0000,
T0005203,3,PRE-004,2,35.00,35.00,12.0000,
T0005204,1,PRE-003,1,18.00,18.00,6.0000,
T0005204,2,PRE-001,2,10.00,10.00,3.2000,
T0005204,3,VAP-002,2,40.00,40.00,14.0000,
T0005205,1,VAP-006,2,15.00,15.00,4.0000,
T0005205,2,ACC-004,1,2.00,2.00,0.4000,
T0005205,3,PRE-002,1,10.00,10.00,3.4000,
T0005206,1,CON-002,1,45.00,45.00,18.0000,
T0005207,1,PRE-002,3,10.00,10.00,3.4000,
T0005207,2,CON-003,1,30.00,30.00,12.0000,
T0005207,3,ACC-004,3,2.00,2.00,0.4000,
T0005208,1,PRE-001,1,10.00,10.00,3.2000,
T0005208,2,VAP-003,1,32.00,32.00,12.0000,
T0005209,1,VAP-003,1,32.00,32.00,12.0000,
T0005209,2,CON-002,1,45.00,40.50,18.0000,
T0005210,1,PRE-001,2,10.00,10.00,3.2000,
T0005210,2,VAP-002,1,40.00,40.00,14.0000,
T0005210,3,PRE-003,2,18.00,18.00,6.0000,
T0005210,4,ACC-004,1,2.00,2.00,0.4000,
T0005211,1,FLO-001,2,35.00,35.00,14.0000,
T0005212,1,VAP-005,1,28.00,28.00,9.0000,
T0005212,2,CON-003,1,30.00,30.00,12.0000,
T0005212,3,FLO-004,1,38.00,38.00,15.0000,
T0005213,1,FLO-008,1,32.00,32.00,13.5000,
T0005213,2,EDI-003,1,20.00,18.00,6.5000,
T0005213,3,PRE-001,1,10.00,10.00,3.2000,
T0005213,4,PRE-003,3,18.00,18.00,6.0000,
T0005214,1,FLO-005,2,38.00,38.00,15.5000,
T0005214,2,EDI-001,3,20.00,20.00,6.0000,
T0005215,1,FLO-007,2,32.00,32.00,13.0000,
T0005216,1,VAP-002,1,40.00,40.00,14.0000,
T0005217,1,VAP-002,1,40.00,40.00,14.0000,
T0005217,2,VAP-005,1,28.00,28.00,9.0000,
T0005218,1,FLO-001,1,35.00,35.00,14.0000,
T0005218,2,EDI-001,1,20.00,18.00,6.0000,
T0005218,3,VAP-003,1,32.00,25.60,12.0000,
T0005218,5,PRE-002,1,10.00,10.00,3.4000,
T0005219,1,PRE-001,1,10.00,10.00,3.2000,
T0005220,1,PRE-003,1,18.00,18.00,6.0000,
T0005220,2,ACC-001,1,20.00,20.00,5.0000,
T0005220,3,ACC-004,2,2.00,2.00,0.4000,
T0005221,1,ACC-002,1,3.00,2.40,0.6000,
T0005221,2,FLO-001,1,35.00,35.00,14.0000,
T0005221,3,FLO-007,2,32.00,32.00,13.0000,
T0005222,1,TIN-001,1,50.00,50.00,18.0000,
T0005222,2,PRE-002,2,10.00,10.00,3.4000,
T0005223,1,FLO-007,2,32.00,32.00,13.0000,
T0005224,1,TOP-001,1,35.00,35.00,12.0000,
T0005224,2,VAP-006,1,15.00,15.00,4.0000,
T0005225,1,FLO-002,1,40.00,40.00,16.0000,
T0005226,1,EDI-006,1,8.00,8.00,3.0000,
T0005226,2,FLO-008,1,32.00,32.00,13.5000,
T0005226,3,ACC-004,1,2.00,2.00,0.4000,
T0005227,1,FLO-005,1,38.00,38.00,15.5000,
T0005227,2,FLO-002,2,40.00,40.00,16.0000,
T0005228,1,PRE-001,1,10.00,10.00,3.2000,
T0005228,2,ACC-004,1,2.00,2.00,0.4000,
T0005228,4,FLO-008,1,32.00,32.00,13.5000,
T0005229,1,FLO-001,1,35.00,35.00,14.0000,
T0005229,2,EDI-005,3,14.00,11.20,4.0000,
T0005230,1,CON-002,1,45.00,45.00,18.0000,
T0005231,1,PRE-005,2,6.00,6.00,1.8000,
T0005231,2,VAP-003,1,32.00,28.80,12.0000,
T0005231,3,FLO-009,1,210.00,210.00,95.0000,
T0005232,1,FLO-004,1,38.00,38.00,15.0000,
T0005233,1,PRE-001,1,10.00,10.00,3.2000,
T0005234,1,EDI-003,1,20.00,20.00,6.5000,
T0005234,2,PRE-002,2,10.00,10.00,3.4000,
T0005235,1,FLO-006,1,120.00,120.00,52.0000,
T0005236,1,EDI-005,1,14.00,14.00,4.0000,
T0005236,2,EDI-007,1,18.00,18.00,6.0000,
T0005236,3,ACC-004,2,2.00,2.00,0.4000,
T0005237,1,EDI-004,1,25.00,25.00,7.5000,
T0005238,1,EDI-004,1,25.00,25.00,7.5000,
T0005238,2,VAP-002,1,40.00,36.00,14.0000,
T0005239,1,EDI-001,1,20.00,20.00,6.0000,
T0005239,2,PRE-005,1,6.00,6.00,1.8000,
T0005239,3,VAP-001,2,55.00,55.00,22.0000,
T0005239,4,ACC-004,1,2.00,2.00,0.4000,
T0005240,1,FLO-004,1,38.00,38.00,15.0000,
T0005240,2,TIN-001,1,50.00,50.00,18.0000,
T0005240,3,PRE-002,1,10.00,10.00,3.4000,
T0005241,1,FLO-007,1,32.00,32.00,13.0000,
T0005241,2,ACC-002,1,3.00,3.00,0.6000,
T0005242,1,EDI-003,1,20.00,20.00,6.5000,
T0005242,2,PRE-002,1,10.00,10.00,3.4000,
T0005243,1,PRE-005,1,6.00,6.00,1.8000,
T0005244,1,TOP-002,3,24.00,24.00,9.0000,
T0005244,2,ACC-002,1,3.00,3.00,0.6000,
T0005245,1,PRE-001,2,10.00,8.00,3.2000,
T0005245,2,EDI-006,1,8.00,8.00,3.0000,
T0005245,3,VAP-003,2,32.00,32.00,12.0000,
T0005246,1,CON-004,1,55.00,55.00,22.0000,
T0005246,2,VAP-006,1,15.00,15.00,4.0000,
T0005247,1,PRE-004,1,35.00,35.00,12.0000,
T0005248,1,ACC-002,2,3.00,2.70,0.6000,
T0005248,2,CON-004,1,55.00,55.00,22.0000,
T0005249,1,VAP-005,1,28.00,28.00,9.0000,
T0005250,1,FLO-005,1,38.00,34.20,15.5000,
T0005251,1,EDI-004,1,25.00,25.00,7.5000,
T0005251,2,FLO-005,1,38.00,38.00,15.5000,
T0005252,1,FLO-008,1,32.00,32.00,13.5000,
T0005252,2,FLO-006,1,120.00,120.00,52.0000,
T0005253,1,EDI-001,1,20.00,20.00,6.0000,
T0005254,1,FLO-005,1,38.00,38.00,15.5000,
T0005254,2,VAP-003,1,32.00,32.00,12.0000,
T0005255,1,FLO-001,1,35.00,35.00,14.0000,
T0005255,2,FLO-004,1,38.00,38.00,15.0000,
T0005255,3,FLO-005,1,38.00,38.00,15.5000,
T0005256,1,FLO-003,1,70.00,70.00,28.0000,
T0005257,1,ACC-002,1,3.00,3.00,0.6000,
T0005257,2,EDI-002,1,22.00,22.00,7.0000,
T0005258,1,VAP-006,1,15.00,15.00,4.0000,
T0005259,1,FLO-001,1,35.00,35.00,14.0000,
T0005259,2,PRE-001,1,10.00,10.00,3.2000,
T0005259,3,CON-003,1,30.00,30.00,12.0000,
T0005259,4,FLO-003,1,70.00,70.00,28.0000,
T0005259,5,TIN-001,1,50.00,50.00,18.0000,
T0005260,1,VAP-002,2,40.00,40.00,14.0000,
T0005260,2,FLO-003,2,70.00,70.00,28.0000,
T0005260,3,ACC-004,1,2.00,2.00,0.4000,
T0005261,1,FLO-001,1,35.00,35.00,14.0000,
T0005261,2,PRE-002,1,10.00,10.00,3.4000,
T0005261,3,FLO-002,1,40.00,40.00,16.0000,
T0005261,4,CON-001,2,75.00,75.00,32.0000,
T0005262,1,VAP-005,1,28.00,28.00,9.0000,
T0005262,2,ACC-002,1,3.00,3.00,0.6000,
T0005262,3,VAP-006,2,15.00,15.00,4.0000,
T0005263,1,FLO-001,1,35.00,35.00,14.0000,
T0005264,1,PRE-001,1,10.00,10.00,3.2000,
T0005265,1,EDI-001,1,20.00,20.00,6.0000,
T0005265,2,EDI-004,1,25.00,25.00,7.5000,
T0005266,1,EDI-005,1,14.00,14.00,4.0000,
T0005266,2,EDI-001,2,20.00,20.00,6.0000,
T0005267,1,PRE-005,1,6.00,6.00,1.8000,
T0005267,2,ACC-004,1,2.00,2.00,0.4000,
T0005267,3,PRE-003,2,18.00,18.00,6.0000,
T0005267,4,FLO-003,1,70.00,70.00,28.0000,
T0005268,1,PRE-005,1,6.00,6.00,1.8000,
T0005268,2,EDI-003,2,20.00,20.00,6.5000,
T0005269,1,PRE-002,1,10.00,10.00,3.4000,
T0005269,2,CON-002,2,45.00,45.00,18.0000,
T0005269,3,PRE-005,1,6.00,6.00,1.8000,
T0005270,1,EDI-006,1,8.00,8.00,3.0000,
T0005271,1,ACC-004,1,2.00,2.00,0.4000,
T0005271,2,EDI-003,3,20.00,16.00,6.5000,
T0005271,3,PRE-003,1,18.00,14.40,6.0000,
T0005272,1,EDI-005,1,14.00,14.00,4.0000,
T0005273,1,FLO-002,2,40.00,40.00,16.0000,
T0005273,2,VAP-002,1,40.00,40.00,14.0000,
T0005274,1,FLO-005,1,38.00,34.20,15.5000,
T0005275,1,EDI-001,1,20.00,20.00,6.0000,
T0005276,1,FLO-008,2,32.00,32.00,13.5000,
T0005277,1,PRE-003,1,18.00,18.00,6.0000,
T0005277,2,FLO-002,2,40.00,40.00,16.0000,
T0005278,1,PRE-001,1,10.00,10.00,3.2000,
T0005279,1,EDI-004,1,25.00,25.00,7.5000,
T0005279,2,VAP-002,2,40.00,32.00,14.0000,
T0005279,4,PRE-001,1,10.00,8.00,3.2000,
T0005280,1,FLO-007,1,32.00,32.00,13.0000,
T0005280,2,EDI-001,1,20.00,20.00,6.0000,
T0005281,1,FLO-007,2,32.00,32.00,13.0000,
T0005282,1,ACC-002,1,3.00,2.70,0.6000,
T0005282,2,FLO-001,1,35.00,35.00,14.0000,
T0005282,3,ACC-004,2,2.00,2.00,0.4000,
T0005283,1,PRE-005,3,6.00,6.00,1.8000,
T0005283,2,ACC-004,1,2.00,2.00,0.4000,
T0005283,3,ACC-001,2,20.00,20.00,5.0000,
T0005283,4,VAP-002,1,40.00,40.00,14.0000,
T0005284,1,PRE-002,1,10.00,9.00,3.4000,
T0005284,2,ACC-003,2,22.00,22.00,6.0000,
T0005285,1,VAP-003,1,32.00,32.00,12.0000,
T0005285,2,EDI-004,2,25.00,25.00,7.5000,
T0005285,3,FLO-004,1,38.00,38.00,15.0000,
T0005285,4,EDI-005,1,14.00,14.00,4.0000,
T0005285,5,FLO-007,1,32.00,32.00,13.0000,
T0005286,1,VAP-004,1,60.00,60.00,24.0000,
T0005287,1,EDI-007,1,18.00,18.00,6.0000,
T0005288,1,VAP-005,1,28.00,22.40,9.0000,
T0005289,1,CON-002,2,45.00,45.00,18.0000,
T0005289,2,VAP-006,1,15.00,15.00,4.0000,
T0005289,3,PRE-001,1,10.00,10.00,3.2000,
T0005290,1,PRE-001,1,10.00,10.00,3.2000,
T0005291,1,PRE-003,2,18.00,18.00,6.0000,
T0005292,1,EDI-004,1,25.00,25.00,7.5000,
T0005292,2,EDI-001,1,20.00,18.00,6.0000,
T0005292,3,VAP-001,2,55.00,55.00,22.0000,
T0005293,1,EDI-006,1,8.00,8.00,3.0000,
T0005293,2,EDI-004,1,25.00,25.00,7.5000,
T0005293,3,VAP-003,1,32.00,32.00,12.0000,
T0005294,1,EDI-003,1,20.00,20.00,6.5000,
T0005294,2,VAP-003,2,32.00,32.00,12.0000,
T0005295,1,PRE-002,2,10.00,10.00,3.4000,
T0005295,2,PRE-005,1,6.00,6.00,1.8000,
T0005296,1,TIN-001,1,50.00,50.00,18.0000,
T0005297,1,EDI-005,1,14.00,14.00,4.0000,
T0005297,2,PRE-005,3,6.00,6.00,1.8000,
T0005298,1,VAP-004,1,60.00,60.00,24.0000,
T0005299,1,EDI-001,1,20.00,20.00,6.0000,
T0005299,2,CON-002,1,45.00,45.00,18.0000,
T0005300,1,FLO-004,1,38.00,38.00,15.0000,
T0005301,1,EDI-003,2,20.00,20.00,6.5000,
T0005301,2,VAP-001,2,55.00,49.50,22.0000,
T0005301,3,CON-002,1,45.00,45.00,18.0000,
T0005302,1,EDI-004,1,25.00,25.00,7.5000,
T0005303,1,EDI-004,2,25.00,25.00,7.5000,
T0005304,1,FLO-003,1,70.00,70.00,28.0000,
T0005305,1,EDI-007,2,18.00,18.00,6.0000,
T0005306,1,TOP-001,1,35.00,35.00,12.0000,
T0005306,2,PRE-001,1,10.00,10.00,3.2000,
T0005306,3,FLO-002,2,40.00,36.00,16.0000,
T0005307,1,TIN-002,1,45.00,45.00,16.0000,
T0005308,1,VAP-003,1,32.00,28.80,12.0000,
T0005308,2,ACC-004,1,2.00,2.00,0.4000,
T0005308,3,PRE-005,2,6.00,6.00,1.8000,
T0005309,1,VAP-003,1,32.00,32.00,12.0000,
T0005309,2,PRE-001,1,10.00,10.00,3.2000,
T0005310,1,FLO-004,1,38.00,38.00,15.0000,
T0005311,1,EDI-003,1,20.00,20.00,6.5000,
T0005311,2,FLO-001,1,35.00,35.00,14.0000,
T0005312,1,ACC-004,1,2.00,2.00,0.4000,
T0005312,2,FLO-009,1,210.00,189.00,95.0000,
T0005312,3,PRE-001,1,10.00,8.00,3.2000,
T0005313,1,FLO-001,1,35.00,35.00,14.0000,
T0005313,2,VAP-006,1,15.00,15.00,4.0000,
T0005313,3,PRE-005,2,6.00,6.00,1.8000,
T0005314,1,VAP-003,1,32.00,32.00,12.0000,
T0005315,1,FLO-002,1,40.00,40.00,16.0000,
T0005316,1,PRE-001,1,10.00,10.00,3.2000,
T0005316,2,ACC-001,1,20.00,16.00,5.0000,
T0005317,1,FLO-001,1,35.00,35.00,14.0000,
T0005317,2,PRE-003,1,18.00,18.00,6.0000,
T0005318,1,VAP-001,1,55.00,55.00,22.0000,
T0005318,2,VAP-006,1,15.00,15.00,4.0000,
T0005319,1,PRE-002,2,10.00,10.00,3.4000,
T0005320,1,VAP-005,2,28.00,28.00,9.0000,
T0005320,2,FLO-005,3,38.00,34.20,15.5000,
T0005320,4,PRE-002,1,10.00,10.00,3.4000,
T0005321,1,EDI-001,1,20.00,20.00,6.0000,
T0005322,1,EDI-006,2,8.00,8.00,3.0000,
T0005322,2,ACC-004,2,2.00,2.00,0.4000,
T0005322,3,VAP-005,3,28.00,22.40,9.0000,
T0005322,4,PRE-002,1,10.00,8.00,3.4000,
T0005323,1,VAP-003,1,32.00,32.00,12.0000,
T0005323,2,EDI-004,1,25.00,25.00,7.5000,
T0005323,3,PRE-005,1,6.00,6.00,1.8000,
T0005323,4,PRE-001,1,10.00,10.00,3.2000,
T0005324,1,FLO-002,1,40.00,40.00,16.0000,
T0005324,2,FLO-008,1,32.00,32.00,13.5000,
T0005325,1,VAP-003,1,32.00,32.00,12.0000,
T0005326,1,EDI-005,2,14.00,12.60,4.0000,
T0005326,2,ACC-002,1,3.00,3.00,0.6000,
T0005327,1,TIN-002,1,45.00,45.00,16.0000,
T0005327,2,CON-002,1,45.00,45.00,18.0000,
T0005328,1,ACC-002,1,3.00,3.00,0.6000,
T0005328,2,VAP-003,1,32.00,32.00,12.0000,
T0005329,1,EDI-003,1,20.00,20.00,6.5000,
T0005329,2,FLO-004,1,38.00,38.00,15.0000,
T0005330,1,ACC-001,1,20.00,20.00,5.0000,
T0005331,1,VAP-002,1,40.00,40.00,14.0000,
T0005332,1,EDI-004,2,25.00,25.00,7.5000,
T0005332,2,EDI-003,1,20.00,20.00,6.5000,
T0005333,1,VAP-003,2,32.00,32.00,12.0000,
T0005334,1,ACC-004,1,2.00,2.00,0.4000,
T0005334,2,PRE-003,1,18.00,18.00,6.0000,
T0005334,3,VAP-006,1,15.00,15.00,4.0000,
T0005335,1,FLO-001,1,35.00,35.00,14.0000,
T0005335,3,EDI-004,2,25.00,25.00,7.5000,
T0005335,4,PRE-001,1,10.00,10.00,3.2000,
T0005336,1,ACC-004,2,2.00,2.00,0.4000,
T0005337,1,PRE-002,2,10.00,8.00,3.4000,
T0005338,1,VAP-006,1,15.00,15.00,4.0000,
T0005338,2,EDI-004,1,25.00,25.00,7.5000,
T0005338,3,VAP-005,1,28.00,25.20,9.0000,
T0005338,4,VAP-002,1,40.00,40.00,14.0000,
T0005339,1,FLO-005,1,38.00,38.00,15.5000,
T0005339,2,EDI-004,3,25.00,25.00,7.5000,
T0005339,4,VAP-001,1,55.00,55.00,22.0000,
T0005340,1,ACC-004,1,2.00,1.80,0.4000,
T0005340,2,FLO-007,1,32.00,32.00,13.0000,
T0005341,1,FLO-003,1,70.00,63.00,28.0000,
T0005341,2,FLO-001,1,35.00,35.00,14.0000,
T0005342,1,EDI-006,1,8.00,8.00,3.0000,
T0005342,2,VAP-002,1,40.00,40.00,14.0000,
T0005342,3,VAP-001,1,55.00,55.00,22.0000,
T0005343,1,EDI-001,1,20.00,20.00,6.0000,
T0005343,2,EDI-005,1,14.00,14.00,4.0000,
T0005343,3,VAP-001,1,55.00,55.00,22.0000,
T0005344,1,EDI-001,1,20.00,20.00,6.0000,
T0005345,1,FLO-001,1,35.00,35.00,14.0000,
T0005346,1,EDI-001,1,20.00,18.00,6.0000,
T0005347,1,FLO-008,1,32.00,32.00,13.5000,
T0005347,2,VAP-005,1,28.00,28.00,9.0000,
T0005347,3,ACC-004,1,2.00,2.00,0.4000,
T0005347,4,FLO-001,2,35.00,35.00,14.0000,
T0005348,1,CON-004,1,55.00,49.50,22.0000,
T0005349,1,VAP-004,1,60.00,60.00,24.0000,
T0005349,2,FLO-007,2,32.00,28.80,13.0000,
T0005350,1,PRE-001,1,10.00,10.00,3.2000,
T0005351,1,CON-003,1,30.00,30.00,12.0000,
T0005351,2,VAP-005,1,28.00,25.20,9.0000,
T0005352,1,FLO-007,1,32.00,32.00,13.0000,
T0005353,1,PRE-002,1,10.00,10.00,3.4000,
T0005354,1,PRE-002,1,10.00,8.00,3.4000,
T0005354,2,VAP-002,3,40.00,32.00,14.0000,
T0005355,1,PRE-002,1,10.00,10.00,3.4000,
T0005355,3,FLO-008,1,32.00,32.00,13.5000,
T0005356,1,EDI-002,1,22.00,22.00,7.0000,
T0005357,1,PRE-001,1,10.00,10.00,3.2000,
T0005357,2,PRE-002,1,10.00,10.00,3.4000,
T0005358,1,FLO-008,1,32.00,32.00,13.5000,
T0005358,2,FLO-005,1,38.00,38.00,15.5000,
T0005358,3,FLO-001,1,35.00,35.00,14.0000,
T0005359,1,PRE-005,1,6.00,6.00,1.8000,
T0005359,2,VAP-001,1,55.00,55.00,22.0000,
T0005359,3,VAP-003,1,32.00,28.80,12.0000,
T0005360,1,PRE-001,1,10.00,10.00,3.2000,
T0005361,1,FLO-007,1,32.00,32.00,13.0000,
T0005361,2,EDI-003,1,20.00,18.00,6.5000,
T0005361,3,VAP-006,1,15.00,15.00,4.0000,
T0005362,1,ACC-002,1,3.00,3.00,0.6000,
T0005362,2,EDI-001,1,20.00,18.00,6.0000,
T0005362,3,FLO-001,1,35.00,35.00,14.0000,
T0005362,4,FLO-003,2,70.00,70.00,28.0000,
T0005363,1,FLO-007,1,32.00,32.00,13.0000,
T0005363,2,FLO-001,1,35.00,35.00,14.0000,
T0005363,3,VAP-003,1,32.00,32.00,12.0000,
T0005363,4,ACC-004,1,2.00,2.00,0.4000,
T0005364,1,FLO-001,1,35.00,35.00,14.0000,
T0005364,2,EDI-004,1,25.00,25.00,7.5000,
T0005364,3,PRE-003,3,18.00,18.00,6.0000,
T0005364,4,PRE-002,1,10.00,10.00,3.4000,
T0005365,1,ACC-004,1,2.00,2.00,0.4000,
T0005366,1,TOP-001,1,35.00,35.00,12.0000,
T0005366,2,FLO-001,3,35.00,35.00,14.0000,
T0005366,3,ACC-002,1,3.00,3.00,0.6000,
T0005366,4,PRE-004,1,35.00,35.00,12.0000,
T0005367,1,EDI-004,1,25.00,25.00,7.5000,
T0005367,2,EDI-002,1,22.00,22.00,7.0000,
T0005368,1,FLO-002,1,40.00,40.00,16.0000,
T0005368,2,EDI-003,1,20.00,20.00,6.5000,
T0005369,1,ACC-004,1,2.00,2.00,0.4000,
T0005370,1,EDI-004,1,25.00,25.00,7.5000,
T0005371,1,CON-003,1,30.00,24.00,12.0000,
T0005372,1,PRE-004,1,35.00,35.00,12.0000,
T0005372,2,ACC-002,1,3.00,3.00,0.6000,
T0005373,1,PRE-002,1,10.00,10.00,3.4000,
T0005373,2,EDI-005,1,14.00,14.00,4.0000,
T0005374,1,FLO-008,1,32.00,32.00,13.5000,
T0005375,1,TOP-001,1,35.00,35.00,12.0000,
T0005376,1,CON-001,1,75.00,75.00,32.0000,
T0005377,1,PRE-001,2,10.00,9.00,3.2000,
T0005377,2,ACC-004,1,2.00,2.00,0.4000,
T0005377,3,VAP-005,1,28.00,28.00,9.0000,
T0005378,1,VAP-001,2,55.00,55.00,22.0000,
T0005378,2,PRE-001,2,10.00,10.00,3.2000,
T0005378,3,VAP-003,1,32.00,32.00,12.0000,
T0005378,4,FLO-004,1,38.00,38.00,15.0000,
T0005379,1,VAP-003,1,32.00,32.00,12.0000,
T0005379,2,EDI-001,2,20.00,20.00,6.0000,
T0005379,3,CON-001,1,75.00,75.00,32.0000,
T0005379,4,ACC-004,1,2.00,2.00,0.4000,
T0005379,5,EDI-002,1,22.00,22.00,7.0000,
T0005380,1,ACC-004,1,2.00,2.00,0.4000,
T0005380,2,PRE-001,1,10.00,10.00,3.2000,
T0005381,1,EDI-002,2,22.00,22.00,7.0000,
T0005381,2,VAP-004,2,60.00,60.00,24.0000,
T0005382,1,EDI-004,1,25.00,25.00,7.5000,
T0005382,2,FLO-006,1,120.00,120.00,52.0000,
T0005382,3,VAP-005,1,28.00,28.00,9.0000,
T0005383,1,VAP-002,2,40.00,40.00,14.0000,
T0005384,1,VAP-002,1,40.00,40.00,14.0000,
T0005385,1,PRE-002,1,10.00,10.00,3.4000,
T0005385,2,FLO-001,1,35.00,35.00,14.0000,
T0005385,3,VAP-006,1,15.00,15.00,4.0000,
T0005386,1,ACC-002,1,3.00,3.00,0.6000,
T0005386,2,EDI-006,1,8.00,8.00,3.0000,
T0005386,3,CON-001,1,75.00,75.00,32.0000,
T0005387,1,ACC-004,1,2.00,2.00,0.4000,
T0005387,2,PRE-001,1,10.00,10.00,3.2000,
T0005388,1,PRE-002,1,10.00,10.00,3.4000,
T0005389,1,PRE-003,1,18.00,18.00,6.0000,
T0005390,1,PRE-001,2,10.00,10.00,3.2000,
T0005390,2,PRE-004,1,35.00,35.00,12.0000,
T0005390,3,FLO-003,1,70.00,70.00,28.0000,
T0005390,4,FLO-004,1,38.00,38.00,15.0000,
T0005391,1,FLO-002,1,40.00,40.00,16.0000,
T0005392,1,ACC-002,1,3.00,3.00,0.6000,
T0005392,2,EDI-002,1,22.00,22.00,7.0000,
T0005393,1,TIN-002,1,45.00,45.00,16.0000,
T0005393,2,CON-001,2,75.00,75.00,32.0000,
T0005394,1,FLO-003,1,70.00,70.00,28.0000,
T0005395,1,PRE-001,1,10.00,10.00,3.2000,
T0005395,2,EDI-001,3,20.00,20.00,6.0000,
T0005395,3,FLO-007,2,32.00,32.00,13.0000,
T0005396,1,CON-003,2,30.00,30.00,12.0000,
T0005397,1,PRE-001,1,10.00,10.00,3.2000,
T0005397,2,FLO-001,2,35.00,35.00,14.0000,
T0005397,3,ACC-004,1,2.00,2.00,0.4000,
T0005398,1,EDI-002,1,22.00,22.00,7.0000,
T0005399,1,EDI-001,1,20.00,20.00,6.0000,
T0005399,2,PRE-005,1,6.00,6.00,1.8000,
T0005400,1,ACC-002,1,3.00,3.00,0.6000,
T0005400,2,FLO-005,1,38.00,38.00,15.5000,
T0005401,1,VAP-005,1,28.00,28.00,9.0000,
T0005401,2,PRE-005,1,6.00,6.00,1.8000,
T0005402,1,FLO-004,1,38.00,38.00,15.0000,
T0005403,1,VAP-001,1,55.00,55.00,22.0000,
T0005404,1,VAP-001,2,55.00,44.00,22.0000,
T0005405,1,VAP-005,1,28.00,28.00,9.0000,
T0005405,2,ACC-004,1,2.00,2.00,0.4000,
T0005406,1,PRE-001,1,10.00,9.00,3.2000,
T0005406,2,FLO-010,1,45.00,45.00,18.0000,
T0005406,3,CON-002,1,45.00,45.00,18.0000,
T0005407,1,FLO-001,1,35.00,35.00,14.0000,
T0005407,2,ACC-004,1,2.00,2.00,0.4000,
T0005407,3,ACC-001,1,20.00,20.00,5.0000,
T0005408,1,EDI-001,1,20.00,20.00,6.0000,
T0005409,1,FLO-001,1,35.00,35.00,14.0000,
T0005409,2,VAP-004,1,60.00,54.00,24.0000,
T0005410,1,VAP-006,1,15.00,15.00,4.0000,
T0005411,1,ACC-004,1,2.00,2.00,0.4000,
T0005412,1,PRE-001,1,10.00,10.00,3.2000,
T0005412,2,FLO-005,1,38.00,34.20,15.5000,
T0005412,3,ACC-004,1,2.00,2.00,0.4000,
T0005413,1,VAP-001,1,55.00,49.50,22.0000,
T0005414,1,PRE-003,2,18.00,18.00,6.0000,
T0005415,1,FLO-001,1,35.00,35.00,14.0000,
T0005415,2,PRE-003,1,18.00,18.00,6.0000,
T0005415,3,FLO-002,2,40.00,40.00,16.0000,
T0005415,5,FLO-008,2,32.00,32.00,13.5000,
T0005416,1,CON-001,2,75.00,75.00,32.0000,
T0005417,1,CON-003,2,30.00,30.00,12.0000,
T0005417,2,FLO-007,1,32.00,32.00,13.0000,
T0005417,3,PRE-002,1,10.00,10.00,3.4000,
T0005417,4,PRE-004,1,35.00,35.00,12.0000,
T0005417,5,FLO-001,1,35.00,35.00,14.0000,
T0005418,1,FLO-002,1,40.00,40.00,16.0000,
T0005418,2,PRE-005,2,6.00,6.00,1.8000,
T0005419,1,CON-003,1,30.00,30.00,12.0000,
T0005420,1,VAP-004,1,60.00,60.00,24.0000,
T0005420,2,FLO-004,1,38.00,38.00,15.0000,
T0005420,3,PRE-004,1,35.00,35.00,12.0000,
T0005420,4,ACC-004,1,2.00,2.00,0.4000,
T0005421,1,EDI-001,1,20.00,16.00,6.0000,
T0005421,2,ACC-001,1,20.00,20.00,5.0000,
T0005421,3,FLO-008,2,32.00,32.00,13.5000,
T0005421,4,PRE-004,1,35.00,35.00,12.0000,
T0005421,5,FLO-001,1,35.00,28.00,14.0000,
T0005422,1,EDI-004,1,25.00,25.00,7.5000,
T0005423,1,EDI-003,1,20.00,20.00,6.5000,
T0005423,2,FLO-010,3,45.00,45.00,18.0000,
T0005423,3,EDI-001,3,20.00,20.00,6.0000,
T0005423,4,VAP-001,1,55.00,55.00,22.0000,
T0005424,1,EDI-006,1,8.00,8.00,3.0000,
T0005424,2,VAP-005,1,28.00,25.20,9.0000,
T0005424,3,FLO-004,1,38.00,38.00,15.0000,
T0005425,1,PRE-005,1,6.00,6.00,1.8000,
T0005426,1,EDI-001,1,20.00,20.00,6.0000,
T0005427,1,EDI-004,2,25.00,25.00,7.5000,
T0005428,1,EDI-001,1,20.00,20.00,6.0000,
T0005428,2,VAP-003,2,32.00,32.00,12.0000,
T0005429,1,CON-001,1,75.00,75.00,32.0000,
T0005430,1,VAP-002,1,40.00,40.00,14.0000,
T0005430,2,PRE-001,1,10.00,10.00,3.2000,
T0005431,1,VAP-006,1,15.00,15.00,4.0000,
T0005432,1,EDI-003,1,20.00,20.00,6.5000,
T0005432,2,PRE-004,1,35.00,31.50,12.0000,
T0005433,1,FLO-004,1,38.00,38.00,15.0000,
T0005433,2,VAP-001,1,55.00,55.00,22.0000,
T0005434,1,VAP-001,1,55.00,49.50,22.0000,
T0005434,2,EDI-001,1,20.00,20.00,6.0000,
T0005435,1,ACC-002,1,3.00,3.00,0.6000,
T0005435,2,FLO-007,1,32.00,28.80,13.0000,
T0005436,1,EDI-001,1,20.00,20.00,6.0000,
T0005437,1,PRE-002,2,10.00,10.00,3.4000,
T0005438,1,EDI-001,1,20.00,20.00,6.0000,
T0005438,2,FLO-001,1,35.00,35.00,14.0000,
T0005438,3,PRE-005,1,6.00,6.00,1.8000,
T0005439,1,VAP-003,1,32.00,32.00,12.0000,
T0005440,1,EDI-003,1,20.00,20.00,6.5000,
T0005440,2,TOP-001,1,35.00,35.00,12.0000,
T0005440,3,TIN-001,1,50.00,50.00,18.0000,
T0005440,4,VAP-002,1,40.00,40.00,14.0000,
T0005440,5,FLO-005,1,38.00,38.00,15.5000,
T0005441,1,ACC-004,1,2.00,1.80,0.4000,
T0005441,2,FLO-002,2,40.00,32.00,16.0000,
T0005442,1,FLO-010,1,45.00,45.00,18.0000,
T0005442,2,FLO-004,2,38.00,38.00,15.0000,
T0005443,1,ACC-004,1,2.00,2.00,0.4000,
T0005444,1,ACC-002,1,3.00,3.00,0.6000,
T0005445,1,PRE-002,1,10.00,10.00,3.4000,
T0005445,2,PRE-005,2,6.00,6.00,1.8000,
T0005445,3,FLO-004,2,38.00,38.00,15.0000,
T0005445,4,PRE-001,1,10.00,10.00,3.2000,
T0005446,1,PRE-002,1,10.00,10.00,3.4000,
T0005447,1,EDI-003,1,20.00,20.00,6.5000,
T0005447,2,TIN-001,2,50.00,50.00,18.0000,
T0005448,1,VAP-001,1,55.00,55.00,22.0000,
T0005448,2,FLO-010,1,45.00,45.00,18.0000,
T0005449,1,CON-001,1,75.00,75.00,32.0000,
T0005449,2,PRE-001,1,10.00,10.00,3.2000,
T0005449,3,FLO-002,1,40.00,40.00,16.0000,
T0005449,4,PRE-005,1,6.00,5.40,1.8000,
T0005450,1,EDI-004,1,25.00,25.00,7.5000,
T0005451,1,PRE-001,1,10.00,10.00,3.2000,
T0005451,2,FLO-002,2,40.00,36.00,16.0000,
T0005452,1,EDI-003,1,20.00,20.00,6.5000,
T0005452,2,EDI-004,1,25.00,25.00,7.5000,
T0005452,3,VAP-002,1,40.00,40.00,14.0000,
T0005453,1,EDI-002,2,22.00,22.00,7.0000,
T0005454,1,PRE-004,1,35.00,35.00,12.0000,
T0005455,1,ACC-004,1,2.00,2.00,0.4000,
T0005455,2,PRE-002,1,10.00,10.00,3.4000,
T0005455,3,EDI-006,2,8.00,8.00,3.0000,
T0005456,1,PRE-005,1,6.00,6.00,1.8000,
T0005456,2,FLO-003,1,70.00,70.00,28.0000,
T0005457,1,PRE-001,1,10.00,10.00,3.2000,
T0005457,2,PRE-002,1,10.00,10.00,3.4000,
T0005457,3,VAP-002,2,40.00,40.00,14.0000,
T0005457,4,VAP-004,1,60.00,54.00,24.0000,
T0005458,1,EDI-001,2,20.00,20.00,6.0000,
T0005458,2,PRE-002,1,10.00,10.00,3.4000,
T0005459,1,FLO-001,1,35.00,35.00,14.0000,
T0005460,1,VAP-003,1,32.00,32.00,12.0000,
T0005460,2,VAP-001,2,55.00,55.00,22.0000,
T0005461,1,VAP-002,1,40.00,40.00,14.0000,
T0005462,1,FLO-002,1,40.00,40.00,16.0000,
T0005462,2,ACC-003,1,22.00,22.00,6.0000,
T0005462,3,ACC-002,1,3.00,3.00,0.6000,
T0005463,1,EDI-004,1,25.00,25.00,7.5000,
T0005463,2,PRE-001,2,10.00,10.00,3.2000,
T0005464,1,PRE-002,1,10.00,10.00,3.4000,
T0005464,2,VAP-003,1,32.00,32.00,12.0000,
T0005465,1,EDI-001,1,20.00,20.00,6.0000,
T0005466,1,EDI-007,1,18.00,18.00,6.0000,
T0005467,1,FLO-004,2,38.00,38.00,15.0000,
T0005467,2,VAP-002,1,40.00,40.00,14.0000,
T0005468,1,PRE-002,1,10.00,10.00,3.4000,
T0005469,1,PRE-002,1,10.00,10.00,3.4000,
T0005469,2,VAP-001,1,55.00,55.00,22.0000,
T0005470,1,FLO-002,1,40.00,40.00,16.0000,
T0005471,1,FLO-002,1,40.00,40.00,16.0000,
T0005472,1,EDI-005,1,14.00,14.00,4.0000,
T0005472,2,FLO-010,1,45.00,45.00,18.0000,
T0005473,1,ACC-002,1,3.00,3.00,0.6000,
T0005474,1,FLO-001,1,35.00,35.00,14.0000,
T0005475,1,VAP-001,1,55.00,55.00,22.0000,
T0005476,1,EDI-001,1,20.00,20.00,6.0000,
T0005476,2,EDI-007,1,18.00,18.00,6.0000,
T0005477,1,PRE-003,1,18.00,14.40,6.0000,
T0005477,2,EDI-004,1,25.00,20.00,7.5000,
T0005478,1,VAP-005,1,28.00,28.00,9.0000,
T0005478,2,FLO-010,1,45.00,45.00,18.0000,
T0005478,3,CON-004,1,55.00,55.00,22.0000,
T0005478,4,FLO-002,2,40.00,40.00,16.0000,
T0005478,5,PRE-005,1,6.00,6.00,1.8000,
T0005479,1,FLO-002,2,40.00,40.00,16.0000,
T0005479,2,ACC-002,1,3.00,3.00,0.6000,
T0005479,3,PRE-002,3,10.00,10.00,3.4000,
T0005480,1,PRE-004,1,35.00,35.00,12.0000,
T0005480,2,CON-001,1,75.00,75.00,32.0000,
T0005481,1,FLO-007,1,32.00,32.00,13.0000,
T0005482,1,PRE-001,1,10.00,10.00,3.2000,
T0005482,2,PRE-002,1,10.00,10.00,3.4000,
T0005483,1,VAP-002,2,40.00,40.00,14.0000,
T0005483,2,PRE-002,2,10.00,10.00,3.4000,
T0005484,1,EDI-004,1,25.00,20.00,7.5000,
T0005484,3,PRE-001,1,10.00,8.00,3.2000,
T0005485,1,FLO-008,1,32.00,32.00,13.5000,
T0005485,2,EDI-006,1,8.00,6.40,3.0000,
T0005485,3,CON-002,1,45.00,45.00,18.0000,
T0005485,4,ACC-004,1,2.00,2.00,0.4000,
T0005486,1,PRE-001,2,10.00,10.00,3.2000,
T0005486,2,VAP-003,1,32.00,32.00,12.0000,
T0005487,1,VAP-006,1,15.00,15.00,4.0000,
T0005487,2,FLO-004,1,38.00,38.00,15.0000,
T0005487,3,EDI-005,1,14.00,14.00,4.0000,
T0005487,4,VAP-003,1,32.00,32.00,12.0000,
T0005488,1,PRE-002,2,10.00,10.00,3.4000,
T0005489,1,EDI-002,1,22.00,19.80,7.0000,
T0005490,1,VAP-002,2,40.00,40.00,14.0000,
T0005490,2,VAP-004,1,60.00,60.00,24.0000,
T0005491,1,FLO-005,1,38.00,34.20,15.5000,
T0005491,2,ACC-004,1,2.00,2.00,0.4000,
T0005491,3,FLO-008,1,32.00,25.60,13.5000,
T0005492,1,ACC-002,1,3.00,3.00,0.6000,
T0005493,1,VAP-005,1,28.00,28.00,9.0000,
T0005493,2,VAP-001,1,55.00,55.00,22.0000,
T0005493,3,FLO-007,2,32.00,32.00,13.0000,
T0005494,1,ACC-004,1,2.00,1.60,0.4000,
T0005495,1,EDI-004,1,25.00,25.00,7.5000,
T0005495,2,EDI-006,1,8.00,8.00,3.0000,
T0005495,3,VAP-006,1,15.00,15.00,4.0000,
T0005496,1,ACC-002,2,3.00,3.00,0.6000,
T0005497,1,TOP-001,1,35.00,35.00,12.0000,
T0005498,1,ACC-002,1,3.00,3.00,0.6000,
T0005498,2,PRE-004,1,35.00,35.00,12.0000,
T0005499,1,PRE-003,1,18.00,18.00,6.0000,
T0005500,1,EDI-001,1,20.00,18.00,6.0000,
T0005501,1,ACC-004,1,2.00,1.60,0.4000,
T0005501,2,EDI-001,1,20.00,16.00,6.0000,
T0005501,3,FLO-001,2,35.00,35.00,14.0000,
T0005501,4,FLO-007,2,32.00,25.60,13.0000,
T0005501,5,FLO-005,3,38.00,38.00,15.5000,
T0005502,1,VAP-006,1,15.00,15.00,4.0000,
T0005502,2,PRE-001,1,10.00,10.00,3.2000,
T0005502,3,EDI-004,1,25.00,25.00,7.5000,
T0005502,4,FLO-002,1,40.00,40.00,16.0000,
T0005503,1,PRE-004,1,35.00,35.00,12.0000,
T0005503,2,EDI-001,1,20.00,20.00,6.0000,
T0005504,1,EDI-006,1,8.00,8.00,3.0000,
T0005504,2,VAP-003,1,32.00,32.00,12.0000,
T0005504,3,VAP-002,1,40.00,40.00,14.0000,
T0005504,4,FLO-004,1,38.00,38.00,15.0000,
T0005504,5,CON-003,1,30.00,30.00,12.0000,
T0005505,1,FLO-002,2,40.00,32.00,16.0000,
T0005506,1,PRE-005,1,6.00,6.00,1.8000,
T0005506,2,PRE-002,2,10.00,10.00,3.4000,
T0005506,3,VAP-002,1,40.00,40.00,14.0000,
T0005506,4,FLO-001,3,35.00,35.00,14.0000,
T0005507,1,CON-003,2,30.00,30.00,12.0000,
T0005507,2,FLO-001,1,35.00,35.00,14.0000,
T0005507,3,PRE-005,3,6.00,6.00,1.8000,
T0005508,1,VAP-006,1,15.00,15.00,4.0000,
T0005509,1,FLO-008,2,32.00,32.00,13.5000,
T0005510,1,PRE-001,1,10.00,10.00,3.2000,
T0005510,2,FLO-008,1,32.00,32.00,13.5000,
T0005510,3,EDI-002,1,22.00,22.00,7.0000,
T0005511,1,PRE-002,1,10.00,10.00,3.4000,
T0005512,1,VAP-002,1,40.00,40.00,14.0000,
T0005512,2,PRE-002,2,10.00,10.00,3.4000,
T0005513,1,EDI-005,1,14.00,14.00,4.0000,
T0005513,2,PRE-004,1,35.00,35.00,12.0000,
T0005514,1,FLO-007,1,32.00,32.00,13.0000,
T0005514,2,PRE-002,1,10.00,10.00,3.4000,
T0005514,3,PRE-005,1,6.00,6.00,1.8000,
T0005514,4,ACC-003,1,22.00,22.00,6.0000,
T0005515,1,EDI-007,3,18.00,18.00,6.0000,
T0005516,1,CON-002,1,45.00,45.00,18.0000,
T0005516,2,ACC-002,2,3.00,3.00,0.6000,
T0005516,3,FLO-004,1,38.00,38.00,15.0000,
T0005516,4,TOP-001,1,35.00,35.00,12.0000,
T0005517,1,FLO-002,1,40.00,32.00,16.0000,
T0005518,1,EDI-004,1,25.00,22.50,7.5000,
T0005518,2,FLO-010,1,45.00,45.00,18.0000,
T0005518,3,VAP-005,1,28.00,28.00,9.0000,
T0005519,1,EDI-003,1,20.00,20.00,6.5000,
T0005519,2,ACC-002,1,3.00,3.00,0.6000,
T0005520,1,FLO-002,1,40.00,40.00,16.0000,
T0005521,1,FLO-004,1,38.00,38.00,15.0000,
T0005522,1,VAP-002,1,40.00,40.00,14.0000,
T0005522,2,PRE-005,1,6.00,6.00,1.8000,
T0005523,1,FLO-002,2,40.00,40.00,16.0000,
T0005523,2,PRE-005,1,6.00,6.00,1.8000,
T0005524,1,ACC-004,1,2.00,2.00,0.4000,
T0005525,1,PRE-005,1,6.00,6.00,1.8000,
T0005525,2,FLO-002,1,40.00,40.00,16.0000,
T0005526,1,VAP-002,1,40.00,40.00,14.0000,
T0005526,2,EDI-005,1,14.00,14.00,4.0000,
T0005527,1,VAP-002,1,40.00,40.00,14.0000,
T0005527,2,ACC-002,1,3.00,3.00,0.6000,
T0005528,1,EDI-002,2,22.00,19.80,7.0000,
T0005529,1,FLO-007,1,32.00,32.00,13.0000,
T0005530,1,VAP-005,1,28.00,28.00,9.0000,
T0005530,2,EDI-003,1,20.00,20.00,6.5000,
T0005531,1,VAP-006,2,15.00,15.00,4.0000,
T0005532,1,FLO-001,1,35.00,35.00,14.0000,
T0005533,1,FLO-005,1,38.00,38.00,15.5000,
T0005533,2,EDI-003,1,20.00,20.00,6.5000,
T0005533,3,VAP-005,1,28.00,28.00,9.0000,
T0005534,1,PRE-002,1,10.00,10.00,3.4000,
T0005534,2,ACC-002,1,3.00,3.00,0.6000,
T0005534,3,PRE-001,1,10.00,10.00,3.2000,
T0005534,4,VAP-002,2,40.00,36.00,14.0000,
T0005535,1,EDI-003,1,20.00,20.00,6.5000,
T0005535,2,VAP-004,1,60.00,60.00,24.0000,
T0005535,3,FLO-004,3,38.00,38.00,15.0000,
T0005535,4,ACC-001,2,20.00,20.00,5.0000,
T0005535,5,PRE-004,2,35.00,28.00,12.0000,
T0005536,1,FLO-008,1,32.00,32.00,13.5000,
T0005537,1,VAP-001,1,55.00,55.00,22.0000,
T0005537,2,EDI-001,3,20.00,20.00,6.0000,
T0005537,3,PRE-004,2,35.00,35.00,12.0000,
T0005538,1,PRE-002,1,10.00,10.00,3.4000,
T0005539,1,EDI-001,1,20.00,20.00,6.0000,
T0005539,2,EDI-003,1,20.00,20.00,6.5000,
T0005539,3,EDI-007,1,18.00,18.00,6.0000,
T0005539,4,ACC-002,2,3.00,3.00,0.6000,
T0005540,1,FLO-008,1,32.00,32.00,13.5000,
T0005541,1,EDI-002,1,22.00,22.00,7.0000,
T0005542,1,ACC-002,1,3.00,2.40,0.6000,
T0005542,2,ACC-004,1,2.00,1.60,0.4000,
T0005543,1,PRE-001,1,10.00,10.00,3.2000,
T0005543,2,PRE-002,1,10.00,10.00,3.4000,
T0005543,3,VAP-002,1,40.00,40.00,14.0000,
T0005544,1,ACC-002,1,3.00,3.00,0.6000,
T0005544,2,VAP-003,1,32.00,25.60,12.0000,
T0005544,3,EDI-002,1,22.00,17.60,7.0000,
T0005545,1,FLO-005,1,38.00,38.00,15.5000,
T0005545,2,EDI-004,1,25.00,25.00,7.5000,
T0005545,3,VAP-002,3,40.00,36.00,14.0000,
T0005545,4,FLO-001,1,35.00,35.00,14.0000,
T0005546,1,VAP-006,1,15.00,15.00,4.0000,
T0005546,2,FLO-002,1,40.00,40.00,16.0000,
T0005547,1,TOP-001,1,35.00,35.00,12.0000,
T0005547,2,EDI-005,2,14.00,14.00,4.0000,
T0005547,3,EDI-006,1,8.00,8.00,3.0000,
T0005547,4,VAP-005,1,28.00,28.00,9.0000,
T0005547,5,FLO-002,1,40.00,40.00,16.0000,
T0005548,1,VAP-006,1,15.00,15.00,4.0000,
T0005548,2,VAP-005,1,28.00,22.40,9.0000,
T0005549,1,FLO-002,1,40.00,40.00,16.0000,
T0005550,1,EDI-005,1,14.00,14.00,4.0000,
T0005550,3,PRE-004,1,35.00,35.00,12.0000,
T0005550,4,ACC-004,2,2.00,2.00,0.4000,
T0005551,1,EDI-005,1,14.00,14.00,4.0000,
T0005552,1,FLO-007,1,32.00,25.60,13.0000,
T0005553,1,ACC-002,1,3.00,3.00,0.6000,
T0005554,1,FLO-005,1,38.00,30.40,15.5000,
T0005554,2,PRE-005,1,6.00,4.80,1.8000,
T0005555,1,PRE-004,2,35.00,35.00,12.0000,
T0005555,2,PRE-002,2,10.00,10.00,3.4000,
T0005556,1,FLO-008,1,32.00,25.60,13.5000,
T0005557,1,ACC-004,1,2.00,2.00,0.4000,
T0005558,1,EDI-006,2,8.00,8.00,3.0000,
T0005558,2,CON-003,1,30.00,30.00,12.0000,
T0005559,1,EDI-006,1,8.00,8.00,3.0000,
T0005559,2,PRE-002,1,10.00,10.00,3.4000,
T0005559,3,VAP-003,2,32.00,32.00,12.0000,
T0005560,1,PRE-002,1,10.00,10.00,3.4000,
T0005560,2,EDI-002,1,22.00,22.00,7.0000,
T0005560,3,FLO-005,1,38.00,38.00,15.5000,
T0005561,1,ACC-002,2,3.00,3.00,0.6000,
T0005561,2,EDI-006,1,8.00,8.00,3.0000,
T0005561,3,EDI-001,1,20.00,20.00,6.0000,
T0005561,4,FLO-008,2,32.00,32.00,13.5000,
T0005562,1,FLO-005,1,38.00,38.00,15.5000,
T0005562,2,FLO-003,1,70.00,70.00,28.0000,
T0005562,3,EDI-002,2,22.00,22.00,7.0000,
T0005563,1,PRE-005,1,6.00,6.00,1.8000,
T0005563,2,FLO-002,1,40.00,40.00,16.0000,
T0005563,3,VAP-001,3,55.00,55.00,22.0000,
T0005563,4,FLO-005,1,38.00,38.00,15.5000,
T0005564,1,FLO-005,1,38.00,38.00,15.5000,
T0005564,2,PRE-001,1,10.00,10.00,3.2000,
T0005565,1,PRE-002,1,10.00,10.00,3.4000,
T0005566,1,FLO-002,1,40.00,32.00,16.0000,
T0005566,2,FLO-005,1,38.00,30.40,15.5000,
T0005567,1,VAP-005,1,28.00,22.40,9.0000,
T0005567,2,PRE-005,3,6.00,6.00,1.8000,
T0005567,3,EDI-002,1,22.00,22.00,7.0000,
T0005568,1,EDI-006,1,8.00,8.00,3.0000,
T0005569,1,PRE-001,2,10.00,8.00,3.2000,
T0005569,2,FLO-007,1,32.00,32.00,13.0000,
T0005569,3,TIN-001,2,50.00,45.00,18.0000,
T0005570,1,PRE-002,1,10.00,9.00,3.4000,
T0005570,2,EDI-001,1,20.00,20.00,6.0000,
T0005570,3,FLO-007,2,32.00,32.00,13.0000,
T0005570,4,FLO-003,3,70.00,70.00,28.0000,
T0005570,5,FLO-008,1,32.00,32.00,13.5000,
T0005571,1,EDI-005,1,14.00,12.60,4.0000,
T0005571,2,ACC-002,1,3.00,3.00,0.6000,
T0005572,1,ACC-004,1,2.00,2.00,0.4000,
T0005573,1,VAP-002,2,40.00,40.00,14.0000,
T0005573,2,EDI-001,1,20.00,20.00,6.0000,
T0005573,3,FLO-007,1,32.00,32.00,13.0000,
T0005574,1,FLO-008,2,32.00,32.00,13.5000,
T0005574,2,EDI-005,1,14.00,14.00,4.0000,
T0005574,3,FLO-004,1,38.00,38.00,15.0000,
T0005574,4,VAP-005,3,28.00,22.40,9.0000,
T0005575,1,PRE-001,1,10.00,10.00,3.2000,
T0005575,2,FLO-007,3,32.00,32.00,13.0000,
T0005576,1,PRE-002,1,10.00,10.00,3.4000,
T0005576,2,FLO-001,1,35.00,28.00,14.0000,
T0005576,3,ACC-004,1,2.00,2.00,0.4000,
T0005577,1,PRE-001,1,10.00,10.00,3.2000,
T0005578,1,FLO-003,1,70.00,70.00,28.0000,
T0005578,2,PRE-002,1,10.00,10.00,3.4000,
T0005579,1,EDI-001,1,20.00,16.00,6.0000,
T0005580,1,VAP-001,2,55.00,55.00,22.0000,
T0005581,1,VAP-005,1,28.00,25.20,9.0000,
T0005582,1,EDI-003,1,20.00,20.00,6.5000,
T0005582,2,ACC-004,1,2.00,2.00,0.4000,
T0005583,1,FLO-003,1,70.00,70.00,28.0000,
T0005584,1,FLO-004,1,38.00,30.40,15.0000,
T0005585,1,FLO-001,1,35.00,31.50,14.0000,
T0005586,1,FLO-005,1,38.00,38.00,15.5000,
T0005587,1,EDI-003,1,20.00,20.00,6.5000,
T0005587,2,PRE-002,1,10.00,10.00,3.4000,
T0005588,1,FLO-005,1,38.00,30.40,15.5000,
T0005589,1,FLO-001,2,35.00,35.00,14.0000,
T0005589,2,PRE-002,3,10.00,10.00,3.4000,
T0005590,1,FLO-005,2,38.00,38.00,15.5000,
T0005591,1,VAP-005,3,28.00,28.00,9.0000,
T0005592,1,EDI-005,1,14.00,14.00,4.0000,
T0005592,2,FLO-002,2,40.00,40.00,16.0000,
T0005593,1,FLO-008,1,32.00,32.00,13.5000,
T0005593,2,EDI-007,1,18.00,18.00,6.0000,
T0005593,3,VAP-001,1,55.00,55.00,22.0000,
T0005593,4,ACC-001,1,20.00,20.00,5.0000,
T0005594,1,PRE-001,2,10.00,10.00,3.2000,
T0005594,2,EDI-004,1,25.00,25.00,7.5000,
T0005595,1,PRE-001,1,10.00,10.00,3.2000,
T0005595,2,FLO-001,1,35.00,35.00,14.0000,
T0005596,1,FLO-002,1,40.00,40.00,16.0000,
T0005597,1,EDI-006,1,8.00,8.00,3.0000,
T0005598,1,VAP-002,1,40.00,40.00,14.0000,
T0005599,1,PRE-004,1,35.00,35.00,12.0000,
T0005599,2,VAP-002,1,40.00,40.00,14.0000,
T0005599,3,ACC-002,1,3.00,3.00,0.6000,
T0005599,4,ACC-004,2,2.00,2.00,0.4000,
T0005600,1,EDI-001,1,20.00,18.00,6.0000,
T0005601,1,ACC-004,2,2.00,2.00,0.4000,
T0005602,1,PRE-003,1,18.00,18.00,6.0000,
T0005603,1,EDI-005,1,14.00,14.00,4.0000,
T0005603,2,VAP-003,1,32.00,32.00,12.0000,
T0005604,1,FLO-003,1,70.00,70.00,28.0000,
T0005604,2,FLO-007,1,32.00,32.00,13.0000,
T0005605,1,EDI-001,1,20.00,20.00,6.0000,
T0005605,2,VAP-002,1,40.00,40.00,14.0000,
T0005605,3,PRE-005,1,6.00,6.00,1.8000,
T0005606,1,EDI-001,1,20.00,20.00,6.0000,
T0005606,2,CON-002,2,45.00,45.00,18.0000,
T0005607,1,EDI-006,2,8.00,7.20,3.0000,
T0005607,2,PRE-005,1,6.00,5.40,1.8000,
T0005607,3,EDI-003,1,20.00,20.00,6.5000,
T0005608,1,FLO-001,1,35.00,28.00,14.0000,
T0005608,2,ACC-004,1,2.00,1.60,0.4000,
T0005608,3,CON-002,2,45.00,36.00,18.0000,
T0005609,1,PRE-001,1,10.00,9.00,3.2000,
T0005609,2,EDI-001,1,20.00,20.00,6.0000,
T0005610,1,EDI-004,1,25.00,22.50,7.5000,
T0005610,2,FLO-001,1,35.00,35.00,14.0000,
T0005610,3,ACC-004,2,2.00,2.00,0.4000,
T0005610,4,PRE-001,1,10.00,10.00,3.2000,
T0005611,1,PRE-002,1,10.00,10.00,3.4000,
T0005612,1,FLO-004,1,38.00,38.00,15.0000,
T0005613,1,FLO-001,1,35.00,35.00,14.0000,
T0005613,2,PRE-001,1,10.00,10.00,3.2000,
T0005614,1,PRE-002,2,10.00,10.00,3.4000,
T0005614,2,FLO-007,1,32.00,32.00,13.0000,
T0005614,3,EDI-006,2,8.00,8.00,3.0000,
T0005614,4,PRE-005,1,6.00,6.00,1.8000,
T0005614,5,VAP-003,1,32.00,32.00,12.0000,
T0005615,1,VAP-001,1,55.00,55.00,22.0000,
T0005616,1,PRE-003,1,18.00,16.20,6.0000,
T0005617,1,PRE-002,1,10.00,10.00,3.4000,
T0005618,1,CON-003,1,30.00,30.00,12.0000,
T0005619,1,FLO-002,1,40.00,40.00,16.0000,
T0005619,2,EDI-006,2,8.00,8.00,3.0000,
T0005620,1,VAP-002,1,40.00,40.00,14.0000,
T0005620,2,EDI-001,1,20.00,20.00,6.0000,
T0005620,3,EDI-002,1,22.00,22.00,7.0000,
T0005620,4,CON-003,1,30.00,27.00,12.0000,
T0005621,1,ACC-002,1,3.00,3.00,0.6000,
T0005621,2,PRE-005,1,6.00,6.00,1.8000,
T0005622,1,PRE-001,1,10.00,10.00,3.2000,
T0005622,3,CON-004,1,55.00,55.00,22.0000,
T0005623,1,FLO-006,1,120.00,108.00,52.0000,
T0005623,2,EDI-001,1,20.00,20.00,6.0000,
T0005623,3,EDI-005,1,14.00,14.00,4.0000,
T0005623,4,CON-001,2,75.00,75.00,32.0000,
T0005624,1,EDI-002,1,22.00,19.80,7.0000,
T0005624,2,FLO-001,2,35.00,35.00,14.0000,
T0005624,3,EDI-005,1,14.00,14.00,4.0000,
T0005625,1,FLO-010,2,45.00,45.00,18.0000,
T0005625,2,FLO-001,1,35.00,35.00,14.0000,
T0005626,1,PRE-005,1,6.00,6.00,1.8000,
T0005626,2,EDI-001,2,20.00,20.00,6.0000,
T0005627,1,PRE-003,1,18.00,18.00,6.0000,
T0005627,2,PRE-004,2,35.00,35.00,12.0000,
T0005628,1,EDI-001,1,20.00,18.00,6.0000,
T0005629,1,EDI-006,1,8.00,8.00,3.0000,
T0005629,2,PRE-002,3,10.00,10.00,3.4000,
T0005629,3,FLO-002,1,40.00,40.00,16.0000,
T0005629,4,FLO-008,1,32.00,32.00,13.5000,
T0005630,1,EDI-004,1,25.00,25.00,7.5000,
T0005630,2,FLO-005,1,38.00,38.00,15.5000,
T0005631,1,PRE-003,2,18.00,18.00,6.0000,
T0005631,2,EDI-005,3,14.00,14.00,4.0000,
T0005631,3,PRE-002,1,10.00,10.00,3.4000,
T0005631,4,VAP-005,1,28.00,28.00,9.0000,
T0005632,1,VAP-005,1,28.00,28.00,9.0000,
T0005632,2,TIN-001,1,50.00,50.00,18.0000,
T0005633,1,EDI-007,1,18.00,18.00,6.0000,
T0005633,2,VAP-004,3,60.00,60.00,24.0000,
T0005633,3,EDI-003,1,20.00,20.00,6.5000,
T0005634,1,FLO-001,1,35.00,35.00,14.0000,
T0005635,1,EDI-003,1,20.00,18.00,6.5000,
T0005635,2,PRE-002,1,10.00,9.00,3.4000,
T0005636,1,PRE-004,1,35.00,35.00,12.0000,
T0005636,2,PRE-001,1,10.00,10.00,3.2000,
T0005637,1,VAP-002,2,40.00,40.00,14.0000,
T0005637,2,ACC-004,1,2.00,2.00,0.4000,
T0005637,3,EDI-001,2,20.00,20.00,6.0000,
T0005638,1,VAP-001,2,55.00,55.00,22.0000,
T0005638,2,PRE-002,1,10.00,10.00,3.4000,
T0005638,3,EDI-002,1,22.00,22.00,7.0000,
T0005639,1,FLO-002,1,40.00,40.00,16.0000,
T0005640,1,VAP-002,2,40.00,32.00,14.0000,
T0005640,2,FLO-002,2,40.00,40.00,16.0000,
T0005641,1,VAP-003,1,32.00,32.00,12.0000,
T0005642,1,EDI-004,1,25.00,20.00,7.5000,
T0005643,1,EDI-006,2,8.00,8.00,3.0000,
T0005643,2,FLO-009,2,210.00,210.00,95.0000,
T0005643,3,CON-001,1,75.00,75.00,32.0000,
T0005644,1,PRE-001,1,10.00,10.00,3.2000,
T0005645,1,TIN-002,1,45.00,40.50,16.0000,
T0005645,2,FLO-002,1,40.00,36.00,16.0000,
T0005645,3,PRE-004,1,35.00,31.50,12.0000,
T0005646,1,PRE-004,1,35.00,35.00,12.0000,
T0005647,1,VAP-005,2,28.00,28.00,9.0000,
T0005648,1,FLO-002,1,40.00,40.00,16.0000,
T0005649,1,VAP-005,3,28.00,28.00,9.0000,
T0005650,1,EDI-002,1,22.00,22.00,7.0000,
T0005650,3,ACC-004,1,2.00,2.00,0.4000,
T0005651,1,EDI-002,1,22.00,22.00,7.0000,
T0005651,2,EDI-003,1,20.00,20.00,6.5000,
T0005652,1,FLO-004,3,38.00,38.00,15.0000,
T0005652,2,EDI-006,1,8.00,8.00,3.0000,
T0005653,1,PRE-003,2,18.00,18.00,6.0000,
T0005653,2,FLO-002,1,40.00,40.00,16.0000,
T0005653,3,FLO-004,1,38.00,38.00,15.0000,
T0005654,1,PRE-002,1,10.00,10.00,3.4000,
T0005654,2,VAP-004,1,60.00,54.00,24.0000,
T0005654,3,FLO-002,1,40.00,40.00,16.0000,
T0005655,1,EDI-003,1,20.00,20.00,6.5000,
T0005656,1,EDI-004,1,25.00,25.00,7.5000,
T0005656,2,PRE-002,2,10.00,10.00,3.4000,
T0005657,1,CON-001,1,75.00,75.00,32.0000,
T0005657,2,ACC-004,1,2.00,2.00,0.4000,
T0005658,1,CON-003,1,30.00,30.00,12.0000,
T0005658,2,EDI-003,1,20.00,16.00,6.5000,
T0005659,1,FLO-001,2,35.00,35.00,14.0000,
T0005660,1,VAP-001,1,55.00,55.00,22.0000,
T0005660,2,FLO-004,1,38.00,38.00,15.0000,
T0005660,3,TIN-001,2,50.00,50.00,18.0000,
T0005661,1,PRE-001,1,10.00,10.00,3.2000,
T0005662,1,ACC-002,1,3.00,2.40,0.6000,
T0005662,2,EDI-001,1,20.00,16.00,6.0000,
T0005662,3,FLO-002,1,40.00,40.00,16.0000,
T0005662,4,CON-001,1,75.00,60.00,32.0000,
T0005663,1,EDI-005,1,14.00,14.00,4.0000,
T0005663,2,CON-003,1,30.00,30.00,12.0000,
T0005663,3,VAP-002,2,40.00,40.00,14.0000,
T0005664,1,ACC-004,1,2.00,1.80,0.4000,
T0005665,1,ACC-004,2,2.00,2.00,0.4000,
T0005665,2,PRE-002,2,10.00,10.00,3.4000,
T0005666,1,FLO-001,1,35.00,35.00,14.0000,
T0005667,1,VAP-002,1,40.00,40.00,14.0000,
T0005668,1,ACC-002,1,3.00,3.00,0.6000,
T0005668,2,CON-001,1,75.00,75.00,32.0000,
T0005669,1,ACC-002,1,3.00,3.00,0.6000,
T0005669,2,PRE-003,3,18.00,18.00,6.0000,
T0005670,1,FLO-002,1,40.00,40.00,16.0000,
T0005670,2,PRE-002,1,10.00,10.00,3.4000,
T0005671,1,PRE-004,1,35.00,35.00,12.0000,
T0005671,2,VAP-003,1,32.00,32.00,12.0000,
T0005672,1,PRE-001,2,10.00,10.00,3.2000,
T0005673,1,VAP-003,2,32.00,32.00,12.0000,
T0005673,2,PRE-002,1,10.00,10.00,3.4000,
T0005674,1,ACC-002,1,3.00,3.00,0.6000,
T0005675,1,PRE-001,1,10.00,10.00,3.2000,
T0005675,2,ACC-004,1,2.00,2.00,0.4000,
T0005676,1,FLO-008,1,32.00,32.00,13.5000,
T0005677,1,VAP-005,1,28.00,28.00,9.0000,
T0005677,2,FLO-002,1,40.00,40.00,16.0000,
T0005677,3,EDI-001,2,20.00,20.00,6.0000,
T0005678,1,PRE-004,1,35.00,35.00,12.0000,
T0005678,2,PRE-001,3,10.00,10.00,3.2000,
T0005679,1,ACC-001,1,20.00,20.00,5.0000,
T0005679,2,EDI-002,1,22.00,22.00,7.0000,
T0005679,3,EDI-001,1,20.00,20.00,6.0000,
T0005680,1,ACC-004,1,2.00,2.00,0.4000,
T0005680,2,FLO-003,2,70.00,56.00,28.0000,
T0005681,1,PRE-005,3,6.00,6.00,1.8000,
T0005682,1,CON-003,3,30.00,24.00,12.0000,
T0005683,1,FLO-001,1,35.00,35.00,14.0000,
T0005683,2,PRE-005,1,6.00,6.00,1.8000,
T0005684,1,EDI-005,3,14.00,14.00,4.0000,
T0005684,2,ACC-004,1,2.00,2.00,0.4000,
T0005684,3,EDI-004,1,25.00,25.00,7.5000,
T0005685,1,PRE-003,1,18.00,18.00,6.0000,
T0005685,2,VAP-006,1,15.00,15.00,4.0000,
T0005685,3,VAP-001,1,55.00,49.50,22.0000,
T0005685,4,PRE-002,2,10.00,10.00,3.4000,
T0005686,1,VAP-001,1,55.00,49.50,22.0000,
T0005686,2,PRE-002,1,10.00,10.00,3.4000,
T0005687,1,TIN-002,2,45.00,45.00,16.0000,
T0005687,2,FLO-007,2,32.00,28.80,13.0000,
T0005687,3,FLO-002,1,40.00,40.00,16.0000,
T0005688,1,PRE-003,3,18.00,18.00,6.0000,
T0005688,2,VAP-005,2,28.00,25.20,9.0000,
T0005688,3,FLO-007,2,32.00,32.00,13.0000,
T0005688,4,FLO-002,1,40.00,40.00,16.0000,
T0005689,1,PRE-005,2,6.00,6.00,1.8000,
T0005690,1,EDI-002,1,22.00,22.00,7.0000,
T0005691,1,FLO-005,1,38.00,38.00,15.5000,
T0005691,2,PRE-002,1,10.00,10.00,3.4000,
T0005692,1,PRE-002,1,10.00,10.00,3.4000,
T0005692,2,EDI-006,2,8.00,8.00,3.0000,
T0005693,1,EDI-006,1,8.00,8.00,3.0000,
T0005694,1,EDI-001,1,20.00,18.00,6.0000,
T0005694,2,ACC-004,1,2.00,2.00,0.4000,
T0005695,1,FLO-001,2,35.00,35.00,14.0000,
T0005696,1,EDI-002,1,22.00,22.00,7.0000,
T0005697,1,FLO-003,1,70.00,70.00,28.0000,
T0005697,2,FLO-008,2,32.00,32.00,13.5000,
T0005697,3,FLO-004,1,38.00,38.00,15.0000,
T0005698,1,FLO-002,2,40.00,40.00,16.0000,
T0005699,1,ACC-002,1,3.00,3.00,0.6000,
T0005700,1,FLO-001,1,35.00,35.00,14.0000,
T0005700,2,FLO-008,1,32.00,32.00,13.5000,
T0005701,1,FLO-001,3,35.00,35.00,14.0000,
T0005702,1,PRE-002,1,10.00,10.00,3.4000,
T0005703,1,CON-004,1,55.00,55.00,22.0000,
T0005703,2,PRE-003,1,18.00,18.00,6.0000,
T0005703,3,TIN-002,3,45.00,45.00,16.0000,
T0005703,4,PRE-004,1,35.00,31.50,12.0000,
T0005704,1,VAP-005,1,28.00,28.00,9.0000,
T0005704,2,FLO-002,2,40.00,40.00,16.0000,
T0005704,3,PRE-001,1,10.00,10.00,3.2000,
T0005704,4,ACC-002,1,3.00,3.00,0.6000,
T0005705,1,FLO-002,1,40.00,40.00,16.0000,
T0005705,2,VAP-002,1,40.00,40.00,14.0000,
T0005705,3,ACC-004,2,2.00,2.00,0.4000,
T0005706,1,VAP-004,2,60.00,60.00,24.0000,
T0005706,2,VAP-006,1,15.00,15.00,4.0000,
T0005706,3,FLO-004,1,38.00,38.00,15.0000,
T0005706,4,FLO-001,1,35.00,35.00,14.0000,
T0005707,1,PRE-005,1,6.00,6.00,1.8000,
T0005707,2,FLO-005,1,38.00,38.00,15.5000,
T0005708,1,PRE-002,1,10.00,10.00,3.4000,
T0005708,2,EDI-001,1,20.00,20.00,6.0000,
T0005709,1,TOP-002,1,24.00,24.00,9.0000,
T0005709,2,FLO-007,1,32.00,32.00,13.0000,
T0005710,1,VAP-006,1,15.00,15.00,4.0000,
T0005710,2,FLO-003,1,70.00,70.00,28.0000,
T0005710,3,VAP-002,1,40.00,40.00,14.0000,
T0005710,4,EDI-004,1,25.00,25.00,7.5000,
T0005711,1,VAP-003,1,32.00,32.00,12.0000,
T0005712,1,VAP-002,1,40.00,40.00,14.0000,
T0005712,2,EDI-005,1,14.00,14.00,4.0000,
T0005713,1,PRE-001,1,10.00,10.00,3.2000,
T0005714,1,VAP-006,1,15.00,15.00,4.0000,
T0005715,1,VAP-001,1,55.00,55.00,22.0000,
T0005716,1,VAP-006,1,15.00,13.50,4.0000,
T0005716,2,EDI-004,2,25.00,25.00,7.5000,
T0005717,1,PRE-003,3,18.00,18.00,6.0000,
T0005717,2,VAP-002,1,40.00,40.00,14.0000,
T0005718,1,FLO-002,1,40.00,40.00,16.0000,
T0005718,2,CON-002,1,45.00,45.00,18.0000,
T0005719,1,PRE-003,1,18.00,18.00,6.0000,
T0005719,2,FLO-004,1,38.00,38.00,15.0000,
T0005719,3,ACC-004,1,2.00,2.00,0.4000,
T0005719,4,TIN-001,1,50.00,50.00,18.0000,
T0005720,1,EDI-006,1,8.00,8.00,3.0000,
T0005720,2,PRE-002,1,10.00,10.00,3.4000,
T0005720,3,FLO-002,1,40.00,40.00,16.0000,
T0005721,1,PRE-001,1,10.00,8.00,3.2000,
T0005721,3,VAP-004,1,60.00,60.00,24.0000,
T0005722,1,ACC-002,2,3.00,3.00,0.6000,
T0005722,2,FLO-007,1,32.00,28.80,13.0000,
T0005723,1,VAP-001,1,55.00,55.00,22.0000,
T0005724,1,VAP-004,1,60.00,60.00,24.0000,
T0005724,2,TOP-001,1,35.00,35.00,12.0000,
T0005724,3,ACC-004,1,2.00,2.00,0.4000,
T0005724,4,VAP-002,1,40.00,40.00,14.0000,
T0005725,1,PRE-002,1,10.00,8.00,3.4000,
T0005725,2,VAP-006,1,15.00,13.50,4.0000,
T0005726,1,VAP-005,1,28.00,28.00,9.0000,
T0005726,2,VAP-004,1,60.00,60.00,24.0000,
T0005727,1,PRE-002,2,10.00,10.00,3.4000,
T0005727,2,ACC-001,1,20.00,20.00,5.0000,
T0005727,3,ACC-002,1,3.00,3.00,0.6000,
T0005728,1,VAP-006,1,15.00,15.00,4.0000,
T0005729,1,FLO-007,1,32.00,32.00,13.0000,
T0005729,2,VAP-002,1,40.00,40.00,14.0000,
T0005729,3,VAP-001,1,55.00,55.00,22.0000,
T0005730,1,FLO-005,1,38.00,34.20,15.5000,
T0005730,2,VAP-003,1,32.00,32.00,12.0000,
T0005731,1,ACC-002,1,3.00,2.40,0.6000,
T0005732,1,ACC-004,1,2.00,2.00,0.4000,
T0005732,2,PRE-002,1,10.00,10.00,3.4000,
T0005732,3,VAP-006,1,15.00,15.00,4.0000,
T0005732,4,CON-002,2,45.00,45.00,18.0000,
T0005732,5,VAP-004,1,60.00,60.00,24.0000,
T0005733,1,VAP-003,2,32.00,28.80,12.0000,
T0005734,1,FLO-007,2,32.00,32.00,13.0000,
T0005735,1,ACC-004,1,2.00,2.00,0.4000,
T0005736,1,ACC-004,1,2.00,1.80,0.4000,
T0005737,1,FLO-007,1,32.00,32.00,13.0000,
T0005738,1,FLO-004,3,38.00,38.00,15.0000,
T0005739,1,VAP-005,2,28.00,28.00,9.0000,
T0005740,1,PRE-002,1,10.00,10.00,3.4000,
T0005741,1,ACC-002,1,3.00,3.00,0.6000,
T0005741,2,EDI-004,2,25.00,25.00,7.5000,
T0005742,1,EDI-001,1,20.00,20.00,6.0000,
T0005743,1,ACC-001,1,20.00,20.00,5.0000,
T0005743,2,EDI-007,1,18.00,18.00,6.0000,
T0005743,3,VAP-004,1,60.00,60.00,24.0000,
T0005743,4,FLO-002,1,40.00,32.00,16.0000,
T0005743,5,FLO-008,1,32.00,32.00,13.5000,
T0005744,1,PRE-005,2,6.00,6.00,1.8000,
T0005744,2,ACC-004,1,2.00,2.00,0.4000,
T0005744,3,FLO-004,1,38.00,38.00,15.0000,
T0005745,1,PRE-003,1,18.00,18.00,6.0000,
T0005746,1,ACC-003,1,22.00,22.00,6.0000,
T0005746,2,PRE-001,1,10.00,8.00,3.2000,
T0005747,1,PRE-001,2,10.00,10.00,3.2000,
T0005747,2,VAP-006,2,15.00,15.00,4.0000,
T0005747,3,FLO-002,1,40.00,40.00,16.0000,
T0005748,1,FLO-002,1,40.00,40.00,16.0000,
T0005748,2,PRE-005,2,6.00,6.00,1.8000,
T0005749,1,PRE-001,3,10.00,10.00,3.2000,
T0005749,2,CON-004,1,55.00,44.00,22.0000,
T0005749,3,FLO-004,2,38.00,38.00,15.0000,
T0005749,4,VAP-002,1,40.00,40.00,14.0000,
T0005750,1,EDI-006,1,8.00,8.00,3.0000,
T0005750,2,PRE-002,1,10.00,10.00,3.4000,
T0005750,3,TOP-002,1,24.00,21.60,9.0000,
T0005751,1,EDI-004,2,25.00,25.00,7.5000,
T0005752,1,PRE-005,1,6.00,6.00,1.8000,
T0005752,2,VAP-002,1,40.00,40.00,14.0000,
T0005753,1,ACC-004,1,2.00,2.00,0.4000,
T0005754,1,EDI-004,3,25.00,25.00,7.5000,
T0005754,2,CON-003,1,30.00,27.00,12.0000,
T0005755,1,FLO-004,1,38.00,38.00,15.0000,
T0005755,2,ACC-001,1,20.00,20.00,5.0000,
T0005756,1,PRE-005,1,6.00,6.00,1.8000,
T0005756,2,VAP-002,1,40.00,40.00,14.0000,
T0005756,3,VAP-001,1,55.00,55.00,22.0000,
T0005756,4,FLO-005,1,38.00,34.20,15.5000,
T0005757,1,EDI-001,1,20.00,20.00,6.0000,
T0005758,1,PRE-002,1,10.00,10.00,3.4000,
T0005758,2,EDI-003,1,20.00,20.00,6.5000,
T0005759,1,PRE-001,1,10.00,10.00,3.2000,
T0005760,1,ACC-003,1,22.00,22.00,6.0000,
T0005761,1,PRE-005,2,6.00,6.00,1.8000,
T0005762,1,VAP-003,1,32.00,28.80,12.0000,
T0005762,2,VAP-001,1,55.00,49.50,22.0000,
T0005763,1,ACC-004,2,2.00,2.00,0.4000,
T0005764,1,CON-003,1,30.00,30.00,12.0000,
T0005765,1,PRE-004,1,35.00,35.00,12.0000,
T0005765,2,FLO-010,1,45.00,45.00,18.0000,
T0005766,1,FLO-002,1,40.00,40.00,16.0000,
T0005767,1,FLO-001,2,35.00,35.00,14.0000,
T0005767,2,EDI-003,1,20.00,20.00,6.5000,
T0005767,3,VAP-002,1,40.00,40.00,14.0000,
T0005768,1,CON-004,1,55.00,55.00,22.0000,
T0005769,1,FLO-004,3,38.00,38.00,15.0000,
T0005770,1,VAP-002,1,40.00,40.00,14.0000,
T0005770,2,CON-002,2,45.00,45.00,18.0000,
T0005770,3,EDI-002,1,22.00,22.00,7.0000,
T0005771,1,VAP-005,1,28.00,28.00,9.0000,
T0005771,2,PRE-005,1,6.00,6.00,1.8000,
T0005771,3,VAP-006,2,15.00,15.00,4.0000,
T0005771,4,FLO-002,2,40.00,40.00,16.0000,
T0005772,1,EDI-003,1,20.00,20.00,6.5000,
T0005772,2,FLO-010,1,45.00,45.00,18.0000,
T0005773,1,PRE-002,1,10.00,10.00,3.4000,
T0005774,1,FLO-003,1,70.00,70.00,28.0000,
T0005774,2,FLO-005,1,38.00,38.00,15.5000,
T0005775,1,PRE-005,1,6.00,6.00,1.8000,
T0005776,1,PRE-001,2,10.00,10.00,3.2000,
T0005776,2,PRE-005,1,6.00,4.80,1.8000,
T0005777,1,EDI-001,2,20.00,20.00,6.0000,
T0005777,2,FLO-010,1,45.00,45.00,18.0000,
T0005778,1,FLO-002,1,40.00,40.00,16.0000,
T0005779,1,VAP-005,3,28.00,25.20,9.0000,
T0005779,2,ACC-003,2,22.00,22.00,6.0000,
T0005779,3,PRE-001,1,10.00,10.00,3.2000,
T0005780,1,VAP-002,1,40.00,40.00,14.0000,
T0005780,2,VAP-001,1,55.00,55.00,22.0000,
T0005780,3,TOP-001,1,35.00,35.00,12.0000,
T0005781,1,EDI-001,1,20.00,20.00,6.0000,
T0005781,2,FLO-004,1,38.00,38.00,15.0000,
T0005782,1,EDI-001,1,20.00,20.00,6.0000,
T0005783,1,FLO-008,1,32.00,32.00,13.5000,
T0005784,1,EDI-007,1,18.00,18.00,6.0000,
T0005784,2,PRE-002,2,10.00,9.00,3.4000,
T0005785,1,EDI-004,2,25.00,25.00,7.5000,
T0005786,1,EDI-003,2,20.00,20.00,6.5000,
T0005787,1,PRE-001,1,10.00,9.00,3.2000,
T0005787,2,FLO-001,1,35.00,35.00,14.0000,
T0005787,3,FLO-010,1,45.00,45.00,18.0000,
T0005788,1,ACC-002,2,3.00,3.00,0.6000,
T0005788,2,PRE-002,1,10.00,10.00,3.4000,
T0005789,1,VAP-002,1,40.00,40.00,14.0000,
T0005789,2,VAP-005,1,28.00,28.00,9.0000,
T0005790,1,PRE-004,1,35.00,35.00,12.0000,
T0005790,2,FLO-003,1,70.00,70.00,28.0000,
T0005791,1,ACC-002,2,3.00,3.00,0.6000,
T0005792,1,ACC-004,1,2.00,2.00,0.4000,
T0005793,1,VAP-003,1,32.00,32.00,12.0000,
T0005793,2,ACC-004,3,2.00,1.80,0.4000,
T0005794,1,ACC-001,1,20.00,20.00,5.0000,
T0005795,1,PRE-003,2,18.00,18.00,6.0000,
T0005795,2,PRE-001,1,10.00,10.00,3.2000,
T0005795,3,FLO-005,1,38.00,38.00,15.5000,
T0005795,4,VAP-003,2,32.00,32.00,12.0000,
T0005795,5,VAP-002,1,40.00,40.00,14.0000,
T0005796,1,EDI-001,3,20.00,20.00,6.0000,
T0005796,2,PRE-005,2,6.00,6.00,1.8000,
T0005797,1,ACC-002,1,3.00,3.00,0.6000,
T0005798,1,PRE-001,1,10.00,10.00,3.2000,
T0005798,2,CON-004,1,55.00,55.00,22.0000,
T0005799,1,EDI-001,2,20.00,20.00,6.0000,
T0005799,2,VAP-005,3,28.00,28.00,9.0000,
T0005800,1,EDI-001,1,20.00,18.00,6.0000,
T0005801,1,FLO-003,1,70.00,70.00,28.0000,
T0005801,2,ACC-004,1,2.00,2.00,0.4000,
T0005802,1,FLO-001,2,35.00,35.00,14.0000,
T0005802,2,VAP-003,1,32.00,32.00,12.0000,
T0005802,3,CON-003,1,30.00,30.00,12.0000,
T0005803,1,VAP-002,1,40.00,40.00,14.0000,
T0005803,2,FLO-001,1,35.00,35.00,14.0000,
T0005803,4,PRE-001,2,10.00,10.00,3.2000,
T0005803,5,EDI-004,1,25.00,25.00,7.5000,
T0005804,1,VAP-003,1,32.00,32.00,12.0000,
T0005805,1,CON-002,1,45.00,45.00,18.0000,
T0005806,1,ACC-002,1,3.00,3.00,0.6000,
T0005806,2,EDI-006,1,8.00,8.00,3.0000,
T0005806,3,ACC-004,2,2.00,2.00,0.4000,
T0005806,4,CON-003,1,30.00,30.00,12.0000,
T0005806,5,VAP-005,1,28.00,28.00,9.0000,
T0005807,1,FLO-002,3,40.00,40.00,16.0000,
T0005808,1,PRE-002,2,10.00,9.00,3.4000,
T0005809,1,PRE-005,1,6.00,6.00,1.8000,
T0005810,1,FLO-001,2,35.00,35.00,14.0000,
T0005811,1,EDI-005,2,14.00,14.00,4.0000,
T0005811,2,ACC-004,1,2.00,2.00,0.4000,
T0005811,3,VAP-005,1,28.00,25.20,9.0000,
T0005812,1,EDI-007,1,18.00,18.00,6.0000,
T0005812,2,FLO-001,1,35.00,35.00,14.0000,
T0005812,3,EDI-004,1,25.00,25.00,7.5000,
T0005813,1,CON-002,1,45.00,45.00,18.0000,
T0005814,1,FLO-004,1,38.00,38.00,15.0000,
T0005815,1,FLO-004,1,38.00,38.00,15.0000,
T0005815,2,FLO-002,3,40.00,40.00,16.0000,
T0005816,1,VAP-002,1,40.00,40.00,14.0000,
T0005816,2,EDI-005,2,14.00,14.00,4.0000,
T0005817,1,VAP-002,1,40.00,40.00,14.0000,
T0005818,1,VAP-003,1,32.00,32.00,12.0000,
T0005819,1,FLO-001,1,35.00,31.50,14.0000,
T0005820,1,EDI-005,1,14.00,14.00,4.0000,
T0005820,2,PRE-005,1,6.00,5.40,1.8000,
T0005821,1,PRE-003,1,18.00,18.00,6.0000,
T0005821,2,EDI-006,1,8.00,8.00,3.0000,
T0005821,3,FLO-005,1,38.00,38.00,15.5000,
T0005822,1,FLO-003,1,70.00,56.00,28.0000,
T0005823,1,VAP-002,1,40.00,40.00,14.0000,
T0005823,2,EDI-001,1,20.00,20.00,6.0000,
T0005823,3,VAP-005,2,28.00,25.20,9.0000,
T0005824,1,PRE-003,1,18.00,18.00,6.0000,
T0005824,2,EDI-003,1,20.00,20.00,6.5000,
T0005825,1,ACC-002,1,3.00,3.00,0.6000,
T0005825,2,EDI-001,1,20.00,20.00,6.0000,
T0005826,1,VAP-002,1,40.00,40.00,14.0000,
T0005827,1,PRE-005,1,6.00,6.00,1.8000,
T0005827,2,VAP-002,1,40.00,40.00,14.0000,
T0005828,1,EDI-001,2,20.00,20.00,6.0000,
T0005829,1,VAP-002,1,40.00,40.00,14.0000,
T0005829,2,VAP-003,2,32.00,32.00,12.0000,
T0005830,1,FLO-004,1,38.00,30.40,15.0000,
T0005830,2,EDI-007,2,18.00,18.00,6.0000,
T0005830,3,PRE-002,1,10.00,8.00,3.4000,
T0005830,4,EDI-002,1,22.00,22.00,7.0000,
T0005831,1,PRE-001,1,10.00,10.00,3.2000,
T0005831,3,VAP-002,1,40.00,40.00,14.0000,
T0005831,4,EDI-002,1,22.00,22.00,7.0000,
T0005832,1,VAP-001,1,55.00,55.00,22.0000,
T0005833,1,EDI-004,3,25.00,25.00,7.5000,
T0005833,2,EDI-001,1,20.00,20.00,6.0000,
T0005834,1,PRE-005,1,6.00,6.00,1.8000,
T0005834,2,VAP-003,1,32.00,32.00,12.0000,
T0005835,1,FLO-007,2,32.00,32.00,13.0000,
T0005836,1,FLO-002,2,40.00,40.00,16.0000,
T0005837,1,PRE-001,2,10.00,10.00,3.2000,
T0005838,1,FLO-001,1,35.00,35.00,14.0000,
T0005839,1,FLO-004,1,38.00,38.00,15.0000,
T0005840,1,ACC-004,2,2.00,2.00,0.4000,
T0005841,1,EDI-006,2,8.00,8.00,3.0000,
T0005841,2,FLO-007,1,32.00,32.00,13.0000,
T0005841,3,FLO-002,2,40.00,40.00,16.0000,
T0005842,1,PRE-005,1,6.00,6.00,1.8000,
T0005842,2,VAP-002,1,40.00,40.00,14.0000,
T0005842,3,EDI-005,1,14.00,14.00,4.0000,
T0005842,4,EDI-001,1,20.00,20.00,6.0000,
T0005843,1,FLO-005,1,38.00,38.00,15.5000,
T0005843,2,FLO-001,1,35.00,35.00,14.0000,
T0005844,1,FLO-003,1,70.00,70.00,28.0000,
T0005845,1,PRE-004,1,35.00,35.00,12.0000,
T0005846,1,FLO-007,1,32.00,32.00,13.0000,
T0005846,2,PRE-001,1,10.00,10.00,3.2000,
T0005847,1,VAP-003,1,32.00,25.60,12.0000,
T0005848,1,FLO-002,1,40.00,40.00,16.0000,
T0005849,1,FLO-005,1,38.00,38.00,15.5000,
T0005849,2,VAP-003,1,32.00,32.00,12.0000,
T0005849,3,EDI-003,1,20.00,20.00,6.5000,
T0005850,1,FLO-005,1,38.00,38.00,15.5000,
T0005850,3,VAP-003,1,32.00,28.80,12.0000,
T0005851,1,FLO-008,2,32.00,32.00,13.5000,
T0005851,2,VAP-003,1,32.00,32.00,12.0000,
T0005852,1,ACC-004,1,2.00,2.00,0.4000,
T0005852,2,EDI-001,1,20.00,16.00,6.0000,
T0005853,1,CON-001,1,75.00,75.00,32.0000,
T0005854,1,CON-004,1,55.00,55.00,22.0000,
T0005855,1,FLO-005,1,38.00,30.40,15.5000,
T0005855,2,EDI-004,1,25.00,20.00,7.5000,
T0005856,1,VAP-003,3,32.00,32.00,12.0000,
T0005857,1,FLO-007,1,32.00,32.00,13.0000,
T0005857,2,EDI-001,1,20.00,20.00,6.0000,
T0005857,3,PRE-005,1,6.00,6.00,1.8000,
T0005858,1,VAP-002,2,40.00,40.00,14.0000,
T0005858,2,FLO-005,1,38.00,38.00,15.5000,
T0005859,1,ACC-004,1,2.00,2.00,0.4000,
T0005859,2,EDI-006,1,8.00,8.00,3.0000,
T0005859,3,FLO-003,1,70.00,70.00,28.0000,
T0005860,1,FLO-004,1,38.00,38.00,15.0000,
T0005860,2,EDI-003,2,20.00,20.00,6.5000,
T0005861,1,FLO-007,1,32.00,32.00,13.0000,
T0005862,1,PRE-002,1,10.00,10.00,3.4000,
T0005862,2,ACC-002,1,3.00,2.70,0.6000,
T0005862,3,FLO-005,2,38.00,38.00,15.5000,
T0005863,1,FLO-001,1,35.00,35.00,14.0000,
T0005863,2,FLO-010,1,45.00,40.50,18.0000,
T0005864,1,ACC-002,1,3.00,3.00,0.6000,
T0005865,1,ACC-004,1,2.00,2.00,0.4000,
T0005865,2,VAP-001,3,55.00,55.00,22.0000,
T0005865,3,FLO-002,1,40.00,40.00,16.0000,
T0005865,4,FLO-004,1,38.00,38.00,15.0000,
T0005866,1,PRE-004,1,35.00,35.00,12.0000,
T0005867,1,ACC-002,3,3.00,3.00,0.6000,
T0005867,2,EDI-004,1,25.00,25.00,7.5000,
T0005868,1,VAP-001,1,55.00,55.00,22.0000,
T0005868,2,CON-001,1,75.00,67.50,32.0000,
T0005868,3,FLO-001,1,35.00,35.00,14.0000,
T0005868,4,PRE-002,1,10.00,10.00,3.4000,
T0005869,1,VAP-005,1,28.00,28.00,9.0000,
T0005869,2,ACC-004,1,2.00,2.00,0.4000,
T0005870,1,PRE-001,1,10.00,10.00,3.2000,
T0005871,1,FLO-003,1,70.00,70.00,28.0000,
T0005872,1,PRE-005,1,6.00,6.00,1.8000,
T0005872,2,PRE-001,2,10.00,10.00,3.2000,
T0005873,1,FLO-001,1,35.00,35.00,14.0000,
T0005874,1,TOP-002,1,24.00,24.00,9.0000,
T0005874,2,VAP-002,3,40.00,40.00,14.0000,
T0005874,3,EDI-002,1,22.00,22.00,7.0000,
T0005875,1,PRE-002,2,10.00,9.00,3.4000,
T0005876,1,VAP-002,1,40.00,40.00,14.0000,
T0005876,2,PRE-002,2,10.00,10.00,3.4000,
T0005877,1,ACC-004,1,2.00,2.00,0.4000,
T0005877,2,EDI-007,1,18.00,16.20,6.0000,
T0005878,1,FLO-002,1,40.00,40.00,16.0000,
T0005878,2,FLO-001,1,35.00,35.00,14.0000,
T0005879,1,EDI-006,2,8.00,8.00,3.0000,
T0005879,2,CON-002,1,45.00,45.00,18.0000,
T0005879,3,EDI-002,1,22.00,22.00,7.0000,
T0005880,1,FLO-007,1,32.00,32.00,13.0000,
T0005880,2,EDI-006,1,8.00,7.20,3.0000,
T0005881,1,EDI-004,1,25.00,25.00,7.5000,
T0005882,1,VAP-006,1,15.00,15.00,4.0000,
T0005882,2,TOP-001,1,35.00,35.00,12.0000,
T0005882,3,VAP-001,1,55.00,55.00,22.0000,
T0005882,4,ACC-001,3,20.00,20.00,5.0000,
T0005883,1,FLO-004,1,38.00,38.00,15.0000,
T0005883,2,PRE-004,1,35.00,35.00,12.0000,
T0005884,1,CON-003,1,30.00,30.00,12.0000,
T0005884,2,PRE-005,1,6.00,6.00,1.8000,
T0005885,1,PRE-004,1,35.00,35.00,12.0000,
T0005885,2,VAP-001,1,55.00,55.00,22.0000,
T0005885,3,PRE-001,1,10.00,10.00,3.2000,
T0005885,4,VAP-003,1,32.00,32.00,12.0000,
T0005886,1,VAP-005,1,28.00,28.00,9.0000,
T0005886,2,FLO-001,1,35.00,35.00,14.0000,
T0005886,3,VAP-003,1,32.00,32.00,12.0000,
T0005887,1,CON-004,1,55.00,55.00,22.0000,
T0005887,2,CON-001,1,75.00,75.00,32.0000,
T0005888,1,PRE-001,2,10.00,8.00,3.2000,
T0005888,2,EDI-002,1,22.00,22.00,7.0000,
T0005888,3,PRE-004,1,35.00,35.00,12.0000,
T0005889,1,FLO-002,2,40.00,32.00,16.0000,
T0005890,1,ACC-001,1,20.00,20.00,5.0000,
T0005890,2,PRE-002,1,10.00,10.00,3.4000,
T0005890,3,PRE-001,1,10.00,9.00,3.2000,
T0005890,4,PRE-005,1,6.00,6.00,1.8000,
T0005891,1,PRE-005,1,6.00,4.80,1.8000,
T0005891,2,ACC-002,1,3.00,3.00,0.6000,
T0005891,3,FLO-008,1,32.00,32.00,13.5000,
T0005892,1,FLO-002,1,40.00,36.00,16.0000,
T0005892,2,ACC-002,1,3.00,3.00,0.6000,
T0005893,1,EDI-001,2,20.00,20.00,6.0000,
T0005893,2,FLO-007,2,32.00,32.00,13.0000,
T0005894,1,PRE-002,1,10.00,10.00,3.4000,
T0005894,2,ACC-004,1,2.00,2.00,0.4000,
T0005894,3,EDI-007,1,18.00,18.00,6.0000,
T0005895,1,ACC-004,1,2.00,2.00,0.4000,
T0005895,2,FLO-001,1,35.00,28.00,14.0000,
T0005896,1,CON-002,2,45.00,45.00,18.0000,
T0005896,2,PRE-002,1,10.00,10.00,3.4000,
T0005897,1,VAP-003,1,32.00,32.00,12.0000,
T0005897,2,PRE-001,1,10.00,10.00,3.2000,
T0005898,1,FLO-002,1,40.00,40.00,16.0000,
T0005898,2,VAP-002,1,40.00,40.00,14.0000,
T0005898,3,PRE-005,2,6.00,4.80,1.8000,
T0005899,1,VAP-001,2,55.00,55.00,22.0000,
T0005899,2,PRE-004,1,35.00,35.00,12.0000,
T0005900,1,FLO-001,1,35.00,35.00,14.0000,
T0005901,1,FLO-007,3,32.00,32.00,13.0000,
T0005901,2,EDI-005,1,14.00,14.00,4.0000,
T0005901,3,VAP-001,1,55.00,55.00,22.0000,
T0005902,1,FLO-004,1,38.00,38.00,15.0000,
T0005903,1,FLO-007,1,32.00,32.00,13.0000,
T0005903,2,FLO-004,1,38.00,38.00,15.0000,
T0005904,1,FLO-001,1,35.00,35.00,14.0000,
T0005904,2,VAP-004,1,60.00,60.00,24.0000,
T0005905,1,VAP-006,1,15.00,15.00,4.0000,
T0005905,2,EDI-006,1,8.00,8.00,3.0000,
T0005906,1,EDI-006,3,8.00,8.00,3.0000,
T0005906,2,FLO-003,1,70.00,70.00,28.0000,
T0005906,3,VAP-001,2,55.00,55.00,22.0000,
T0005906,4,EDI-005,2,14.00,14.00,4.0000,
T0005907,1,EDI-005,1,14.00,14.00,4.0000,
T0005907,2,VAP-002,1,40.00,40.00,14.0000,
T0005907,3,FLO-007,1,32.00,32.00,13.0000,
T0005908,1,EDI-004,2,25.00,25.00,7.5000,
T0005909,1,VAP-003,2,32.00,32.00,12.0000,
T0005909,2,VAP-001,1,55.00,55.00,22.0000,
T0005909,3,FLO-004,1,38.00,38.00,15.0000,
T0005909,4,EDI-004,1,25.00,25.00,7.5000,
T0005909,5,EDI-001,1,20.00,20.00,6.0000,
T0005910,1,PRE-001,1,10.00,10.00,3.2000,
T0005910,2,VAP-002,1,40.00,40.00,14.0000,
T0005911,1,PRE-005,2,6.00,6.00,1.8000,
T0005911,2,PRE-002,1,10.00,10.00,3.4000,
T0005911,3,EDI-002,1,22.00,22.00,7.0000,
T0005911,4,FLO-001,1,35.00,35.00,14.0000,
T0005912,1,ACC-002,1,3.00,3.00,0.6000,
T0005913,1,VAP-006,1,15.00,15.00,4.0000,
T0005913,2,PRE-002,2,10.00,8.00,3.4000,
T0005913,3,PRE-001,1,10.00,10.00,3.2000,
T0005914,1,PRE-005,1,6.00,5.40,1.8000,
T0005914,2,EDI-006,1,8.00,8.00,3.0000,
T0005915,1,FLO-003,1,70.00,70.00,28.0000,
T0005915,2,VAP-005,1,28.00,28.00,9.0000,
T0005916,1,EDI-005,1,14.00,14.00,4.0000,
T0005917,1,PRE-003,1,18.00,18.00,6.0000,
T0005917,2,PRE-001,1,10.00,8.00,3.2000,
T0005918,1,PRE-005,1,6.00,6.00,1.8000,
T0005918,2,FLO-002,1,40.00,40.00,16.0000,
T0005918,3,VAP-003,1,32.00,28.80,12.0000,
T0005919,1,VAP-002,1,40.00,40.00,14.0000,
T0005920,1,ACC-002,1,3.00,3.00,0.6000,
T0005920,2,FLO-001,1,35.00,35.00,14.0000,
T0005920,3,PRE-002,1,10.00,10.00,3.4000,
T0005920,4,EDI-001,2,20.00,20.00,6.0000,
T0005921,1,FLO-003,1,70.00,70.00,28.0000,
T0005921,2,PRE-004,1,35.00,35.00,12.0000,
T0005921,3,FLO-001,1,35.00,35.00,14.0000,
T0005922,1,PRE-002,1,10.00,10.00,3.4000,
T0005922,2,VAP-003,1,32.00,32.00,12.0000,
T0005923,1,PRE-004,1,35.00,35.00,12.0000,
T0005923,2,FLO-003,1,70.00,63.00,28.0000,
T0005923,3,FLO-004,1,38.00,38.00,15.0000,
T0005923,4,FLO-001,3,35.00,35.00,14.0000,
T0005924,1,FLO-001,1,35.00,31.50,14.0000,
T0005924,2,ACC-002,1,3.00,3.00,0.6000,
T0005924,3,ACC-004,1,2.00,2.00,0.4000,
T0005925,1,FLO-008,2,32.00,32.00,13.5000,
T0005926,1,EDI-003,1,20.00,16.00,6.5000,
T0005926,2,TOP-001,3,35.00,28.00,12.0000,
T0005927,1,EDI-002,1,22.00,22.00,7.0000,
T0005928,1,FLO-005,2,38.00,38.00,15.5000,
T0005928,2,FLO-004,1,38.00,38.00,15.0000,
T0005929,1,VAP-005,1,28.00,22.40,9.0000,
T0005929,2,EDI-001,1,20.00,18.00,6.0000,
T0005929,3,VAP-002,1,40.00,32.00,14.0000,
T0005930,1,EDI-005,1,14.00,12.60,4.0000,
T0005931,1,FLO-004,1,38.00,38.00,15.0000,
T0005932,1,ACC-002,2,3.00,3.00,0.6000,
T0005933,1,FLO-005,1,38.00,38.00,15.5000,
T0005933,2,VAP-001,1,55.00,55.00,22.0000,
T0005934,1,EDI-006,1,8.00,8.00,3.0000,
T0005935,1,PRE-003,2,18.00,18.00,6.0000,
T0005935,2,EDI-002,1,22.00,22.00,7.0000,
T0005935,3,ACC-002,1,3.00,3.00,0.6000,
T0005936,1,VAP-003,1,32.00,32.00,12.0000,
T0005936,2,FLO-001,2,35.00,35.00,14.0000,
T0005936,5,FLO-002,1,40.00,40.00,16.0000,
T0005937,1,PRE-001,1,10.00,10.00,3.2000,
T0005937,2,VAP-005,1,28.00,28.00,9.0000,
T0005938,1,TOP-001,1,35.00,35.00,12.0000,
T0005938,2,FLO-001,1,35.00,35.00,14.0000,
T0005938,3,TIN-001,2,50.00,50.00,18.0000,
T0005939,1,PRE-001,3,10.00,10.00,3.2000,
T0005939,2,EDI-001,1,20.00,20.00,6.0000,
T0005939,3,FLO-001,1,35.00,35.00,14.0000,
T0005940,1,PRE-002,1,10.00,10.00,3.4000,
T0005940,2,PRE-001,1,10.00,10.00,3.2000,
T0005940,3,EDI-004,1,25.00,25.00,7.5000,
T0005941,1,EDI-001,1,20.00,20.00,6.0000,
T0005941,2,VAP-005,2,28.00,28.00,9.0000,
T0005942,1,PRE-001,1,10.00,8.00,3.2000,
T0005942,2,FLO-002,1,40.00,32.00,16.0000,
T0005943,1,CON-002,1,45.00,45.00,18.0000,
T0005943,2,FLO-002,1,40.00,40.00,16.0000,
T0005943,3,FLO-008,1,32.00,32.00,13.5000,
T0005944,1,EDI-004,1,25.00,25.00,7.5000,
T0005944,2,ACC-004,1,2.00,1.80,0.4000,
T0005945,1,FLO-008,1,32.00,32.00,13.5000,
T0005946,1,ACC-002,3,3.00,3.00,0.6000,
T0005947,1,PRE-005,1,6.00,5.40,1.8000,
T0005948,1,VAP-002,1,40.00,40.00,14.0000,
T0005949,1,FLO-003,1,70.00,70.00,28.0000,
T0005950,1,FLO-007,2,32.00,32.00,13.0000,
T0005951,1,EDI-004,1,25.00,25.00,7.5000,
T0005952,1,PRE-005,1,6.00,6.00,1.8000,
T0005953,1,PRE-002,1,10.00,10.00,3.4000,
T0005954,1,VAP-004,1,60.00,60.00,24.0000,
T0005954,2,FLO-002,2,40.00,40.00,16.0000,
T0005955,1,EDI-003,1,20.00,20.00,6.5000,
T0005955,2,FLO-005,1,38.00,38.00,15.5000,
T0005955,3,ACC-004,2,2.00,2.00,0.4000,
T0005956,1,ACC-004,1,2.00,2.00,0.4000,
T0005956,2,EDI-005,1,14.00,14.00,4.0000,
T0005957,1,PRE-001,2,10.00,9.00,3.2000,
T0005957,2,EDI-001,1,20.00,20.00,6.0000,
T0005957,3,EDI-004,2,25.00,25.00,7.5000,
T0005958,1,FLO-002,3,40.00,40.00,16.0000,
T0005958,2,VAP-004,1,60.00,60.00,24.0000,
T0005958,3,ACC-001,1,20.00,20.00,5.0000,
T0005959,1,VAP-006,1,15.00,15.00,4.0000,
T0005959,2,FLO-001,1,35.00,35.00,14.0000,
T0005960,1,PRE-005,1,6.00,6.00,1.8000,
T0005960,2,VAP-006,1,15.00,15.00,4.0000,
T0005961,1,EDI-005,2,14.00,14.00,4.0000,
T0005962,1,EDI-002,1,22.00,22.00,7.0000,
T0005962,2,VAP-006,1,15.00,15.00,4.0000,
T0005962,3,ACC-004,1,2.00,2.00,0.4000,
T0005963,1,EDI-001,1,20.00,20.00,6.0000,
T0005964,1,TIN-001,1,50.00,50.00,18.0000,
T0005965,1,EDI-005,1,14.00,14.00,4.0000,
T0005965,2,VAP-002,2,40.00,40.00,14.0000,
T0005966,1,EDI-001,2,20.00,16.00,6.0000,
T0005967,1,PRE-001,1,10.00,10.00,3.2000,
T0005967,2,FLO-005,2,38.00,38.00,15.5000,
T0005967,3,EDI-001,1,20.00,20.00,6.0000,
T0005967,4,EDI-004,1,25.00,25.00,7.5000,
T0005968,1,FLO-002,2,40.00,40.00,16.0000,
T0005968,2,FLO-001,3,35.00,35.00,14.0000,
T0005968,3,FLO-005,2,38.00,38.00,15.5000,
T0005968,4,VAP-005,1,28.00,28.00,9.0000,
T0005969,1,PRE-002,1,10.00,10.00,3.4000,
T0005970,1,PRE-002,1,10.00,10.00,3.4000,
T0005970,2,ACC-004,1,2.00,2.00,0.4000,
T0005970,3,PRE-001,1,10.00,10.00,3.2000,
T0005971,1,CON-004,1,55.00,55.00,22.0000,
T0005971,2,FLO-010,2,45.00,36.00,18.0000,
T0005971,3,PRE-001,1,10.00,10.00,3.2000,
T0005972,1,FLO-004,1,38.00,38.00,15.0000,
T0005973,1,EDI-001,2,20.00,20.00,6.0000,
T0005973,2,EDI-004,1,25.00,25.00,7.5000,
T0005974,1,CON-004,1,55.00,55.00,22.0000,
T0005974,2,PRE-002,1,10.00,10.00,3.4000,
T0005975,1,ACC-004,1,2.00,1.60,0.4000,
T0005975,2,EDI-002,2,22.00,17.60,7.0000,
T0005975,3,VAP-005,1,28.00,28.00,9.0000,
T0005975,4,EDI-001,3,20.00,16.00,6.0000,
T0005976,1,EDI-004,2,25.00,25.00,7.5000,
T0005977,1,EDI-001,1,20.00,20.00,6.0000,
T0005977,2,VAP-002,3,40.00,40.00,14.0000,
T0005977,3,FLO-007,1,32.00,32.00,13.0000,
T0005977,4,ACC-004,1,2.00,2.00,0.4000,
T0005978,1,FLO-005,1,38.00,30.40,15.5000,
T0005979,1,FLO-001,2,35.00,35.00,14.0000,
T0005980,1,VAP-004,1,60.00,60.00,24.0000,
T0005981,1,EDI-001,1,20.00,20.00,6.0000,
T0005982,1,EDI-007,1,18.00,18.00,6.0000,
T0005983,1,FLO-007,1,32.00,28.80,13.0000,
T0005984,1,PRE-004,1,35.00,28.00,12.0000,
T0005984,2,CON-004,1,55.00,55.00,22.0000,
T0005985,1,FLO-002,1,40.00,40.00,16.0000,
T0005985,2,PRE-004,1,35.00,31.50,12.0000,
T0005986,1,PRE-005,1,6.00,6.00,1.8000,
T0005986,2,PRE-002,2,10.00,10.00,3.4000,
T0005987,1,EDI-006,2,8.00,8.00,3.0000,
T0005988,1,EDI-001,3,20.00,20.00,6.0000,
T0005988,2,EDI-005,1,14.00,14.00,4.0000,
T0005988,3,FLO-001,1,35.00,35.00,14.0000,
T0005989,1,EDI-006,1,8.00,8.00,3.0000,
T0005989,2,FLO-004,1,38.00,38.00,15.0000,
T0005990,1,PRE-002,1,10.00,10.00,3.4000,
T0005990,2,EDI-001,1,20.00,20.00,6.0000,
T0005990,3,FLO-005,1,38.00,38.00,15.5000,
T0005991,1,ACC-004,1,2.00,2.00,0.4000,
T0005991,3,ACC-003,1,22.00,22.00,6.0000,
T0005992,1,CON-004,1,55.00,55.00,22.0000,
T0005992,2,PRE-002,1,10.00,10.00,3.4000,
T0005993,1,FLO-001,3,35.00,35.00,14.0000,
T0005993,2,EDI-001,1,20.00,20.00,6.0000,
T0005994,1,CON-001,1,75.00,75.00,32.0000,
T0005994,2,FLO-001,1,35.00,35.00,14.0000,
T0005995,1,PRE-004,3,35.00,35.00,12.0000,
T0005996,1,FLO-010,2,45.00,45.00,18.0000,
T0005996,2,VAP-004,1,60.00,60.00,24.0000,
T0005996,3,PRE-004,1,35.00,35.00,12.0000,
T0005997,1,FLO-002,1,40.00,40.00,16.0000,
T0005998,1,EDI-003,3,20.00,20.00,6.5000,
T0005998,2,VAP-004,2,60.00,60.00,24.0000,
T0005998,4,EDI-002,1,22.00,22.00,7.0000,
T0005999,1,ACC-004,1,2.00,2.00,0.4000,
T0006000,1,CON-001,2,75.00,75.00,32.0000,
T0006000,2,FLO-010,2,45.00,45.00,18.0000,
T0006000,3,ACC-002,1,3.00,2.40,0.6000,
T0006000,4,CON-003,1,30.00,30.00,12.0000,
T0006001,1,VAP-001,1,55.00,49.50,22.0000,
T0006002,1,EDI-002,1,22.00,22.00,7.0000,
T0006002,2,VAP-002,2,40.00,40.00,14.0000,
T0006003,1,FLO-001,1,35.00,35.00,14.0000,
T0006003,2,VAP-001,1,55.00,55.00,22.0000,
T0006003,3,FLO-005,1,38.00,38.00,15.5000,
T0006004,1,ACC-002,1,3.00,3.00,0.6000,
T0006004,2,ACC-004,2,2.00,2.00,0.4000,
T0006005,1,EDI-001,1,20.00,20.00,6.0000,
T0006005,2,FLO-007,2,32.00,25.60,13.0000,
T0006005,3,PRE-003,1,18.00,18.00,6.0000,
T0006005,4,FLO-002,1,40.00,32.00,16.0000,
T0006006,1,PRE-002,1,10.00,10.00,3.4000,
T0006007,1,TIN-001,1,50.00,50.00,18.0000,
T0006008,1,FLO-005,1,38.00,38.00,15.5000,
T0006008,2,EDI-003,1,20.00,20.00,6.5000,
T0006009,1,PRE-001,1,10.00,10.00,3.2000,
T0006009,2,ACC-005,1,12.00,12.00,2.5000,
T0006010,1,FLO-005,1,38.00,30.40,15.5000,
T0006011,1,CON-004,1,55.00,55.00,22.0000,
T0006011,2,VAP-003,3,32.00,32.00,12.0000,
T0006012,1,VAP-004,3,60.00,60.00,24.0000,
T0006012,2,PRE-004,1,35.00,35.00,12.0000,
T0006012,3,EDI-006,2,8.00,8.00,3.0000,
T0006013,1,FLO-006,1,120.00,120.00,52.0000,
T0006013,2,VAP-002,1,40.00,40.00,14.0000,
T0006014,1,ACC-004,2,2.00,2.00,0.4000,
T0006015,1,FLO-003,1,70.00,70.00,28.0000,
T0006015,2,VAP-003,1,32.00,32.00,12.0000,
T0006016,1,CON-002,1,45.00,45.00,18.0000,
T0006017,1,EDI-006,1,8.00,8.00,3.0000,
T0006017,2,PRE-004,1,35.00,35.00,12.0000,
T0006018,1,TOP-002,1,24.00,19.20,9.0000,
T0006018,2,VAP-003,1,32.00,25.60,12.0000,
T0006019,1,VAP-003,1,32.00,25.60,12.0000,
T0006019,2,EDI-005,1,14.00,14.00,4.0000,
T0006019,3,EDI-001,1,20.00,16.00,6.0000,
T0006019,4,ACC-004,1,2.00,2.00,0.4000,
T0006020,1,PRE-001,3,10.00,10.00,3.2000,
T0006021,1,VAP-002,1,40.00,40.00,14.0000,
T0006022,1,VAP-005,1,28.00,28.00,9.0000,
T0006023,1,CON-002,1,45.00,45.00,18.0000,
T0006024,1,EDI-003,1,20.00,20.00,6.5000,
T0006025,1,VAP-001,2,55.00,44.00,22.0000,
T0006026,1,PRE-005,1,6.00,6.00,1.8000,
T0006026,2,FLO-002,1,40.00,40.00,16.0000,
T0006026,3,ACC-004,3,2.00,2.00,0.4000,
T0006027,1,PRE-001,2,10.00,10.00,3.2000,
T0006028,1,FLO-007,1,32.00,32.00,13.0000,
T0006029,1,FLO-002,3,40.00,36.00,16.0000,
T0006029,2,PRE-005,1,6.00,6.00,1.8000,
T0006029,3,EDI-005,1,14.00,14.00,4.0000,
T0006030,1,ACC-002,1,3.00,2.40,0.6000,
T0006030,2,ACC-004,2,2.00,2.00,0.4000,
T0006030,3,PRE-002,1,10.00,10.00,3.4000,
T0006030,4,FLO-002,2,40.00,40.00,16.0000,
T0006030,5,PRE-001,1,10.00,8.00,3.2000,
T0006031,1,FLO-005,2,38.00,38.00,15.5000,
T0006032,1,PRE-002,1,10.00,10.00,3.4000,
T0006032,2,PRE-005,1,6.00,6.00,1.8000,
T0006032,3,VAP-001,1,55.00,55.00,22.0000,
T0006032,4,PRE-001,1,10.00,10.00,3.2000,
T0006033,1,FLO-007,2,32.00,32.00,13.0000,
T0006033,2,EDI-001,1,20.00,18.00,6.0000,
T0006034,1,ACC-002,1,3.00,3.00,0.6000,
T0006034,2,PRE-002,1,10.00,8.00,3.4000,
T0006034,3,VAP-002,1,40.00,32.00,14.0000,
T0006035,1,ACC-004,1,2.00,2.00,0.4000,
T0006036,1,EDI-004,1,25.00,25.00,7.5000,
T0006036,2,EDI-001,1,20.00,20.00,6.0000,
T0006036,3,CON-004,2,55.00,44.00,22.0000,
T0006037,1,EDI-001,1,20.00,20.00,6.0000,
T0006038,1,EDI-001,1,20.00,20.00,6.0000,
T0006039,1,FLO-002,1,40.00,40.00,16.0000,
T0006039,2,TOP-001,1,35.00,35.00,12.0000,
T0006039,3,CON-003,1,30.00,24.00,12.0000,
T0006039,4,ACC-004,1,2.00,2.00,0.4000,
T0006040,1,TOP-001,1,35.00,35.00,12.0000,
T0006041,1,ACC-004,1,2.00,2.00,0.4000,
T0006042,1,PRE-001,1,10.00,10.00,3.2000,
T0006042,2,EDI-007,1,18.00,18.00,6.0000,
T0006042,3,FLO-008,3,32.00,28.80,13.5000,
T0006042,4,VAP-001,1,55.00,55.00,22.0000,
T0006043,1,VAP-006,1,15.00,15.00,4.0000,
T0006043,2,FLO-007,2,32.00,32.00,13.0000,
T0006044,1,PRE-005,1,6.00,6.00,1.8000,
T0006044,2,VAP-002,1,40.00,40.00,14.0000,
T0006044,3,FLO-008,1,32.00,32.00,13.5000,
T0006045,1,FLO-004,1,38.00,38.00,15.0000,
T0006046,1,VAP-002,2,40.00,40.00,14.0000,
T0006046,2,FLO-001,1,35.00,35.00,14.0000,
T0006046,4,PRE-003,1,18.00,18.00,6.0000,
T0006047,1,ACC-003,2,22.00,22.00,6.0000,
T0006047,2,FLO-001,1,35.00,35.00,14.0000,
T0006048,1,EDI-006,1,8.00,7.20,3.0000,
T0006048,2,PRE-001,2,10.00,10.00,3.2000,
T0006048,3,VAP-001,2,55.00,55.00,22.0000,
T0006048,4,FLO-008,1,32.00,32.00,13.5000,
T0006049,1,VAP-003,2,32.00,32.00,12.0000,
T0006050,1,EDI-001,1,20.00,20.00,6.0000,
T0006051,1,EDI-001,1,20.00,20.00,6.0000,
T0006051,3,ACC-002,1,3.00,3.00,0.6000,
T0006052,1,PRE-001,1,10.00,10.00,3.2000,
T0006053,1,EDI-003,1,20.00,20.00,6.5000,
T0006053,2,VAP-001,1,55.00,55.00,22.0000,
T0006053,3,FLO-001,1,35.00,35.00,14.0000,
T0006053,5,TOP-002,1,24.00,24.00,9.0000,
T0006054,1,EDI-003,1,20.00,20.00,6.5000,
T0006055,1,FLO-004,1,38.00,38.00,15.0000,
T0006055,2,EDI-002,1,22.00,22.00,7.0000,
T0006056,1,FLO-001,1,35.00,28.00,14.0000,
T0006056,2,ACC-002,1,3.00,2.40,0.6000,
T0006056,3,FLO-010,1,45.00,45.00,18.0000,
T0006057,1,VAP-006,1,15.00,13.50,4.0000,
T0006058,1,VAP-003,1,32.00,32.00,12.0000,
T0006058,2,VAP-002,1,40.00,40.00,14.0000,
T0006059,1,VAP-004,1,60.00,60.00,24.0000,
T0006060,1,PRE-002,2,10.00,10.00,3.4000,
T0006061,1,TIN-001,1,50.00,50.00,18.0000,
T0006061,2,ACC-003,1,22.00,22.00,6.0000,
T0006062,1,EDI-001,1,20.00,20.00,6.0000,
T0006062,2,VAP-005,1,28.00,28.00,9.0000,
T0006062,3,EDI-003,3,20.00,20.00,6.5000,
T0006063,1,ACC-004,1,2.00,1.80,0.4000,
T0006064,1,CON-002,1,45.00,45.00,18.0000,
T0006064,2,EDI-002,1,22.00,22.00,7.0000,
T0006065,1,EDI-004,1,25.00,25.00,7.5000,
T0006065,2,FLO-003,1,70.00,56.00,28.0000,
T0006066,1,ACC-004,1,2.00,2.00,0.4000,
T0006066,2,EDI-003,2,20.00,20.00,6.5000,
T0006066,3,TIN-002,1,45.00,45.00,16.0000,
T0006066,5,FLO-001,1,35.00,35.00,14.0000,
T0006067,1,FLO-003,1,70.00,63.00,28.0000,
T0006067,2,FLO-008,1,32.00,32.00,13.5000,
T0006068,1,EDI-002,1,22.00,22.00,7.0000,
T0006068,2,EDI-006,1,8.00,6.40,3.0000,
T0006068,3,ACC-004,1,2.00,2.00,0.4000,
T0006068,4,PRE-002,1,10.00,8.00,3.4000,
T0006068,5,FLO-001,2,35.00,35.00,14.0000,
T0006069,1,PRE-002,1,10.00,9.00,3.4000,
T0006070,1,VAP-006,1,15.00,15.00,4.0000,
T0006070,2,FLO-002,1,40.00,40.00,16.0000,
T0006071,1,EDI-003,1,20.00,20.00,6.5000,
T0006071,2,EDI-006,1,8.00,8.00,3.0000,
T0006071,3,CON-002,1,45.00,45.00,18.0000,
T0006071,4,CON-003,2,30.00,30.00,12.0000,
T0006072,1,PRE-001,2,10.00,10.00,3.2000,
T0006073,1,FLO-001,1,35.00,35.00,14.0000,
T0006074,1,FLO-001,1,35.00,35.00,14.0000,
T0006075,1,FLO-001,1,35.00,35.00,14.0000,
T0006075,2,PRE-004,1,35.00,35.00,12.0000,
T0006075,3,FLO-007,1,32.00,32.00,13.0000,
T0006076,1,VAP-006,1,15.00,15.00,4.0000,
T0006077,1,ACC-004,1,2.00,2.00,0.4000,
T0006078,1,VAP-001,1,55.00,55.00,22.0000,
T0006078,2,EDI-001,1,20.00,20.00,6.0000,
T0006079,1,VAP-005,1,28.00,28.00,9.0000,
T0006080,1,FLO-001,1,35.00,35.00,14.0000,
T0006080,2,PRE-005,1,6.00,6.00,1.8000,
T0006081,1,ACC-002,2,3.00,3.00,0.6000,
T0006081,3,FLO-002,2,40.00,40.00,16.0000,
T0006082,1,FLO-004,1,38.00,34.20,15.0000,
T0006082,2,ACC-004,2,2.00,2.00,0.4000,
T0006083,1,FLO-001,1,35.00,35.00,14.0000,
T0006084,1,EDI-004,1,25.00,25.00,7.5000,
T0006084,2,VAP-003,1,32.00,32.00,12.0000,
T0006084,3,ACC-002,1,3.00,2.40,0.6000,
T0006085,1,VAP-005,1,28.00,28.00,9.0000,
T0006085,2,VAP-002,2,40.00,40.00,14.0000,
T0006085,3,FLO-004,1,38.00,38.00,15.0000,
T0006085,4,EDI-006,1,8.00,8.00,3.0000,
T0006086,1,EDI-004,1,25.00,25.00,7.5000,
T0006087,1,EDI-004,3,25.00,20.00,7.5000,
T0006087,2,ACC-004,1,2.00,2.00,0.4000,
T0006088,1,FLO-005,1,38.00,38.00,15.5000,
T0006089,1,FLO-003,2,70.00,70.00,28.0000,
T0006089,2,FLO-001,1,35.00,31.50,14.0000,
T0006089,3,ACC-002,1,3.00,3.00,0.6000,
T0006090,1,FLO-006,1,120.00,120.00,52.0000,
T0006091,1,EDI-006,1,8.00,8.00,3.0000,
T0006091,2,PRE-003,1,18.00,18.00,6.0000,
T0006091,3,ACC-001,1,20.00,20.00,5.0000,
T0006092,1,PRE-001,1,10.00,10.00,3.2000,
T0006093,1,FLO-001,1,35.00,31.50,14.0000,
T0006093,2,ACC-001,1,20.00,20.00,5.0000,
T0006093,3,FLO-002,1,40.00,40.00,16.0000,
T0006094,1,ACC-001,1,20.00,20.00,5.0000,
T0006094,2,FLO-005,2,38.00,38.00,15.5000,
T0006095,1,VAP-002,2,40.00,40.00,14.0000,
T0006096,1,PRE-002,1,10.00,10.00,3.4000,
T0006096,2,FLO-001,1,35.00,35.00,14.0000,
T0006096,3,VAP-001,2,55.00,55.00,22.0000,
T0006097,1,EDI-003,1,20.00,16.00,6.5000,
T0006097,2,PRE-005,1,6.00,6.00,1.8000,
T0006098,1,EDI-003,1,20.00,20.00,6.5000,
T0006098,2,VAP-005,1,28.00,28.00,9.0000,
T0006098,3,FLO-001,1,35.00,35.00,14.0000,
T0006099,1,EDI-004,1,25.00,25.00,7.5000,
T0006099,2,PRE-005,1,6.00,6.00,1.8000,
T0006099,3,VAP-002,1,40.00,36.00,14.0000,
T0006100,1,EDI-005,2,14.00,14.00,4.0000,
T0006100,2,VAP-004,2,60.00,60.00,24.0000,
T0006100,3,PRE-002,1,10.00,10.00,3.4000,
T0006100,5,FLO-002,1,40.00,40.00,16.0000,
T0006101,1,EDI-005,1,14.00,11.20,4.0000,
T0006101,2,PRE-003,3,18.00,18.00,6.0000,
T0006101,3,VAP-002,1,40.00,40.00,14.0000,
T0006102,1,EDI-006,1,8.00,8.00,3.0000,
T0006102,2,EDI-002,2,22.00,22.00,7.0000,
T0006102,3,FLO-007,1,32.00,32.00,13.0000,
T0006102,4,EDI-001,1,20.00,18.00,6.0000,
T0006103,1,FLO-010,1,45.00,45.00,18.0000,
T0006103,2,FLO-004,1,38.00,34.20,15.0000,
T0006104,1,FLO-002,3,40.00,40.00,16.0000,
T0006104,2,VAP-004,1,60.00,60.00,24.0000,
T0006104,3,VAP-003,2,32.00,32.00,12.0000,
T0006105,1,EDI-007,1,18.00,18.00,6.0000,
T0006106,1,CON-003,1,30.00,30.00,12.0000,
T0006106,2,EDI-002,1,22.00,22.00,7.0000,
T0006107,1,FLO-001,1,35.00,35.00,14.0000,
T0006107,2,PRE-001,1,10.00,10.00,3.2000,
T0006108,1,ACC-004,1,2.00,2.00,0.4000,
T0006108,2,EDI-003,2,20.00,20.00,6.5000,
T0006109,1,PRE-005,1,6.00,6.00,1.8000,
T0006109,2,PRE-002,1,10.00,10.00,3.4000,
T0006109,4,FLO-008,1,32.00,32.00,13.5000,
T0006110,1,PRE-005,1,6.00,6.00,1.8000,
T0006110,2,PRE-003,1,18.00,16.20,6.0000,
T0006111,1,EDI-003,1,20.00,20.00,6.5000,
T0006112,1,PRE-002,1,10.00,10.00,3.4000,
T0006113,1,CON-003,2,30.00,24.00,12.0000,
T0006113,2,FLO-001,1,35.00,28.00,14.0000,
T0006114,1,ACC-002,2,3.00,3.00,0.6000,
T0006115,1,EDI-006,1,8.00,8.00,3.0000,
T0006115,2,PRE-005,1,6.00,6.00,1.8000,
T0006115,3,EDI-005,2,14.00,11.20,4.0000,
T0006115,4,VAP-005,1,28.00,28.00,9.0000,
T0006116,1,ACC-001,1,20.00,20.00,5.0000,
T0006116,2,PRE-004,1,35.00,31.50,12.0000,
T0006116,3,ACC-004,1,2.00,2.00,0.4000,
T0006116,4,VAP-003,2,32.00,28.80,12.0000,
T0006116,5,PRE-002,3,10.00,10.00,3.4000,
T0006117,1,VAP-006,1,15.00,15.00,4.0000,
T0006118,1,FLO-004,1,38.00,38.00,15.0000,
T0006118,2,PRE-003,1,18.00,18.00,6.0000,
T0006119,1,FLO-001,1,35.00,35.00,14.0000,
T0006120,1,VAP-002,1,40.00,40.00,14.0000,
T0006121,1,EDI-002,1,22.00,22.00,7.0000,
T0006122,1,EDI-003,3,20.00,20.00,6.5000,
T0006123,1,FLO-001,1,35.00,35.00,14.0000,
T0006123,2,CON-003,1,30.00,30.00,12.0000,
T0006123,3,EDI-003,1,20.00,20.00,6.5000,
T0006124,1,FLO-001,1,35.00,35.00,14.0000,
T0006125,1,TIN-001,1,50.00,50.00,18.0000,
T0006125,2,ACC-004,2,2.00,1.80,0.4000,
T0006126,1,PRE-002,3,10.00,10.00,3.4000,
T0006127,1,PRE-003,1,18.00,18.00,6.0000,
T0006127,2,PRE-002,1,10.00,10.00,3.4000,
T0006128,1,FLO-005,1,38.00,38.00,15.5000,
T0006128,2,PRE-001,1,10.00,10.00,3.2000,
T0006128,3,PRE-003,1,18.00,18.00,6.0000,
T0006129,1,PRE-005,1,6.00,6.00,1.8000,
T0006130,1,FLO-010,1,45.00,45.00,18.0000,
T0006130,2,EDI-006,1,8.00,8.00,3.0000,
T0006130,3,VAP-003,2,32.00,32.00,12.0000,
T0006130,4,VAP-001,1,55.00,49.50,22.0000,
T0006131,1,EDI-001,1,20.00,20.00,6.0000,
T0006132,1,PRE-003,1,18.00,18.00,6.0000,
T0006133,1,FLO-004,1,38.00,38.00,15.0000,
T0006134,1,PRE-003,2,18.00,18.00,6.0000,
T0006135,1,EDI-004,2,25.00,25.00,7.5000,
T0006135,2,EDI-001,1,20.00,20.00,6.0000,
T0006135,3,PRE-003,1,18.00,18.00,6.0000,
T0006135,4,EDI-006,1,8.00,8.00,3.0000,
T0006136,1,CON-002,1,45.00,45.00,18.0000,
T0006136,2,FLO-008,1,32.00,32.00,13.5000,
T0006136,3,EDI-006,1,8.00,8.00,3.0000,
T0006136,4,VAP-002,2,40.00,40.00,14.0000,
T0006137,1,PRE-003,2,18.00,18.00,6.0000,
T0006137,2,FLO-001,2,35.00,35.00,14.0000,
T0006137,3,PRE-001,1,10.00,10.00,3.2000,
T0006138,1,ACC-002,3,3.00,3.00,0.6000,
T0006138,2,FLO-007,1,32.00,32.00,13.0000,
T0006139,1,PRE-001,2,10.00,10.00,3.2000,
T0006139,2,FLO-002,1,40.00,40.00,16.0000,
T0006139,3,ACC-002,3,3.00,3.00,0.6000,
T0006139,4,PRE-003,1,18.00,18.00,6.0000,
T0006140,1,EDI-003,1,20.00,16.00,6.5000,
T0006141,1,PRE-001,1,10.00,10.00,3.2000,
T0006141,2,FLO-004,2,38.00,38.00,15.0000,
T0006142,1,ACC-004,1,2.00,2.00,0.4000,
T0006142,2,EDI-003,2,20.00,20.00,6.5000,
T0006142,4,FLO-007,1,32.00,32.00,13.0000,
T0006143,1,PRE-002,1,10.00,10.00,3.4000,
T0006143,2,FLO-002,1,40.00,40.00,16.0000,
T0006143,3,VAP-003,3,32.00,32.00,12.0000,
T0006144,1,VAP-002,2,40.00,40.00,14.0000,
T0006144,2,PRE-003,1,18.00,18.00,6.0000,
T0006144,3,EDI-001,1,20.00,20.00,6.0000,
T0006144,4,ACC-004,1,2.00,2.00,0.4000,
T0006145,1,PRE-005,1,6.00,6.00,1.8000,
T0006145,2,EDI-001,1,20.00,20.00,6.0000,
T0006145,3,VAP-003,1,32.00,32.00,12.0000,
T0006146,1,ACC-002,1,3.00,3.00,0.6000,
T0006146,2,PRE-001,1,10.00,10.00,3.2000,
T0006146,3,PRE-003,1,18.00,18.00,6.0000,
T0006147,1,VAP-002,1,40.00,40.00,14.0000,
T0006147,2,PRE-001,1,10.00,10.00,3.2000,
T0006147,3,PRE-003,2,18.00,18.00,6.0000,
T0006148,1,VAP-006,1,15.00,15.00,4.0000,
T0006149,1,FLO-007,1,32.00,32.00,13.0000,
T0006150,1,PRE-005,1,6.00,6.00,1.8000,
T0006151,1,EDI-005,1,14.00,14.00,4.0000,
T0006151,2,EDI-003,1,20.00,20.00,6.5000,
T0006151,3,CON-004,1,55.00,55.00,22.0000,
T0006152,1,PRE-004,2,35.00,35.00,12.0000,
T0006153,1,VAP-005,1,28.00,28.00,9.0000,
T0006154,1,VAP-004,1,60.00,60.00,24.0000,
T0006155,1,EDI-001,1,20.00,20.00,6.0000,
T0006155,2,TOP-001,1,35.00,35.00,12.0000,
T0006155,3,PRE-003,1,18.00,18.00,6.0000,
T0006156,1,ACC-002,2,3.00,3.00,0.6000,
T0006156,2,TOP-001,1,35.00,35.00,12.0000,
T0006157,1,ACC-004,2,2.00,2.00,0.4000,
T0006158,1,FLO-002,1,40.00,40.00,16.0000,
T0006159,1,VAP-002,2,40.00,40.00,14.0000,
T0006159,2,EDI-004,1,25.00,25.00,7.5000,
T0006159,3,FLO-005,2,38.00,38.00,15.5000,
T0006160,1,CON-001,3,75.00,75.00,32.0000,
T0006160,2,FLO-007,3,32.00,32.00,13.0000,
T0006160,3,PRE-001,1,10.00,10.00,3.2000,
T0006160,4,PRE-002,1,10.00,10.00,3.4000,
T0006160,5,VAP-005,1,28.00,28.00,9.0000,
T0006161,1,EDI-004,1,25.00,25.00,7.5000,
T0006161,2,FLO-005,1,38.00,38.00,15.5000,
T0006162,1,FLO-004,1,38.00,38.00,15.0000,
T0006162,2,ACC-004,1,2.00,2.00,0.4000,
T0006163,1,EDI-004,1,25.00,25.00,7.5000,
T0006164,1,FLO-004,2,38.00,38.00,15.0000,
T0006164,2,ACC-004,1,2.00,2.00,0.4000,
T0006164,3,FLO-005,1,38.00,38.00,15.5000,
T0006164,4,EDI-001,1,20.00,20.00,6.0000,
T0006165,1,PRE-001,1,10.00,10.00,3.2000,
T0006165,2,PRE-002,1,10.00,10.00,3.4000,
T0006165,3,TIN-001,2,50.00,50.00,18.0000,
T0006166,1,EDI-004,1,25.00,25.00,7.5000,
T0006167,1,EDI-005,2,14.00,14.00,4.0000,
T0006167,2,PRE-001,2,10.00,10.00,3.2000,
T0006168,1,VAP-005,1,28.00,28.00,9.0000,
T0006168,2,EDI-001,3,20.00,20.00,6.0000,
T0006169,1,FLO-004,1,38.00,38.00,15.0000,
T0006169,2,CON-001,1,75.00,75.00,32.0000,
T0006169,3,PRE-003,1,18.00,18.00,6.0000,
T0006170,1,VAP-003,1,32.00,32.00,12.0000,
T0006171,1,FLO-003,1,70.00,70.00,28.0000,
T0006171,2,VAP-005,1,28.00,28.00,9.0000,
T0006172,1,FLO-002,1,40.00,32.00,16.0000,
T0006172,2,FLO-007,1,32.00,25.60,13.0000,
T0006172,3,ACC-004,1,2.00,2.00,0.4000,
T0006172,4,EDI-004,1,25.00,22.50,7.5000,
T0006172,5,FLO-003,3,70.00,70.00,28.0000,
T0006173,1,FLO-002,1,40.00,40.00,16.0000,
T0006173,2,VAP-004,2,60.00,60.00,24.0000,
T0006174,1,FLO-001,1,35.00,35.00,14.0000,
T0006175,1,FLO-001,1,35.00,35.00,14.0000,
T0006175,2,FLO-003,2,70.00,70.00,28.0000,
T0006175,3,EDI-005,2,14.00,14.00,4.0000,
T0006176,1,EDI-004,1,25.00,25.00,7.5000,
T0006176,2,ACC-004,2,2.00,2.00,0.4000,
T0006177,1,ACC-004,2,2.00,2.00,0.4000,
T0006178,1,PRE-002,1,10.00,10.00,3.4000,
T0006179,1,EDI-003,2,20.00,20.00,6.5000,
T0006180,1,ACC-004,1,2.00,2.00,0.4000,
T0006181,1,EDI-001,1,20.00,20.00,6.0000,
T0006182,1,FLO-005,1,38.00,30.40,15.5000,
T0006183,1,FLO-002,1,40.00,40.00,16.0000,
T0006184,1,VAP-001,1,55.00,55.00,22.0000,
T0006185,1,VAP-003,1,32.00,32.00,12.0000,
T0006186,1,VAP-002,2,40.00,40.00,14.0000,
T0006186,2,VAP-005,1,28.00,28.00,9.0000,
T0006187,1,PRE-002,1,10.00,8.00,3.4000,
T0006187,2,EDI-001,2,20.00,20.00,6.0000,
T0006187,3,PRE-005,1,6.00,4.80,1.8000,
T0006188,1,PRE-005,2,6.00,6.00,1.8000,
T0006188,2,FLO-006,1,120.00,120.00,52.0000,
T0006189,1,EDI-002,1,22.00,22.00,7.0000,
T0006189,2,PRE-001,1,10.00,10.00,3.2000,
T0006189,3,VAP-005,1,28.00,28.00,9.0000,
T0006190,1,PRE-005,1,6.00,6.00,1.8000,
T0006191,1,EDI-004,1,25.00,25.00,7.5000,
T0006191,2,EDI-006,3,8.00,8.00,3.0000,
T0006192,1,FLO-004,2,38.00,38.00,15.0000,
T0006192,2,FLO-002,1,40.00,36.00,16.0000,
T0006193,1,PRE-001,1,10.00,10.00,3.2000,
T0006194,1,ACC-004,1,2.00,2.00,0.4000,
T0006195,1,FLO-007,1,32.00,28.80,13.0000,
T0006196,1,VAP-004,1,60.00,60.00,24.0000,
T0006197,1,PRE-002,1,10.00,10.00,3.4000,
T0006198,1,FLO-001,1,35.00,35.00,14.0000,
T0006198,2,PRE-002,2,10.00,9.00,3.4000,
T0006199,1,CON-004,1,55.00,55.00,22.0000,
T0006200,1,EDI-002,1,22.00,19.80,7.0000,
T0006201,1,FLO-001,1,35.00,35.00,14.0000,
T0006201,2,ACC-004,1,2.00,2.00,0.4000,
T0006201,3,VAP-005,1,28.00,28.00,9.0000,
T0006202,1,EDI-004,1,25.00,20.00,7.5000,
T0006202,2,PRE-005,1,6.00,6.00,1.8000,
T0006203,1,ACC-004,1,2.00,2.00,0.4000,
T0006203,2,FLO-001,1,35.00,35.00,14.0000,
T0006204,1,PRE-002,1,10.00,10.00,3.4000,
T0006204,2,FLO-004,2,38.00,38.00,15.0000,
T0006205,1,FLO-002,1,40.00,40.00,16.0000,
T0006205,2,PRE-002,1,10.00,10.00,3.4000,
T0006206,1,EDI-003,1,20.00,20.00,6.5000,
T0006207,1,PRE-003,1,18.00,18.00,6.0000,
T0006207,2,FLO-008,1,32.00,32.00,13.5000,
T0006208,1,ACC-004,1,2.00,2.00,0.4000,
T0006208,2,FLO-002,1,40.00,40.00,16.0000,
T0006208,3,PRE-002,1,10.00,8.00,3.4000,
T0006208,4,PRE-005,1,6.00,6.00,1.8000,
T0006208,5,EDI-002,1,22.00,17.60,7.0000,
T0006209,1,VAP-003,1,32.00,32.00,12.0000,
T0006210,1,EDI-003,1,20.00,20.00,6.5000,
T0006210,2,PRE-002,1,10.00,10.00,3.4000,
T0006211,1,VAP-003,1,32.00,32.00,12.0000,
T0006211,2,ACC-002,2,3.00,3.00,0.6000,
T0006211,3,PRE-004,1,35.00,35.00,12.0000,
T0006212,1,EDI-001,1,20.00,20.00,6.0000,
T0006212,2,ACC-002,1,3.00,3.00,0.6000,
T0006213,1,EDI-001,1,20.00,20.00,6.0000,
T0006213,2,FLO-004,2,38.00,38.00,15.0000,
T0006214,1,EDI-006,2,8.00,7.20,3.0000,
T0006214,2,ACC-004,1,2.00,2.00,0.4000,
T0006215,1,VAP-003,2,32.00,28.80,12.0000,
T0006216,1,VAP-005,1,28.00,28.00,9.0000,
T0006216,2,FLO-004,1,38.00,38.00,15.0000,
T0006216,3,FLO-009,1,210.00,210.00,95.0000,
T0006217,1,VAP-003,1,32.00,32.00,12.0000,
T0006218,1,FLO-001,1,35.00,35.00,14.0000,
T0006219,1,PRE-005,1,6.00,6.00,1.8000,
T0006220,1,FLO-003,2,70.00,70.00,28.0000,
T0006220,2,FLO-005,1,38.00,30.40,15.5000,
T0006220,3,EDI-007,1,18.00,14.40,6.0000,
T0006220,4,FLO-001,1,35.00,35.00,14.0000,
T0006221,1,PRE-005,1,6.00,6.00,1.8000,
T0006222,1,CON-003,1,30.00,30.00,12.0000,
T0006222,2,PRE-004,1,35.00,35.00,12.0000,
T0006222,3,VAP-001,1,55.00,49.50,22.0000,
T0006223,1,PRE-001,1,10.00,10.00,3.2000,
T0006224,1,PRE-003,1,18.00,18.00,6.0000,
T0006224,2,ACC-002,1,3.00,3.00,0.6000,
T0006225,1,FLO-005,1,38.00,38.00,15.5000,
T0006225,2,ACC-004,1,2.00,2.00,0.4000,
T0006226,1,PRE-001,1,10.00,10.00,3.2000,
T0006227,1,EDI-001,1,20.00,20.00,6.0000,
T0006228,1,CON-002,3,45.00,40.50,18.0000,
T0006229,1,PRE-004,1,35.00,35.00,12.0000,
T0006229,2,FLO-009,1,210.00,189.00,95.0000,
T0006229,3,FLO-002,1,40.00,40.00,16.0000,
T0006229,4,VAP-002,1,40.00,40.00,14.0000,
T0006230,1,FLO-001,1,35.00,35.00,14.0000,
T0006230,2,FLO-010,1,45.00,45.00,18.0000,
T0006230,3,EDI-002,1,22.00,22.00,7.0000,
T0006231,1,PRE-001,1,10.00,10.00,3.2000,
T0006231,2,CON-003,2,30.00,30.00,12.0000,
T0006232,1,PRE-005,1,6.00,4.80,1.8000,
T0006232,2,FLO-002,1,40.00,40.00,16.0000,
T0006232,3,ACC-004,1,2.00,1.60,0.4000,
T0006232,4,VAP-001,1,55.00,49.50,22.0000,
T0006232,5,ACC-001,2,20.00,20.00,5.0000,
T0006233,1,PRE-002,1,10.00,10.00,3.4000,
T0006233,2,PRE-001,1,10.00,9.00,3.2000,
T0006234,1,PRE-003,1,18.00,18.00,6.0000,
T0006234,2,FLO-001,1,35.00,35.00,14.0000,
T0006234,3,FLO-005,2,38.00,38.00,15.5000,
T0006234,4,TOP-001,1,35.00,35.00,12.0000,
T0006235,1,ACC-002,1,3.00,3.00,0.6000,
T0006236,1,FLO-001,1,35.00,35.00,14.0000,
T0006237,1,FLO-001,1,35.00,35.00,14.0000,
T0006237,2,FLO-004,1,38.00,38.00,15.0000,
T0006237,3,CON-001,2,75.00,75.00,32.0000,
T0006238,1,FLO-004,1,38.00,38.00,15.0000,
T0006238,2,FLO-001,1,35.00,35.00,14.0000,
T0006238,3,EDI-001,3,20.00,20.00,6.0000,
T0006239,1,EDI-006,1,8.00,8.00,3.0000,
T0006240,1,FLO-003,1,70.00,70.00,28.0000,
T0006240,2,FLO-001,1,35.00,35.00,14.0000,
T0006241,1,FLO-001,1,35.00,35.00,14.0000,
T0006242,1,PRE-004,3,35.00,28.00,12.0000,
T0006243,1,EDI-006,1,8.00,8.00,3.0000,
T0006244,1,VAP-005,1,28.00,25.20,9.0000,
T0006245,1,FLO-004,1,38.00,38.00,15.0000,
T0006246,1,PRE-001,1,10.00,10.00,3.2000,
T0006247,1,EDI-006,1,8.00,7.20,3.0000,
T0006248,1,VAP-004,2,60.00,60.00,24.0000,
T0006249,1,CON-002,1,45.00,45.00,18.0000,
T0006250,1,FLO-008,1,32.00,32.00,13.5000,
T0006251,1,FLO-002,2,40.00,40.00,16.0000,
T0006251,2,FLO-007,1,32.00,32.00,13.0000,
T0006252,1,VAP-005,1,28.00,25.20,9.0000,
T0006253,1,EDI-005,1,14.00,14.00,4.0000,
T0006253,2,PRE-001,1,10.00,10.00,3.2000,
T0006254,1,PRE-001,1,10.00,10.00,3.2000,
T0006255,1,EDI-001,1,20.00,20.00,6.0000,
T0006255,2,EDI-004,1,25.00,25.00,7.5000,
T0006255,3,VAP-002,1,40.00,40.00,14.0000,
T0006256,1,PRE-005,1,6.00,6.00,1.8000,
T0006256,2,PRE-001,1,10.00,10.00,3.2000,
T0006256,3,EDI-006,1,8.00,8.00,3.0000,
T0006257,1,EDI-005,1,14.00,14.00,4.0000,
T0006257,2,FLO-008,1,32.00,32.00,13.5000,
T0006258,1,ACC-002,1,3.00,3.00,0.6000,
T0006259,1,ACC-004,1,2.00,2.00,0.4000,
T0006259,2,FLO-004,1,38.00,30.40,15.0000,
T0006259,3,FLO-005,2,38.00,34.20,15.5000,
T0006260,1,ACC-002,1,3.00,3.00,0.6000,
T0006261,1,FLO-002,1,40.00,40.00,16.0000,
T0006262,1,PRE-002,2,10.00,9.00,3.4000,
T0006263,1,FLO-005,2,38.00,38.00,15.5000,
T0006263,2,ACC-004,1,2.00,2.00,0.4000,
T0006264,1,PRE-005,1,6.00,6.00,1.8000,
T0006264,2,FLO-008,1,32.00,32.00,13.5000,
T0006265,1,VAP-004,1,60.00,60.00,24.0000,
T0006265,2,EDI-002,2,22.00,22.00,7.0000,
T0006265,3,CON-001,1,75.00,75.00,32.0000,
T0006265,4,ACC-004,1,2.00,2.00,0.4000,
T0006266,1,FLO-003,1,70.00,70.00,28.0000,
T0006266,2,ACC-004,1,2.00,1.60,0.4000,
T0006266,3,EDI-001,2,20.00,20.00,6.0000,
T0006266,4,FLO-005,2,38.00,30.40,15.5000,
T0006266,5,CON-003,1,30.00,30.00,12.0000,
T0006267,1,EDI-002,1,22.00,22.00,7.0000,
T0006268,1,VAP-006,2,15.00,15.00,4.0000,
T0006268,2,FLO-002,1,40.00,40.00,16.0000,
T0006269,1,VAP-006,1,15.00,15.00,4.0000,
T0006270,1,CON-002,1,45.00,45.00,18.0000,
T0006271,1,FLO-003,1,70.00,70.00,28.0000,
T0006272,1,FLO-005,1,38.00,38.00,15.5000,
T0006273,1,FLO-001,1,35.00,35.00,14.0000,
T0006274,1,VAP-002,1,40.00,40.00,14.0000,
T0006274,2,PRE-001,1,10.00,10.00,3.2000,
T0006275,1,VAP-002,2,40.00,36.00,14.0000,
T0006276,1,VAP-006,1,15.00,15.00,4.0000,
T0006277,1,EDI-003,1,20.00,20.00,6.5000,
T0006278,1,FLO-003,1,70.00,70.00,28.0000,
T0006278,2,PRE-004,1,35.00,31.50,12.0000,
T0006279,1,VAP-001,1,55.00,55.00,22.0000,
T0006279,2,FLO-005,3,38.00,38.00,15.5000,
T0006280,1,ACC-002,1,3.00,3.00,0.6000,
T0006281,1,VAP-006,2,15.00,15.00,4.0000,
T0006281,2,FLO-004,1,38.00,38.00,15.0000,
T0006281,3,VAP-003,1,32.00,32.00,12.0000,
T0006281,4,FLO-001,1,35.00,35.00,14.0000,
T0006281,5,ACC-004,2,2.00,2.00,0.4000,
T0006282,1,VAP-006,1,15.00,15.00,4.0000,
T0006282,2,FLO-001,1,35.00,35.00,14.0000,
T0006282,3,PRE-003,1,18.00,18.00,6.0000,
T0006282,4,EDI-002,2,22.00,22.00,7.0000,
T0006283,1,PRE-002,1,10.00,10.00,3.4000,
T0006283,2,PRE-005,2,6.00,6.00,1.8000,
T0006283,3,VAP-003,2,32.00,32.00,12.0000,
T0006283,4,ACC-002,2,3.00,2.70,0.6000,
T0006283,5,TOP-001,1,35.00,35.00,12.0000,
T0006284,1,PRE-002,1,10.00,10.00,3.4000,
T0006284,2,PRE-001,2,10.00,10.00,3.2000,
T0006285,1,PRE-004,1,35.00,35.00,12.0000,
T0006286,1,VAP-002,1,40.00,40.00,14.0000,
T0006286,2,EDI-004,3,25.00,25.00,7.5000,
T0006287,1,VAP-005,1,28.00,28.00,9.0000,
T0006287,2,EDI-004,1,25.00,25.00,7.5000,
T0006287,3,VAP-002,1,40.00,40.00,14.0000,
T0006288,1,VAP-003,1,32.00,32.00,12.0000,
T0006288,2,EDI-001,1,20.00,20.00,6.0000,
T0006288,3,FLO-005,1,38.00,34.20,15.5000,
T0006289,1,EDI-001,2,20.00,20.00,6.0000,
T0006289,2,VAP-001,2,55.00,55.00,22.0000,
T0006289,3,EDI-004,2,25.00,25.00,7.5000,
T0006290,1,FLO-001,1,35.00,35.00,14.0000,
T0006290,2,PRE-001,2,10.00,10.00,3.2000,
T0006291,1,EDI-003,2,20.00,20.00,6.5000,
T0006292,1,EDI-005,1,14.00,11.20,4.0000,
T0006292,2,PRE-001,1,10.00,8.00,3.2000,
T0006293,1,EDI-006,1,8.00,8.00,3.0000,
T0006293,2,PRE-004,1,35.00,35.00,12.0000,
T0006294,1,CON-002,1,45.00,45.00,18.0000,
T0006294,2,PRE-001,2,10.00,10.00,3.2000,
T0006295,1,EDI-001,1,20.00,20.00,6.0000,
T0006296,1,ACC-002,1,3.00,3.00,0.6000,
T0006296,2,PRE-002,1,10.00,10.00,3.4000,
T0006296,3,ACC-004,1,2.00,2.00,0.4000,
T0006297,1,CON-003,1,30.00,30.00,12.0000,
T0006297,2,PRE-001,1,10.00,9.00,3.2000,
T0006298,1,PRE-001,1,10.00,10.00,3.2000,
T0006298,2,CON-002,1,45.00,45.00,18.0000,
T0006298,3,FLO-008,2,32.00,32.00,13.5000,
T0006299,1,FLO-007,1,32.00,28.80,13.0000,
T0006299,2,FLO-005,2,38.00,38.00,15.5000,
T0006300,1,FLO-005,1,38.00,38.00,15.5000,
T0006301,1,VAP-002,2,40.00,40.00,14.0000,
T0006302,1,FLO-008,1,32.00,32.00,13.5000,
T0006303,1,VAP-001,1,55.00,55.00,22.0000,
T0006303,2,CON-003,1,30.00,30.00,12.0000,
T0006303,3,VAP-005,3,28.00,28.00,9.0000,
T0006303,4,EDI-004,1,25.00,22.50,7.5000,
T0006304,1,PRE-002,1,10.00,10.00,3.4000,
T0006305,1,FLO-001,2,35.00,35.00,14.0000,
T0006306,1,CON-003,1,30.00,30.00,12.0000,
T0006307,1,FLO-001,1,35.00,35.00,14.0000,
T0006308,1,ACC-003,1,22.00,22.00,6.0000,
T0006308,2,ACC-004,1,2.00,2.00,0.4000,
T0006308,3,CON-002,1,45.00,45.00,18.0000,
T0006309,1,PRE-002,1,10.00,10.00,3.4000,
T0006310,1,PRE-002,1,10.00,10.00,3.4000,
T0006310,2,FLO-002,1,40.00,40.00,16.0000,
T0006310,3,FLO-004,2,38.00,38.00,15.0000,
T0006311,1,ACC-002,1,3.00,3.00,0.6000,
T0006311,2,FLO-005,1,38.00,38.00,15.5000,
T0006312,1,PRE-005,2,6.00,6.00,1.8000,
T0006312,2,PRE-001,2,10.00,10.00,3.2000,
T0006312,3,FLO-002,1,40.00,40.00,16.0000,
T0006313,1,ACC-005,1,12.00,12.00,2.5000,
T0006314,1,PRE-001,2,10.00,10.00,3.2000,
T0006315,1,PRE-004,1,35.00,35.00,12.0000,
T0006315,2,PRE-002,1,10.00,10.00,3.4000,
T0006315,3,FLO-006,1,120.00,120.00,52.0000,
T0006315,4,FLO-007,1,32.00,32.00,13.0000,
T0006315,5,FLO-002,2,40.00,40.00,16.0000,
T0006316,1,VAP-004,1,60.00,60.00,24.0000,
T0006316,2,PRE-002,1,10.00,10.00,3.4000,
T0006317,1,EDI-004,2,25.00,25.00,7.5000,
T0006317,2,FLO-002,1,40.00,40.00,16.0000,
T0006318,1,ACC-002,1,3.00,3.00,0.6000,
T0006318,2,VAP-001,1,55.00,55.00,22.0000,
T0006319,1,VAP-002,1,40.00,40.00,14.0000,
T0006320,1,VAP-005,2,28.00,28.00,9.0000,
T0006321,1,CON-001,1,75.00,60.00,32.0000,
T0006321,2,EDI-006,1,8.00,6.40,3.0000,
T0006322,1,VAP-002,1,40.00,40.00,14.0000,
T0006323,1,EDI-003,1,20.00,18.00,6.5000,
T0006324,1,EDI-002,2,22.00,22.00,7.0000,
T0006324,2,CON-002,1,45.00,45.00,18.0000,
T0006325,1,PRE-001,1,10.00,10.00,3.2000,
T0006325,2,PRE-004,2,35.00,31.50,12.0000,
T0006325,3,EDI-002,2,22.00,22.00,7.0000,
T0006326,1,FLO-008,1,32.00,32.00,13.5000,
T0006327,1,FLO-005,2,38.00,38.00,15.5000,
T0006327,2,ACC-004,2,2.00,2.00,0.4000,
T0006327,3,VAP-005,1,28.00,28.00,9.0000,
T0006328,1,PRE-002,1,10.00,10.00,3.4000,
T0006329,1,ACC-002,1,3.00,3.00,0.6000,
T0006329,2,EDI-004,3,25.00,25.00,7.5000,
T0006329,3,FLO-010,1,45.00,45.00,18.0000,
T0006329,4,PRE-005,1,6.00,6.00,1.8000,
T0006330,1,PRE-002,3,10.00,10.00,3.4000,
T0006331,1,FLO-002,2,40.00,40.00,16.0000,
T0006332,1,FLO-001,1,35.00,35.00,14.0000,
T0006333,1,PRE-003,2,18.00,18.00,6.0000,
T0006333,2,VAP-006,1,15.00,15.00,4.0000,
T0006333,3,TOP-002,1,24.00,24.00,9.0000,
T0006334,1,VAP-002,1,40.00,40.00,14.0000,
T0006334,2,ACC-004,1,2.00,2.00,0.4000,
T0006334,3,FLO-007,1,32.00,32.00,13.0000,
T0006335,1,EDI-004,1,25.00,25.00,7.5000,
T0006336,1,EDI-003,1,20.00,20.00,6.5000,
T0006336,2,FLO-007,1,32.00,32.00,13.0000,
T0006336,3,PRE-002,2,10.00,10.00,3.4000,
T0006336,4,VAP-002,1,40.00,40.00,14.0000,
T0006336,5,CON-003,1,30.00,30.00,12.0000,
T0006337,1,PRE-001,1,10.00,10.00,3.2000,
T0006338,1,PRE-005,2,6.00,6.00,1.8000,
T0006339,1,FLO-001,1,35.00,31.50,14.0000,
T0006340,1,VAP-003,2,32.00,32.00,12.0000,
T0006340,2,EDI-005,1,14.00,14.00,4.0000,
T0006341,1,EDI-004,1,25.00,20.00,7.5000,
T0006342,1,FLO-007,1,32.00,32.00,13.0000,
T0006342,2,PRE-005,1,6.00,6.00,1.8000,
T0006343,1,FLO-004,1,38.00,38.00,15.0000,
T0006343,2,VAP-006,1,15.00,12.00,4.0000,
T0006344,1,ACC-002,2,3.00,3.00,0.6000,
T0006344,2,PRE-001,2,10.00,10.00,3.2000,
T0006344,3,FLO-001,1,35.00,35.00,14.0000,
T0006345,1,EDI-001,2,20.00,20.00,6.0000,
T0006345,2,PRE-002,2,10.00,10.00,3.4000,
T0006346,1,PRE-001,1,10.00,10.00,3.2000,
T0006346,2,EDI-005,1,14.00,14.00,4.0000,
T0006346,3,FLO-007,1,32.00,32.00,13.0000,
T0006347,1,EDI-001,1,20.00,20.00,6.0000,
T0006348,1,CON-002,3,45.00,45.00,18.0000,
T0006349,1,VAP-005,1,28.00,28.00,9.0000,
T0006350,1,EDI-006,1,8.00,6.40,3.0000,
T0006350,2,EDI-002,1,22.00,22.00,7.0000,
T0006350,3,ACC-004,1,2.00,2.00,0.4000,
T0006351,1,EDI-007,1,18.00,18.00,6.0000,
T0006351,2,PRE-001,1,10.00,10.00,3.2000,
T0006352,1,EDI-007,1,18.00,18.00,6.0000,
T0006352,2,ACC-002,1,3.00,3.00,0.6000,
T0006352,3,PRE-003,1,18.00,18.00,6.0000,
T0006353,1,PRE-002,1,10.00,10.00,3.4000,
T0006354,1,ACC-004,2,2.00,2.00,0.4000,
T0006355,1,PRE-001,1,10.00,10.00,3.2000,
T0006355,2,VAP-005,1,28.00,28.00,9.0000,
T0006356,1,PRE-002,1,10.00,10.00,3.4000,
T0006356,2,FLO-005,1,38.00,38.00,15.5000,
T0006357,1,VAP-002,1,40.00,40.00,14.0000,
T0006357,2,FLO-008,1,32.00,32.00,13.5000,
T0006357,3,FLO-001,1,35.00,35.00,14.0000,
T0006358,1,FLO-004,2,38.00,38.00,15.0000,
T0006358,2,VAP-003,1,32.00,32.00,12.0000,
T0006358,3,CON-001,1,75.00,75.00,32.0000,
T0006358,4,EDI-002,1,22.00,19.80,7.0000,
T0006358,5,PRE-005,1,6.00,6.00,1.8000,
T0006359,1,EDI-004,1,25.00,25.00,7.5000,
T0006360,1,FLO-005,1,38.00,38.00,15.5000,
T0006360,2,EDI-004,1,25.00,25.00,7.5000,
T0006361,1,FLO-007,1,32.00,32.00,13.0000,
T0006362,1,FLO-001,2,35.00,35.00,14.0000,
T0006363,1,ACC-002,1,3.00,2.40,0.6000,
T0006363,2,EDI-002,1,22.00,22.00,7.0000,
T0006363,3,VAP-002,3,40.00,36.00,14.0000,
T0006363,4,VAP-005,1,28.00,22.40,9.0000,
T0006364,1,FLO-004,1,38.00,38.00,15.0000,
T0006364,2,PRE-003,2,18.00,14.40,6.0000,
T0006365,1,FLO-008,1,32.00,28.80,13.5000,
T0006365,2,FLO-002,2,40.00,40.00,16.0000,
T0006366,1,ACC-004,1,2.00,2.00,0.4000,
T0006367,1,VAP-003,1,32.00,32.00,12.0000,
T0006368,1,VAP-001,3,55.00,55.00,22.0000,
T0006368,2,FLO-001,2,35.00,35.00,14.0000,
T0006368,3,FLO-006,1,120.00,120.00,52.0000,
T0006368,4,FLO-005,1,38.00,34.20,15.5000,
T0006368,5,ACC-002,1,3.00,3.00,0.6000,
T0006369,1,FLO-004,1,38.00,38.00,15.0000,
T0006369,2,FLO-007,1,32.00,32.00,13.0000,
T0006370,1,FLO-008,1,32.00,32.00,13.5000,
T0006371,1,PRE-001,1,10.00,10.00,3.2000,
T0006371,2,FLO-001,1,35.00,35.00,14.0000,
T0006372,1,ACC-004,2,2.00,2.00,0.4000,
T0006373,1,VAP-002,1,40.00,40.00,14.0000,
T0006374,1,PRE-005,1,6.00,6.00,1.8000,
T0006374,2,EDI-006,1,8.00,8.00,3.0000,
T0006375,1,CON-003,1,30.00,30.00,12.0000,
T0006376,1,FLO-003,1,70.00,70.00,28.0000,
T0006377,1,PRE-003,1,18.00,16.20,6.0000,
T0006378,1,CON-004,1,55.00,49.50,22.0000,
T0006378,2,EDI-003,1,20.00,20.00,6.5000,
T0006378,3,EDI-006,2,8.00,8.00,3.0000,
T0006379,1,FLO-001,1,35.00,35.00,14.0000,
T0006379,2,FLO-008,3,32.00,32.00,13.5000,
T0006379,3,PRE-002,1,10.00,10.00,3.4000,
T0006380,1,VAP-004,1,60.00,60.00,24.0000,
T0006380,2,PRE-004,1,35.00,35.00,12.0000,
T0006381,1,VAP-001,1,55.00,55.00,22.0000,
T0006381,2,FLO-010,1,45.00,45.00,18.0000,
T0006381,3,FLO-002,1,40.00,40.00,16.0000,
T0006382,1,EDI-005,1,14.00,14.00,4.0000,
T0006383,1,FLO-002,1,40.00,40.00,16.0000,
T0006384,1,PRE-004,2,35.00,35.00,12.0000,
T0006384,2,PRE-002,2,10.00,10.00,3.4000,
T0006384,3,PRE-001,1,10.00,10.00,3.2000,
T0006385,1,VAP-006,1,15.00,13.50,4.0000,
T0006386,1,FLO-008,2,32.00,32.00,13.5000,
T0006387,1,PRE-003,1,18.00,18.00,6.0000,
T0006388,1,EDI-006,1,8.00,6.40,3.0000,
T0006389,1,FLO-008,1,32.00,32.00,13.5000,
T0006389,2,FLO-005,2,38.00,38.00,15.5000,
T0006389,3,FLO-007,1,32.00,32.00,13.0000,
T0006390,1,VAP-004,1,60.00,60.00,24.0000,
T0006390,2,PRE-001,2,10.00,10.00,3.2000,
T0006391,1,EDI-001,1,20.00,16.00,6.0000,
T0006392,1,FLO-001,2,35.00,35.00,14.0000,
T0006392,2,FLO-005,1,38.00,38.00,15.5000,
T0006393,1,FLO-004,1,38.00,30.40,15.0000,
T0006394,1,VAP-002,1,40.00,40.00,14.0000,
T0006394,2,ACC-002,1,3.00,3.00,0.6000,
T0006395,1,EDI-001,1,20.00,20.00,6.0000,
T0006396,1,CON-003,1,30.00,30.00,12.0000,
T0006397,1,FLO-005,1,38.00,38.00,15.5000,
T0006398,1,VAP-003,1,32.00,28.80,12.0000,
T0006398,2,PRE-001,1,10.00,10.00,3.2000,
T0006398,3,EDI-001,1,20.00,20.00,6.0000,
T0006398,5,FLO-008,1,32.00,32.00,13.5000,
T0006399,1,TIN-002,1,45.00,45.00,16.0000,
T0006399,2,PRE-003,2,18.00,18.00,6.0000,
T0006399,3,PRE-001,1,10.00,10.00,3.2000,
T0006400,1,VAP-001,1,55.00,55.00,22.0000,
T0006401,1,PRE-001,3,10.00,10.00,3.2000,
T0006401,2,FLO-006,2,120.00,120.00,52.0000,
T0006401,3,EDI-005,1,14.00,14.00,4.0000,
T0006402,1,FLO-005,1,38.00,38.00,15.5000,
T0006402,2,EDI-001,1,20.00,20.00,6.0000,
T0006402,3,EDI-002,1,22.00,22.00,7.0000,
T0006402,4,VAP-001,1,55.00,55.00,22.0000,
T0006403,1,FLO-002,1,40.00,32.00,16.0000,
T0006403,2,PRE-003,1,18.00,18.00,6.0000,
T0006403,3,EDI-002,1,22.00,22.00,7.0000,
T0006403,4,EDI-003,1,20.00,20.00,6.5000,
T0006403,5,ACC-004,1,2.00,2.00,0.4000,
T0006404,1,FLO-002,1,40.00,40.00,16.0000,
T0006405,1,VAP-003,1,32.00,25.60,12.0000,
T0006405,2,ACC-002,1,3.00,2.40,0.6000,
T0006405,3,VAP-005,1,28.00,22.40,9.0000,
T0006405,4,TOP-001,1,35.00,35.00,12.0000,
T0006406,1,FLO-001,1,35.00,35.00,14.0000,
T0006406,2,PRE-005,3,6.00,6.00,1.8000,
T0006406,3,EDI-001,2,20.00,18.00,6.0000,
T0006407,1,FLO-002,1,40.00,32.00,16.0000,
T0006407,2,ACC-002,1,3.00,3.00,0.6000,
T0006408,1,EDI-004,1,25.00,20.00,7.5000,
T0006408,2,FLO-010,1,45.00,45.00,18.0000,
T0006408,3,CON-002,1,45.00,36.00,18.0000,
T0006409,1,EDI-005,1,14.00,14.00,4.0000,
T0006409,2,FLO-004,2,38.00,38.00,15.0000,
T0006409,3,PRE-003,3,18.00,18.00,6.0000,
T0006410,1,EDI-001,2,20.00,20.00,6.0000,
T0006410,2,VAP-005,1,28.00,28.00,9.0000,
T0006410,3,PRE-005,1,6.00,6.00,1.8000,
T0006411,1,VAP-001,1,55.00,55.00,22.0000,
T0006411,2,EDI-003,1,20.00,20.00,6.5000,
T0006412,1,VAP-004,2,60.00,60.00,24.0000,
T0006413,1,PRE-001,1,10.00,10.00,3.2000,
T0006413,2,FLO-007,1,32.00,32.00,13.0000,
T0006413,3,ACC-004,2,2.00,2.00,0.4000,
T0006414,1,ACC-001,1,20.00,20.00,5.0000,
T0006414,2,VAP-001,1,55.00,55.00,22.0000,
T0006415,1,EDI-002,1,22.00,22.00,7.0000,
T0006415,2,FLO-001,1,35.00,35.00,14.0000,
T0006416,1,PRE-005,1,6.00,6.00,1.8000,
T0006416,2,PRE-001,1,10.00,10.00,3.2000,
T0006416,3,VAP-004,1,60.00,60.00,24.0000,
T0006416,4,FLO-004,1,38.00,30.40,15.0000,
T0006417,1,ACC-004,1,2.00,2.00,0.4000,
T0006418,1,EDI-001,1,20.00,20.00,6.0000,
T0006419,1,FLO-004,2,38.00,38.00,15.0000,
T0006419,2,FLO-003,1,70.00,70.00,28.0000,
T0006419,3,PRE-001,1,10.00,10.00,3.2000,
T0006420,1,VAP-003,1,32.00,32.00,12.0000,
T0006420,2,PRE-001,1,10.00,10.00,3.2000,
T0006420,3,EDI-002,1,22.00,22.00,7.0000,
T0006421,1,PRE-003,2,18.00,18.00,6.0000,
T0006421,2,FLO-001,1,35.00,28.00,14.0000,
T0006422,1,ACC-002,1,3.00,3.00,0.6000,
T0006422,2,EDI-001,1,20.00,20.00,6.0000,
T0006422,3,FLO-002,2,40.00,40.00,16.0000,
T0006422,4,PRE-002,2,10.00,10.00,3.4000,
T0006423,1,PRE-005,1,6.00,6.00,1.8000,
T0006423,2,PRE-001,1,10.00,10.00,3.2000,
T0006423,3,FLO-006,1,120.00,120.00,52.0000,
T0006423,4,VAP-002,1,40.00,40.00,14.0000,
T0006423,5,FLO-008,1,32.00,28.80,13.5000,
T0006424,1,ACC-004,1,2.00,2.00,0.4000,
T0006425,1,PRE-003,1,18.00,14.40,6.0000,
T0006426,1,EDI-001,1,20.00,20.00,6.0000,
T0006427,1,PRE-002,1,10.00,10.00,3.4000,
T0006427,2,PRE-001,3,10.00,10.00,3.2000,
T0006427,3,EDI-004,2,25.00,22.50,7.5000,
T0006427,4,PRE-005,1,6.00,6.00,1.8000,
T0006428,1,ACC-004,2,2.00,1.60,0.4000,
T0006429,1,FLO-001,1,35.00,35.00,14.0000,
T0006429,2,ACC-002,2,3.00,3.00,0.6000,
T0006429,3,VAP-003,1,32.00,32.00,12.0000,
T0006430,1,PRE-005,1,6.00,6.00,1.8000,
T0006431,1,PRE-001,1,10.00,10.00,3.2000,
T0006432,1,FLO-004,1,38.00,30.40,15.0000,
T0006433,1,VAP-001,1,55.00,55.00,22.0000,
T0006433,2,EDI-006,3,8.00,6.40,3.0000,
T0006434,1,PRE-001,2,10.00,10.00,3.2000,
T0006435,1,FLO-004,1,38.00,38.00,15.0000,
T0006436,1,VAP-005,1,28.00,28.00,9.0000,
T0006436,2,FLO-008,1,32.00,32.00,13.5000,
T0006437,1,VAP-003,1,32.00,32.00,12.0000,
T0006437,2,PRE-002,1,10.00,10.00,3.4000,
T0006438,1,VAP-003,2,32.00,32.00,12.0000,
T0006438,2,FLO-003,1,70.00,70.00,28.0000,
T0006438,3,FLO-005,1,38.00,38.00,15.5000,
T0006439,1,ACC-004,1,2.00,2.00,0.4000,
T0006439,2,FLO-005,1,38.00,38.00,15.5000,
T0006440,1,EDI-006,1,8.00,8.00,3.0000,
T0006441,1,FLO-003,1,70.00,63.00,28.0000,
T0006442,1,VAP-002,1,40.00,40.00,14.0000,
T0006442,2,CON-003,1,30.00,30.00,12.0000,
T0006443,1,ACC-004,1,2.00,1.80,0.4000,
T0006443,2,VAP-003,2,32.00,32.00,12.0000,
T0006443,3,EDI-005,1,14.00,14.00,4.0000,
T0006443,4,EDI-001,1,20.00,20.00,6.0000,
T0006444,1,VAP-001,2,55.00,55.00,22.0000,
T0006444,3,CON-004,2,55.00,55.00,22.0000,
T0006444,4,FLO-007,1,32.00,32.00,13.0000,
T0006445,1,FLO-001,1,35.00,35.00,14.0000,
T0006445,2,FLO-006,1,120.00,120.00,52.0000,
T0006446,1,CON-003,1,30.00,30.00,12.0000,
T0006446,2,VAP-002,1,40.00,40.00,14.0000,
T0006446,3,ACC-004,2,2.00,2.00,0.4000,
T0006447,1,PRE-001,1,10.00,10.00,3.2000,
T0006448,1,EDI-007,1,18.00,16.20,6.0000,
T0006448,2,CON-003,1,30.00,24.00,12.0000,
T0006448,3,ACC-004,1,2.00,1.60,0.4000,
T0006449,1,EDI-001,1,20.00,20.00,6.0000,
T0006450,1,ACC-002,3,3.00,3.00,0.6000,
T0006451,1,ACC-004,1,2.00,2.00,0.4000,
T0006452,1,ACC-002,1,3.00,3.00,0.6000,
T0006453,1,ACC-001,1,20.00,20.00,5.0000,
T0006454,1,PRE-002,1,10.00,10.00,3.4000,
T0006454,2,VAP-001,1,55.00,49.50,22.0000,
T0006454,3,ACC-002,1,3.00,3.00,0.6000,
T0006454,4,FLO-005,1,38.00,38.00,15.5000,
T0006454,5,PRE-005,1,6.00,6.00,1.8000,
T0006455,1,FLO-005,1,38.00,38.00,15.5000,
T0006455,2,FLO-001,1,35.00,35.00,14.0000,
T0006456,1,VAP-001,1,55.00,44.00,22.0000,
T0006456,2,FLO-001,1,35.00,35.00,14.0000,
T0006456,3,EDI-001,1,20.00,20.00,6.0000,
T0006457,1,FLO-004,2,38.00,38.00,15.0000,
T0006457,2,ACC-004,1,2.00,2.00,0.4000,
T0006458,1,PRE-002,1,10.00,10.00,3.4000,
T0006458,2,CON-003,1,30.00,30.00,12.0000,
T0006459,1,EDI-005,1,14.00,11.20,4.0000,
T0006459,2,VAP-006,1,15.00,15.00,4.0000,
T0006460,1,EDI-005,2,14.00,14.00,4.0000,
T0006461,1,VAP-003,1,32.00,32.00,12.0000,
T0006462,1,PRE-005,3,6.00,4.80,1.8000,
T0006462,2,EDI-002,3,22.00,22.00,7.0000,
T0006462,3,VAP-003,1,32.00,28.80,12.0000,
T0006462,4,EDI-004,2,25.00,22.50,7.5000,
T0006463,1,FLO-003,1,70.00,70.00,28.0000,
T0006464,1,ACC-004,1,2.00,2.00,0.4000,
T0006465,1,ACC-004,2,2.00,2.00,0.4000,
T0006465,2,EDI-001,1,20.00,20.00,6.0000,
T0006466,1,FLO-004,1,38.00,38.00,15.0000,
T0006467,1,EDI-007,1,18.00,14.40,6.0000,
T0006467,2,EDI-001,1,20.00,20.00,6.0000,
T0006467,3,VAP-006,2,15.00,15.00,4.0000,
T0006467,4,VAP-003,1,32.00,32.00,12.0000,
T0006468,1,EDI-001,3,20.00,20.00,6.0000,
T0006468,2,ACC-004,1,2.00,2.00,0.4000,
T0006468,3,EDI-002,1,22.00,22.00,7.0000,
T0006469,1,FLO-001,1,35.00,31.50,14.0000,
T0006469,2,VAP-006,1,15.00,15.00,4.0000,
T0006470,1,FLO-002,1,40.00,40.00,16.0000,
T0006470,2,EDI-005,2,14.00,14.00,4.0000,
T0006470,3,PRE-005,1,6.00,6.00,1.8000,
T0006471,1,FLO-004,3,38.00,38.00,15.0000,
T0006471,2,VAP-004,2,60.00,48.00,24.0000,
T0006471,3,ACC-004,1,2.00,1.80,0.4000,
T0006471,4,EDI-003,1,20.00,20.00,6.5000,
T0006471,5,EDI-006,1,8.00,8.00,3.0000,
T0006472,1,EDI-001,1,20.00,18.00,6.0000,
T0006473,1,PRE-005,1,6.00,5.40,1.8000,
T0006473,2,FLO-001,2,35.00,35.00,14.0000,
T0006473,4,VAP-002,1,40.00,40.00,14.0000,
T0006473,5,FLO-007,1,32.00,32.00,13.0000,
T0006474,1,VAP-003,1,32.00,32.00,12.0000,
T0006474,2,EDI-004,1,25.00,25.00,7.5000,
T0006475,1,CON-002,1,45.00,40.50,18.0000,
T0006475,2,ACC-002,1,3.00,3.00,0.6000,
T0006476,1,FLO-001,1,35.00,35.00,14.0000,
T0006477,1,VAP-003,1,32.00,32.00,12.0000,
T0006477,2,EDI-006,1,8.00,8.00,3.0000,
T0006478,1,VAP-006,1,15.00,15.00,4.0000,
T0006478,2,CON-002,1,45.00,45.00,18.0000,
T0006478,3,PRE-002,2,10.00,10.00,3.4000,
T0006478,4,FLO-001,1,35.00,35.00,14.0000,
T0006479,1,ACC-001,1,20.00,20.00,5.0000,
T0006480,1,PRE-002,1,10.00,9.00,3.4000,
T0006481,1,FLO-008,1,32.00,32.00,13.5000,
T0006482,1,FLO-002,1,40.00,40.00,16.0000,
T0006482,2,VAP-003,1,32.00,32.00,12.0000,
T0006482,3,FLO-001,2,35.00,35.00,14.0000,
T0006482,5,ACC-004,2,2.00,2.00,0.4000,
T0006483,1,FLO-004,1,38.00,34.20,15.0000,
T0006484,1,VAP-003,3,32.00,32.00,12.0000,
T0006484,2,EDI-004,1,25.00,25.00,7.5000,
T0006485,1,PRE-005,1,6.00,6.00,1.8000,
T0006485,2,FLO-002,1,40.00,36.00,16.0000,
T0006486,1,EDI-002,2,22.00,22.00,7.0000,
T0006487,1,FLO-002,1,40.00,40.00,16.0000,
T0006487,2,EDI-001,1,20.00,20.00,6.0000,
T0006488,1,PRE-005,1,6.00,6.00,1.8000,
T0006489,1,EDI-005,1,14.00,14.00,4.0000,
T0006490,1,EDI-003,1,20.00,20.00,6.5000,
T0006490,2,PRE-005,1,6.00,6.00,1.8000,
T0006490,3,FLO-004,3,38.00,38.00,15.0000,
T0006491,1,VAP-005,1,28.00,28.00,9.0000,
T0006491,2,EDI-001,1,20.00,20.00,6.0000,
T0006491,4,EDI-004,1,25.00,25.00,7.5000,
T0006492,1,CON-003,1,30.00,30.00,12.0000,
T0006493,1,VAP-003,1,32.00,32.00,12.0000,
T0006493,2,EDI-003,1,20.00,20.00,6.5000,
T0006494,1,PRE-002,1,10.00,10.00,3.4000,
T0006494,2,FLO-001,2,35.00,35.00,14.0000,
T0006494,4,VAP-003,1,32.00,32.00,12.0000,
T0006495,1,EDI-002,1,22.00,22.00,7.0000,
T0006496,1,ACC-002,1,3.00,3.00,0.6000,
T0006496,2,VAP-005,3,28.00,25.20,9.0000,
T0006496,3,FLO-001,1,35.00,35.00,14.0000,
T0006496,4,PRE-004,2,35.00,35.00,12.0000,
T0006497,1,FLO-008,1,32.00,28.80,13.5000,
T0006497,2,PRE-002,1,10.00,10.00,3.4000,
T0006497,3,EDI-003,3,20.00,20.00,6.5000,
T0006498,1,VAP-002,3,40.00,40.00,14.0000,
T0006499,1,PRE-001,1,10.00,10.00,3.2000,
T0006499,2,ACC-003,2,22.00,19.80,6.0000,
T0006500,1,VAP-003,1,32.00,32.00,12.0000,
T0006501,1,EDI-006,1,8.00,8.00,3.0000,
T0006501,2,VAP-005,1,28.00,28.00,9.0000,
T0006501,3,ACC-004,1,2.00,2.00,0.4000,
T0006501,4,FLO-005,1,38.00,30.40,15.5000,
T0006502,1,ACC-004,1,2.00,2.00,0.4000,
T0006502,2,PRE-003,2,18.00,14.40,6.0000,
T0006503,1,CON-004,2,55.00,55.00,22.0000,
T0006504,1,EDI-002,1,22.00,22.00,7.0000,
T0006505,1,FLO-001,1,35.00,35.00,14.0000,
T0006505,2,CON-003,1,30.00,30.00,12.0000,
T0006505,3,EDI-007,1,18.00,18.00,6.0000,
T0006505,4,PRE-003,1,18.00,16.20,6.0000,
T0006505,5,PRE-001,2,10.00,10.00,3.2000,
T0006506,1,VAP-002,1,40.00,40.00,14.0000,
T0006507,1,ACC-002,1,3.00,3.00,0.6000,
T0006508,1,PRE-001,1,10.00,10.00,3.2000,
T0006508,2,EDI-001,1,20.00,20.00,6.0000,
T0006509,1,EDI-002,1,22.00,22.00,7.0000,
T0006510,1,CON-002,1,45.00,45.00,18.0000,
T0006510,2,ACC-004,1,2.00,1.60,0.4000,
T0006510,3,EDI-003,1,20.00,16.00,6.5000,
T0006510,4,EDI-002,1,22.00,22.00,7.0000,
T0006511,1,PRE-004,1,35.00,35.00,12.0000,
T0006511,2,FLO-005,1,38.00,38.00,15.5000,
T0006511,3,EDI-001,1,20.00,18.00,6.0000,
T0006512,1,ACC-004,3,2.00,2.00,0.4000,
T0006512,2,EDI-007,1,18.00,18.00,6.0000,
T0006513,1,ACC-004,1,2.00,2.00,0.4000,
T0006513,2,ACC-002,1,3.00,2.70,0.6000,
T0006514,1,FLO-001,2,35.00,35.00,14.0000,
T0006514,2,FLO-007,1,32.00,32.00,13.0000,
T0006514,3,FLO-002,3,40.00,40.00,16.0000,
T0006514,4,PRE-004,1,35.00,35.00,12.0000,
T0006515,1,EDI-002,1,22.00,22.00,7.0000,
T0006516,1,ACC-002,1,3.00,3.00,0.6000,
T0006517,1,PRE-001,2,10.00,10.00,3.2000,
T0006518,1,EDI-006,1,8.00,7.20,3.0000,
T0006518,2,PRE-004,1,35.00,35.00,12.0000,
T0006519,1,VAP-006,1,15.00,15.00,4.0000,
T0006520,1,VAP-002,1,40.00,40.00,14.0000,
T0006521,1,PRE-002,1,10.00,9.00,3.4000,
T0006521,3,FLO-003,1,70.00,70.00,28.0000,
T0006522,1,FLO-003,2,70.00,70.00,28.0000,
T0006523,1,VAP-003,1,32.00,32.00,12.0000,
T0006524,1,ACC-004,1,2.00,2.00,0.4000,
T0006524,2,FLO-004,1,38.00,38.00,15.0000,
T0006524,3,VAP-001,2,55.00,55.00,22.0000,
T0006524,4,PRE-005,1,6.00,6.00,1.8000,
T0006525,1,PRE-001,1,10.00,10.00,3.2000,
T0006525,2,EDI-001,3,20.00,18.00,6.0000,
T0006525,3,ACC-004,3,2.00,2.00,0.4000,
T0006525,4,FLO-010,1,45.00,45.00,18.0000,
T0006526,1,EDI-004,1,25.00,25.00,7.5000,
T0006526,2,CON-003,1,30.00,27.00,12.0000,
T0006526,3,CON-004,2,55.00,55.00,22.0000,
T0006526,4,VAP-001,3,55.00,55.00,22.0000,
T0006527,1,FLO-002,1,40.00,40.00,16.0000,
T0006527,2,PRE-005,2,6.00,6.00,1.8000,
T0006528,1,EDI-005,2,14.00,14.00,4.0000,
T0006529,1,VAP-002,2,40.00,40.00,14.0000,
T0006530,1,FLO-005,1,38.00,38.00,15.5000,
T0006531,1,ACC-004,1,2.00,1.80,0.4000,
T0006532,1,VAP-002,1,40.00,40.00,14.0000,
T0006532,2,EDI-004,1,25.00,25.00,7.5000,
T0006533,1,VAP-005,1,28.00,22.40,9.0000,
T0006534,1,PRE-005,1,6.00,6.00,1.8000,
T0006535,1,PRE-001,1,10.00,9.00,3.2000,
T0006535,2,EDI-003,1,20.00,20.00,6.5000,
T0006536,1,FLO-002,3,40.00,40.00,16.0000,
T0006537,1,PRE-001,2,10.00,10.00,3.2000,
T0006538,1,PRE-004,1,35.00,35.00,12.0000,
T0006538,2,VAP-005,1,28.00,28.00,9.0000,
T0006538,3,FLO-004,1,38.00,38.00,15.0000,
T0006538,4,ACC-004,1,2.00,2.00,0.4000,
T0006539,1,EDI-001,2,20.00,20.00,6.0000,
T0006539,2,FLO-008,1,32.00,32.00,13.5000,
T0006540,1,FLO-007,1,32.00,32.00,13.0000,
T0006540,2,PRE-003,1,18.00,18.00,6.0000,
T0006541,1,EDI-002,1,22.00,22.00,7.0000,
T0006541,2,ACC-002,1,3.00,3.00,0.6000,
T0006542,1,ACC-002,1,3.00,3.00,0.6000,
T0006543,1,EDI-003,2,20.00,20.00,6.5000,
T0006544,1,CON-003,1,30.00,27.00,12.0000,
T0006545,1,EDI-005,1,14.00,11.20,4.0000,
T0006546,1,FLO-007,1,32.00,28.80,13.0000,
T0006546,2,ACC-003,1,22.00,22.00,6.0000,
T0006547,1,EDI-002,1,22.00,22.00,7.0000,
T0006547,2,PRE-002,1,10.00,10.00,3.4000,
T0006547,3,CON-003,1,30.00,30.00,12.0000,
T0006548,1,FLO-005,1,38.00,38.00,15.5000,
T0006548,2,PRE-003,1,18.00,18.00,6.0000,
T0006548,3,PRE-002,1,10.00,10.00,3.4000,
T0006549,1,FLO-002,2,40.00,40.00,16.0000,
T0006549,2,FLO-005,1,38.00,38.00,15.5000,
T0006549,3,ACC-005,1,12.00,10.80,2.5000,
T0006549,4,FLO-004,2,38.00,38.00,15.0000,
T0006550,1,CON-001,1,75.00,75.00,32.0000,
T0006550,2,VAP-002,1,40.00,36.00,14.0000,
T0006550,3,TOP-002,1,24.00,24.00,9.0000,
T0006550,4,FLO-007,1,32.00,32.00,13.0000,
T0006550,5,VAP-005,1,28.00,25.20,9.0000,
T0006551,1,VAP-002,2,40.00,40.00,14.0000,
T0006552,1,FLO-004,2,38.00,38.00,15.0000,
T0006553,1,FLO-002,1,40.00,40.00,16.0000,
T0006554,1,PRE-003,1,18.00,16.20,6.0000,
T0006555,1,FLO-001,2,35.00,35.00,14.0000,
T0006555,2,VAP-001,1,55.00,44.00,22.0000,
T0006556,1,FLO-001,2,35.00,35.00,14.0000,
T0006556,2,FLO-002,1,40.00,40.00,16.0000,
T0006556,3,PRE-003,1,18.00,16.20,6.0000,
T0006556,4,VAP-002,3,40.00,40.00,14.0000,
T0006556,5,FLO-008,1,32.00,32.00,13.5000,
T0006557,1,EDI-001,2,20.00,20.00,6.0000,
T0006557,2,ACC-003,1,22.00,22.00,6.0000,
T0006557,3,FLO-004,1,38.00,38.00,15.0000,
T0006558,1,EDI-005,1,14.00,14.00,4.0000,
T0006558,2,PRE-002,1,10.00,10.00,3.4000,
T0006559,1,PRE-004,3,35.00,28.00,12.0000,
T0006559,2,FLO-005,2,38.00,38.00,15.5000,
T0006560,1,FLO-002,2,40.00,40.00,16.0000,
T0006560,2,EDI-001,1,20.00,20.00,6.0000,
T0006560,3,FLO-007,1,32.00,32.00,13.0000,
T0006561,1,FLO-006,1,120.00,120.00,52.0000,
T0006562,1,FLO-007,1,32.00,32.00,13.0000,
T0006563,1,PRE-002,1,10.00,10.00,3.4000,
T0006563,2,EDI-004,2,25.00,25.00,7.5000,
T0006563,3,EDI-001,1,20.00,20.00,6.0000,
T0006563,4,FLO-007,1,32.00,32.00,13.0000,
T0006563,5,ACC-004,2,2.00,2.00,0.4000,
T0006564,1,FLO-004,1,38.00,38.00,15.0000,
T0006564,2,ACC-004,2,2.00,2.00,0.4000,
T0006565,1,PRE-002,1,10.00,10.00,3.4000,
T0006565,2,PRE-003,1,18.00,18.00,6.0000,
T0006565,4,EDI-007,1,18.00,18.00,6.0000,
T0006566,1,PRE-001,1,10.00,10.00,3.2000,
T0006567,1,PRE-001,2,10.00,9.00,3.2000,
T0006567,2,FLO-004,1,38.00,34.20,15.0000,
T0006568,1,VAP-001,1,55.00,55.00,22.0000,
T0006568,2,FLO-004,3,38.00,38.00,15.0000,
T0006569,1,PRE-005,2,6.00,6.00,1.8000,
T0006569,2,VAP-002,1,40.00,40.00,14.0000,
T0006569,3,EDI-001,1,20.00,18.00,6.0000,
T0006570,1,FLO-005,1,38.00,38.00,15.5000,
T0006570,2,ACC-002,1,3.00,3.00,0.6000,
T0006571,1,VAP-002,2,40.00,40.00,14.0000,
T0006572,1,VAP-003,2,32.00,32.00,12.0000,
T0006572,2,ACC-002,2,3.00,2.40,0.6000,
T0006572,3,PRE-002,1,10.00,8.00,3.4000,
T0006572,4,ACC-004,1,2.00,2.00,0.4000,
T0006573,1,VAP-002,1,40.00,40.00,14.0000,
T0006574,1,PRE-001,3,10.00,10.00,3.2000,
T0006574,2,ACC-002,1,3.00,3.00,0.6000,
T0006574,3,PRE-005,2,6.00,6.00,1.8000,
T0006575,1,VAP-003,3,32.00,32.00,12.0000,
T0006575,2,EDI-006,1,8.00,7.20,3.0000,
T0006576,1,FLO-005,2,38.00,38.00,15.5000,
T0006576,2,ACC-003,1,22.00,22.00,6.0000,
T0006576,3,VAP-005,1,28.00,25.20,9.0000,
T0006576,4,EDI-001,1,20.00,20.00,6.0000,
T0006577,1,EDI-003,1,20.00,20.00,6.5000,
T0006578,1,EDI-001,1,20.00,18.00,6.0000,
T0006578,2,ACC-003,1,22.00,19.80,6.0000,
T0006578,3,EDI-004,1,25.00,25.00,7.5000,
T0006579,1,ACC-004,1,2.00,2.00,0.4000,
T0006579,2,EDI-005,2,14.00,14.00,4.0000,
T0006580,1,PRE-004,1,35.00,35.00,12.0000,
T0006581,1,VAP-002,1,40.00,40.00,14.0000,
T0006582,1,PRE-002,1,10.00,8.00,3.4000,
T0006582,2,FLO-007,3,32.00,25.60,13.0000,
T0006582,3,PRE-001,2,10.00,10.00,3.2000,
T0006582,4,PRE-003,1,18.00,14.40,6.0000,
T0006583,1,PRE-005,3,6.00,6.00,1.8000,
T0006584,1,EDI-001,2,20.00,20.00,6.0000,
T0006584,2,VAP-001,1,55.00,44.00,22.0000,
T0006584,3,VAP-003,1,32.00,25.60,12.0000,
T0006584,4,FLO-001,1,35.00,35.00,14.0000,
T0006585,1,VAP-001,1,55.00,55.00,22.0000,
T0006586,1,PRE-001,1,10.00,10.00,3.2000,
T0006587,1,EDI-004,1,25.00,25.00,7.5000,
T0006587,2,FLO-001,1,35.00,35.00,14.0000,
T0006588,1,ACC-004,1,2.00,2.00,0.4000,
T0006588,2,EDI-001,1,20.00,18.00,6.0000,
T0006588,3,PRE-005,1,6.00,6.00,1.8000,
T0006589,1,VAP-005,1,28.00,28.00,9.0000,
T0006590,1,EDI-004,2,25.00,22.50,7.5000,
T0006590,2,VAP-006,2,15.00,15.00,4.0000,
T0006590,4,EDI-002,1,22.00,17.60,7.0000,
T0006590,5,VAP-003,2,32.00,32.00,12.0000,
T0006591,1,VAP-003,1,32.00,32.00,12.0000,
T0006592,1,TIN-002,1,45.00,45.00,16.0000,
T0006593,1,EDI-005,2,14.00,14.00,4.0000,
T0006593,2,FLO-004,1,38.00,38.00,15.0000,
T0006594,1,PRE-002,1,10.00,10.00,3.4000,
T0006594,2,ACC-002,1,3.00,3.00,0.6000,
T0006595,1,FLO-010,1,45.00,45.00,18.0000,
T0006596,1,FLO-010,2,45.00,45.00,18.0000,
T0006596,2,PRE-005,2,6.00,6.00,1.8000,
T0006597,1,ACC-004,1,2.00,2.00,0.4000,
T0006597,2,VAP-001,1,55.00,55.00,22.0000,
T0006598,1,EDI-004,1,25.00,25.00,7.5000,
T0006599,1,FLO-001,1,35.00,35.00,14.0000,
T0006599,2,VAP-005,1,28.00,28.00,9.0000,
T0006599,3,VAP-002,1,40.00,40.00,14.0000,
T0006600,1,ACC-002,1,3.00,3.00,0.6000,
T0006600,2,VAP-005,1,28.00,28.00,9.0000,
T0006601,1,PRE-005,1,6.00,6.00,1.8000,
T0006601,2,VAP-005,1,28.00,25.20,9.0000,
T0006602,1,ACC-002,1,3.00,3.00,0.6000,
T0006603,1,EDI-002,2,22.00,22.00,7.0000,
T0006604,1,ACC-004,1,2.00,2.00,0.4000,
T0006604,2,VAP-004,1,60.00,60.00,24.0000,
T0006604,3,VAP-006,1,15.00,15.00,4.0000,
T0006604,4,VAP-002,1,40.00,40.00,14.0000,
T0006604,5,EDI-001,1,20.00,18.00,6.0000,
T0006605,1,PRE-005,1,6.00,6.00,1.8000,
T0006606,1,EDI-003,2,20.00,20.00,6.5000,
T0006607,1,ACC-004,1,2.00,2.00,0.4000,
T0006607,2,FLO-002,1,40.00,40.00,16.0000,
T0006607,3,VAP-001,1,55.00,44.00,22.0000,
T0006607,4,FLO-001,1,35.00,35.00,14.0000,
T0006608,1,TOP-001,2,35.00,35.00,12.0000,
T0006608,2,EDI-006,1,8.00,8.00,3.0000,
T0006609,1,PRE-005,1,6.00,6.00,1.8000,
T0006609,2,VAP-002,1,40.00,40.00,14.0000,
T0006610,1,PRE-001,3,10.00,10.00,3.2000,
T0006610,2,PRE-002,1,10.00,10.00,3.4000,
T0006610,3,FLO-005,1,38.00,38.00,15.5000,
T0006611,1,FLO-001,1,35.00,35.00,14.0000,
T0006611,2,FLO-008,3,32.00,32.00,13.5000,
T0006612,1,EDI-002,2,22.00,22.00,7.0000,
T0006612,2,FLO-001,1,35.00,35.00,14.0000,
T0006612,4,VAP-002,1,40.00,40.00,14.0000,
T0006612,5,FLO-010,1,45.00,45.00,18.0000,
T0006613,1,PRE-004,1,35.00,35.00,12.0000,
T0006613,2,PRE-003,1,18.00,18.00,6.0000,
T0006613,3,EDI-001,1,20.00,20.00,6.0000,
T0006614,1,FLO-007,1,32.00,25.60,13.0000,
T0006614,2,PRE-004,2,35.00,31.50,12.0000,
T0006615,1,EDI-004,1,25.00,22.50,7.5000,
T0006616,1,PRE-005,1,6.00,6.00,1.8000,
T0006617,1,VAP-005,1,28.00,28.00,9.0000,
T0006617,2,PRE-001,1,10.00,10.00,3.2000,
T0006617,3,EDI-001,1,20.00,20.00,6.0000,
T0006617,4,PRE-005,1,6.00,6.00,1.8000,
T0006618,1,FLO-005,3,38.00,38.00,15.5000,
T0006619,1,VAP-002,2,40.00,40.00,14.0000,
T0006619,2,PRE-005,1,6.00,6.00,1.8000,
T0006620,1,FLO-001,1,35.00,35.00,14.0000,
T0006621,1,PRE-003,1,18.00,18.00,6.0000,
T0006621,2,VAP-002,1,40.00,40.00,14.0000,
T0006622,1,VAP-001,1,55.00,49.50,22.0000,
T0006623,1,PRE-002,1,10.00,10.00,3.4000,
T0006624,1,PRE-001,1,10.00,10.00,3.2000,
T0006625,1,EDI-004,1,25.00,20.00,7.5000,
T0006625,2,ACC-004,1,2.00,2.00,0.4000,
T0006626,1,EDI-004,1,25.00,25.00,7.5000,
T0006627,1,FLO-001,1,35.00,31.50,14.0000,
T0006627,2,FLO-002,1,40.00,40.00,16.0000,
T0006628,1,FLO-004,1,38.00,38.00,15.0000,
T0006629,1,EDI-001,1,20.00,18.00,6.0000,
T0006629,2,VAP-003,1,32.00,32.00,12.0000,
T0006629,3,VAP-005,2,28.00,28.00,9.0000,
T0006630,1,CON-002,1,45.00,45.00,18.0000,
T0006630,2,PRE-003,1,18.00,18.00,6.0000,
T0006631,1,VAP-002,2,40.00,40.00,14.0000,
T0006632,1,ACC-004,1,2.00,2.00,0.4000,
T0006633,1,EDI-004,1,25.00,25.00,7.5000,
T0006634,1,VAP-006,1,15.00,15.00,4.0000,
T0006634,2,PRE-002,1,10.00,9.00,3.4000,
T0006635,1,EDI-004,1,25.00,25.00,7.5000,
T0006636,1,FLO-007,1,32.00,32.00,13.0000,
T0006636,2,EDI-001,1,20.00,18.00,6.0000,
T0006636,3,FLO-001,1,35.00,35.00,14.0000,
T0006637,1,ACC-004,1,2.00,2.00,0.4000,
T0006638,1,VAP-005,1,28.00,28.00,9.0000,
T0006639,1,FLO-005,2,38.00,38.00,15.5000,
T0006640,1,TOP-001,2,35.00,35.00,12.0000,
T0006640,2,FLO-004,3,38.00,38.00,15.0000,
T0006640,3,EDI-002,1,22.00,22.00,7.0000,
T0006641,1,PRE-003,1,18.00,18.00,6.0000,
T0006642,1,PRE-005,1,6.00,5.40,1.8000,
T0006642,2,TIN-002,1,45.00,45.00,16.0000,
T0006643,1,PRE-005,1,6.00,6.00,1.8000,
T0006643,2,VAP-002,1,40.00,40.00,14.0000,
T0006644,1,FLO-005,1,38.00,38.00,15.5000,
T0006644,2,FLO-003,1,70.00,70.00,28.0000,
T0006645,1,CON-003,1,30.00,30.00,12.0000,
T0006645,2,PRE-002,1,10.00,10.00,3.4000,
T0006645,3,EDI-001,1,20.00,20.00,6.0000,
T0006645,4,FLO-005,1,38.00,38.00,15.5000,
T0006646,1,EDI-004,1,25.00,25.00,7.5000,
T0006646,2,FLO-001,1,35.00,35.00,14.0000,
T0006646,3,VAP-006,1,15.00,15.00,4.0000,
T0006646,4,EDI-003,1,20.00,20.00,6.5000,
T0006647,1,FLO-001,1,35.00,35.00,14.0000,
T0006648,1,ACC-004,3,2.00,2.00,0.4000,
T0006649,1,VAP-006,2,15.00,15.00,4.0000,
T0006650,1,FLO-005,1,38.00,38.00,15.5000,
T0006650,2,PRE-004,1,35.00,35.00,12.0000,
T0006651,1,VAP-001,2,55.00,55.00,22.0000,
T0006651,2,PRE-003,1,18.00,18.00,6.0000,
T0006652,1,PRE-002,1,10.00,10.00,3.4000,
T0006652,2,FLO-008,1,32.00,32.00,13.5000,
T0006653,1,FLO-001,1,35.00,35.00,14.0000,
T0006653,2,EDI-002,1,22.00,22.00,7.0000,
T0006654,1,FLO-002,1,40.00,36.00,16.0000,
T0006655,1,VAP-003,1,32.00,32.00,12.0000,
T0006655,2,EDI-004,1,25.00,22.50,7.5000,
T0006655,3,EDI-005,1,14.00,14.00,4.0000,
T0006655,4,EDI-002,1,22.00,22.00,7.0000,
T0006656,1,ACC-002,1,3.00,2.40,0.6000,
T0006656,2,VAP-003,2,32.00,32.00,12.0000,
T0006657,1,EDI-007,1,18.00,18.00,6.0000,
T0006657,2,FLO-002,1,40.00,40.00,16.0000,
T0006657,3,EDI-003,3,20.00,20.00,6.5000,
T0006657,4,VAP-004,1,60.00,60.00,24.0000,
T0006658,1,FLO-009,1,210.00,189.00,95.0000,
T0006658,2,FLO-001,1,35.00,35.00,14.0000,
T0006659,1,ACC-001,1,20.00,20.00,5.0000,
T0006659,2,FLO-005,1,38.00,38.00,15.5000,
T0006659,3,VAP-005,1,28.00,28.00,9.0000,
T0006660,1,CON-003,2,30.00,30.00,12.0000,
T0006661,1,VAP-003,1,32.00,32.00,12.0000,
T0006661,2,VAP-002,2,40.00,32.00,14.0000,
T0006662,1,FLO-001,2,35.00,35.00,14.0000,
T0006662,2,PRE-003,3,18.00,18.00,6.0000,
T0006662,3,EDI-002,1,22.00,22.00,7.0000,
T0006663,1,FLO-004,1,38.00,38.00,15.0000,
T0006664,1,FLO-001,1,35.00,35.00,14.0000,
T0006664,2,PRE-005,3,6.00,6.00,1.8000,
T0006664,3,ACC-002,2,3.00,3.00,0.6000,
T0006664,4,FLO-003,1,70.00,63.00,28.0000,
T0006665,1,VAP-003,1,32.00,32.00,12.0000,
T0006666,1,EDI-006,1,8.00,8.00,3.0000,
T0006666,2,TIN-001,1,50.00,45.00,18.0000,
T0006667,1,FLO-006,1,120.00,108.00,52.0000,
T0006667,2,ACC-002,1,3.00,3.00,0.6000,
T0006668,1,FLO-002,1,40.00,40.00,16.0000,
T0006668,2,PRE-005,1,6.00,5.40,1.8000,
T0006669,1,VAP-002,1,40.00,40.00,14.0000,
T0006669,2,FLO-002,1,40.00,40.00,16.0000,
T0006669,3,EDI-001,1,20.00,20.00,6.0000,
T0006669,4,PRE-004,1,35.00,35.00,12.0000,
T0006669,5,EDI-006,1,8.00,8.00,3.0000,
T0006670,1,ACC-002,1,3.00,3.00,0.6000,
T0006670,2,EDI-006,2,8.00,8.00,3.0000,
T0006670,3,EDI-005,1,14.00,14.00,4.0000,
T0006670,4,CON-002,1,45.00,45.00,18.0000,
T0006671,1,FLO-004,1,38.00,38.00,15.0000,
T0006671,2,CON-004,1,55.00,55.00,22.0000,
T0006671,3,FLO-003,1,70.00,70.00,28.0000,
T0006672,1,EDI-004,1,25.00,25.00,7.5000,
T0006672,2,CON-003,1,30.00,30.00,12.0000,
T0006673,1,VAP-005,1,28.00,28.00,9.0000,
T0006674,1,PRE-003,1,18.00,18.00,6.0000,
T0006674,2,ACC-004,1,2.00,2.00,0.4000,
T0006675,1,CON-003,1,30.00,30.00,12.0000,
T0006676,1,PRE-002,1,10.00,10.00,3.4000,
T0006677,1,VAP-002,1,40.00,40.00,14.0000,
T0006678,1,ACC-004,1,2.00,2.00,0.4000,
T0006679,1,PRE-004,1,35.00,35.00,12.0000,
T0006680,1,FLO-008,1,32.00,32.00,13.5000,
T0006680,2,ACC-002,1,3.00,2.40,0.6000,
T0006681,1,ACC-002,2,3.00,3.00,0.6000,
T0006682,1,VAP-001,1,55.00,55.00,22.0000,
T0006682,2,PRE-002,1,10.00,10.00,3.4000,
T0006682,3,FLO-002,1,40.00,40.00,16.0000,
T0006683,1,VAP-001,2,55.00,55.00,22.0000,
T0006683,2,FLO-001,1,35.00,35.00,14.0000,
T0006684,1,CON-003,1,30.00,30.00,12.0000,
T0006685,1,FLO-002,2,40.00,40.00,16.0000,
T0006685,2,ACC-004,1,2.00,2.00,0.4000,
T0006686,1,EDI-002,1,22.00,22.00,7.0000,
T0006686,2,EDI-004,2,25.00,25.00,7.5000,
T0006686,3,EDI-007,2,18.00,18.00,6.0000,
T0006686,4,EDI-001,1,20.00,20.00,6.0000,
T0006687,1,EDI-006,1,8.00,8.00,3.0000,
T0006688,1,EDI-005,1,14.00,11.20,4.0000,
T0006689,1,FLO-002,2,40.00,40.00,16.0000,
T0006690,1,FLO-003,1,70.00,63.00,28.0000,
T0006691,1,VAP-005,1,28.00,28.00,9.0000,
T0006691,2,FLO-005,1,38.00,38.00,15.5000,
T0006691,3,VAP-006,1,15.00,12.00,4.0000,
T0006692,1,EDI-002,1,22.00,22.00,7.0000,
T0006693,1,EDI-001,1,20.00,20.00,6.0000,
T0006694,1,FLO-002,1,40.00,40.00,16.0000,
T0006695,1,PRE-002,1,10.00,10.00,3.4000,
T0006695,2,ACC-002,2,3.00,3.00,0.6000,
T0006696,1,FLO-002,2,40.00,40.00,16.0000,
T0006697,1,EDI-002,1,22.00,22.00,7.0000,
T0006697,2,VAP-001,2,55.00,55.00,22.0000,
T0006697,3,VAP-006,1,15.00,15.00,4.0000,
T0006698,1,TOP-001,1,35.00,28.00,12.0000,
T0006698,2,FLO-004,1,38.00,30.40,15.0000,
T0006699,1,PRE-003,1,18.00,18.00,6.0000,
T0006700,1,FLO-001,1,35.00,35.00,14.0000,
T0006700,2,PRE-005,2,6.00,6.00,1.8000,
T0006701,1,FLO-005,2,38.00,38.00,15.5000,
T0006701,2,FLO-008,1,32.00,25.60,13.5000,
T0006701,3,FLO-007,1,32.00,32.00,13.0000,
T0006701,4,FLO-001,1,35.00,28.00,14.0000,
T0006702,1,FLO-004,3,38.00,38.00,15.0000,
T0006703,1,EDI-002,2,22.00,22.00,7.0000,
T0006703,2,VAP-005,1,28.00,28.00,9.0000,
T0006704,1,VAP-001,1,55.00,55.00,22.0000,
T0006704,2,EDI-007,1,18.00,18.00,6.0000,
T0006705,1,ACC-002,1,3.00,3.00,0.6000,
T0006705,2,EDI-004,3,25.00,25.00,7.5000,
T0006705,3,EDI-006,1,8.00,8.00,3.0000,
T0006705,4,VAP-005,2,28.00,28.00,9.0000,
T0006706,1,PRE-003,1,18.00,18.00,6.0000,
T0006706,2,FLO-007,1,32.00,32.00,13.0000,
T0006707,1,VAP-004,1,60.00,60.00,24.0000,
T0006708,1,FLO-007,1,32.00,32.00,13.0000,
T0006708,2,PRE-001,2,10.00,8.00,3.2000,
T0006709,1,PRE-002,2,10.00,10.00,3.4000,
T0006709,2,EDI-001,1,20.00,20.00,6.0000,
T0006709,3,VAP-002,2,40.00,40.00,14.0000,
T0006709,4,EDI-006,1,8.00,8.00,3.0000,
T0006710,1,PRE-002,1,10.00,9.00,3.4000,
T0006710,2,EDI-001,1,20.00,20.00,6.0000,
T0006710,3,PRE-004,1,35.00,35.00,12.0000,
T0006711,1,FLO-005,1,38.00,38.00,15.5000,
T0006712,1,VAP-001,2,55.00,55.00,22.0000,
T0006713,1,VAP-006,1,15.00,15.00,4.0000,
T0006713,2,EDI-001,1,20.00,20.00,6.0000,
T0006713,3,EDI-005,1,14.00,14.00,4.0000,
T0006714,1,ACC-001,1,20.00,20.00,5.0000,
T0006715,1,VAP-004,1,60.00,60.00,24.0000,
T0006715,2,FLO-005,1,38.00,38.00,15.5000,
T0006715,3,PRE-002,2,10.00,10.00,3.4000,
T0006716,1,FLO-004,2,38.00,38.00,15.0000,
T0006717,1,VAP-005,1,28.00,28.00,9.0000,
T0006717,2,EDI-007,1,18.00,18.00,6.0000,
T0006718,1,ACC-002,1,3.00,3.00,0.6000,
T0006719,1,FLO-001,1,35.00,24.50,14.0000,Flower Friday 30% Off
T0006720,1,FLO-008,1,32.00,22.40,13.5000,Flower Friday 30% Off
T0006720,2,PRE-002,1,10.00,10.00,3.4000,
T0006720,3,CON-003,1,30.00,30.00,12.0000,
T0006721,1,FLO-009,1,210.00,147.00,95.0000,Flower Friday 30% Off
T0006721,2,EDI-006,1,8.00,8.00,3.0000,
T0006721,3,EDI-002,1,22.00,22.00,7.0000,
T0006722,1,ACC-002,2,3.00,3.00,0.6000,
T0006723,1,ACC-004,3,2.00,2.00,0.4000,
T0006723,2,VAP-003,2,32.00,32.00,12.0000,
T0006724,1,PRE-001,1,10.00,9.00,3.2000,
T0006725,1,VAP-006,2,15.00,15.00,4.0000,
T0006725,2,PRE-001,1,10.00,10.00,3.2000,
T0006726,1,FLO-003,2,70.00,49.00,28.0000,Flower Friday 30% Off
T0006727,1,EDI-003,1,20.00,20.00,6.5000,
T0006727,2,EDI-001,1,20.00,20.00,6.0000,
T0006728,1,PRE-003,1,18.00,18.00,6.0000,
T0006728,2,VAP-005,1,28.00,28.00,9.0000,
T0006728,3,EDI-002,1,22.00,22.00,7.0000,
T0006729,1,EDI-007,1,18.00,18.00,6.0000,
T0006730,1,PRE-001,1,10.00,10.00,3.2000,
T0006730,2,PRE-002,1,10.00,10.00,3.4000,
T0006730,3,EDI-004,1,25.00,25.00,7.5000,
T0006731,1,FLO-002,1,40.00,28.00,16.0000,Flower Friday 30% Off
T0006732,1,PRE-005,1,6.00,6.00,1.8000,
T0006733,1,FLO-008,2,32.00,22.40,13.5000,Flower Friday 30% Off
T0006734,1,EDI-004,1,25.00,25.00,7.5000,
T0006734,2,PRE-005,1,6.00,5.40,1.8000,
T0006734,3,PRE-002,2,10.00,10.00,3.4000,
T0006734,4,VAP-001,1,55.00,55.00,22.0000,
T0006735,1,VAP-002,1,40.00,40.00,14.0000,
T0006735,2,PRE-001,1,10.00,10.00,3.2000,
T0006735,3,FLO-007,1,32.00,22.40,13.0000,Flower Friday 30% Off
T0006736,1,PRE-001,1,10.00,10.00,3.2000,
T0006737,1,FLO-005,1,38.00,26.60,15.5000,Flower Friday 30% Off
T0006737,2,TOP-002,1,24.00,19.20,9.0000,
T0006738,1,PRE-005,1,6.00,6.00,1.8000,
T0006738,2,ACC-001,1,20.00,16.00,5.0000,
T0006739,1,EDI-004,1,25.00,25.00,7.5000,
T0006740,1,PRE-001,1,10.00,8.00,3.2000,
T0006740,2,FLO-002,3,40.00,28.00,16.0000,Flower Friday 30% Off
T0006740,3,PRE-003,1,18.00,14.40,6.0000,
T0006740,4,CON-001,2,75.00,60.00,32.0000,
T0006740,5,VAP-003,1,32.00,32.00,12.0000,
T0006741,1,FLO-001,1,35.00,24.50,14.0000,Flower Friday 30% Off
T0006741,2,PRE-005,1,6.00,6.00,1.8000,
T0006741,3,EDI-006,2,8.00,7.20,3.0000,
T0006742,1,PRE-005,1,6.00,6.00,1.8000,
T0006743,1,EDI-002,1,22.00,22.00,7.0000,
T0006743,2,PRE-002,1,10.00,10.00,3.4000,
T0006744,1,PRE-002,1,10.00,10.00,3.4000,
T0006744,2,VAP-001,1,55.00,55.00,22.0000,
T0006744,3,FLO-005,3,38.00,26.60,15.5000,Flower Friday 30% Off
T0006745,1,PRE-001,1,10.00,10.00,3.2000,
T0006746,1,VAP-003,1,32.00,32.00,12.0000,
T0006746,2,FLO-007,1,32.00,22.40,13.0000,Flower Friday 30% Off
T0006746,3,PRE-004,1,35.00,35.00,12.0000,
T0006746,4,EDI-001,2,20.00,20.00,6.0000,
T0006746,5,FLO-002,1,40.00,28.00,16.0000,Flower Friday 30% Off
T0006747,1,VAP-001,1,55.00,55.00,22.0000,
T0006747,2,EDI-004,2,25.00,25.00,7.5000,
T0006748,1,FLO-007,1,32.00,22.40,13.0000,Flower Friday 30% Off
T0006748,2,FLO-003,1,70.00,49.00,28.0000,Flower Friday 30% Off
T0006749,1,CON-001,1,75.00,75.00,32.0000,
T0006750,1,FLO-001,1,35.00,24.50,14.0000,Flower Friday 30% Off
T0006751,1,FLO-002,1,40.00,28.00,16.0000,Flower Friday 30% Off
T0006752,1,EDI-003,2,20.00,20.00,6.5000,
T0006752,2,EDI-001,1,20.00,20.00,6.0000,
T0006753,1,CON-001,1,75.00,75.00,32.0000,
T0006754,1,CON-002,1,45.00,36.00,18.0000,
T0006754,2,FLO-002,1,40.00,28.00,16.0000,Flower Friday 30% Off
T0006755,1,PRE-005,1,6.00,6.00,1.8000,
T0006756,1,VAP-006,1,15.00,15.00,4.0000,
T0006756,2,ACC-004,1,2.00,2.00,0.4000,
T0006756,3,VAP-002,1,40.00,40.00,14.0000,
T0006756,4,EDI-003,1,20.00,20.00,6.5000,
T0006756,5,EDI-001,3,20.00,20.00,6.0000,
T0006757,1,FLO-001,1,35.00,24.50,14.0000,Flower Friday 30% Off
T0006758,1,CON-001,1,75.00,75.00,32.0000,
T0006758,2,ACC-004,1,2.00,2.00,0.4000,
T0006759,1,VAP-002,3,40.00,40.00,14.0000,
T0006760,1,EDI-004,1,25.00,20.00,7.5000,
T0006761,1,FLO-001,1,35.00,24.50,14.0000,Flower Friday 30% Off
T0006761,2,PRE-001,1,10.00,9.00,3.2000,
T0006761,3,VAP-003,1,32.00,28.80,12.0000,
T0006761,4,EDI-001,1,20.00,20.00,6.0000,
T0006762,1,PRE-003,2,18.00,18.00,6.0000,
T0006762,2,PRE-004,1,35.00,35.00,12.0000,
T0006763,1,EDI-001,1,20.00,16.00,6.0000,
T0006764,1,VAP-001,2,55.00,44.00,22.0000,
T0006764,2,FLO-003,1,70.00,49.00,28.0000,Flower Friday 30% Off
T0006764,3,VAP-003,1,32.00,32.00,12.0000,
T0006764,4,FLO-008,1,32.00,22.40,13.5000,Flower Friday 30% Off
T0006764,5,PRE-001,2,10.00,10.00,3.2000,
T0006765,1,VAP-005,1,28.00,28.00,9.0000,
T0006765,2,FLO-008,1,32.00,22.40,13.5000,Flower Friday 30% Off
T0006766,1,PRE-002,3,10.00,10.00,3.4000,
T0006766,2,VAP-004,1,60.00,48.00,24.0000,
T0006767,1,FLO-008,1,32.00,22.40,13.5000,Flower Friday 30% Off
T0006767,2,EDI-001,1,20.00,18.00,6.0000,
T0006767,3,FLO-002,2,40.00,28.00,16.0000,Flower Friday 30% Off
T0006767,4,VAP-002,1,40.00,40.00,14.0000,
T0006767,5,VAP-003,1,32.00,32.00,12.0000,
T0006768,1,PRE-003,1,18.00,18.00,6.0000,
T0006768,2,EDI-005,1,14.00,14.00,4.0000,
T0006768,3,EDI-006,1,8.00,8.00,3.0000,
T0006769,1,VAP-004,1,60.00,60.00,24.0000,
T0006770,1,PRE-001,1,10.00,10.00,3.2000,
T0006770,2,FLO-002,1,40.00,28.00,16.0000,Flower Friday 30% Off
T0006771,1,FLO-001,1,35.00,24.50,14.0000,Flower Friday 30% Off
T0006771,2,PRE-005,1,6.00,6.00,1.8000,
T0006771,3,ACC-004,1,2.00,1.80,0.4000,
T0006772,1,ACC-004,2,2.00,1.80,0.4000,
T0006772,2,PRE-002,1,10.00,10.00,3.4000,
T0006773,1,PRE-002,1,10.00,10.00,3.4000,
T0006774,1,ACC-002,1,3.00,2.70,0.6000,
T0006774,2,PRE-003,1,18.00,18.00,6.0000,
T0006774,3,ACC-004,1,2.00,2.00,0.4000,
T0006775,1,PRE-002,1,10.00,10.00,3.4000,
T0006775,2,TOP-001,1,35.00,35.00,12.0000,
T0006775,3,FLO-004,1,38.00,26.60,15.0000,Flower Friday 30% Off
T0006776,1,VAP-005,1,28.00,28.00,9.0000,
T0006776,2,EDI-001,1,20.00,18.00,6.0000,
T0006777,1,FLO-008,1,32.00,22.40,13.5000,Flower Friday 30% Off
T0006777,2,ACC-002,1,3.00,3.00,0.6000,
T0006778,1,FLO-008,1,32.00,22.40,13.5000,Flower Friday 30% Off
T0006778,2,VAP-002,1,40.00,40.00,14.0000,
T0006779,1,ACC-004,1,2.00,2.00,0.4000,
T0006779,2,FLO-008,1,32.00,22.40,13.5000,Flower Friday 30% Off
T0006779,3,VAP-003,1,32.00,32.00,12.0000,
T0006780,1,FLO-005,1,38.00,26.60,15.5000,Flower Friday 30% Off
T0006780,2,CON-002,3,45.00,45.00,18.0000,
T0006781,1,PRE-004,1,35.00,35.00,12.0000,
T0006782,1,CON-003,1,30.00,30.00,12.0000,
T0006782,2,EDI-003,2,20.00,18.00,6.5000,
T0006782,3,EDI-001,1,20.00,20.00,6.0000,
T0006782,4,ACC-004,1,2.00,2.00,0.4000,
T0006782,5,PRE-003,1,18.00,18.00,6.0000,
T0006783,1,VAP-005,1,28.00,28.00,9.0000,
T0006784,1,VAP-002,1,40.00,40.00,14.0000,
T0006784,2,FLO-010,1,45.00,31.50,18.0000,Flower Friday 30% Off
T0006785,1,VAP-006,1,15.00,15.00,4.0000,
T0006786,1,FLO-001,1,35.00,24.50,14.0000,Flower Friday 30% Off
T0006787,1,VAP-002,1,40.00,36.00,14.0000,
T0006788,1,VAP-006,1,15.00,15.00,4.0000,
T0006788,2,PRE-002,1,10.00,10.00,3.4000,
T0006789,1,VAP-004,1,60.00,48.00,24.0000,
T0006789,2,EDI-001,1,20.00,16.00,6.0000,
T0006790,1,FLO-008,2,32.00,22.40,13.5000,Flower Friday 30% Off
T0006790,2,VAP-002,2,40.00,40.00,14.0000,
T0006791,1,VAP-001,2,55.00,55.00,22.0000,
T0006792,1,PRE-005,2,6.00,6.00,1.8000,
T0006793,1,VAP-001,2,55.00,55.00,22.0000,
T0006793,2,EDI-006,2,8.00,8.00,3.0000,
T0006793,3,PRE-005,1,6.00,5.40,1.8000,
T0006793,4,VAP-002,2,40.00,40.00,14.0000,
T0006794,1,FLO-001,1,35.00,24.50,14.0000,Flower Friday 30% Off
T0006794,2,FLO-002,2,40.00,28.00,16.0000,Flower Friday 30% Off
T0006795,1,EDI-001,1,20.00,20.00,6.0000,
T0006795,2,FLO-010,1,45.00,31.50,18.0000,Flower Friday 30% Off
T0006796,1,FLO-010,2,45.00,31.50,18.0000,Flower Friday 30% Off
T0006796,2,EDI-001,2,20.00,20.00,6.0000,
T0006797,1,VAP-005,1,28.00,28.00,9.0000,
T0006797,2,PRE-001,1,10.00,10.00,3.2000,
T0006798,1,EDI-005,1,14.00,14.00,4.0000,
T0006798,2,FLO-007,1,32.00,22.40,13.0000,Flower Friday 30% Off
T0006798,3,VAP-002,2,40.00,40.00,14.0000,
T0006799,1,VAP-004,3,60.00,48.00,24.0000,
T0006799,2,FLO-005,2,38.00,26.60,15.5000,Flower Friday 30% Off
T0006800,1,EDI-007,2,18.00,18.00,6.0000,
T0006800,2,PRE-003,3,18.00,18.00,6.0000,
T0006800,3,PRE-004,2,35.00,35.00,12.0000,
T0006801,1,VAP-002,1,40.00,40.00,14.0000,
T0006802,1,PRE-005,1,6.00,6.00,1.8000,
T0006802,2,PRE-001,1,10.00,10.00,3.2000,
T0006802,3,FLO-004,1,38.00,26.60,15.0000,Flower Friday 30% Off
T0006802,4,VAP-002,2,40.00,40.00,14.0000,
T0006802,5,ACC-002,2,3.00,3.00,0.6000,
T0006803,1,VAP-002,3,40.00,36.00,14.0000,
T0006803,2,ACC-001,1,20.00,16.00,5.0000,
T0006803,3,EDI-001,2,20.00,16.00,6.0000,
T0006803,4,EDI-007,1,18.00,18.00,6.0000,
T0006803,5,PRE-002,2,10.00,10.00,3.4000,
T0006804,1,VAP-004,1,60.00,60.00,24.0000,
T0006805,1,ACC-004,1,2.00,2.00,0.4000,
T0006806,1,EDI-004,1,25.00,25.00,7.5000,
T0006806,2,ACC-001,1,20.00,20.00,5.0000,
T0006807,1,VAP-003,1,32.00,32.00,12.0000,
T0006807,2,VAP-001,1,55.00,55.00,22.0000,
T0006807,3,FLO-005,2,38.00,26.60,15.5000,Flower Friday 30% Off
T0006808,1,EDI-006,1,8.00,8.00,3.0000,
T0006809,1,EDI-001,1,20.00,20.00,6.0000,
T0006809,2,FLO-001,1,35.00,24.50,14.0000,Flower Friday 30% Off
T0006809,3,ACC-002,3,3.00,3.00,0.6000,
T0006809,4,PRE-002,1,10.00,10.00,3.4000,
T0006809,5,ACC-004,3,2.00,2.00,0.4000,
T0006810,1,PRE-002,1,10.00,10.00,3.4000,
T0006810,2,FLO-004,2,38.00,26.60,15.0000,Flower Friday 30% Off
T0006810,3,ACC-002,1,3.00,2.70,0.6000,
T0006810,4,ACC-004,3,2.00,2.00,0.4000,
T0006810,5,EDI-005,1,14.00,14.00,4.0000,
T0006811,1,VAP-002,2,40.00,40.00,14.0000,
T0006812,1,TIN-001,3,50.00,50.00,18.0000,
T0006813,1,ACC-002,1,3.00,3.00,0.6000,
T0006813,2,VAP-006,1,15.00,15.00,4.0000,
T0006814,1,VAP-005,2,28.00,28.00,9.0000,
T0006814,2,FLO-002,1,40.00,28.00,16.0000,Flower Friday 30% Off
T0006815,1,TIN-001,1,50.00,50.00,18.0000,
T0006815,2,EDI-001,1,20.00,20.00,6.0000,
T0006816,1,FLO-002,1,40.00,28.00,16.0000,Flower Friday 30% Off
T0006816,2,EDI-002,1,22.00,22.00,7.0000,
T0006817,1,FLO-004,2,38.00,26.60,15.0000,Flower Friday 30% Off
T0006817,2,CON-001,2,75.00,75.00,32.0000,
T0006817,3,FLO-007,1,32.00,22.40,13.0000,Flower Friday 30% Off
T0006817,4,PRE-002,2,10.00,10.00,3.4000,
T0006818,1,FLO-008,1,32.00,22.40,13.5000,Flower Friday 30% Off
T0006818,2,EDI-002,1,22.00,22.00,7.0000,
T0006819,1,TIN-001,1,50.00,50.00,18.0000,
T0006819,2,FLO-001,1,35.00,24.50,14.0000,Flower Friday 30% Off
T0006820,1,PRE-004,1,35.00,35.00,12.0000,
T0006821,1,PRE-003,2,18.00,18.00,6.0000,
T0006822,1,FLO-007,1,32.00,22.40,13.0000,Flower Friday 30% Off
T0006822,2,EDI-004,1,25.00,25.00,7.5000,
T0006822,3,PRE-001,1,10.00,9.00,3.2000,
T0006823,1,PRE-002,1,10.00,10.00,3.4000,
T0006824,1,ACC-004,3,2.00,2.00,0.4000,
T0006824,2,CON-003,1,30.00,30.00,12.0000,
T0006824,3,FLO-007,1,32.00,22.40,13.0000,Flower Friday 30% Off
T0006825,1,CON-004,2,55.00,55.00,22.0000,
T0006825,2,PRE-005,1,6.00,6.00,1.8000,
T0006826,1,FLO-002,1,40.00,28.00,16.0000,Flower Friday 30% Off
T0006826,2,VAP-002,1,40.00,40.00,14.0000,
T0006827,1,CON-003,2,30.00,30.00,12.0000,
T0006827,2,VAP-001,1,55.00,44.00,22.0000,
T0006828,1,FLO-002,1,40.00,28.00,16.0000,Flower Friday 30% Off
T0006828,2,ACC-002,1,3.00,3.00,0.6000,
T0006828,3,ACC-004,1,2.00,2.00,0.4000,
T0006828,4,VAP-003,2,32.00,32.00,12.0000,
T0006828,5,FLO-004,1,38.00,26.60,15.0000,Flower Friday 30% Off
T0006829,1,VAP-001,1,55.00,49.50,22.0000,
T0006829,2,FLO-005,1,38.00,26.60,15.5000,Flower Friday 30% Off
T0006830,1,FLO-003,1,70.00,49.00,28.0000,Flower Friday 30% Off
T0006830,2,PRE-001,2,10.00,10.00,3.2000,
T0006830,3,FLO-002,1,40.00,28.00,16.0000,Flower Friday 30% Off
T0006831,1,FLO-001,1,35.00,24.50,14.0000,Flower Friday 30% Off
T0006831,2,PRE-001,1,10.00,10.00,3.2000,
T0006832,1,PRE-002,1,10.00,10.00,3.4000,
T0006832,2,EDI-001,2,20.00,20.00,6.0000,
T0006832,3,FLO-010,1,45.00,31.50,18.0000,Flower Friday 30% Off
T0006832,4,ACC-002,1,3.00,3.00,0.6000,
T0006833,1,CON-003,2,30.00,30.00,12.0000,
T0006833,2,EDI-005,1,14.00,14.00,4.0000,
T0006833,3,VAP-005,1,28.00,28.00,9.0000,
T0006833,4,PRE-002,1,10.00,10.00,3.4000,
T0006834,1,PRE-005,1,6.00,5.40,1.8000,
T0006834,2,PRE-002,1,10.00,10.00,3.4000,
T0006834,3,EDI-005,2,14.00,12.60,4.0000,
T0006835,1,CON-002,1,45.00,45.00,18.0000,
T0006835,2,EDI-001,1,20.00,20.00,6.0000,
T0006835,3,VAP-006,1,15.00,15.00,4.0000,
T0006835,4,PRE-005,1,6.00,6.00,1.8000,
T0006836,1,EDI-001,1,20.00,20.00,6.0000,
T0006836,2,PRE-001,1,10.00,10.00,3.2000,
T0006837,1,PRE-001,1,10.00,10.00,3.2000,
T0006837,2,FLO-002,1,40.00,28.00,16.0000,Flower Friday 30% Off
T0006838,1,PRE-001,1,10.00,9.00,3.2000,
T0006838,2,FLO-003,1,70.00,49.00,28.0000,Flower Friday 30% Off
T0006839,1,VAP-006,1,15.00,15.00,4.0000,
T0006839,2,PRE-002,2,10.00,10.00,3.4000,
T0006839,3,TIN-001,1,50.00,40.00,18.0000,
T0006839,4,EDI-004,1,25.00,25.00,7.5000,
T0006840,1,VAP-003,1,32.00,32.00,12.0000,
T0006840,2,ACC-005,1,12.00,12.00,2.5000,
T0006841,1,ACC-003,1,22.00,22.00,6.0000,
T0006841,2,PRE-003,1,18.00,18.00,6.0000,
T0006841,3,VAP-005,1,28.00,28.00,9.0000,
T0006841,4,EDI-001,1,20.00,20.00,6.0000,
T0006842,1,FLO-004,1,38.00,26.60,15.0000,Flower Friday 30% Off
T0006843,1,FLO-004,1,38.00,26.60,15.0000,Flower Friday 30% Off
T0006844,1,ACC-002,1,3.00,2.70,0.6000,
T0006845,1,FLO-005,1,38.00,26.60,15.5000,Flower Friday 30% Off
T0006845,2,PRE-005,1,6.00,6.00,1.8000,
T0006846,1,ACC-002,1,3.00,3.00,0.6000,
T0006846,2,FLO-008,1,32.00,22.40,13.5000,Flower Friday 30% Off
T0006847,1,EDI-002,1,22.00,22.00,7.0000,
T0006847,2,VAP-005,1,28.00,28.00,9.0000,
T0006848,1,VAP-003,1,32.00,32.00,12.0000,
T0006849,1,PRE-001,1,10.00,10.00,3.2000,
T0006850,1,FLO-008,1,32.00,22.40,13.5000,Flower Friday 30% Off
T0006850,2,PRE-003,1,18.00,18.00,6.0000,
T0006851,1,ACC-004,1,2.00,1.80,0.4000,
T0006851,2,PRE-005,1,6.00,6.00,1.8000,
T0006852,1,FLO-002,1,40.00,28.00,16.0000,Flower Friday 30% Off
T0006853,1,PRE-002,1,10.00,10.00,3.4000,
T0006853,2,FLO-001,1,35.00,24.50,14.0000,Flower Friday 30% Off
T0006854,1,ACC-004,1,2.00,2.00,0.4000,
T0006855,1,CON-003,3,30.00,30.00,12.0000,
T0006855,2,PRE-002,1,10.00,10.00,3.4000,
T0006856,1,EDI-007,1,18.00,18.00,6.0000,
T0006856,2,VAP-002,1,40.00,40.00,14.0000,
T0006856,3,FLO-008,1,32.00,22.40,13.5000,Flower Friday 30% Off
T0006856,4,FLO-007,2,32.00,22.40,13.0000,Flower Friday 30% Off
T0006856,5,VAP-005,1,28.00,28.00,9.0000,
T0006857,1,PRE-005,1,6.00,6.00,1.8000,
T0006858,1,EDI-001,1,20.00,20.00,6.0000,
T0006858,2,CON-003,2,30.00,30.00,12.0000,
T0006858,3,FLO-001,1,35.00,24.50,14.0000,Flower Friday 30% Off
T0006858,4,FLO-008,1,32.00,22.40,13.5000,Flower Friday 30% Off
T0006858,5,VAP-002,1,40.00,40.00,14.0000,
T0006859,1,TIN-002,1,45.00,40.50,16.0000,
T0006859,2,FLO-002,1,40.00,28.00,16.0000,Flower Friday 30% Off
T0006859,3,EDI-003,2,20.00,20.00,6.5000,
T0006860,1,FLO-010,3,45.00,31.50,18.0000,Flower Friday 30% Off
T0006860,2,FLO-005,1,38.00,26.60,15.5000,Flower Friday 30% Off
T0006861,1,EDI-001,2,20.00,16.00,6.0000,
T0006862,1,ACC-004,2,2.00,2.00,0.4000,
T0006863,1,FLO-010,1,45.00,31.50,18.0000,Flower Friday 30% Off
T0006864,1,VAP-002,1,40.00,40.00,14.0000,
T0006864,2,VAP-005,2,28.00,28.00,9.0000,
T0006865,1,VAP-004,1,60.00,54.00,24.0000,
T0006865,2,EDI-001,1,20.00,20.00,6.0000,
T0006866,1,EDI-002,1,22.00,22.00,7.0000,
T0006866,2,PRE-003,1,18.00,18.00,6.0000,
T0006866,3,FLO-001,1,35.00,24.50,14.0000,Flower Friday 30% Off
T0006866,4,EDI-001,2,20.00,20.00,6.0000,
T0006867,1,PRE-002,2,10.00,10.00,3.4000,
T0006867,2,FLO-005,1,38.00,26.60,15.5000,Flower Friday 30% Off
T0006868,1,ACC-002,1,3.00,3.00,0.6000,
T0006868,2,EDI-006,1,8.00,8.00,3.0000,
T0006868,3,PRE-002,1,10.00,9.00,3.4000,
T0006869,1,FLO-004,1,38.00,26.60,15.0000,Flower Friday 30% Off
T0006870,1,PRE-001,1,10.00,10.00,3.2000,
T0006871,1,PRE-003,2,18.00,18.00,6.0000,
T0006872,1,FLO-007,1,32.00,22.40,13.0000,Flower Friday 30% Off
T0006872,2,VAP-003,1,32.00,32.00,12.0000,
T0006872,3,EDI-005,1,14.00,14.00,4.0000,
T0006873,1,PRE-003,1,18.00,16.20,6.0000,
T0006873,2,EDI-004,1,25.00,25.00,7.5000,
T0006874,1,PRE-001,1,10.00,10.00,3.2000,
T0006875,1,VAP-006,2,15.00,15.00,4.0000,
T0006876,1,ACC-001,1,20.00,20.00,5.0000,
T0006876,2,ACC-004,1,2.00,2.00,0.4000,
T0006877,1,EDI-001,1,20.00,20.00,6.0000,
T0006878,1,PRE-003,1,18.00,16.20,6.0000,
T0006879,1,PRE-001,1,10.00,10.00,3.2000,
T0006880,1,PRE-001,1,10.00,10.00,3.2000,
T0006881,1,PRE-001,1,10.00,10.00,3.2000,
T0006882,1,PRE-001,2,10.00,10.00,3.2000,
T0006882,2,FLO-004,1,38.00,26.60,15.0000,Flower Friday 30% Off
T0006883,1,VAP-003,1,32.00,32.00,12.0000,
T0006883,2,FLO-001,2,35.00,24.50,14.0000,Flower Friday 30% Off
T0006883,4,VAP-001,1,55.00,55.00,22.0000,
T0006884,1,CON-003,2,30.00,30.00,12.0000,
T0006884,2,VAP-006,1,15.00,15.00,4.0000,
T0006884,3,VAP-003,1,32.00,32.00,12.0000,
T0006885,1,TOP-002,1,24.00,21.60,9.0000,
T0006885,2,VAP-005,1,28.00,28.00,9.0000,
T0006885,3,EDI-004,1,25.00,25.00,7.5000,
T0006885,4,CON-002,1,45.00,45.00,18.0000,
T0006886,1,PRE-003,1,18.00,14.40,6.0000,
T0006887,1,EDI-003,1,20.00,20.00,6.5000,
T0006887,2,ACC-001,1,20.00,20.00,5.0000,
T0006888,1,EDI-004,2,25.00,25.00,7.5000,
T0006889,1,CON-003,1,30.00,30.00,12.0000,
T0006889,2,PRE-002,1,10.00,10.00,3.4000,
T0006889,3,VAP-002,1,40.00,40.00,14.0000,
T0006890,1,TOP-001,1,35.00,35.00,12.0000,
T0006890,2,VAP-003,1,32.00,32.00,12.0000,
T0006891,1,VAP-002,2,40.00,40.00,14.0000,
T0006891,2,FLO-001,1,35.00,24.50,14.0000,Flower Friday 30% Off
T0006891,4,VAP-001,1,55.00,49.50,22.0000,
T0006891,5,PRE-005,1,6.00,6.00,1.8000,
T0006892,1,PRE-001,1,10.00,10.00,3.2000,
T0006893,1,PRE-004,1,35.00,35.00,12.0000,
T0006893,2,FLO-007,1,32.00,22.40,13.0000,Flower Friday 30% Off
T0006893,3,FLO-001,2,35.00,24.50,14.0000,Flower Friday 30% Off
T0006894,1,FLO-004,1,38.00,26.60,15.0000,Flower Friday 30% Off
T0006895,1,PRE-003,1,18.00,18.00,6.0000,
T0006895,2,VAP-005,1,28.00,28.00,9.0000,
T0006896,1,EDI-001,2,20.00,20.00,6.0000,
T0006896,2,PRE-002,1,10.00,10.00,3.4000,
T0006897,1,EDI-004,1,25.00,25.00,7.5000,
T0006897,2,PRE-002,1,10.00,10.00,3.4000,
T0006898,1,VAP-006,2,15.00,15.00,4.0000,
T0006899,1,ACC-004,2,2.00,2.00,0.4000,
T0006900,1,EDI-006,1,8.00,8.00,3.0000,
T0006901,1,ACC-003,1,22.00,22.00,6.0000,
T0006901,2,VAP-002,1,40.00,40.00,14.0000,
T0006902,1,FLO-006,1,120.00,84.00,52.0000,Flower Friday 30% Off
T0006902,2,FLO-001,1,35.00,24.50,14.0000,Flower Friday 30% Off
T0006903,1,FLO-003,1,70.00,49.00,28.0000,Flower Friday 30% Off
T0006903,2,PRE-001,1,10.00,10.00,3.2000,
T0006904,1,FLO-004,1,38.00,26.60,15.0000,Flower Friday 30% Off
T0006904,2,FLO-001,3,35.00,24.50,14.0000,Flower Friday 30% Off
T0006904,3,EDI-001,1,20.00,16.00,6.0000,
T0006904,4,FLO-007,1,32.00,22.40,13.0000,Flower Friday 30% Off
T0006905,1,FLO-003,2,70.00,49.00,28.0000,Flower Friday 30% Off
T0006905,2,FLO-004,2,38.00,26.60,15.0000,Flower Friday 30% Off
T0006906,1,TIN-001,1,50.00,50.00,18.0000,
T0006906,2,VAP-002,1,40.00,40.00,14.0000,
T0006907,1,PRE-005,1,6.00,6.00,1.8000,
T0006908,1,ACC-004,2,2.00,2.00,0.4000,
T0006909,1,PRE-002,1,10.00,8.00,3.4000,
T0006909,2,VAP-003,3,32.00,32.00,12.0000,
T0006909,3,ACC-002,2,3.00,3.00,0.6000,
T0006910,1,FLO-002,1,40.00,28.00,16.0000,Flower Friday 30% Off
T0006910,2,VAP-002,1,40.00,40.00,14.0000,
T0006911,1,FLO-008,2,32.00,22.40,13.5000,Flower Friday 30% Off
T0006911,2,TOP-001,1,35.00,35.00,12.0000,
T0006912,1,FLO-001,1,35.00,24.50,14.0000,Flower Friday 30% Off
T0006913,1,CON-004,1,55.00,55.00,22.0000,
T0006913,2,EDI-001,1,20.00,20.00,6.0000,
T0006914,1,FLO-002,1,40.00,28.00,16.0000,Flower Friday 30% Off
T0006915,1,EDI-002,1,22.00,22.00,7.0000,
T0006915,2,PRE-005,1,6.00,6.00,1.8000,
T0006916,1,VAP-002,1,40.00,40.00,14.0000,
T0006916,2,VAP-001,1,55.00,55.00,22.0000,
T0006917,1,PRE-005,2,6.00,6.00,1.8000,
T0006918,1,CON-002,2,45.00,45.00,18.0000,
T0006918,2,FLO-008,2,32.00,22.40,13.5000,Flower Friday 30% Off
T0006919,1,PRE-001,1,10.00,10.00,3.2000,
T0006920,1,FLO-001,1,35.00,24.50,14.0000,Flower Friday 30% Off
T0006920,2,EDI-001,3,20.00,20.00,6.0000,
T0006921,1,PRE-001,2,10.00,10.00,3.2000,
T0006922,1,FLO-001,2,35.00,24.50,14.0000,Flower Friday 30% Off
T0006923,1,EDI-003,1,20.00,20.00,6.5000,
T0006923,2,FLO-004,1,38.00,26.60,15.0000,Flower Friday 30% Off
T0006923,3,VAP-003,1,32.00,32.00,12.0000,
T0006924,1,PRE-001,2,10.00,10.00,3.2000,
T0006924,2,FLO-001,1,35.00,24.50,14.0000,Flower Friday 30% Off
T0006924,3,FLO-005,1,38.00,26.60,15.5000,Flower Friday 30% Off
T0006925,1,VAP-002,1,40.00,36.00,14.0000,
T0006925,2,PRE-003,2,18.00,14.40,6.0000,
T0006926,1,PRE-002,1,10.00,10.00,3.4000,
T0006927,1,VAP-002,2,40.00,40.00,14.0000,
T0006927,2,TIN-001,1,50.00,50.00,18.0000,
T0006927,3,VAP-001,1,55.00,55.00,22.0000,
T0006928,1,EDI-004,1,25.00,25.00,7.5000,
T0006929,1,EDI-006,1,8.00,6.40,3.0000,
T0006929,2,PRE-005,1,6.00,4.80,1.8000,
T0006930,1,EDI-003,1,20.00,20.00,6.5000,
T0006930,2,FLO-007,1,32.00,22.40,13.0000,Flower Friday 30% Off
T0006931,1,PRE-003,1,18.00,18.00,6.0000,
T0006931,2,PRE-005,2,6.00,6.00,1.8000,
T0006932,1,EDI-003,1,20.00,20.00,6.5000,
T0006933,1,EDI-001,1,20.00,20.00,6.0000,
T0006934,1,VAP-006,2,15.00,15.00,4.0000,
T0006935,1,FLO-002,1,40.00,28.00,16.0000,Flower Friday 30% Off
T0006936,1,FLO-003,1,70.00,49.00,28.0000,Flower Friday 30% Off
T0006937,1,FLO-007,3,32.00,22.40,13.0000,Flower Friday 30% Off
T0006937,2,PRE-001,3,10.00,10.00,3.2000,
T0006937,3,VAP-002,1,40.00,40.00,14.0000,
T0006937,4,EDI-001,1,20.00,20.00,6.0000,
T0006938,1,EDI-005,1,14.00,14.00,4.0000,
T0006938,2,CON-004,3,55.00,55.00,22.0000,
T0006938,3,FLO-008,1,32.00,22.40,13.5000,Flower Friday 30% Off
T0006938,4,VAP-003,1,32.00,32.00,12.0000,
T0006939,1,VAP-003,1,32.00,32.00,12.0000,
T0006939,2,EDI-003,1,20.00,20.00,6.5000,
T0006940,1,EDI-001,1,20.00,20.00,6.0000,
T0006940,2,EDI-003,1,20.00,20.00,6.5000,
T0006941,1,FLO-001,1,35.00,24.50,14.0000,Flower Friday 30% Off
T0006942,1,FLO-004,1,38.00,26.60,15.0000,Flower Friday 30% Off
T0006942,2,EDI-005,1,14.00,14.00,4.0000,
T0006943,1,VAP-002,1,40.00,40.00,14.0000,
T0006943,2,PRE-004,3,35.00,35.00,12.0000,
T0006943,3,PRE-003,1,18.00,18.00,6.0000,
T0006944,1,FLO-009,2,210.00,147.00,95.0000,Flower Friday 30% Off
T0006945,1,FLO-002,2,40.00,28.00,16.0000,Flower Friday 30% Off
T0006945,2,EDI-002,1,22.00,22.00,7.0000,
T0006945,3,EDI-001,1,20.00,20.00,6.0000,
T0006945,4,PRE-001,1,10.00,10.00,3.2000,
T0006946,1,VAP-002,1,40.00,36.00,14.0000,
T0006946,2,FLO-001,1,35.00,24.50,14.0000,Flower Friday 30% Off
T0006947,1,VAP-005,3,28.00,28.00,9.0000,
T0006948,1,VAP-004,1,60.00,60.00,24.0000,
T0006948,2,FLO-001,1,35.00,24.50,14.0000,Flower Friday 30% Off
T0006949,1,EDI-001,1,20.00,20.00,6.0000,
T0006950,1,EDI-003,1,20.00,20.00,6.5000,
T0006950,2,EDI-005,1,14.00,14.00,4.0000,
T0006950,3,FLO-003,1,70.00,49.00,28.0000,Flower Friday 30% Off
T0006950,4,PRE-005,1,6.00,6.00,1.8000,
T0006951,1,ACC-001,1,20.00,20.00,5.0000,
T0006951,2,VAP-004,2,60.00,48.00,24.0000,
T0006952,1,FLO-004,1,38.00,26.60,15.0000,Flower Friday 30% Off
T0006952,2,PRE-001,1,10.00,10.00,3.2000,
T0006952,3,FLO-001,2,35.00,24.50,14.0000,Flower Friday 30% Off
T0006952,4,PRE-005,1,6.00,6.00,1.8000,
T0006953,1,EDI-001,1,20.00,20.00,6.0000,
T0006954,1,EDI-003,1,20.00,20.00,6.5000,
T0006954,2,VAP-005,1,28.00,28.00,9.0000,
T0006954,3,VAP-002,1,40.00,40.00,14.0000,
T0006955,1,FLO-004,1,38.00,26.60,15.0000,Flower Friday 30% Off
T0006955,2,ACC-004,1,2.00,2.00,0.4000,
T0006956,1,TIN-001,3,50.00,45.00,18.0000,
T0006957,1,VAP-003,1,32.00,32.00,12.0000,
T0006957,2,ACC-002,1,3.00,3.00,0.6000,
T0006957,3,FLO-004,3,38.00,26.60,15.0000,Flower Friday 30% Off
T0006957,4,PRE-002,1,10.00,10.00,3.4000,
T0006958,1,PRE-004,2,35.00,35.00,12.0000,
T0006958,2,VAP-003,1,32.00,32.00,12.0000,
T0006958,3,ACC-002,2,3.00,3.00,0.6000,
T0006959,1,PRE-005,2,6.00,5.40,1.8000,
T0006960,1,PRE-005,1,6.00,6.00,1.8000,
T0006960,2,PRE-004,1,35.00,35.00,12.0000,
T0006960,3,EDI-005,1,14.00,14.00,4.0000,
T0006960,4,EDI-001,3,20.00,20.00,6.0000,
T0006960,5,VAP-005,1,28.00,28.00,9.0000,
T0006961,1,FLO-002,1,40.00,28.00,16.0000,Flower Friday 30% Off
T0006962,1,CON-002,1,45.00,45.00,18.0000,
T0006962,2,FLO-001,1,35.00,24.50,14.0000,Flower Friday 30% Off
T0006963,1,FLO-005,1,38.00,26.60,15.5000,Flower Friday 30% Off
T0006964,1,VAP-004,1,60.00,60.00,24.0000,
T0006965,1,VAP-005,1,28.00,25.20,9.0000,
T0006966,1,FLO-007,1,32.00,22.40,13.0000,Flower Friday 30% Off
T0006967,1,ACC-004,1,2.00,2.00,0.4000,
T0006968,1,EDI-001,1,20.00,20.00,6.0000,
T0006968,3,CON-003,1,30.00,30.00,12.0000,
T0006969,1,EDI-002,1,22.00,22.00,7.0000,
T0006970,1,FLO-003,1,70.00,49.00,28.0000,Flower Friday 30% Off
T0006971,1,FLO-005,2,38.00,26.60,15.5000,Flower Friday 30% Off
T0006971,2,FLO-008,1,32.00,22.40,13.5000,Flower Friday 30% Off
T0006971,3,EDI-002,2,22.00,22.00,7.0000,
T0006972,1,ACC-004,1,2.00,2.00,0.4000,
T0006972,2,PRE-002,1,10.00,10.00,3.4000,
T0006972,3,EDI-002,1,22.00,22.00,7.0000,
T0006973,1,ACC-001,1,20.00,20.00,5.0000,
T0006973,2,VAP-006,1,15.00,12.00,4.0000,
T0006973,3,FLO-002,1,40.00,28.00,16.0000,Flower Friday 30% Off
T0006974,1,VAP-002,2,40.00,40.00,14.0000,
T0006974,2,ACC-004,1,2.00,1.60,0.4000,
T0006974,3,PRE-001,1,10.00,10.00,3.2000,
T0006975,1,FLO-004,1,38.00,26.60,15.0000,Flower Friday 30% Off
T0006975,2,FLO-001,2,35.00,24.50,14.0000,Flower Friday 30% Off
T0006975,3,VAP-002,1,40.00,40.00,14.0000,
T0006976,1,FLO-005,1,38.00,26.60,15.5000,Flower Friday 30% Off
T0006976,2,VAP-002,1,40.00,40.00,14.0000,
T0006977,1,FLO-004,2,38.00,26.60,15.0000,Flower Friday 30% Off
T0006977,2,ACC-004,1,2.00,1.80,0.4000,
T0006978,1,EDI-002,1,22.00,22.00,7.0000,
T0006979,1,FLO-007,1,32.00,22.40,13.0000,Flower Friday 30% Off
T0006980,1,VAP-005,1,28.00,28.00,9.0000,
T0006980,2,PRE-005,1,6.00,6.00,1.8000,
T0006981,1,VAP-003,1,32.00,32.00,12.0000,
T0006981,2,EDI-006,1,8.00,8.00,3.0000,
T0006981,3,VAP-002,1,40.00,40.00,14.0000,
T0006982,1,ACC-004,2,2.00,2.00,0.4000,
T0006982,2,VAP-006,2,15.00,15.00,4.0000,
T0006983,1,ACC-002,2,3.00,3.00,0.6000,
T0006984,1,VAP-002,1,40.00,40.00,14.0000,
T0006985,1,FLO-010,1,45.00,31.50,18.0000,Flower Friday 30% Off
T0006986,1,VAP-001,1,55.00,49.50,22.0000,
T0006987,1,VAP-005,1,28.00,28.00,9.0000,
T0006988,1,FLO-005,1,38.00,26.60,15.5000,Flower Friday 30% Off
T0006988,2,ACC-002,1,3.00,2.70,0.6000,
T0006989,1,FLO-003,1,70.00,49.00,28.0000,Flower Friday 30% Off
T0006990,1,PRE-005,1,6.00,6.00,1.8000,
T0006991,1,EDI-002,1,22.00,22.00,7.0000,
T0006992,1,FLO-005,2,38.00,26.60,15.5000,Flower Friday 30% Off
T0006993,1,FLO-001,1,35.00,24.50,14.0000,Flower Friday 30% Off
T0006994,1,EDI-001,1,20.00,20.00,6.0000,
T0006995,1,FLO-007,1,32.00,22.40,13.0000,Flower Friday 30% Off
T0006995,2,VAP-002,1,40.00,40.00,14.0000,
T0006996,1,FLO-003,1,70.00,49.00,28.0000,Flower Friday 30% Off
T0006996,2,PRE-005,3,6.00,6.00,1.8000,
T0006997,1,VAP-003,1,32.00,32.00,12.0000,
T0006998,1,EDI-001,1,20.00,16.00,6.0000,
T0006999,1,FLO-002,2,40.00,28.00,16.0000,Flower Friday 30% Off
T0006999,2,EDI-006,1,8.00,8.00,3.0000,
T0006999,3,FLO-007,2,32.00,22.40,13.0000,Flower Friday 30% Off
T0007000,1,EDI-002,1,22.00,22.00,7.0000,
T0007000,2,PRE-001,2,10.00,10.00,3.2000,
T0007000,3,PRE-003,1,18.00,18.00,6.0000,
T0007001,1,VAP-001,1,55.00,55.00,22.0000,
T0007001,2,ACC-004,1,2.00,2.00,0.4000,
T0007001,3,PRE-002,1,10.00,10.00,3.4000,
T0007001,4,EDI-001,2,20.00,20.00,6.0000,
T0007002,1,FLO-001,1,35.00,24.50,14.0000,Flower Friday 30% Off
T0007002,2,ACC-002,1,3.00,2.70,0.6000,
T0007002,3,VAP-003,1,32.00,32.00,12.0000,
T0007002,4,FLO-010,1,45.00,31.50,18.0000,Flower Friday 30% Off
T0007003,1,FLO-008,1,32.00,22.40,13.5000,Flower Friday 30% Off
T0007003,2,FLO-007,1,32.00,22.40,13.0000,Flower Friday 30% Off
T0007004,1,TIN-002,2,45.00,45.00,16.0000,
T0007005,1,PRE-003,1,18.00,18.00,6.0000,
T0007006,1,ACC-004,1,2.00,2.00,0.4000,
T0007007,1,FLO-005,1,38.00,26.60,15.5000,Flower Friday 30% Off
T0007007,2,VAP-002,1,40.00,40.00,14.0000,
T0007008,1,CON-003,1,30.00,30.00,12.0000,
T0007008,2,EDI-003,1,20.00,20.00,6.5000,
T0007008,3,ACC-004,1,2.00,2.00,0.4000,
T0007009,1,ACC-003,1,22.00,22.00,6.0000,
T0007010,1,VAP-005,1,28.00,28.00,9.0000,
T0007011,1,ACC-004,1,2.00,2.00,0.4000,
T0007011,2,VAP-002,1,40.00,40.00,14.0000,
T0007011,3,FLO-003,1,70.00,49.00,28.0000,Flower Friday 30% Off
T0007012,1,FLO-005,1,38.00,26.60,15.5000,Flower Friday 30% Off
T0007013,1,CON-004,1,55.00,55.00,22.0000,
T0007013,2,EDI-004,1,25.00,25.00,7.5000,
T0007013,3,FLO-008,1,32.00,22.40,13.5000,Flower Friday 30% Off
T0007013,4,ACC-004,1,2.00,2.00,0.4000,
T0007013,5,PRE-001,1,10.00,10.00,3.2000,
T0007014,1,PRE-005,1,6.00,6.00,1.8000,
T0007014,2,VAP-003,1,32.00,32.00,12.0000,
T0007015,1,PRE-001,2,10.00,9.00,3.2000,
T0007015,2,PRE-005,2,6.00,6.00,1.8000,
T0007015,4,PRE-002,1,10.00,10.00,3.4000,
T0007016,1,FLO-001,1,35.00,24.50,14.0000,Flower Friday 30% Off
T0007017,1,EDI-004,1,25.00,25.00,7.5000,
T0007017,2,CON-002,2,45.00,40.50,18.0000,
T0007018,1,FLO-005,2,38.00,26.60,15.5000,Flower Friday 30% Off
T0007019,1,FLO-007,2,32.00,22.40,13.0000,Flower Friday 30% Off
T0007019,2,ACC-004,3,2.00,2.00,0.4000,
T0007019,3,EDI-004,2,25.00,25.00,7.5000,
T0007020,1,FLO-002,1,40.00,28.00,16.0000,Flower Friday 30% Off
T0007021,1,FLO-007,1,32.00,22.40,13.0000,Flower Friday 30% Off
T0007021,2,FLO-002,1,40.00,28.00,16.0000,Flower Friday 30% Off
T0007021,3,TIN-001,1,50.00,50.00,18.0000,
T0007022,1,FLO-001,2,35.00,24.50,14.0000,Flower Friday 30% Off
T0007023,1,FLO-001,1,35.00,24.50,14.0000,Flower Friday 30% Off
T0007024,1,FLO-005,1,38.00,26.60,15.5000,Flower Friday 30% Off
T0007024,2,PRE-002,1,10.00,10.00,3.4000,
T0007024,3,FLO-002,1,40.00,28.00,16.0000,Flower Friday 30% Off
T0007024,4,VAP-004,1,60.00,60.00,24.0000,
T0007025,1,FLO-004,2,38.00,26.60,15.0000,Flower Friday 30% Off
T0007025,2,PRE-001,1,10.00,10.00,3.2000,
T0007025,3,FLO-007,2,32.00,22.40,13.0000,Flower Friday 30% Off
T0007025,4,PRE-002,2,10.00,10.00,3.4000,
T0007026,1,VAP-003,1,32.00,32.00,12.0000,
T0007027,1,EDI-005,1,14.00,14.00,4.0000,
T0007028,1,FLO-002,3,40.00,28.00,16.0000,Flower Friday 30% Off
T0007028,2,PRE-005,1,6.00,6.00,1.8000,
T0007029,1,ACC-004,1,2.00,2.00,0.4000,
T0007030,1,FLO-002,2,40.00,28.00,16.0000,Flower Friday 30% Off
T0007031,1,VAP-003,1,32.00,32.00,12.0000,
T0007032,1,EDI-001,1,20.00,18.00,6.0000,
T0007032,2,FLO-004,2,38.00,26.60,15.0000,Flower Friday 30% Off
T0007033,1,VAP-003,1,32.00,32.00,12.0000,
T0007033,2,EDI-006,2,8.00,8.00,3.0000,
T0007034,1,VAP-002,1,40.00,40.00,14.0000,
T0007034,2,FLO-002,1,40.00,28.00,16.0000,Flower Friday 30% Off
T0007035,1,FLO-001,3,35.00,24.50,14.0000,Flower Friday 30% Off
T0007036,1,PRE-002,1,10.00,10.00,3.4000,
T0007036,2,FLO-007,1,32.00,22.40,13.0000,Flower Friday 30% Off
T0007037,1,FLO-002,1,40.00,28.00,16.0000,Flower Friday 30% Off
T0007037,2,EDI-005,1,14.00,14.00,4.0000,
T0007038,1,ACC-002,1,3.00,3.00,0.6000,
T0007038,2,FLO-002,1,40.00,28.00,16.0000,Flower Friday 30% Off
T0007038,3,EDI-004,1,25.00,22.50,7.5000,
T0007038,4,VAP-001,1,55.00,55.00,22.0000,
T0007039,1,VAP-006,1,15.00,15.00,4.0000,
T0007040,1,VAP-001,2,55.00,55.00,22.0000,
T0007040,2,PRE-005,1,6.00,6.00,1.8000,
T0007041,1,FLO-007,1,32.00,22.40,13.0000,Flower Friday 30% Off
T0007042,1,PRE-001,1,10.00,10.00,3.2000,
T0007043,1,VAP-003,1,32.00,32.00,12.0000,
T0007044,1,FLO-008,1,32.00,22.40,13.5000,Flower Friday 30% Off
T0007044,2,PRE-001,1,10.00,9.00,3.2000,
T0007044,3,ACC-002,1,3.00,3.00,0.6000,
T0007045,1,PRE-005,1,6.00,5.40,1.8000,
T0007045,2,FLO-005,2,38.00,26.60,15.5000,Flower Friday 30% Off
T0007046,1,EDI-001,3,20.00,20.00,6.0000,
T0007046,2,EDI-004,1,25.00,25.00,7.5000,
T0007047,1,VAP-004,2,60.00,60.00,24.0000,
T0007047,2,EDI-006,1,8.00,8.00,3.0000,
T0007047,3,PRE-001,2,10.00,10.00,3.2000,
T0007048,1,VAP-002,1,40.00,40.00,14.0000,
T0007048,2,EDI-005,1,14.00,14.00,4.0000,
T0007049,1,EDI-005,1,14.00,14.00,4.0000,
T0007049,2,EDI-006,2,8.00,6.40,3.0000,
T0007049,4,FLO-001,1,35.00,24.50,14.0000,Flower Friday 30% Off
T0007049,5,PRE-002,1,10.00,8.00,3.4000,
T0007050,1,EDI-005,3,14.00,12.60,4.0000,
T0007051,1,ACC-004,2,2.00,1.80,0.4000,
T0007052,1,VAP-002,1,40.00,40.00,14.0000,
T0007053,1,CON-001,3,75.00,75.00,32.0000,
T0007053,2,ACC-004,1,2.00,2.00,0.4000,
T0007053,3,FLO-001,1,35.00,24.50,14.0000,Flower Friday 30% Off
T0007054,1,FLO-001,1,35.00,24.50,14.0000,Flower Friday 30% Off
T0007055,1,PRE-001,2,10.00,10.00,3.2000,
T0007056,1,EDI-001,1,20.00,20.00,6.0000,
T0007056,2,ACC-004,1,2.00,1.80,0.4000,
T0007057,1,ACC-004,1,2.00,1.80,0.4000,
T0007058,1,CON-002,1,45.00,45.00,18.0000,
T0007058,2,FLO-002,1,40.00,28.00,16.0000,Flower Friday 30% Off
T0007059,1,FLO-006,3,120.00,84.00,52.0000,Flower Friday 30% Off
T0007060,1,EDI-002,1,22.00,22.00,7.0000,
T0007061,1,VAP-002,1,40.00,32.00,14.0000,
T0007062,1,EDI-007,1,18.00,18.00,6.0000,
T0007062,2,ACC-004,2,2.00,2.00,0.4000,
T0007063,1,EDI-002,1,22.00,19.80,7.0000,
T0007063,2,ACC-004,1,2.00,2.00,0.4000,
T0007063,3,FLO-002,1,40.00,28.00,16.0000,Flower Friday 30% Off
T0007064,1,EDI-006,1,8.00,8.00,3.0000,
T0007065,1,EDI-005,1,14.00,14.00,4.0000,
T0007065,2,VAP-006,1,15.00,15.00,4.0000,
T0007066,1,EDI-002,2,22.00,17.60,7.0000,
T0007066,2,FLO-002,1,40.00,28.00,16.0000,Flower Friday 30% Off
T0007067,1,VAP-005,2,28.00,28.00,9.0000,
T0007067,2,EDI-001,1,20.00,18.00,6.0000,
T0007067,3,CON-004,1,55.00,55.00,22.0000,
T0007068,1,PRE-001,1,10.00,10.00,3.2000,
T0007069,1,PRE-003,1,18.00,18.00,6.0000,
T0007069,2,VAP-001,1,55.00,44.00,22.0000,
T0007070,1,CON-001,2,75.00,75.00,32.0000,
T0007070,2,FLO-008,2,32.00,22.40,13.5000,Flower Friday 30% Off
T0007071,1,VAP-002,1,40.00,40.00,14.0000,
T0007072,1,FLO-001,1,35.00,24.50,14.0000,Flower Friday 30% Off
T0007072,2,PRE-005,2,6.00,6.00,1.8000,
T0007072,3,FLO-010,1,45.00,31.50,18.0000,Flower Friday 30% Off
T0007073,1,CON-002,1,45.00,36.00,18.0000,
T0007074,1,FLO-006,1,120.00,84.00,52.0000,Flower Friday 30% Off
T0007075,1,EDI-002,2,22.00,22.00,7.0000,
T0007076,1,EDI-006,1,8.00,8.00,3.0000,
T0007076,2,VAP-006,1,15.00,12.00,4.0000,
T0007076,3,EDI-001,1,20.00,16.00,6.0000,
T0007076,4,PRE-003,2,18.00,16.20,6.0000,
T0007077,1,PRE-003,1,18.00,18.00,6.0000,
T0007078,1,FLO-003,1,70.00,49.00,28.0000,Flower Friday 30% Off
T0007078,2,PRE-004,1,35.00,35.00,12.0000,
T0007078,3,FLO-002,1,40.00,28.00,16.0000,Flower Friday 30% Off
T0007079,1,EDI-004,2,25.00,22.50,7.5000,
T0007079,2,FLO-010,1,45.00,31.50,18.0000,Flower Friday 30% Off
T0007080,1,PRE-005,1,6.00,4.80,1.8000,
T0007080,2,VAP-005,1,28.00,22.40,9.0000,
T0007080,3,FLO-005,2,38.00,26.60,15.5000,Flower Friday 30% Off
T0007080,4,VAP-003,2,32.00,25.60,12.0000,
T0007081,1,EDI-001,1,20.00,20.00,6.0000,
T0007081,2,VAP-003,1,32.00,32.00,12.0000,
T0007082,1,FLO-004,1,38.00,26.60,15.0000,Flower Friday 30% Off
T0007082,2,ACC-004,1,2.00,2.00,0.4000,
T0007082,3,FLO-001,2,35.00,24.50,14.0000,Flower Friday 30% Off
T0007083,1,CON-003,1,30.00,30.00,12.0000,
T0007083,2,VAP-003,3,32.00,32.00,12.0000,
T0007084,1,FLO-008,2,32.00,22.40,13.5000,Flower Friday 30% Off
T0007084,2,FLO-010,1,45.00,31.50,18.0000,Flower Friday 30% Off
T0007084,3,PRE-001,1,10.00,10.00,3.2000,
T0007085,1,PRE-005,1,6.00,6.00,1.8000,
T0007086,1,FLO-005,1,38.00,26.60,15.5000,Flower Friday 30% Off
T0007086,2,PRE-002,1,10.00,10.00,3.4000,
T0007087,1,FLO-010,1,45.00,31.50,18.0000,Flower Friday 30% Off
T0007088,1,VAP-002,1,40.00,40.00,14.0000,
T0007088,2,FLO-002,1,40.00,28.00,16.0000,Flower Friday 30% Off
T0007088,3,ACC-002,1,3.00,3.00,0.6000,
T0007088,4,EDI-001,1,20.00,20.00,6.0000,
T0007089,1,EDI-004,2,25.00,25.00,7.5000,
T0007089,2,PRE-004,1,35.00,35.00,12.0000,
T0007090,1,VAP-003,2,32.00,32.00,12.0000,
T0007090,2,ACC-004,2,2.00,1.80,0.4000,
T0007090,3,TOP-001,2,35.00,28.00,12.0000,
T0007091,1,EDI-001,1,20.00,20.00,6.0000,
T0007092,1,EDI-005,1,14.00,14.00,4.0000,
T0007093,1,PRE-001,1,10.00,10.00,3.2000,
T0007093,2,CON-002,1,45.00,45.00,18.0000,
T0007094,1,CON-002,1,45.00,40.50,18.0000,
T0007094,2,ACC-004,1,2.00,2.00,0.4000,
T0007094,3,EDI-006,1,8.00,8.00,3.0000,
T0007094,5,PRE-001,1,10.00,9.00,3.2000,
T0007095,1,VAP-001,1,55.00,49.50,22.0000,
T0007095,2,FLO-001,1,35.00,24.50,14.0000,Flower Friday 30% Off
T0007096,1,FLO-008,3,32.00,22.40,13.5000,Flower Friday 30% Off
T0007097,1,CON-002,3,45.00,45.00,18.0000,
T0007097,2,PRE-001,1,10.00,10.00,3.2000,
T0007097,3,VAP-004,1,60.00,60.00,24.0000,
T0007097,4,VAP-002,1,40.00,40.00,14.0000,
T0007098,1,TIN-002,2,45.00,45.00,16.0000,
T0007098,2,EDI-004,1,25.00,25.00,7.5000,
T0007098,3,PRE-003,1,18.00,18.00,6.0000,
T0007098,4,EDI-005,1,14.00,14.00,4.0000,
T0007098,5,VAP-001,1,55.00,55.00,22.0000,
T0007099,1,CON-003,1,30.00,30.00,12.0000,
T0007099,2,EDI-004,1,25.00,25.00,7.5000,
T0007099,3,FLO-008,1,32.00,22.40,13.5000,Flower Friday 30% Off
T0007100,1,ACC-004,1,2.00,2.00,0.4000,
T0007101,1,FLO-001,1,35.00,24.50,14.0000,Flower Friday 30% Off
T0007102,1,FLO-008,1,32.00,22.40,13.5000,Flower Friday 30% Off
T0007103,1,EDI-005,1,14.00,14.00,4.0000,
T0007103,2,FLO-002,1,40.00,28.00,16.0000,Flower Friday 30% Off
T0007103,3,PRE-005,1,6.00,6.00,1.8000,
T0007104,1,ACC-004,1,2.00,1.60,0.4000,
T0007104,2,PRE-004,1,35.00,35.00,12.0000,
T0007105,1,EDI-002,1,22.00,22.00,7.0000,
T0007106,1,VAP-003,2,32.00,28.80,12.0000,
T0007107,1,ACC-004,2,2.00,2.00,0.4000,
T0007108,1,VAP-002,1,40.00,40.00,14.0000,
T0007108,2,EDI-001,1,20.00,20.00,6.0000,
T0007109,1,VAP-002,1,40.00,40.00,14.0000,
T0007109,3,FLO-002,1,40.00,28.00,16.0000,Flower Friday 30% Off
T0007110,1,ACC-004,1,2.00,2.00,0.4000,
T0007111,1,PRE-005,1,6.00,6.00,1.8000,
T0007112,1,PRE-005,1,6.00,6.00,1.8000,
T0007112,2,VAP-002,1,40.00,40.00,14.0000,
T0007113,1,FLO-003,1,70.00,49.00,28.0000,Flower Friday 30% Off
T0007114,1,EDI-006,1,8.00,8.00,3.0000,
T0007115,1,PRE-002,1,10.00,8.00,3.4000,
T0007116,1,FLO-002,1,40.00,28.00,16.0000,Flower Friday 30% Off
T0007117,1,ACC-002,2,3.00,3.00,0.6000,
T0007117,2,ACC-004,1,2.00,2.00,0.4000,
T0007117,3,VAP-006,1,15.00,15.00,4.0000,
T0007117,4,PRE-002,1,10.00,10.00,3.4000,
T0007118,1,TIN-001,1,50.00,50.00,18.0000,
T0007118,2,FLO-001,1,35.00,24.50,14.0000,Flower Friday 30% Off
T0007119,1,FLO-010,1,45.00,31.50,18.0000,Flower Friday 30% Off
T0007119,2,VAP-003,2,32.00,32.00,12.0000,
T0007119,3,EDI-007,2,18.00,18.00,6.0000,
T0007120,1,FLO-001,1,35.00,24.50,14.0000,Flower Friday 30% Off
T0007121,1,EDI-001,1,20.00,20.00,6.0000,
T0007121,2,VAP-003,1,32.00,32.00,12.0000,
T0007122,1,ACC-004,1,2.00,1.60,0.4000,
T0007123,1,VAP-001,1,55.00,55.00,22.0000,
T0007123,2,ACC-004,1,2.00,2.00,0.4000,
T0007123,3,PRE-004,1,35.00,35.00,12.0000,
T0007124,1,FLO-006,1,120.00,84.00,52.0000,Flower Friday 30% Off
T0007125,1,FLO-006,1,120.00,84.00,52.0000,Flower Friday 30% Off
T0007126,1,PRE-002,2,10.00,10.00,3.4000,
T0007126,2,CON-004,3,55.00,49.50,22.0000,
T0007127,1,EDI-003,1,20.00,20.00,6.5000,
T0007127,2,VAP-003,1,32.00,32.00,12.0000,
T0007128,1,VAP-002,1,40.00,40.00,14.0000,
T0007129,1,VAP-006,1,15.00,15.00,4.0000,
T0007129,2,PRE-001,1,10.00,8.00,3.2000,
T0007129,3,PRE-002,1,10.00,10.00,3.4000,
T0007130,1,EDI-004,1,25.00,22.50,7.5000,
T0007130,2,VAP-001,2,55.00,44.00,22.0000,
T0007130,3,VAP-005,1,28.00,28.00,9.0000,
T0007131,1,PRE-005,2,6.00,4.80,1.8000,
T0007131,2,FLO-004,1,38.00,26.60,15.0000,Flower Friday 30% Off
T0007132,1,FLO-005,1,38.00,26.60,15.5000,Flower Friday 30% Off
T0007132,2,FLO-004,1,38.00,26.60,15.0000,Flower Friday 30% Off
T0007133,1,FLO-002,1,40.00,28.00,16.0000,Flower Friday 30% Off
T0007133,2,EDI-002,1,22.00,22.00,7.0000,
T0007134,1,PRE-001,1,10.00,10.00,3.2000,
T0007134,2,FLO-001,1,35.00,24.50,14.0000,Flower Friday 30% Off
T0007135,1,ACC-001,1,20.00,18.00,5.0000,
T0007136,1,FLO-002,2,40.00,28.00,16.0000,Flower Friday 30% Off
T0007136,2,ACC-003,1,22.00,22.00,6.0000,
T0007137,1,FLO-007,1,32.00,22.40,13.0000,Flower Friday 30% Off
T0007137,2,ACC-004,1,2.00,2.00,0.4000,
T0007138,1,VAP-004,1,60.00,60.00,24.0000,
T0007138,2,VAP-001,1,55.00,55.00,22.0000,
T0007139,1,ACC-003,3,22.00,22.00,6.0000,
T0007139,2,PRE-005,3,6.00,6.00,1.8000,
T0007140,1,ACC-002,1,3.00,3.00,0.6000,
T0007141,1,EDI-004,1,25.00,25.00,7.5000,
T0007141,2,FLO-007,1,32.00,22.40,13.0000,Flower Friday 30% Off
T0007141,3,VAP-006,1,15.00,15.00,4.0000,
T0007142,1,VAP-005,1,28.00,28.00,9.0000,
T0007142,2,EDI-002,1,22.00,22.00,7.0000,
T0007142,3,PRE-002,1,10.00,10.00,3.4000,
T0007142,4,VAP-004,1,60.00,60.00,24.0000,
T0007143,1,EDI-001,2,20.00,20.00,6.0000,
T0007144,1,CON-003,1,30.00,30.00,12.0000,
T0007144,2,EDI-001,1,20.00,20.00,6.0000,
T0007144,3,PRE-005,1,6.00,6.00,1.8000,
T0007145,1,PRE-005,1,6.00,6.00,1.8000,
T0007146,1,VAP-002,2,40.00,32.00,14.0000,
T0007146,2,ACC-004,2,2.00,1.60,0.4000,
T0007146,4,EDI-006,1,8.00,8.00,3.0000,
T0007147,1,PRE-002,3,10.00,10.00,3.4000,
T0007148,1,FLO-001,1,35.00,24.50,14.0000,Flower Friday 30% Off
T0007148,2,PRE-005,1,6.00,6.00,1.8000,
T0007149,1,EDI-001,1,20.00,20.00,6.0000,
T0007149,2,VAP-002,1,40.00,40.00,14.0000,
T0007150,1,VAP-002,1,40.00,40.00,14.0000,
T0007151,1,EDI-003,2,20.00,20.00,6.5000,
T0007151,2,ACC-004,1,2.00,2.00,0.4000,
T0007151,3,FLO-005,1,38.00,26.60,15.5000,Flower Friday 30% Off
T0007152,1,EDI-002,1,22.00,19.80,7.0000,
T0007152,2,CON-003,2,30.00,27.00,12.0000,
T0007153,1,ACC-004,1,2.00,2.00,0.4000,
T0007153,2,EDI-003,1,20.00,20.00,6.5000,
T0007153,3,VAP-002,2,40.00,32.00,14.0000,
T0007153,4,FLO-001,1,35.00,24.50,14.0000,Flower Friday 30% Off
T0007154,1,PRE-002,1,10.00,8.00,3.4000,
T0007155,1,FLO-005,1,38.00,26.60,15.5000,Flower Friday 30% Off
T0007155,2,PRE-003,1,18.00,18.00,6.0000,
T0007156,1,FLO-007,1,32.00,22.40,13.0000,Flower Friday 30% Off
T0007156,2,EDI-001,1,20.00,20.00,6.0000,
T0007156,3,PRE-005,1,6.00,6.00,1.8000,
T0007157,1,EDI-001,1,20.00,20.00,6.0000,
T0007157,2,EDI-003,1,20.00,20.00,6.5000,
T0007158,1,VAP-003,1,32.00,32.00,12.0000,
T0007159,1,PRE-002,3,10.00,10.00,3.4000,
T0007160,1,EDI-004,1,25.00,25.00,7.5000,
T0007160,2,PRE-003,1,18.00,18.00,6.0000,
T0007161,1,FLO-005,1,38.00,26.60,15.5000,Flower Friday 30% Off
T0007161,2,ACC-001,1,20.00,20.00,5.0000,
T0007161,3,VAP-002,3,40.00,40.00,14.0000,
T0007162,1,PRE-002,1,10.00,10.00,3.4000,
T0007163,1,ACC-002,1,3.00,3.00,0.6000,
T0007164,1,TIN-001,1,50.00,50.00,18.0000,
T0007164,2,ACC-001,1,20.00,20.00,5.0000,
T0007164,3,VAP-001,1,55.00,55.00,22.0000,
T0007165,1,ACC-002,1,3.00,3.00,0.6000,
T0007166,1,FLO-002,1,40.00,28.00,16.0000,Flower Friday 30% Off
T0007166,2,PRE-001,2,10.00,10.00,3.2000,
T0007166,3,FLO-004,1,38.00,26.60,15.0000,Flower Friday 30% Off
T0007167,1,EDI-004,1,25.00,20.00,7.5000,
T0007168,1,PRE-005,2,6.00,6.00,1.8000,
T0007168,2,FLO-002,1,40.00,28.00,16.0000,Flower Friday 30% Off
T0007168,3,ACC-004,1,2.00,2.00,0.4000,
T0007168,4,ACC-002,2,3.00,3.00,0.6000,
T0007168,5,FLO-007,1,32.00,22.40,13.0000,Flower Friday 30% Off
T0007169,1,VAP-002,1,40.00,40.00,14.0000,
T0007170,1,FLO-005,1,38.00,26.60,15.5000,Flower Friday 30% Off
T0007171,1,VAP-001,3,55.00,55.00,22.0000,
T0007172,1,EDI-001,1,20.00,20.00,6.0000,
T0007172,2,FLO-001,3,35.00,24.50,14.0000,Flower Friday 30% Off
T0007173,1,FLO-001,1,35.00,24.50,14.0000,Flower Friday 30% Off
T0007174,1,CON-001,3,75.00,75.00,32.0000,
T0007174,2,ACC-002,1,3.00,3.00,0.6000,
T0007174,3,FLO-002,1,40.00,28.00,16.0000,Flower Friday 30% Off
T0007174,4,PRE-002,1,10.00,10.00,3.4000,
T0007174,5,FLO-004,2,38.00,26.60,15.0000,Flower Friday 30% Off
T0007175,1,ACC-004,1,2.00,2.00,0.4000,
T0007175,2,PRE-005,1,6.00,6.00,1.8000,
T0007176,1,ACC-004,1,2.00,2.00,0.4000,
T0007177,1,VAP-003,1,32.00,32.00,12.0000,
T0007177,2,VAP-006,2,15.00,13.50,4.0000,
T0007177,3,ACC-004,1,2.00,2.00,0.4000,
T0007177,5,PRE-005,1,6.00,6.00,1.8000,
T0007178,1,EDI-004,2,25.00,25.00,7.5000,
T0007179,1,VAP-002,1,40.00,40.00,14.0000,
T0007180,1,FLO-007,1,32.00,22.40,13.0000,Flower Friday 30% Off
T0007180,2,VAP-003,1,32.00,32.00,12.0000,
T0007181,1,ACC-004,1,2.00,2.00,0.4000,
T0007181,2,PRE-004,1,35.00,35.00,12.0000,
T0007181,3,EDI-003,1,20.00,20.00,6.5000,
T0007182,1,PRE-002,2,10.00,10.00,3.4000,
T0007183,1,VAP-005,1,28.00,28.00,9.0000,
T0007183,2,FLO-002,1,40.00,28.00,16.0000,Flower Friday 30% Off
T0007183,3,FLO-001,1,35.00,24.50,14.0000,Flower Friday 30% Off
T0007183,4,PRE-001,1,10.00,10.00,3.2000,
T0007184,1,CON-002,1,45.00,45.00,18.0000,
T0007184,2,VAP-001,1,55.00,49.50,22.0000,
T0007185,1,CON-003,2,30.00,30.00,12.0000,
T0007185,2,VAP-006,1,15.00,15.00,4.0000,
T0007186,1,VAP-005,2,28.00,28.00,9.0000,
T0007187,1,EDI-004,3,25.00,22.50,7.5000,
T0007187,2,EDI-001,1,20.00,18.00,6.0000,
T0007188,1,FLO-004,1,38.00,26.60,15.0000,Flower Friday 30% Off
T0007188,2,PRE-004,1,35.00,35.00,12.0000,
T0007188,3,PRE-005,1,6.00,6.00,1.8000,
T0007189,1,CON-002,1,45.00,45.00,18.0000,
T0007190,1,ACC-004,1,2.00,2.00,0.4000,
T0007190,2,PRE-003,1,18.00,18.00,6.0000,
T0007191,1,PRE-001,1,10.00,10.00,3.2000,
T0007191,2,EDI-001,2,20.00,20.00,6.0000,
T0007192,1,FLO-007,1,32.00,22.40,13.0000,Flower Friday 30% Off
T0007193,1,PRE-001,2,10.00,10.00,3.2000,
T0007193,2,FLO-002,1,40.00,28.00,16.0000,Flower Friday 30% Off
T0007194,1,FLO-001,1,35.00,24.50,14.0000,Flower Friday 30% Off
T0007194,2,FLO-007,1,32.00,22.40,13.0000,Flower Friday 30% Off
T0007195,1,VAP-006,1,15.00,15.00,4.0000,
T0007195,2,CON-001,2,75.00,67.50,32.0000,
T0007195,3,PRE-003,1,18.00,18.00,6.0000,
T0007196,1,EDI-004,1,25.00,25.00,7.5000,
T0007196,2,FLO-004,1,38.00,26.60,15.0000,Flower Friday 30% Off
T0007197,1,EDI-004,2,25.00,25.00,7.5000,
T0007198,1,ACC-004,1,2.00,2.00,0.4000,
T0007198,2,VAP-002,1,40.00,40.00,14.0000,
T0007199,1,FLO-001,1,35.00,24.50,14.0000,Flower Friday 30% Off
T0007199,2,FLO-005,1,38.00,26.60,15.5000,Flower Friday 30% Off
T0007200,1,VAP-003,1,32.00,32.00,12.0000,
T0007200,2,FLO-007,1,32.00,22.40,13.0000,Flower Friday 30% Off
T0007201,1,FLO-001,2,35.00,24.50,14.0000,Flower Friday 30% Off
T0007201,2,VAP-003,1,32.00,32.00,12.0000,
T0007202,1,FLO-004,1,38.00,26.60,15.0000,Flower Friday 30% Off
T0007202,2,ACC-002,1,3.00,3.00,0.6000,
T0007202,3,ACC-004,2,2.00,2.00,0.4000,
T0007202,4,CON-002,3,45.00,45.00,18.0000,
T0007203,1,EDI-001,1,20.00,20.00,6.0000,
T0007204,1,FLO-002,1,40.00,28.00,16.0000,Flower Friday 30% Off
T0007204,2,VAP-002,1,40.00,40.00,14.0000,
T0007204,3,FLO-003,2,70.00,49.00,28.0000,Flower Friday 30% Off
T0007205,1,PRE-005,1,6.00,6.00,1.8000,
T0007206,1,FLO-004,1,38.00,26.60,15.0000,Flower Friday 30% Off
T0007206,2,FLO-006,1,120.00,84.00,52.0000,Flower Friday 30% Off
T0007207,1,ACC-004,1,2.00,2.00,0.4000,
T0007208,1,FLO-002,1,40.00,28.00,16.0000,Flower Friday 30% Off
T0007208,2,FLO-007,1,32.00,22.40,13.0000,Flower Friday 30% Off
T0007209,1,EDI-002,1,22.00,22.00,7.0000,
T0007209,2,FLO-003,1,70.00,49.00,28.0000,Flower Friday 30% Off
T0007210,1,VAP-001,1,55.00,55.00,22.0000,
T0007210,2,ACC-002,1,3.00,3.00,0.6000,
T0007211,1,VAP-004,1,60.00,60.00,24.0000,
T0007212,1,ACC-003,1,22.00,22.00,6.0000,
T0007212,2,VAP-003,1,32.00,32.00,12.0000,
T0007213,1,EDI-002,1,22.00,22.00,7.0000,
T0007213,2,PRE-002,1,10.00,10.00,3.4000,
T0007214,1,FLO-002,1,40.00,28.00,16.0000,Flower Friday 30% Off
T0007214,2,PRE-004,1,35.00,35.00,12.0000,
T0007215,1,FLO-001,2,35.00,24.50,14.0000,Flower Friday 30% Off
T0007216,1,FLO-001,1,35.00,24.50,14.0000,Flower Friday 30% Off
T0007217,1,ACC-002,2,3.00,3.00,0.6000,
T0007217,2,VAP-001,1,55.00,55.00,22.0000,
T0007218,1,PRE-001,2,10.00,10.00,3.2000,
T0007218,2,FLO-008,1,32.00,22.40,13.5000,Flower Friday 30% Off
T0007218,3,VAP-002,1,40.00,40.00,14.0000,
T0007219,1,ACC-003,1,22.00,22.00,6.0000,
T0007220,1,FLO-008,2,32.00,22.40,13.5000,Flower Friday 30% Off
T0007220,2,PRE-005,1,6.00,6.00,1.8000,
T0007220,3,EDI-002,3,22.00,22.00,7.0000,
T0007220,5,FLO-002,1,40.00,28.00,16.0000,Flower Friday 30% Off
T0007221,1,ACC-004,1,2.00,2.00,0.4000,
T0007222,1,ACC-002,2,3.00,3.00,0.6000,
T0007223,1,VAP-005,1,28.00,28.00,9.0000,
T0007223,2,ACC-004,1,2.00,2.00,0.4000,
T0007224,1,PRE-002,1,10.00,10.00,3.4000,
T0007224,2,FLO-005,1,38.00,26.60,15.5000,Flower Friday 30% Off
T0007225,1,PRE-002,1,10.00,10.00,3.4000,
T0007226,1,PRE-004,1,35.00,35.00,12.0000,
T0007227,1,EDI-003,2,20.00,20.00,6.5000,
T0007228,1,PRE-002,1,10.00,10.00,3.4000,
T0007228,2,FLO-008,1,32.00,22.40,13.5000,Flower Friday 30% Off
T0007229,1,FLO-008,1,32.00,22.40,13.5000,Flower Friday 30% Off
T0007230,1,VAP-003,1,32.00,32.00,13.4400,
T0007230,2,FLO-001,1,35.00,24.50,14.0000,Flower Friday 30% Off
T0007231,1,VAP-004,1,60.00,60.00,24.0000,
T0007231,2,VAP-001,2,55.00,55.00,24.6400,
T0007231,3,FLO-002,1,40.00,28.00,16.0000,Flower Friday 30% Off
T0007232,1,FLO-008,1,32.00,22.40,13.5000,Flower Friday 30% Off
T0007232,2,PRE-002,1,10.00,10.00,3.4000,
T0007232,3,FLO-001,3,35.00,24.50,14.0000,Flower Friday 30% Off
T0007233,1,CON-003,1,30.00,30.00,13.4400,
T0007233,2,PRE-004,3,35.00,35.00,12.0000,
T0007234,1,PRE-002,1,10.00,10.00,3.4000,
T0007234,2,TOP-002,1,24.00,24.00,9.0000,
T0007235,1,VAP-003,1,32.00,32.00,13.4400,
T0007236,1,ACC-002,1,3.00,3.00,0.6000,
T0007236,2,EDI-004,1,25.00,22.50,7.5000,
T0007237,1,ACC-004,2,2.00,2.00,0.4000,
T0007238,1,PRE-005,1,6.00,6.00,1.8000,
T0007238,2,VAP-003,1,32.00,32.00,13.4400,
T0007239,1,FLO-008,1,32.00,22.40,13.5000,Flower Friday 30% Off
T0007240,1,FLO-002,1,40.00,28.00,16.0000,Flower Friday 30% Off
T0007240,2,PRE-005,1,6.00,6.00,1.8000,
T0007241,1,TIN-001,2,50.00,50.00,18.0000,
T0007241,2,EDI-006,1,8.00,8.00,3.0000,
T0007242,1,PRE-002,1,10.00,10.00,3.4000,
T0007242,2,PRE-005,1,6.00,6.00,1.8000,
T0007243,1,FLO-004,2,38.00,26.60,15.0000,Flower Friday 30% Off
T0007243,2,FLO-001,1,35.00,24.50,14.0000,Flower Friday 30% Off
T0007243,3,ACC-003,1,22.00,22.00,6.0000,
T0007243,4,VAP-002,1,40.00,36.00,15.6800,
T0007243,5,VAP-005,1,28.00,28.00,9.0000,
T0007244,1,FLO-001,1,35.00,24.50,14.0000,Flower Friday 30% Off
T0007245,1,CON-003,2,30.00,30.00,13.4400,
T0007246,1,ACC-001,3,20.00,20.00,5.0000,
T0007247,1,CON-003,1,30.00,30.00,13.4400,
T0007247,2,FLO-001,1,35.00,24.50,14.0000,Flower Friday 30% Off
T0007248,1,FLO-002,1,40.00,28.00,16.0000,Flower Friday 30% Off
T0007249,1,VAP-003,2,32.00,32.00,13.4400,
T0007250,1,EDI-001,1,20.00,20.00,6.0000,
T0007251,1,VAP-005,1,28.00,28.00,9.0000,
T0007251,2,ACC-004,1,2.00,2.00,0.4000,
T0007252,1,FLO-001,3,35.00,24.50,14.0000,Flower Friday 30% Off
T0007252,2,ACC-002,1,3.00,3.00,0.6000,
T0007253,1,ACC-002,1,3.00,3.00,0.6000,
T0007253,2,VAP-004,1,60.00,60.00,24.0000,
T0007254,1,FLO-003,1,70.00,49.00,28.0000,Flower Friday 30% Off
T0007254,2,EDI-004,1,25.00,25.00,7.5000,
T0007254,3,VAP-003,1,32.00,32.00,13.4400,
T0007255,1,FLO-001,1,35.00,24.50,14.0000,Flower Friday 30% Off
T0007256,1,FLO-001,1,35.00,24.50,14.0000,Flower Friday 30% Off
T0007256,2,VAP-001,1,55.00,55.00,24.6400,
T0007256,3,EDI-001,1,20.00,16.00,6.0000,
T0007256,5,FLO-003,1,70.00,49.00,28.0000,Flower Friday 30% Off
T0007257,1,PRE-005,3,6.00,6.00,1.8000,
T0007258,1,VAP-005,1,28.00,28.00,9.0000,
T0007258,2,ACC-004,1,2.00,2.00,0.4000,
T0007258,3,VAP-002,1,40.00,40.00,15.6800,
T0007259,1,FLO-002,1,40.00,28.00,16.0000,Flower Friday 30% Off
T0007260,1,EDI-002,1,22.00,22.00,7.0000,
T0007261,1,VAP-002,1,40.00,40.00,15.6800,
T0007262,1,PRE-001,1,10.00,10.00,3.2000,
T0007262,2,FLO-001,1,35.00,24.50,14.0000,Flower Friday 30% Off
T0007263,1,EDI-003,1,20.00,20.00,6.5000,
T0007264,1,PRE-002,1,10.00,10.00,3.4000,
T0007265,1,FLO-008,1,32.00,22.40,13.5000,Flower Friday 30% Off
T0007266,1,ACC-002,1,3.00,3.00,0.6000,
T0007266,2,EDI-002,1,22.00,19.80,7.0000,
T0007267,1,VAP-001,1,55.00,55.00,24.6400,
T0007267,2,FLO-001,1,35.00,24.50,14.0000,Flower Friday 30% Off
T0007268,1,FLO-008,1,32.00,22.40,13.5000,Flower Friday 30% Off
T0007269,1,FLO-002,1,40.00,28.00,16.0000,Flower Friday 30% Off
T0007270,1,ACC-002,1,3.00,2.40,0.6000,
T0007270,2,EDI-005,3,14.00,14.00,4.0000,
T0007270,3,VAP-003,1,32.00,32.00,13.4400,
T0007271,1,VAP-004,1,60.00,60.00,24.0000,
T0007272,1,VAP-005,1,28.00,28.00,9.0000,
T0007272,2,VAP-002,1,40.00,40.00,15.6800,
T0007272,3,TOP-001,1,35.00,35.00,12.0000,
T0007273,1,FLO-002,1,40.00,28.00,16.0000,Flower Friday 30% Off
T0007274,1,PRE-005,1,6.00,6.00,1.8000,
T0007274,2,FLO-001,2,35.00,24.50,14.0000,Flower Friday 30% Off
T0007274,3,PRE-004,3,35.00,31.50,12.0000,
T0007275,1,ACC-003,3,22.00,22.00,6.0000,
T0007275,2,FLO-008,1,32.00,22.40,13.5000,Flower Friday 30% Off
T0007276,1,VAP-003,1,32.00,32.00,13.4400,
T0007277,1,PRE-001,1,10.00,10.00,3.2000,
T0007277,2,FLO-001,2,35.00,24.50,14.0000,Flower Friday 30% Off
T0007278,1,CON-003,2,30.00,30.00,13.4400,
T0007279,1,PRE-005,3,6.00,6.00,1.8000,
T0007279,2,VAP-004,1,60.00,60.00,24.0000,
T0007280,1,EDI-002,1,22.00,22.00,7.0000,
T0007280,2,EDI-007,2,18.00,18.00,6.0000,
T0007281,1,PRE-003,1,18.00,18.00,6.0000,
T0007281,2,PRE-005,1,6.00,6.00,1.8000,
T0007282,1,PRE-005,1,6.00,6.00,1.8000,
T0007282,2,ACC-002,1,3.00,3.00,0.6000,
T0007283,1,EDI-003,1,20.00,20.00,6.5000,
T0007283,2,FLO-008,1,32.00,22.40,13.5000,Flower Friday 30% Off
T0007283,3,CON-002,1,45.00,45.00,18.0000,
T0007283,4,ACC-002,1,3.00,3.00,0.6000,
T0007283,5,FLO-001,3,35.00,24.50,14.0000,Flower Friday 30% Off
T0007284,1,VAP-005,2,28.00,28.00,9.0000,
T0007284,2,PRE-002,1,10.00,10.00,3.4000,
T0007285,1,VAP-006,2,15.00,15.00,4.0000,
T0007285,2,FLO-002,1,40.00,28.00,16.0000,Flower Friday 30% Off
T0007286,1,EDI-006,2,8.00,8.00,3.0000,
T0007286,2,FLO-005,1,38.00,26.60,15.5000,Flower Friday 30% Off
T0007287,1,FLO-005,2,38.00,26.60,15.5000,Flower Friday 30% Off
T0007287,2,FLO-004,1,38.00,26.60,15.0000,Flower Friday 30% Off
T0007288,1,EDI-002,1,22.00,19.80,7.0000,
T0007288,2,EDI-001,1,20.00,20.00,6.0000,
T0007288,3,CON-001,1,75.00,75.00,32.0000,
T0007289,1,ACC-004,1,2.00,2.00,0.4000,
T0007289,2,VAP-003,1,32.00,25.60,13.4400,
T0007289,3,ACC-002,1,3.00,3.00,0.6000,
T0007290,1,PRE-001,1,10.00,10.00,3.2000,
T0007291,1,PRE-001,1,10.00,10.00,3.2000,
T0007291,2,FLO-002,2,40.00,28.00,16.0000,Flower Friday 30% Off
T0007291,3,TOP-001,2,35.00,35.00,12.0000,
T0007292,1,FLO-008,1,32.00,22.40,13.5000,Flower Friday 30% Off
T0007293,1,PRE-003,1,18.00,18.00,6.0000,
T0007293,2,VAP-002,1,40.00,40.00,15.6800,
T0007293,3,PRE-001,1,10.00,10.00,3.2000,
T0007294,1,FLO-008,1,32.00,22.40,13.5000,Flower Friday 30% Off
T0007294,2,FLO-005,2,38.00,26.60,15.5000,Flower Friday 30% Off
T0007294,3,VAP-005,1,28.00,28.00,9.0000,
T0007294,4,EDI-001,3,20.00,20.00,6.0000,
T0007295,1,VAP-003,1,32.00,32.00,13.4400,
T0007296,1,VAP-003,1,32.00,32.00,13.4400,
T0007297,1,PRE-001,1,10.00,10.00,3.2000,
T0007297,2,FLO-001,1,35.00,24.50,14.0000,Flower Friday 30% Off
T0007298,1,FLO-008,1,32.00,22.40,13.5000,Flower Friday 30% Off
T0007298,3,VAP-001,1,55.00,55.00,24.6400,
T0007298,4,EDI-002,1,22.00,22.00,7.0000,
T0007299,1,ACC-002,3,3.00,3.00,0.6000,
T0007299,2,EDI-003,1,20.00,18.00,6.5000,
T0007300,1,FLO-008,1,32.00,22.40,13.5000,Flower Friday 30% Off
T0007301,1,VAP-001,1,55.00,55.00,24.6400,
T0007301,2,VAP-003,1,32.00,32.00,13.4400,
T0007302,1,PRE-001,2,10.00,10.00,3.2000,
T0007303,1,VAP-002,1,40.00,40.00,15.6800,
T0007304,1,EDI-006,2,8.00,8.00,3.0000,
T0007305,1,TIN-001,1,50.00,50.00,18.0000,
T0007306,1,FLO-001,1,35.00,24.50,14.0000,Flower Friday 30% Off
T0007306,2,PRE-001,1,10.00,10.00,3.2000,
T0007306,3,VAP-002,2,40.00,40.00,15.6800,
T0007307,1,CON-003,1,30.00,24.00,13.4400,
T0007308,1,EDI-003,2,20.00,20.00,6.5000,
T0007308,2,PRE-003,2,18.00,18.00,6.0000,
T0007309,1,EDI-003,1,20.00,16.00,6.5000,
T0007310,1,FLO-005,1,38.00,26.60,15.5000,Flower Friday 30% Off
T0007311,1,FLO-007,1,32.00,22.40,13.0000,Flower Friday 30% Off
T0007311,2,ACC-004,1,2.00,2.00,0.4000,
T0007311,3,EDI-001,2,20.00,20.00,6.0000,
T0007312,1,FLO-005,1,38.00,26.60,15.5000,Flower Friday 30% Off
T0007312,2,PRE-001,1,10.00,10.00,3.2000,
T0007312,3,VAP-005,1,28.00,22.40,9.0000,
T0007313,1,PRE-004,1,35.00,35.00,12.0000,
T0007314,1,ACC-004,1,2.00,2.00,0.4000,
T0007314,2,EDI-004,1,25.00,25.00,7.5000,
T0007314,3,PRE-003,2,18.00,18.00,6.0000,
T0007315,1,FLO-004,1,38.00,26.60,15.0000,Flower Friday 30% Off
T0007315,2,FLO-003,1,70.00,49.00,28.0000,Flower Friday 30% Off
T0007315,3,ACC-002,1,3.00,3.00,0.6000,
T0007316,1,FLO-005,2,38.00,26.60,15.5000,Flower Friday 30% Off
T0007316,2,ACC-004,1,2.00,2.00,0.4000,
T0007316,3,FLO-001,3,35.00,24.50,14.0000,Flower Friday 30% Off
T0007316,4,EDI-006,3,8.00,8.00,3.0000,
T0007317,1,PRE-005,1,6.00,6.00,1.8000,
T0007317,2,VAP-003,1,32.00,32.00,13.4400,
T0007317,3,EDI-001,3,20.00,20.00,6.0000,
T0007317,4,VAP-002,1,40.00,40.00,15.6800,
T0007318,1,FLO-001,1,35.00,24.50,14.0000,Flower Friday 30% Off
T0007319,1,FLO-007,1,32.00,22.40,13.0000,Flower Friday 30% Off
T0007319,2,PRE-003,2,18.00,18.00,6.0000,
T0007320,1,FLO-005,1,38.00,26.60,15.5000,Flower Friday 30% Off
T0007321,1,PRE-004,1,35.00,35.00,12.0000,
T0007322,1,EDI-004,1,25.00,25.00,7.5000,
T0007322,2,FLO-002,1,40.00,28.00,16.0000,Flower Friday 30% Off
T0007322,3,VAP-005,2,28.00,28.00,9.0000,
T0007322,4,CON-002,2,45.00,45.00,18.0000,
T0007323,1,ACC-002,1,3.00,3.00,0.6000,
T0007324,1,PRE-005,1,6.00,4.80,1.8000,
T0007324,2,FLO-004,1,38.00,26.60,15.0000,Flower Friday 30% Off
T0007324,3,VAP-002,2,40.00,40.00,15.6800,
T0007324,4,FLO-001,1,35.00,24.50,14.0000,Flower Friday 30% Off
T0007324,5,ACC-002,1,3.00,2.40,0.6000,
T0007325,1,VAP-001,1,55.00,55.00,24.6400,
T0007326,1,VAP-002,1,40.00,40.00,15.6800,
T0007326,2,FLO-008,1,32.00,22.40,13.5000,Flower Friday 30% Off
T0007327,1,FLO-001,1,35.00,24.50,14.0000,Flower Friday 30% Off
T0007328,1,ACC-001,2,20.00,20.00,5.0000,
T0007329,1,FLO-001,1,35.00,24.50,14.0000,Flower Friday 30% Off
T0007329,2,PRE-005,1,6.00,6.00,1.8000,
T0007330,1,VAP-003,1,32.00,32.00,13.4400,
T0007330,2,VAP-005,2,28.00,28.00,9.0000,
T0007331,1,FLO-001,1,35.00,24.50,14.0000,Flower Friday 30% Off
T0007331,2,ACC-002,2,3.00,3.00,0.6000,
T0007332,1,TIN-001,1,50.00,50.00,18.0000,
T0007332,2,ACC-002,1,3.00,3.00,0.6000,
T0007332,3,EDI-001,1,20.00,20.00,6.0000,
T0007332,4,FLO-004,1,38.00,26.60,15.0000,Flower Friday 30% Off
T0007333,1,FLO-008,1,32.00,22.40,13.5000,Flower Friday 30% Off
T0007333,2,PRE-002,1,10.00,10.00,3.4000,
T0007333,3,VAP-005,1,28.00,28.00,9.0000,
T0007334,1,ACC-003,1,22.00,22.00,6.0000,
T0007335,1,FLO-004,1,38.00,26.60,15.0000,Flower Friday 30% Off
T0007336,1,ACC-003,1,22.00,22.00,6.0000,
T0007337,1,ACC-002,2,3.00,3.00,0.6000,
T0007338,1,VAP-005,2,28.00,28.00,9.0000,
T0007339,1,FLO-002,1,40.00,28.00,16.0000,Flower Friday 30% Off
T0007340,1,FLO-003,1,70.00,49.00,28.0000,Flower Friday 30% Off
T0007341,1,ACC-002,1,3.00,3.00,0.6000,
T0007341,2,EDI-004,1,25.00,25.00,7.5000,
T0007342,1,EDI-003,1,20.00,20.00,6.5000,
T0007342,2,FLO-007,1,32.00,22.40,13.0000,Flower Friday 30% Off
T0007342,3,VAP-001,1,55.00,55.00,24.6400,
T0007343,1,PRE-003,2,18.00,18.00,6.0000,
T0007344,1,EDI-001,1,20.00,20.00,6.0000,
T0007345,1,FLO-008,1,32.00,22.40,13.5000,Flower Friday 30% Off
T0007345,2,EDI-004,1,25.00,25.00,7.5000,
T0007346,1,VAP-003,1,32.00,32.00,13.4400,
T0007347,1,EDI-004,1,25.00,25.00,7.5000,
T0007348,1,FLO-001,1,35.00,24.50,14.0000,Flower Friday 30% Off
T0007349,1,PRE-003,1,18.00,18.00,6.0000,
T0007349,2,PRE-001,1,10.00,10.00,3.2000,
T0007349,3,EDI-001,1,20.00,18.00,6.0000,
T0007350,1,FLO-002,1,40.00,28.00,16.0000,Flower Friday 30% Off
T0007351,1,ACC-003,1,22.00,19.80,6.0000,
T0007351,2,EDI-003,2,20.00,20.00,6.5000,
T0007351,3,PRE-005,1,6.00,6.00,1.8000,
T0007352,1,FLO-002,1,40.00,28.00,16.0000,Flower Friday 30% Off
T0007353,1,ACC-004,1,2.00,1.80,0.4000,
T0007354,1,EDI-002,2,22.00,22.00,7.0000,
T0007354,2,VAP-003,1,32.00,32.00,13.4400,
T0007355,1,PRE-005,1,6.00,4.80,1.8000,
T0007355,2,EDI-005,1,14.00,14.00,4.0000,
T0007355,3,ACC-002,1,3.00,3.00,0.6000,
T0007355,4,VAP-001,2,55.00,55.00,24.6400,
T0007356,1,FLO-007,1,32.00,22.40,13.0000,Flower Friday 30% Off
T0007357,1,VAP-002,1,40.00,40.00,15.6800,
T0007357,2,FLO-002,1,40.00,28.00,16.0000,Flower Friday 30% Off
T0007358,1,FLO-002,1,40.00,28.00,16.0000,Flower Friday 30% Off
T0007358,2,EDI-003,1,20.00,16.00,6.5000,
T0007359,1,VAP-004,1,60.00,60.00,24.0000,
T0007360,1,FLO-008,1,32.00,22.40,13.5000,Flower Friday 30% Off
T0007361,1,FLO-002,1,40.00,28.00,16.0000,Flower Friday 30% Off
T0007362,1,PRE-003,1,18.00,18.00,6.0000,
T0007363,1,FLO-006,1,120.00,84.00,52.0000,Flower Friday 30% Off
T0007363,2,ACC-004,1,2.00,1.80,0.4000,
T0007364,1,EDI-003,1,20.00,16.00,6.5000,
T0007365,1,PRE-002,3,10.00,10.00,3.4000,
T0007365,2,FLO-008,1,32.00,22.40,13.5000,Flower Friday 30% Off
T0007365,3,PRE-004,1,35.00,35.00,12.0000,
T0007366,1,EDI-001,1,20.00,16.00,6.0000,
T0007367,1,FLO-004,1,38.00,26.60,15.0000,Flower Friday 30% Off
T0007368,1,PRE-005,1,6.00,6.00,1.8000,
T0007368,2,VAP-002,1,40.00,40.00,15.6800,
T0007369,1,VAP-004,2,60.00,60.00,24.0000,
T0007369,2,PRE-002,1,10.00,10.00,3.4000,
T0007370,1,PRE-001,1,10.00,10.00,3.2000,
T0007371,1,FLO-004,1,38.00,26.60,15.0000,Flower Friday 30% Off
T0007372,1,ACC-004,1,2.00,2.00,0.4000,
T0007373,1,VAP-003,1,32.00,32.00,13.4400,
T0007374,1,PRE-002,1,10.00,8.00,3.4000,
T0007374,2,ACC-004,1,2.00,2.00,0.4000,
T0007375,1,ACC-004,2,2.00,2.00,0.4000,
T0007376,1,EDI-001,2,20.00,20.00,6.0000,
T0007376,2,CON-002,1,45.00,45.00,18.0000,
T0007377,1,ACC-002,1,3.00,3.00,0.6000,
T0007377,2,EDI-002,1,22.00,22.00,7.0000,
T0007378,1,EDI-006,1,8.00,8.00,3.0000,
T0007379,1,FLO-001,2,35.00,24.50,14.0000,Flower Friday 30% Off
T0007379,2,VAP-001,1,55.00,55.00,24.6400,
T0007380,1,PRE-001,1,10.00,9.00,3.2000,
T0007380,2,FLO-006,2,120.00,84.00,52.0000,Flower Friday 30% Off
T0007381,1,FLO-001,3,35.00,24.50,14.0000,Flower Friday 30% Off
T0007382,1,CON-003,2,30.00,30.00,13.4400,
T0007382,2,FLO-001,1,35.00,24.50,14.0000,Flower Friday 30% Off
T0007382,3,FLO-004,1,38.00,26.60,15.0000,Flower Friday 30% Off
T0007383,1,EDI-005,1,14.00,11.20,4.0000,
T0007383,2,FLO-002,1,40.00,28.00,16.0000,Flower Friday 30% Off
T0007384,1,PRE-002,1,10.00,10.00,3.4000,
T0007384,2,EDI-003,1,20.00,20.00,6.5000,
T0007384,3,EDI-004,1,25.00,25.00,7.5000,
T0007384,4,EDI-006,1,8.00,8.00,3.0000,
T0007385,1,EDI-005,1,14.00,14.00,4.0000,
T0007386,1,FLO-001,2,35.00,24.50,14.0000,Flower Friday 30% Off
T0007387,1,ACC-002,1,3.00,3.00,0.6000,
T0007387,2,PRE-001,3,10.00,10.00,3.2000,
T0007388,1,PRE-004,1,35.00,35.00,12.0000,
T0007388,2,PRE-001,1,10.00,10.00,3.2000,
T0007389,1,EDI-006,1,8.00,8.00,3.0000,
T0007389,2,FLO-007,1,32.00,22.40,13.0000,Flower Friday 30% Off
T0007389,3,VAP-005,1,28.00,28.00,9.0000,
T0007390,1,FLO-001,1,35.00,24.50,14.0000,Flower Friday 30% Off
T0007391,1,FLO-007,1,32.00,22.40,13.0000,Flower Friday 30% Off
T0007392,1,ACC-002,1,3.00,3.00,0.6000,
T0007393,1,FLO-002,1,40.00,28.00,16.0000,Flower Friday 30% Off
T0007394,1,EDI-006,1,8.00,8.00,3.0000,
T0007395,1,ACC-002,1,3.00,3.00,0.6000,
T0007395,2,CON-002,3,45.00,45.00,18.0000,
T0007396,1,FLO-008,1,32.00,22.40,13.5000,Flower Friday 30% Off
T0007397,1,FLO-003,1,70.00,49.00,28.0000,Flower Friday 30% Off
T0007398,1,EDI-007,1,18.00,18.00,6.0000,
T0007399,1,EDI-004,1,25.00,25.00,7.5000,
T0007399,2,FLO-006,1,120.00,84.00,52.0000,Flower Friday 30% Off
T0007399,3,ACC-002,2,3.00,3.00,0.6000,
T0007400,1,FLO-005,1,38.00,26.60,15.5000,Flower Friday 30% Off
T0007400,2,PRE-004,1,35.00,35.00,12.0000,
T0007400,4,FLO-004,1,38.00,26.60,15.0000,Flower Friday 30% Off
T0007400,5,EDI-006,1,8.00,8.00,3.0000,
T0007401,1,EDI-001,1,20.00,20.00,6.0000,
T0007402,1,FLO-010,1,45.00,31.50,18.0000,Flower Friday 30% Off
T0007402,2,ACC-001,1,20.00,20.00,5.0000,
T0007403,1,VAP-006,1,15.00,15.00,4.0000,
T0007404,1,FLO-007,2,32.00,22.40,13.0000,Flower Friday 30% Off
T0007405,1,FLO-008,1,32.00,22.40,13.5000,Flower Friday 30% Off
T0007406,1,PRE-002,1,10.00,9.00,3.4000,
T0007406,2,FLO-003,1,70.00,49.00,28.0000,Flower Friday 30% Off
T0007407,1,VAP-006,1,15.00,15.00,4.0000,
T0007407,2,PRE-005,2,6.00,6.00,1.8000,
T0007407,3,EDI-001,1,20.00,20.00,6.0000,
T0007408,1,EDI-007,1,18.00,18.00,6.0000,
T0007408,2,FLO-002,1,40.00,28.00,16.0000,Flower Friday 30% Off
T0007409,1,FLO-003,1,70.00,49.00,28.0000,Flower Friday 30% Off
T0007409,2,VAP-001,1,55.00,55.00,24.6400,
T0007409,3,VAP-004,3,60.00,60.00,24.0000,
T0007409,4,ACC-002,1,3.00,3.00,0.6000,
T0007410,1,FLO-010,1,45.00,31.50,18.0000,Flower Friday 30% Off
T0007410,2,EDI-005,1,14.00,14.00,4.0000,
T0007410,3,PRE-005,1,6.00,6.00,1.8000,
T0007411,1,CON-002,2,45.00,40.50,18.0000,
T0007411,2,FLO-010,1,45.00,31.50,18.0000,Flower Friday 30% Off
T0007412,1,VAP-005,1,28.00,28.00,9.0000,
T0007412,2,EDI-006,1,8.00,8.00,3.0000,
T0007413,1,EDI-005,2,14.00,14.00,4.0000,
T0007414,1,EDI-004,1,25.00,25.00,7.5000,
T0007415,1,PRE-004,1,35.00,35.00,12.0000,
T0007416,1,EDI-007,1,18.00,18.00,6.0000,
T0007417,1,FLO-002,2,40.00,28.00,16.0000,Flower Friday 30% Off
T0007418,1,PRE-004,1,35.00,31.50,12.0000,
T0007419,1,EDI-001,1,20.00,20.00,6.0000,
T0007420,1,VAP-005,1,28.00,28.00,9.0000,
T0007421,1,EDI-005,2,14.00,14.00,4.0000,
T0007421,2,FLO-004,1,38.00,26.60,15.0000,Flower Friday 30% Off
T0007422,1,EDI-001,2,20.00,20.00,6.0000,
T0007422,2,FLO-004,1,38.00,26.60,15.0000,Flower Friday 30% Off
T0007422,3,EDI-004,2,25.00,25.00,7.5000,
T0007422,4,FLO-005,1,38.00,26.60,15.5000,Flower Friday 30% Off
T0007423,1,CON-004,1,55.00,55.00,24.6400,
T0007423,2,VAP-002,1,40.00,40.00,15.6800,
T0007423,3,FLO-004,1,38.00,26.60,15.0000,Flower Friday 30% Off
T0007424,1,FLO-008,1,32.00,22.40,13.5000,Flower Friday 30% Off
T0007425,1,EDI-001,1,20.00,20.00,6.0000,
T0007426,1,FLO-008,3,32.00,22.40,13.5000,Flower Friday 30% Off
T0007426,2,ACC-004,1,2.00,1.80,0.4000,
T0007427,1,PRE-004,1,35.00,35.00,12.0000,
T0007428,1,FLO-002,1,40.00,28.00,16.0000,Flower Friday 30% Off
T0007428,3,EDI-006,1,8.00,8.00,3.0000,
T0007429,1,ACC-004,1,2.00,1.80,0.4000,
T0007429,2,EDI-006,1,8.00,8.00,3.0000,
T0007430,1,EDI-004,1,25.00,22.50,7.5000,
T0007431,1,ACC-004,1,2.00,2.00,0.4000,
T0007432,1,ACC-002,1,3.00,3.00,0.6000,
T0007432,3,EDI-001,1,20.00,20.00,6.0000,
T0007433,1,EDI-001,1,20.00,18.00,6.0000,
T0007433,2,FLO-005,2,38.00,26.60,15.5000,Flower Friday 30% Off
T0007434,1,EDI-004,1,25.00,25.00,7.5000,
T0007435,1,VAP-002,1,40.00,40.00,15.6800,
T0007435,2,ACC-004,1,2.00,2.00,0.4000,
T0007436,1,EDI-001,1,20.00,16.00,6.0000,
T0007436,2,FLO-002,1,40.00,28.00,16.0000,Flower Friday 30% Off
T0007436,3,FLO-001,3,35.00,24.50,14.0000,Flower Friday 30% Off
T0007436,4,PRE-001,1,10.00,10.00,3.2000,
T0007437,1,VAP-003,2,32.00,32.00,13.4400,
T0007438,1,VAP-006,2,15.00,15.00,4.0000,
T0007438,2,PRE-003,2,18.00,18.00,6.0000,
T0007439,1,FLO-008,1,32.00,22.40,13.5000,Flower Friday 30% Off
T0007439,2,FLO-001,1,35.00,24.50,14.0000,Flower Friday 30% Off
T0007439,3,EDI-003,2,20.00,20.00,6.5000,
T0007440,1,VAP-001,1,55.00,55.00,24.6400,
T0007440,3,EDI-001,1,20.00,20.00,6.0000,
T0007441,1,ACC-004,1,2.00,2.00,0.4000,
T0007441,2,FLO-001,1,35.00,24.50,14.0000,Flower Friday 30% Off
T0007441,4,PRE-003,1,18.00,18.00,6.0000,
T0007442,1,VAP-001,3,55.00,55.00,24.6400,
T0007442,2,FLO-007,2,32.00,22.40,13.0000,Flower Friday 30% Off
T0007443,1,ACC-002,1,3.00,3.00,0.6000,
T0007443,2,FLO-007,1,32.00,22.40,13.0000,Flower Friday 30% Off
T0007443,3,CON-003,1,30.00,30.00,13.4400,
T0007444,1,FLO-003,1,70.00,49.00,28.0000,Flower Friday 30% Off
T0007444,2,PRE-005,2,6.00,6.00,1.8000,
T0007445,1,PRE-002,1,10.00,9.00,3.4000,
T0007446,1,VAP-001,2,55.00,55.00,24.6400,
T0007447,1,FLO-008,1,32.00,22.40,13.5000,Flower Friday 30% Off
T0007448,1,VAP-001,1,55.00,55.00,24.6400,
T0007449,1,PRE-001,1,10.00,10.00,3.2000,
T0007449,2,VAP-006,1,15.00,15.00,4.0000,
T0007449,3,EDI-005,1,14.00,12.60,4.0000,
T0007449,4,EDI-004,1,25.00,25.00,7.5000,
T0007450,1,FLO-008,1,32.00,22.40,13.5000,Flower Friday 30% Off
T0007451,1,EDI-005,2,14.00,14.00,4.0000,
T0007452,1,EDI-007,3,18.00,18.00,6.0000,
T0007453,1,FLO-009,1,210.00,147.00,95.0000,Flower Friday 30% Off
T0007453,2,FLO-005,2,38.00,26.60,15.5000,Flower Friday 30% Off
T0007454,1,VAP-002,2,40.00,40.00,15.6800,
T0007455,1,PRE-005,1,6.00,6.00,1.8000,
T0007455,2,FLO-004,1,38.00,26.60,15.0000,Flower Friday 30% Off
T0007455,3,VAP-002,2,40.00,32.00,15.6800,
T0007456,1,FLO-002,2,40.00,28.00,16.0000,Flower Friday 30% Off
T0007456,2,EDI-003,2,20.00,18.00,6.5000,
T0007457,1,FLO-008,1,32.00,22.40,13.5000,Flower Friday 30% Off
T0007458,1,PRE-004,1,35.00,35.00,12.0000,
T0007458,2,EDI-006,2,8.00,8.00,3.0000,
T0007458,3,EDI-001,3,20.00,20.00,6.0000,
T0007458,4,VAP-005,1,28.00,28.00,9.0000,
T0007459,1,PRE-005,1,6.00,6.00,1.8000,
T0007460,1,EDI-001,1,20.00,16.00,6.0000,
T0007461,1,ACC-003,1,22.00,22.00,6.0000,
T0007461,2,PRE-001,2,10.00,10.00,3.2000,
T0007461,3,FLO-001,3,35.00,24.50,14.0000,Flower Friday 30% Off
T0007462,1,FLO-004,1,38.00,26.60,15.0000,Flower Friday 30% Off
T0007462,2,EDI-004,1,25.00,25.00,7.5000,
T0007463,1,FLO-005,2,38.00,26.60,15.5000,Flower Friday 30% Off
T0007463,2,FLO-008,2,32.00,22.40,13.5000,Flower Friday 30% Off
T0007463,3,VAP-003,1,32.00,32.00,13.4400,
T0007463,4,FLO-010,2,45.00,31.50,18.0000,Flower Friday 30% Off
T0007463,5,FLO-004,1,38.00,26.60,15.0000,Flower Friday 30% Off
T0007464,1,PRE-002,3,10.00,10.00,3.4000,
T0007465,1,PRE-005,1,6.00,6.00,1.8000,
T0007465,2,FLO-005,3,38.00,26.60,15.5000,Flower Friday 30% Off
T0007466,1,VAP-005,1,28.00,28.00,9.0000,
T0007466,2,EDI-003,1,20.00,20.00,6.5000,
T0007467,1,FLO-001,2,35.00,24.50,14.0000,Flower Friday 30% Off
T0007467,2,FLO-002,1,40.00,28.00,16.0000,Flower Friday 30% Off
T0007468,1,FLO-003,1,70.00,49.00,28.0000,Flower Friday 30% Off
T0007469,1,FLO-004,1,38.00,26.60,15.0000,Flower Friday 30% Off
T0007470,1,EDI-003,1,20.00,20.00,6.5000,
T0007470,2,FLO-005,1,38.00,26.60,15.5000,Flower Friday 30% Off
T0007470,3,PRE-002,1,10.00,10.00,3.4000,
T0007471,1,FLO-003,1,70.00,49.00,28.0000,Flower Friday 30% Off
T0007472,1,FLO-007,1,32.00,22.40,13.0000,Flower Friday 30% Off
T0007472,2,PRE-005,1,6.00,6.00,1.8000,
T0007473,1,ACC-002,2,3.00,3.00,0.6000,
T0007474,1,FLO-003,1,70.00,49.00,28.0000,Flower Friday 30% Off
T0007474,2,PRE-002,1,10.00,10.00,3.4000,
T0007475,1,EDI-002,1,22.00,22.00,7.0000,
T0007476,1,EDI-005,2,14.00,14.00,4.0000,
T0007477,1,VAP-003,1,32.00,32.00,13.4400,
T0007477,2,EDI-006,2,8.00,8.00,3.0000,
T0007478,1,VAP-003,1,32.00,32.00,13.4400,
T0007478,2,FLO-007,1,32.00,22.40,13.0000,Flower Friday 30% Off
T0007479,1,FLO-002,1,40.00,28.00,16.0000,Flower Friday 30% Off
T0007480,1,PRE-002,1,10.00,10.00,3.4000,
T0007480,2,FLO-009,1,210.00,147.00,95.0000,Flower Friday 30% Off
T0007481,1,PRE-002,1,10.00,10.00,3.4000,
T0007481,2,EDI-006,1,8.00,8.00,3.0000,
T0007482,1,ACC-002,1,3.00,3.00,0.6000,
T0007482,2,EDI-003,2,20.00,20.00,6.5000,
T0007483,1,EDI-004,3,25.00,22.50,7.5000,
T0007483,2,EDI-001,1,20.00,20.00,6.0000,
T0007484,1,VAP-003,1,32.00,25.60,13.4400,
T0007485,1,FLO-010,1,45.00,31.50,18.0000,Flower Friday 30% Off
T0007486,1,EDI-006,1,8.00,8.00,3.0000,
T0007487,1,FLO-001,2,35.00,24.50,14.0000,Flower Friday 30% Off
T0007488,1,EDI-002,1,22.00,22.00,7.0000,
T0007489,1,EDI-001,1,20.00,20.00,6.0000,
T0007490,1,ACC-004,1,2.00,2.00,0.4000,
T0007491,1,FLO-002,1,40.00,28.00,16.0000,Flower Friday 30% Off
T0007492,1,FLO-002,1,40.00,28.00,16.0000,Flower Friday 30% Off
T0007492,2,ACC-004,1,2.00,2.00,0.4000,
T0007493,1,FLO-002,1,40.00,28.00,16.0000,Flower Friday 30% Off
T0007494,1,EDI-002,1,22.00,17.60,7.0000,
T0007495,1,FLO-001,1,35.00,24.50,14.0000,Flower Friday 30% Off
T0007496,1,FLO-004,1,38.00,26.60,15.0000,Flower Friday 30% Off
T0007496,2,ACC-002,1,3.00,3.00,0.6000,
T0007496,3,VAP-003,1,32.00,32.00,13.4400,
T0007497,1,FLO-004,1,38.00,26.60,15.0000,Flower Friday 30% Off
T0007498,1,PRE-003,3,18.00,18.00,6.0000,
T0007498,2,CON-001,2,75.00,75.00,32.0000,
T0007498,3,FLO-004,1,38.00,26.60,15.0000,Flower Friday 30% Off
T0007498,4,EDI-003,1,20.00,20.00,6.5000,
T0007499,1,ACC-005,1,12.00,12.00,2.5000,
T0007500,1,PRE-001,1,10.00,10.00,3.2000,
T0007501,1,FLO-005,1,38.00,26.60,15.5000,Flower Friday 30% Off
T0007502,1,FLO-001,1,35.00,24.50,14.0000,Flower Friday 30% Off
T0007502,2,PRE-005,2,6.00,6.00,1.8000,
T0007503,1,VAP-002,3,40.00,40.00,15.6800,
T0007504,1,PRE-002,2,10.00,10.00,3.4000,
T0007505,1,EDI-005,1,14.00,12.60,4.0000,
T0007506,1,PRE-002,1,10.00,10.00,3.4000,
T0007507,1,VAP-005,1,28.00,28.00,9.0000,
T0007508,1,ACC-003,1,22.00,22.00,6.0000,
T0007509,1,PRE-005,2,6.00,6.00,1.8000,
T0007510,1,ACC-004,1,2.00,2.00,0.4000,
T0007510,2,FLO-004,1,38.00,26.60,15.0000,Flower Friday 30% Off
T0007511,1,FLO-001,1,35.00,24.50,14.0000,Flower Friday 30% Off
T0007512,1,VAP-006,2,15.00,15.00,4.0000,
T0007513,1,FLO-003,1,70.00,49.00,28.0000,Flower Friday 30% Off
T0007514,1,CON-003,1,30.00,30.00,13.4400,
T0007514,2,FLO-001,1,35.00,24.50,14.0000,Flower Friday 30% Off
T0007515,1,PRE-004,1,35.00,35.00,12.0000,
T0007516,1,PRE-001,2,10.00,10.00,3.2000,
T0007516,2,FLO-005,1,38.00,26.60,15.5000,Flower Friday 30% Off
T0007516,3,FLO-001,1,35.00,24.50,14.0000,Flower Friday 30% Off
T0007517,1,EDI-004,1,25.00,20.00,7.5000,
T0007518,1,FLO-002,1,40.00,28.00,16.0000,Flower Friday 30% Off
T0007518,2,ACC-003,1,22.00,22.00,6.0000,
T0007519,1,EDI-005,1,14.00,14.00,4.0000,
T0007519,2,ACC-004,3,2.00,1.80,0.4000,
T0007520,1,PRE-002,1,10.00,10.00,3.4000,
T0007521,1,VAP-005,1,28.00,28.00,9.0000,
T0007521,2,PRE-004,1,35.00,35.00,12.0000,
T0007522,1,FLO-007,2,32.00,22.40,13.0000,Flower Friday 30% Off
T0007522,2,VAP-003,1,32.00,32.00,13.4400,
T0007522,3,FLO-001,2,35.00,24.50,14.0000,Flower Friday 30% Off
T0007523,1,VAP-004,1,60.00,60.00,24.0000,
T0007524,1,VAP-002,1,40.00,40.00,15.6800,
T0007525,1,FLO-004,1,38.00,26.60,15.0000,Flower Friday 30% Off
T0007525,2,FLO-005,2,38.00,26.60,15.5000,Flower Friday 30% Off
T0007525,3,VAP-005,1,28.00,28.00,9.0000,
T0007526,1,FLO-003,2,70.00,49.00,28.0000,Flower Friday 30% Off
T0007527,1,PRE-001,1,10.00,10.00,3.2000,
T0007528,1,PRE-002,1,10.00,10.00,3.4000,
T0007529,1,VAP-002,1,40.00,40.00,15.6800,
T0007530,1,EDI-001,1,20.00,20.00,6.0000,
T0007530,2,PRE-002,1,10.00,10.00,3.4000,
T0007530,3,FLO-001,1,35.00,24.50,14.0000,Flower Friday 30% Off
T0007531,1,PRE-001,1,10.00,9.00,3.2000,
T0007531,2,EDI-004,1,25.00,25.00,7.5000,
T0007532,1,PRE-003,1,18.00,18.00,6.0000,
T0007533,1,FLO-008,2,32.00,22.40,13.5000,Flower Friday 30% Off
T0007534,1,PRE-001,2,10.00,10.00,3.2000,
T0007534,3,FLO-005,1,38.00,26.60,15.5000,Flower Friday 30% Off
T0007535,1,VAP-005,1,28.00,28.00,9.0000,
T0007536,1,PRE-001,2,10.00,10.00,3.2000,
T0007537,1,PRE-005,1,6.00,6.00,1.8000,
T0007537,2,PRE-002,1,10.00,10.00,3.4000,
T0007538,1,EDI-002,1,22.00,22.00,7.0000,
T0007539,1,PRE-005,1,6.00,6.00,1.8000,
T0007540,1,ACC-004,3,2.00,2.00,0.4000,
T0007540,2,CON-003,1,30.00,30.00,13.4400,
T0007541,1,PRE-003,1,18.00,18.00,6.0000,
T0007542,1,EDI-002,1,22.00,22.00,7.0000,
T0007542,2,PRE-005,1,6.00,6.00,1.8000,
T0007542,3,ACC-004,2,2.00,2.00,0.4000,
T0007542,4,VAP-002,3,40.00,40.00,15.6800,
T0007542,5,FLO-007,1,32.00,22.40,13.0000,Flower Friday 30% Off
T0007543,1,PRE-002,1,10.00,10.00,3.4000,
T0007544,1,CON-003,1,30.00,24.00,13.4400,
T0007544,2,FLO-001,2,35.00,24.50,14.0000,Flower Friday 30% Off
T0007545,1,VAP-005,2,28.00,28.00,9.0000,
T0007545,2,FLO-007,1,32.00,22.40,13.0000,Flower Friday 30% Off
T0007546,1,EDI-003,1,20.00,20.00,6.5000,
T0007546,2,ACC-004,1,2.00,2.00,0.4000,
T0007546,3,VAP-003,1,32.00,32.00,13.4400,
T0007547,1,FLO-007,1,32.00,22.40,13.0000,Flower Friday 30% Off
T0007547,2,FLO-004,1,38.00,26.60,15.0000,Flower Friday 30% Off
T0007547,3,EDI-001,1,20.00,20.00,6.0000,
T0007548,1,VAP-003,1,32.00,32.00,13.4400,
T0007548,2,FLO-004,1,38.00,26.60,15.0000,Flower Friday 30% Off
T0007548,3,PRE-002,1,10.00,10.00,3.4000,
T0007548,4,FLO-001,1,35.00,24.50,14.0000,Flower Friday 30% Off
T0007549,1,PRE-002,1,10.00,10.00,3.4000,
T0007550,1,PRE-001,1,10.00,10.00,3.2000,
T0007550,2,PRE-004,1,35.00,35.00,12.0000,
T0007551,1,PRE-001,3,10.00,10.00,3.2000,
T0007551,2,VAP-003,1,32.00,32.00,13.4400,
T0007551,3,VAP-006,1,15.00,15.00,4.0000,
T0007551,4,ACC-002,1,3.00,3.00,0.6000,
T0007551,5,ACC-001,2,20.00,20.00,5.0000,
T0007552,1,VAP-005,1,28.00,28.00,9.0000,
T0007552,2,EDI-006,1,8.00,8.00,3.0000,
T0007552,3,ACC-003,1,22.00,22.00,6.0000,
T0007553,1,PRE-002,3,10.00,10.00,3.4000,
T0007553,2,EDI-005,1,14.00,14.00,4.0000,
T0007554,1,FLO-010,1,45.00,31.50,18.0000,Flower Friday 30% Off
T0007555,1,ACC-002,1,3.00,3.00,0.6000,
T0007555,2,FLO-001,1,35.00,24.50,14.0000,Flower Friday 30% Off
T0007555,3,ACC-004,1,2.00,2.00,0.4000,
T0007556,1,FLO-007,1,32.00,22.40,13.0000,Flower Friday 30% Off
T0007557,1,CON-003,1,30.00,30.00,13.4400,
T0007557,2,FLO-001,2,35.00,24.50,14.0000,Flower Friday 30% Off
T0007558,1,FLO-002,1,40.00,28.00,16.0000,Flower Friday 30% Off
T0007559,1,EDI-004,1,25.00,25.00,7.5000,
T0007559,2,PRE-002,1,10.00,10.00,3.4000,
T0007559,3,VAP-001,3,55.00,49.50,24.6400,
T0007560,1,FLO-007,1,32.00,22.40,13.0000,Flower Friday 30% Off
T0007560,2,PRE-002,1,10.00,10.00,3.4000,
T0007560,3,ACC-001,1,20.00,20.00,5.0000,
T0007560,4,FLO-003,1,70.00,49.00,28.0000,Flower Friday 30% Off
T0007560,5,FLO-005,1,38.00,26.60,15.5000,Flower Friday 30% Off
T0007561,1,EDI-004,1,25.00,25.00,7.5000,
T0007561,2,TIN-002,1,45.00,45.00,16.0000,
T0007562,1,ACC-002,1,3.00,2.40,0.6000,
T0007563,1,ACC-003,1,22.00,19.80,6.0000,
T0007563,2,FLO-002,1,40.00,28.00,16.0000,Flower Friday 30% Off
T0007564,1,PRE-005,1,6.00,6.00,1.8000,
T0007564,2,VAP-002,1,40.00,40.00,15.6800,
T0007565,1,FLO-001,1,35.00,24.50,14.0000,Flower Friday 30% Off
T0007565,2,VAP-001,1,55.00,55.00,24.6400,
T0007565,3,PRE-003,1,18.00,18.00,6.0000,
T0007566,1,FLO-003,2,70.00,49.00,28.0000,Flower Friday 30% Off
T0007566,2,PRE-003,1,18.00,18.00,6.0000,
T0007567,1,TOP-002,1,24.00,24.00,9.0000,
T0007568,1,ACC-004,1,2.00,2.00,0.4000,
T0007569,1,FLO-002,1,40.00,28.00,16.0000,Flower Friday 30% Off
T0007570,1,EDI-001,1,20.00,20.00,6.0000,
T0007570,2,EDI-003,1,20.00,16.00,6.5000,
T0007571,1,TOP-001,3,35.00,35.00,12.0000,
T0007571,2,FLO-008,1,32.00,22.40,13.5000,Flower Friday 30% Off
T0007572,1,FLO-001,2,35.00,24.50,14.0000,Flower Friday 30% Off
T0007572,2,PRE-002,1,10.00,10.00,3.4000,
T0007572,3,VAP-002,1,40.00,40.00,15.6800,
T0007572,4,EDI-006,1,8.00,8.00,3.0000,
T0007573,1,PRE-001,1,10.00,10.00,3.2000,
T0007573,2,VAP-003,2,32.00,32.00,13.4400,
T0007573,3,EDI-005,1,14.00,14.00,4.0000,
T0007573,4,FLO-004,1,38.00,26.60,15.0000,Flower Friday 30% Off
T0007574,1,PRE-002,1,10.00,10.00,3.4000,
T0007574,2,FLO-005,1,38.00,26.60,15.5000,Flower Friday 30% Off
T0007574,3,EDI-006,2,8.00,8.00,3.0000,
T0007575,1,TOP-001,1,35.00,35.00,12.0000,
T0007576,1,PRE-002,1,10.00,10.00,3.4000,
T0007577,1,EDI-003,1,20.00,20.00,6.5000,
T0007577,2,PRE-005,1,6.00,6.00,1.8000,
T0007577,3,EDI-001,1,20.00,20.00,6.0000,
T0007578,1,PRE-005,1,6.00,6.00,1.8000,
T0007578,2,EDI-001,3,20.00,20.00,6.0000,
T0007578,3,EDI-002,1,22.00,22.00,7.0000,
T0007578,4,ACC-005,2,12.00,12.00,2.5000,
T0007579,1,VAP-006,1,15.00,15.00,4.0000,
T0007579,2,FLO-008,1,32.00,32.00,13.5000,
T0007579,3,FLO-004,1,38.00,38.00,15.0000,
T0007580,1,PRE-001,3,10.00,10.00,3.2000,
T0007580,2,ACC-004,1,2.00,2.00,0.4000,
T0007580,3,VAP-003,1,32.00,32.00,13.4400,
T0007581,1,PRE-005,1,6.00,6.00,1.8000,
T0007582,1,FLO-005,1,38.00,38.00,15.5000,
T0007583,1,ACC-004,1,2.00,2.00,0.4000,
T0007583,2,PRE-001,1,10.00,9.00,3.2000,
T0007584,1,VAP-003,2,32.00,25.60,13.4400,
T0007585,1,PRE-001,3,10.00,10.00,3.2000,
T0007585,2,PRE-005,1,6.00,6.00,1.8000,
T0007586,1,PRE-001,1,10.00,10.00,3.2000,
T0007587,1,FLO-010,1,45.00,45.00,18.0000,
T0007587,2,EDI-003,1,20.00,20.00,6.5000,
T0007587,3,FLO-002,1,40.00,40.00,16.0000,
T0007588,1,ACC-002,1,3.00,3.00,0.6000,
T0007588,2,VAP-005,1,28.00,22.40,9.0000,
T0007588,3,FLO-003,1,70.00,70.00,28.0000,
T0007589,1,EDI-006,1,8.00,7.20,3.0000,
T0007590,1,VAP-002,2,40.00,40.00,15.6800,
T0007590,2,FLO-005,2,38.00,38.00,15.5000,
T0007590,3,PRE-003,1,18.00,18.00,6.0000,
T0007591,1,EDI-001,2,20.00,20.00,6.0000,
T0007592,1,TIN-002,1,45.00,45.00,16.0000,
T0007592,2,VAP-001,1,55.00,55.00,24.6400,
T0007592,3,FLO-006,1,120.00,120.00,52.0000,
T0007593,1,FLO-003,1,70.00,70.00,28.0000,
T0007593,2,FLO-005,1,38.00,30.40,15.5000,
T0007594,1,PRE-005,1,6.00,6.00,1.8000,
T0007594,2,EDI-002,1,22.00,22.00,7.0000,
T0007595,1,FLO-003,1,70.00,56.00,28.0000,
T0007595,2,EDI-003,2,20.00,20.00,6.5000,
T0007595,3,PRE-001,2,10.00,10.00,3.2000,
T0007596,1,EDI-006,2,8.00,8.00,3.0000,
T0007597,1,PRE-001,1,10.00,10.00,3.2000,
T0007598,1,CON-002,1,45.00,36.00,18.0000,
T0007599,1,ACC-004,2,2.00,2.00,0.4000,
T0007599,2,CON-002,2,45.00,45.00,18.0000,
T0007599,3,CON-003,1,30.00,30.00,13.4400,
T0007600,1,FLO-005,1,38.00,38.00,15.5000,
T0007600,2,VAP-002,1,40.00,40.00,15.6800,
T0007601,1,EDI-001,1,20.00,20.00,6.0000,
T0007601,2,PRE-001,1,10.00,10.00,3.2000,
T0007602,1,CON-003,1,30.00,24.00,13.4400,
T0007602,2,ACC-001,1,20.00,20.00,5.0000,
T0007603,1,FLO-006,1,120.00,120.00,52.0000,
T0007603,2,VAP-001,1,55.00,55.00,24.6400,
T0007604,1,PRE-004,1,35.00,35.00,12.0000,
T0007605,1,VAP-001,2,55.00,55.00,24.6400,
T0007606,1,VAP-006,1,15.00,15.00,4.0000,
T0007606,2,VAP-002,1,40.00,40.00,15.6800,
T0007607,1,VAP-004,1,60.00,60.00,24.0000,
T0007608,1,EDI-007,1,18.00,18.00,6.0000,
T0007608,2,EDI-001,1,20.00,20.00,6.0000,
T0007609,1,PRE-001,2,10.00,10.00,3.2000,
T0007610,1,FLO-006,2,120.00,120.00,52.0000,
T0007610,2,EDI-006,1,8.00,8.00,3.0000,
T0007611,1,FLO-007,1,32.00,32.00,13.0000,
T0007611,2,PRE-001,1,10.00,10.00,3.2000,
T0007611,3,ACC-004,1,2.00,2.00,0.4000,
T0007611,4,FLO-004,1,38.00,38.00,15.0000,
T0007612,1,VAP-004,1,60.00,60.00,24.0000,
T0007613,1,ACC-004,1,2.00,2.00,0.4000,
T0007613,2,VAP-003,1,32.00,32.00,13.4400,
T0007613,3,PRE-003,1,18.00,18.00,6.0000,
T0007614,1,EDI-002,1,22.00,22.00,7.0000,
T0007615,1,VAP-002,1,40.00,40.00,15.6800,
T0007615,3,FLO-003,2,70.00,70.00,28.0000,
T0007615,4,PRE-005,1,6.00,6.00,1.8000,
T0007616,1,EDI-001,1,20.00,20.00,6.0000,
T0007617,1,PRE-001,2,10.00,10.00,3.2000,
T0007617,2,CON-003,1,30.00,27.00,13.4400,
T0007618,1,VAP-006,1,15.00,15.00,4.0000,
T0007619,1,FLO-008,1,32.00,32.00,13.5000,
T0007619,2,EDI-001,1,20.00,18.00,6.0000,
T0007620,1,EDI-007,1,18.00,18.00,6.0000,
T0007621,1,PRE-005,2,6.00,6.00,1.8000,
T0007621,2,PRE-004,1,35.00,35.00,12.0000,
T0007622,1,FLO-003,2,70.00,70.00,28.0000,
T0007622,2,EDI-005,1,14.00,14.00,4.0000,
T0007622,3,ACC-004,1,2.00,2.00,0.4000,
T0007623,1,PRE-001,3,10.00,10.00,3.2000,
T0007623,2,ACC-002,1,3.00,3.00,0.6000,
T0007624,1,PRE-003,1,18.00,18.00,6.0000,
T0007624,2,EDI-001,1,20.00,20.00,6.0000,
T0007624,3,VAP-002,1,40.00,40.00,15.6800,
T0007625,1,ACC-002,1,3.00,3.00,0.6000,
T0007625,2,FLO-008,1,32.00,32.00,13.5000,
T0007626,1,CON-002,1,45.00,45.00,18.0000,
T0007626,2,PRE-005,1,6.00,6.00,1.8000,
T0007626,3,FLO-008,1,32.00,32.00,13.5000,
T0007627,1,EDI-002,1,22.00,22.00,7.0000,
T0007628,1,EDI-006,2,8.00,8.00,3.0000,
T0007628,2,VAP-006,1,15.00,15.00,4.0000,
T0007629,1,PRE-002,1,10.00,10.00,3.4000,
T0007630,1,EDI-004,1,25.00,25.00,7.5000,
T0007631,1,ACC-004,2,2.00,1.60,0.4000,
T0007632,1,ACC-002,1,3.00,3.00,0.6000,
T0007633,1,CON-001,1,75.00,75.00,32.0000,
T0007634,1,ACC-004,1,2.00,1.60,0.4000,
T0007635,1,CON-002,1,45.00,45.00,18.0000,
T0007636,1,PRE-005,1,6.00,6.00,1.8000,
T0007636,2,PRE-002,2,10.00,10.00,3.4000,
T0007637,1,EDI-003,1,20.00,20.00,6.5000,
T0007638,1,VAP-001,1,55.00,55.00,24.6400,
T0007638,2,FLO-007,1,32.00,32.00,13.0000,
T0007638,3,EDI-007,1,18.00,18.00,6.0000,
T0007638,4,FLO-008,1,32.00,32.00,13.5000,
T0007639,1,ACC-004,1,2.00,2.00,0.4000,
T0007639,2,VAP-002,1,40.00,40.00,15.6800,
T0007640,1,PRE-002,1,10.00,10.00,3.4000,
T0007640,2,VAP-006,1,15.00,15.00,4.0000,
T0007640,3,PRE-004,1,35.00,35.00,12.0000,
T0007641,1,PRE-005,1,6.00,6.00,1.8000,
T0007642,1,FLO-005,2,38.00,38.00,15.5000,
T0007642,2,PRE-004,1,35.00,35.00,12.0000,
T0007642,3,VAP-002,1,40.00,40.00,15.6800,
T0007643,1,EDI-005,1,14.00,14.00,4.0000,
T0007644,1,VAP-001,1,55.00,49.50,24.6400,
T0007645,1,EDI-006,1,8.00,8.00,3.0000,
T0007646,1,FLO-001,1,35.00,35.00,14.0000,
T0007646,2,PRE-005,1,6.00,6.00,1.8000,
T0007646,3,EDI-005,2,14.00,14.00,4.0000,
T0007646,4,PRE-001,1,10.00,10.00,3.2000,
T0007647,1,VAP-002,1,40.00,40.00,15.6800,
T0007647,2,FLO-005,1,38.00,38.00,15.5000,
T0007648,1,VAP-004,2,60.00,60.00,24.0000,
T0007649,1,FLO-005,1,38.00,38.00,15.5000,
T0007649,2,FLO-001,1,35.00,35.00,14.0000,
T0007650,1,FLO-002,1,40.00,32.00,16.0000,
T0007651,1,VAP-002,1,40.00,40.00,15.6800,
T0007652,1,PRE-002,1,10.00,10.00,3.4000,
T0007652,2,ACC-002,1,3.00,3.00,0.6000,
T0007653,1,PRE-003,1,18.00,18.00,6.0000,
T0007653,2,PRE-002,1,10.00,10.00,3.4000,
T0007654,1,VAP-004,1,60.00,60.00,24.0000,
T0007655,1,FLO-002,1,40.00,40.00,16.0000,
T0007655,2,CON-003,1,30.00,30.00,13.4400,
T0007655,3,PRE-002,1,10.00,10.00,3.4000,
T0007656,1,EDI-006,2,8.00,8.00,3.0000,
T0007656,2,ACC-003,1,22.00,22.00,6.0000,
T0007656,3,PRE-003,1,18.00,18.00,6.0000,
T0007657,1,FLO-002,2,40.00,40.00,16.0000,
T0007657,2,EDI-004,1,25.00,25.00,7.5000,
T0007657,3,VAP-003,1,32.00,32.00,13.4400,
T0007658,1,FLO-002,1,40.00,40.00,16.0000,
T0007658,2,EDI-005,1,14.00,14.00,4.0000,
T0007658,3,VAP-001,2,55.00,55.00,24.6400,
T0007658,4,ACC-004,1,2.00,2.00,0.4000,
T0007659,1,EDI-004,1,25.00,25.00,7.5000,
T0007660,1,EDI-004,2,25.00,25.00,7.5000,
T0007660,2,VAP-002,1,40.00,40.00,15.6800,
T0007660,3,PRE-001,1,10.00,10.00,3.2000,
T0007661,1,CON-003,1,30.00,30.00,13.4400,
T0007661,2,EDI-001,1,20.00,20.00,6.0000,
T0007661,3,FLO-001,1,35.00,35.00,14.0000,
T0007661,4,PRE-001,1,10.00,10.00,3.2000,
T0007662,1,PRE-002,2,10.00,10.00,3.4000,
T0007662,2,VAP-001,1,55.00,49.50,24.6400,
T0007663,1,EDI-002,1,22.00,22.00,7.0000,
T0007663,2,ACC-001,1,20.00,18.00,5.0000,
T0007664,1,PRE-001,2,10.00,10.00,3.2000,
T0007664,2,FLO-002,1,40.00,36.00,16.0000,
T0007664,3,ACC-005,2,12.00,12.00,2.5000,
T0007664,4,PRE-004,2,35.00,35.00,12.0000,
T0007665,1,VAP-002,1,40.00,40.00,15.6800,
T0007665,2,PRE-002,1,10.00,10.00,3.4000,
T0007666,1,FLO-005,1,38.00,38.00,15.5000,
T0007666,2,VAP-005,1,28.00,28.00,9.0000,
T0007667,1,VAP-002,1,40.00,40.00,15.6800,
T0007667,2,FLO-003,2,70.00,70.00,28.0000,
T0007667,3,ACC-002,1,3.00,3.00,0.6000,
T0007668,1,EDI-001,1,20.00,20.00,6.0000,
T0007668,2,FLO-001,1,35.00,35.00,14.0000,
T0007668,3,FLO-003,1,70.00,70.00,28.0000,
T0007669,1,EDI-004,1,25.00,25.00,7.5000,
T0007670,1,PRE-003,2,18.00,16.20,6.0000,
T0007670,2,VAP-002,1,40.00,40.00,15.6800,
T0007671,1,VAP-001,1,55.00,55.00,24.6400,
T0007672,1,PRE-002,2,10.00,10.00,3.4000,
T0007672,2,FLO-005,1,38.00,38.00,15.5000,
T0007672,3,FLO-003,1,70.00,70.00,28.0000,
T0007673,1,EDI-003,1,20.00,20.00,6.5000,
T0007673,2,VAP-002,3,40.00,40.00,15.6800,
T0007674,1,EDI-002,1,22.00,19.80,7.0000,
T0007674,2,PRE-001,1,10.00,10.00,3.2000,
T0007675,1,ACC-002,1,3.00,2.40,0.6000,
T0007676,1,FLO-001,1,35.00,35.00,14.0000,
T0007676,2,EDI-002,1,22.00,22.00,7.0000,
T0007677,1,EDI-004,1,25.00,25.00,7.5000,
T0007677,2,PRE-002,3,10.00,10.00,3.4000,
T0007678,1,PRE-005,1,6.00,6.00,1.8000,
T0007679,1,CON-003,1,30.00,30.00,13.4400,
T0007680,1,ACC-004,1,2.00,1.80,0.4000,
T0007681,1,EDI-001,1,20.00,18.00,6.0000,
T0007682,1,PRE-001,1,10.00,9.00,3.2000,
T0007683,1,EDI-004,1,25.00,25.00,7.5000,
T0007684,1,EDI-001,1,20.00,20.00,6.0000,
T0007684,2,EDI-003,1,20.00,20.00,6.5000,
T0007685,1,PRE-005,1,6.00,6.00,1.8000,
T0007686,1,FLO-008,2,32.00,32.00,13.5000,
T0007687,1,VAP-006,1,15.00,15.00,4.0000,
T0007687,2,PRE-004,2,35.00,35.00,12.0000,
T0007688,1,ACC-004,2,2.00,1.60,0.4000,
T0007688,2,EDI-005,1,14.00,14.00,4.0000,
T0007689,1,VAP-002,1,40.00,40.00,15.6800,
T0007690,1,VAP-004,3,60.00,60.00,24.0000,
T0007690,2,VAP-003,1,32.00,32.00,13.4400,
T0007691,1,FLO-002,2,40.00,40.00,16.0000,
T0007691,2,FLO-001,1,35.00,35.00,14.0000,
T0007692,1,VAP-004,1,60.00,60.00,24.0000,
T0007692,2,VAP-003,2,32.00,32.00,13.4400,
T0007692,3,EDI-002,1,22.00,22.00,7.0000,
T0007693,1,ACC-003,1,22.00,22.00,6.0000,
T0007693,2,CON-002,1,45.00,45.00,18.0000,
T0007693,3,EDI-003,1,20.00,20.00,6.5000,
T0007693,4,TIN-002,1,45.00,45.00,16.0000,
T0007694,1,PRE-004,1,35.00,35.00,12.0000,
T0007694,2,FLO-002,2,40.00,40.00,16.0000,
T0007694,3,EDI-005,1,14.00,12.60,4.0000,
T0007695,1,ACC-004,3,2.00,1.60,0.4000,
T0007696,1,VAP-003,3,32.00,32.00,13.4400,
T0007697,1,FLO-001,2,35.00,35.00,14.0000,
T0007698,1,TIN-001,1,50.00,50.00,18.0000,
T0007698,2,FLO-003,1,70.00,70.00,28.0000,
T0007699,1,TIN-001,1,50.00,50.00,18.0000,
T0007699,2,EDI-003,1,20.00,18.00,6.5000,
T0007699,3,ACC-002,1,3.00,3.00,0.6000,
T0007699,4,PRE-001,1,10.00,10.00,3.2000,
T0007700,1,VAP-002,1,40.00,40.00,15.6800,
T0007701,1,PRE-002,1,10.00,10.00,3.4000,
T0007701,2,VAP-002,1,40.00,40.00,15.6800,
T0007701,4,ACC-004,1,2.00,1.80,0.4000,
T0007702,1,ACC-004,1,2.00,1.80,0.4000,
T0007703,1,CON-003,1,30.00,30.00,13.4400,
T0007703,2,VAP-003,3,32.00,32.00,13.4400,
T0007704,1,FLO-001,1,35.00,35.00,14.0000,
T0007704,2,CON-003,2,30.00,30.00,13.4400,
T0007705,1,PRE-001,1,10.00,10.00,3.2000,
T0007706,1,EDI-004,2,25.00,25.00,7.5000,
T0007706,2,PRE-005,3,6.00,6.00,1.8000,
T0007707,1,ACC-002,1,3.00,2.70,0.6000,
T0007708,1,ACC-004,1,2.00,2.00,0.4000,
T0007708,2,EDI-002,1,22.00,22.00,7.0000,
T0007708,3,PRE-001,1,10.00,10.00,3.2000,
T0007708,4,PRE-004,2,35.00,35.00,12.0000,
T0007709,1,VAP-002,2,40.00,40.00,15.6800,
T0007709,2,CON-001,1,75.00,75.00,32.0000,
T0007709,3,EDI-002,1,22.00,22.00,7.0000,
T0007710,1,TIN-002,1,45.00,45.00,16.0000,
T0007710,2,FLO-002,1,40.00,40.00,16.0000,
T0007710,3,PRE-001,2,10.00,10.00,3.2000,
T0007711,1,FLO-001,3,35.00,35.00,14.0000,
T0007711,2,VAP-004,1,60.00,60.00,24.0000,
T0007712,1,FLO-004,1,38.00,38.00,15.0000,
T0007712,2,ACC-004,1,2.00,2.00,0.4000,
T0007712,3,CON-004,2,55.00,55.00,24.6400,
T0007712,4,PRE-001,1,10.00,10.00,3.2000,
T0007713,1,FLO-008,2,32.00,32.00,13.5000,
T0007714,1,VAP-001,2,55.00,44.00,24.6400,
T0007714,2,VAP-003,1,32.00,25.60,13.4400,
T0007714,3,EDI-005,1,14.00,14.00,4.0000,
T0007714,4,FLO-001,1,35.00,35.00,14.0000,
T0007715,1,PRE-001,1,10.00,10.00,3.2000,
T0007715,2,PRE-003,1,18.00,18.00,6.0000,
T0007716,1,ACC-003,1,22.00,17.60,6.0000,
T0007716,2,FLO-002,1,40.00,40.00,16.0000,
T0007716,3,FLO-001,1,35.00,35.00,14.0000,
T0007717,1,CON-002,1,45.00,45.00,18.0000,
T0007717,2,VAP-002,2,40.00,36.00,15.6800,
T0007717,3,FLO-002,1,40.00,40.00,16.0000,
T0007718,1,VAP-005,1,28.00,28.00,9.0000,
T0007718,3,PRE-002,1,10.00,10.00,3.4000,
T0007719,1,FLO-003,1,70.00,70.00,28.0000,
T0007719,2,FLO-001,2,35.00,35.00,14.0000,
T0007719,3,PRE-001,1,10.00,10.00,3.2000,
T0007719,4,PRE-002,1,10.00,10.00,3.4000,
T0007719,5,FLO-004,2,38.00,38.00,15.0000,
T0007720,1,VAP-003,1,32.00,32.00,13.4400,
T0007721,1,PRE-005,1,6.00,6.00,1.8000,
T0007721,2,VAP-004,2,60.00,60.00,24.0000,
T0007722,1,FLO-007,1,32.00,28.80,13.0000,
T0007722,2,EDI-002,1,22.00,22.00,7.0000,
T0007722,3,FLO-001,1,35.00,35.00,14.0000,
T0007722,4,TOP-001,1,35.00,35.00,12.0000,
T0007722,5,TOP-002,1,24.00,24.00,9.0000,
T0007723,1,FLO-008,1,32.00,32.00,13.5000,
T0007724,1,FLO-007,3,32.00,28.80,13.0000,
T0007724,2,PRE-003,1,18.00,18.00,6.0000,
T0007725,1,EDI-002,1,22.00,22.00,7.0000,
T0007726,1,ACC-004,1,2.00,2.00,0.4000,
T0007727,1,VAP-001,1,55.00,55.00,24.6400,
T0007728,1,EDI-002,2,22.00,22.00,7.0000,
T0007728,2,ACC-004,1,2.00,2.00,0.4000,
T0007728,3,FLO-005,1,38.00,38.00,15.5000,
T0007729,1,ACC-004,1,2.00,2.00,0.4000,
T0007730,1,FLO-007,2,32.00,32.00,13.0000,
T0007731,1,EDI-001,1,20.00,18.00,6.0000,
T0007731,2,PRE-004,1,35.00,35.00,12.0000,
T0007731,3,VAP-005,1,28.00,28.00,9.0000,
T0007731,4,EDI-004,1,25.00,25.00,7.5000,
T0007731,5,EDI-007,1,18.00,18.00,6.0000,
T0007732,1,EDI-004,1,25.00,25.00,7.5000,
T0007732,2,VAP-006,2,15.00,15.00,4.0000,
T0007733,1,FLO-007,1,32.00,28.80,13.0000,
T0007734,1,FLO-002,1,40.00,40.00,16.0000,
T0007735,1,PRE-005,1,6.00,6.00,1.8000,
T0007735,2,EDI-001,1,20.00,18.00,6.0000,
T0007736,1,VAP-006,2,15.00,15.00,4.0000,
T0007736,2,VAP-005,1,28.00,28.00,9.0000,
T0007736,3,CON-004,1,55.00,55.00,24.6400,
T0007737,1,PRE-001,1,10.00,10.00,3.2000,
T0007737,2,FLO-006,1,120.00,120.00,52.0000,
T0007737,3,FLO-005,1,38.00,38.00,15.5000,
T0007738,1,EDI-005,1,14.00,14.00,4.0000,
T0007738,2,FLO-001,1,35.00,35.00,14.0000,
T0007739,1,FLO-002,1,40.00,40.00,16.0000,
T0007740,1,CON-003,1,30.00,30.00,13.4400,
T0007741,1,ACC-004,1,2.00,2.00,0.4000,
T0007741,2,FLO-010,1,45.00,45.00,18.0000,
T0007742,1,EDI-003,1,20.00,20.00,6.5000,
T0007743,1,ACC-004,1,2.00,2.00,0.4000,
T0007744,1,FLO-001,2,35.00,35.00,14.0000,
T0007745,1,FLO-001,1,35.00,35.00,14.0000,
T0007745,2,ACC-004,1,2.00,2.00,0.4000,
T0007745,3,VAP-005,1,28.00,28.00,9.0000,
T0007745,4,VAP-004,1,60.00,60.00,24.0000,
T0007746,1,PRE-001,2,10.00,10.00,3.2000,
T0007746,2,PRE-005,1,6.00,6.00,1.8000,
T0007746,3,VAP-002,2,40.00,40.00,15.6800,
T0007747,1,FLO-005,1,38.00,38.00,15.5000,
T0007748,1,PRE-003,2,18.00,18.00,6.0000,
T0007749,1,VAP-005,1,28.00,25.20,9.0000,
T0007750,1,VAP-001,1,55.00,55.00,24.6400,
T0007751,1,VAP-006,1,15.00,13.50,4.0000,
T0007752,1,ACC-001,2,20.00,20.00,5.0000,
T0007752,2,FLO-003,2,70.00,70.00,28.0000,
T0007752,3,FLO-002,1,40.00,40.00,16.0000,
T0007753,1,PRE-002,1,10.00,10.00,3.4000,
T0007753,2,CON-002,1,45.00,45.00,18.0000,
T0007753,3,FLO-004,1,38.00,38.00,15.0000,
T0007753,4,EDI-001,1,20.00,20.00,6.0000,
T0007754,1,VAP-005,1,28.00,28.00,9.0000,
T0007755,1,FLO-004,1,38.00,34.20,15.0000,
T0007755,3,TIN-002,1,45.00,45.00,16.0000,
T0007756,1,VAP-003,2,32.00,32.00,13.4400,
T0007757,1,VAP-003,2,32.00,32.00,13.4400,
T0007758,1,EDI-004,1,25.00,25.00,7.5000,
T0007758,2,PRE-002,1,10.00,10.00,3.4000,
T0007759,1,PRE-005,1,6.00,6.00,1.8000,
T0007759,2,VAP-006,1,15.00,15.00,4.0000,
T0007760,1,EDI-005,1,14.00,14.00,4.0000,
T0007760,2,ACC-002,1,3.00,3.00,0.6000,
T0007760,3,VAP-001,1,55.00,49.50,24.6400,
T0007760,4,EDI-004,1,25.00,22.50,7.5000,
T0007761,1,EDI-004,1,25.00,25.00,7.5000,
T0007761,2,EDI-006,1,8.00,8.00,3.0000,
T0007762,1,EDI-004,3,25.00,25.00,7.5000,
T0007763,1,PRE-003,1,18.00,18.00,6.0000,
T0007763,2,PRE-001,1,10.00,10.00,3.2000,
T0007764,1,FLO-001,2,35.00,35.00,14.0000,
T0007764,2,FLO-002,1,40.00,40.00,16.0000,
T0007765,1,VAP-002,1,40.00,40.00,15.6800,
T0007766,1,PRE-005,1,6.00,6.00,1.8000,
T0007766,2,EDI-001,1,20.00,20.00,6.0000,
T0007767,1,FLO-009,1,210.00,210.00,95.0000,
T0007768,1,FLO-001,1,35.00,31.50,14.0000,
T0007769,1,FLO-008,2,32.00,32.00,13.5000,
T0007770,1,FLO-006,1,120.00,120.00,52.0000,
T0007771,1,VAP-006,1,15.00,15.00,4.0000,
T0007771,2,EDI-001,1,20.00,20.00,6.0000,
T0007771,3,VAP-005,1,28.00,28.00,9.0000,
T0007772,1,ACC-004,1,2.00,2.00,0.4000,
T0007772,2,VAP-001,1,55.00,55.00,24.6400,
T0007772,3,FLO-010,1,45.00,45.00,18.0000,
T0007773,1,CON-003,1,30.00,24.00,13.4400,
T0007774,1,PRE-003,1,18.00,18.00,6.0000,
T0007775,1,FLO-005,2,38.00,38.00,15.5000,
T0007775,2,PRE-005,1,6.00,6.00,1.8000,
T0007776,1,ACC-004,1,2.00,2.00,0.4000,
T0007777,1,EDI-004,1,25.00,25.00,7.5000,
T0007777,2,FLO-005,2,38.00,38.00,15.5000,
T0007777,3,VAP-002,3,40.00,40.00,15.6800,
T0007778,1,PRE-004,2,35.00,31.50,12.0000,
T0007778,2,FLO-010,1,45.00,45.00,18.0000,
T0007779,1,EDI-004,1,25.00,22.50,7.5000,
T0007779,2,FLO-002,1,40.00,40.00,16.0000,
T0007780,1,EDI-004,1,25.00,25.00,7.5000,
T0007780,2,VAP-005,2,28.00,28.00,9.0000,
T0007781,1,ACC-002,1,3.00,3.00,0.6000,
T0007781,2,PRE-005,1,6.00,6.00,1.8000,
T0007781,3,VAP-004,1,60.00,60.00,24.0000,
T0007782,1,PRE-003,1,18.00,18.00,6.0000,
T0007783,1,VAP-006,1,15.00,15.00,4.0000,
T0007783,2,ACC-004,2,2.00,2.00,0.4000,
T0007784,1,EDI-001,1,20.00,16.00,6.0000,
T0007784,2,CON-004,2,55.00,55.00,24.6400,
T0007784,3,VAP-005,1,28.00,28.00,9.0000,
T0007784,4,PRE-005,1,6.00,4.80,1.8000,
T0007785,1,EDI-007,1,18.00,16.20,6.0000,
T0007785,2,PRE-002,1,10.00,9.00,3.4000,
T0007786,1,PRE-001,1,10.00,10.00,3.2000,
T0007787,1,FLO-005,1,38.00,38.00,15.5000,
T0007787,2,VAP-003,1,32.00,32.00,13.4400,
T0007787,3,FLO-002,2,40.00,40.00,16.0000,
T0007788,1,VAP-002,1,40.00,40.00,15.6800,
T0007788,2,PRE-001,2,10.00,10.00,3.2000,
T0007789,1,EDI-006,1,8.00,8.00,3.0000,
T0007790,1,CON-003,1,30.00,30.00,13.4400,
T0007790,2,FLO-007,1,32.00,32.00,13.0000,
T0007791,1,EDI-003,1,20.00,20.00,6.5000,
T0007792,1,PRE-002,1,10.00,10.00,3.4000,
T0007792,2,FLO-002,1,40.00,40.00,16.0000,
T0007792,3,VAP-003,2,32.00,32.00,13.4400,
T0007793,1,CON-002,1,45.00,45.00,18.0000,
T0007793,2,PRE-001,1,10.00,10.00,3.2000,
T0007793,3,FLO-002,1,40.00,40.00,16.0000,
T0007794,1,VAP-005,1,28.00,28.00,9.0000,
T0007794,2,FLO-004,1,38.00,38.00,15.0000,
T0007795,1,FLO-001,1,35.00,31.50,14.0000,
T0007795,2,ACC-004,1,2.00,2.00,0.4000,
T0007795,3,FLO-005,1,38.00,38.00,15.5000,
T0007796,1,VAP-003,1,32.00,32.00,13.4400,
T0007797,1,FLO-004,1,38.00,38.00,15.0000,
T0007798,1,CON-003,1,30.00,30.00,13.4400,
T0007799,1,EDI-005,1,14.00,14.00,4.0000,
T0007799,2,VAP-002,2,40.00,40.00,15.6800,
T0007800,1,ACC-002,1,3.00,3.00,0.6000,
T0007801,1,PRE-002,1,10.00,10.00,3.4000,
T0007802,1,EDI-006,1,8.00,8.00,3.0000,
T0007803,1,PRE-005,1,6.00,6.00,1.8000,
T0007804,1,VAP-006,1,15.00,15.00,4.0000,
T0007804,2,PRE-005,1,6.00,6.00,1.8000,
T0007805,1,PRE-005,1,6.00,6.00,1.8000,
T0007806,1,FLO-002,1,40.00,40.00,16.0000,
T0007806,2,PRE-002,1,10.00,10.00,3.4000,
T0007806,3,EDI-006,1,8.00,8.00,3.0000,
T0007807,1,TOP-002,1,24.00,24.00,9.0000,
T0007807,2,VAP-001,2,55.00,55.00,24.6400,
T0007807,3,EDI-002,1,22.00,22.00,7.0000,
T0007808,1,FLO-005,1,38.00,38.00,15.5000,
T0007808,2,VAP-001,1,55.00,55.00,24.6400,
T0007808,3,FLO-004,1,38.00,38.00,15.0000,
T0007809,1,FLO-002,1,40.00,36.00,16.0000,
T0007809,2,FLO-010,1,45.00,45.00,18.0000,
T0007809,3,FLO-006,1,120.00,120.00,52.0000,
T0007810,1,PRE-002,1,10.00,10.00,3.4000,
T0007810,2,FLO-005,2,38.00,38.00,15.5000,
T0007811,1,EDI-004,1,25.00,25.00,7.5000,
T0007812,1,FLO-003,2,70.00,70.00,28.0000,
T0007812,2,FLO-004,1,38.00,38.00,15.0000,
T0007812,3,VAP-005,1,28.00,28.00,9.0000,
T0007813,1,FLO-005,1,38.00,38.00,15.5000,
T0007814,1,PRE-002,2,10.00,10.00,3.4000,
T0007814,2,VAP-004,2,60.00,60.00,24.0000,
T0007815,1,FLO-004,1,38.00,34.20,15.0000,
T0007815,2,PRE-001,3,10.00,10.00,3.2000,
T0007816,1,ACC-004,2,2.00,2.00,0.4000,
T0007816,2,ACC-002,1,3.00,3.00,0.6000,
T0007816,3,VAP-004,1,60.00,60.00,24.0000,
T0007817,1,CON-004,1,55.00,55.00,24.6400,
T0007817,2,ACC-002,1,3.00,3.00,0.6000,
T0007817,3,PRE-004,1,35.00,35.00,12.0000,
T0007818,1,VAP-006,1,15.00,15.00,4.0000,
T0007818,2,PRE-003,1,18.00,18.00,6.0000,
T0007819,1,PRE-001,1,10.00,10.00,3.2000,
T0007819,2,PRE-004,2,35.00,35.00,12.0000,
T0007819,3,ACC-004,1,2.00,1.80,0.4000,
T0007819,4,PRE-002,1,10.00,10.00,3.4000,
T0007820,1,EDI-005,1,14.00,14.00,4.0000,
T0007820,2,VAP-006,2,15.00,15.00,4.0000,
T0007821,1,EDI-004,1,25.00,25.00,7.5000,
T0007821,2,ACC-002,1,3.00,3.00,0.6000,
T0007821,3,FLO-004,1,38.00,38.00,15.0000,
T0007821,4,EDI-003,2,20.00,20.00,6.5000,
T0007822,1,ACC-004,2,2.00,2.00,0.4000,
T0007822,2,EDI-002,1,22.00,22.00,7.0000,
T0007823,1,EDI-006,1,8.00,8.00,3.0000,
T0007823,2,FLO-001,1,35.00,35.00,14.0000,
T0007824,1,VAP-001,1,55.00,44.00,24.6400,
T0007825,1,FLO-001,1,35.00,35.00,14.0000,
T0007826,1,FLO-003,1,70.00,70.00,28.0000,
T0007826,2,EDI-001,1,20.00,20.00,6.0000,
T0007826,3,VAP-005,1,28.00,28.00,9.0000,
T0007827,1,PRE-003,1,18.00,18.00,6.0000,
T0007827,2,FLO-006,1,120.00,120.00,52.0000,
T0007827,3,FLO-008,2,32.00,32.00,13.5000,
T0007827,4,VAP-005,2,28.00,28.00,9.0000,
T0007828,1,PRE-002,3,10.00,10.00,3.4000,
T0007829,1,VAP-005,2,28.00,28.00,9.0000,
T0007830,1,PRE-002,1,10.00,10.00,3.4000,
T0007830,2,VAP-003,1,32.00,25.60,13.4400,
T0007830,3,FLO-003,1,70.00,70.00,28.0000,
T0007830,4,PRE-005,1,6.00,4.80,1.8000,
T0007830,5,VAP-006,1,15.00,13.50,4.0000,
T0007831,1,EDI-001,1,20.00,20.00,6.0000,
T0007831,2,ACC-002,1,3.00,3.00,0.6000,
T0007832,1,FLO-004,1,38.00,38.00,15.0000,
T0007832,2,VAP-005,1,28.00,28.00,9.0000,
T0007833,1,FLO-007,1,32.00,32.00,13.0000,
T0007833,2,PRE-001,1,10.00,10.00,3.2000,
T0007833,3,VAP-006,1,15.00,15.00,4.0000,
T0007833,4,CON-003,2,30.00,30.00,13.4400,
T0007833,5,ACC-004,1,2.00,2.00,0.4000,
T0007834,1,EDI-003,1,20.00,20.00,6.5000,
T0007834,2,ACC-002,2,3.00,2.40,0.6000,
T0007834,3,EDI-001,1,20.00,16.00,6.0000,
T0007834,4,VAP-006,3,15.00,12.00,4.0000,
T0007835,1,FLO-008,1,32.00,28.80,13.5000,
T0007835,2,PRE-005,2,6.00,6.00,1.8000,
T0007836,1,VAP-005,2,28.00,28.00,9.0000,
T0007837,1,FLO-003,2,70.00,70.00,28.0000,
T0007838,1,VAP-005,1,28.00,28.00,9.0000,
T0007839,1,ACC-004,1,2.00,2.00,0.4000,
T0007840,1,PRE-003,1,18.00,18.00,6.0000,
T0007841,1,PRE-004,2,35.00,35.00,12.0000,
T0007841,2,EDI-004,1,25.00,25.00,7.5000,
T0007842,1,ACC-002,1,3.00,2.70,0.6000,
T0007842,2,FLO-008,1,32.00,32.00,13.5000,
T0007843,1,EDI-004,1,25.00,25.00,7.5000,
T0007844,1,EDI-006,1,8.00,8.00,3.0000,
T0007844,2,FLO-002,1,40.00,40.00,16.0000,
T0007845,1,PRE-005,1,6.00,6.00,1.8000,
T0007846,1,EDI-004,1,25.00,25.00,7.5000,
T0007846,2,FLO-002,1,40.00,40.00,16.0000,
T0007847,1,VAP-005,2,28.00,28.00,9.0000,
T0007848,1,EDI-005,1,14.00,14.00,4.0000,
T0007848,2,ACC-004,1,2.00,2.00,0.4000,
T0007849,1,PRE-001,1,10.00,10.00,3.2000,
T0007850,1,FLO-001,1,35.00,35.00,14.0000,
T0007851,1,FLO-006,2,120.00,120.00,52.0000,
T0007851,2,VAP-005,1,28.00,28.00,9.0000,
T0007852,1,FLO-004,1,38.00,30.40,15.0000,
T0007853,1,PRE-003,1,18.00,18.00,6.0000,
T0007853,2,FLO-007,1,32.00,32.00,13.0000,
T0007854,1,FLO-002,1,40.00,40.00,16.0000,
T0007855,1,VAP-006,1,15.00,12.00,4.0000,
T0007855,2,VAP-004,2,60.00,60.00,24.0000,
T0007856,1,VAP-001,1,55.00,55.00,24.6400,
T0007857,1,EDI-003,1,20.00,20.00,6.5000,
T0007857,2,FLO-002,1,40.00,40.00,16.0000,
T0007858,1,FLO-005,2,38.00,38.00,15.5000,
T0007858,2,EDI-004,1,25.00,25.00,7.5000,
T0007858,3,FLO-007,1,32.00,32.00,13.0000,
T0007858,4,VAP-005,2,28.00,28.00,9.0000,
T0007859,1,EDI-002,1,22.00,22.00,7.0000,
T0007859,2,VAP-003,1,32.00,32.00,13.4400,
T0007860,1,PRE-001,1,10.00,10.00,3.2000,
T0007861,1,EDI-004,1,25.00,25.00,7.5000,
T0007862,1,VAP-006,1,15.00,15.00,4.0000,
T0007863,1,PRE-004,1,35.00,35.00,12.0000,
T0007864,1,PRE-002,2,10.00,10.00,3.4000,
T0007864,3,PRE-003,1,18.00,18.00,6.0000,
T0007865,1,PRE-002,1,10.00,10.00,3.4000,
T0007866,1,PRE-003,2,18.00,18.00,6.0000,
T0007866,2,EDI-004,1,25.00,25.00,7.5000,
T0007866,3,VAP-005,1,28.00,28.00,9.0000,
T0007867,1,PRE-003,1,18.00,18.00,6.0000,
T0007867,2,ACC-004,2,2.00,2.00,0.4000,
T0007868,1,PRE-002,1,10.00,10.00,3.4000,
T0007869,1,EDI-002,2,22.00,22.00,7.0000,
T0007870,1,EDI-004,1,25.00,25.00,7.5000,
T0007871,1,FLO-008,1,32.00,32.00,13.5000,
T0007872,1,PRE-001,2,10.00,10.00,3.2000,
T0007872,2,EDI-004,1,25.00,25.00,7.5000,
T0007872,3,EDI-001,1,20.00,20.00,6.0000,
T0007872,4,CON-002,1,45.00,45.00,18.0000,
T0007873,1,EDI-002,1,22.00,17.60,7.0000,
T0007873,2,PRE-002,2,10.00,10.00,3.4000,
T0007874,1,VAP-003,1,32.00,32.00,13.4400,
T0007875,1,PRE-005,1,6.00,5.40,1.8000,
T0007875,2,VAP-005,2,28.00,28.00,9.0000,
T0007875,3,FLO-010,1,45.00,45.00,18.0000,
T0007876,1,FLO-001,1,35.00,35.00,14.0000,
T0007876,2,PRE-001,1,10.00,10.00,3.2000,
T0007876,3,VAP-002,3,40.00,40.00,15.6800,
T0007877,1,EDI-004,1,25.00,25.00,7.5000,
T0007877,2,ACC-004,1,2.00,1.60,0.4000,
T0007878,1,EDI-004,1,25.00,25.00,7.5000,
T0007878,2,VAP-003,1,32.00,32.00,13.4400,
T0007879,1,EDI-002,1,22.00,22.00,7.0000,
T0007879,2,FLO-005,1,38.00,34.20,15.5000,
T0007880,1,FLO-007,1,32.00,28.80,13.0000,
T0007881,1,FLO-008,1,32.00,32.00,13.5000,
T0007881,2,FLO-004,1,38.00,38.00,15.0000,
T0007882,1,CON-004,3,55.00,55.00,24.6400,
T0007882,2,FLO-003,1,70.00,70.00,28.0000,
T0007882,3,EDI-002,1,22.00,22.00,7.0000,
T0007883,1,ACC-002,3,3.00,3.00,0.6000,
T0007884,1,FLO-008,1,32.00,32.00,13.5000,
T0007885,1,ACC-003,1,22.00,22.00,6.0000,
T0007886,1,VAP-001,1,55.00,49.50,24.6400,
T0007886,2,VAP-002,1,40.00,40.00,15.6800,
T0007886,3,EDI-001,1,20.00,20.00,6.0000,
T0007887,1,PRE-001,1,10.00,10.00,3.2000,
T0007887,2,FLO-001,2,35.00,35.00,14.0000,
T0007887,3,EDI-004,1,25.00,25.00,7.5000,
T0007888,1,PRE-001,1,10.00,10.00,3.2000,
T0007889,1,PRE-004,1,35.00,35.00,12.0000,
T0007889,2,PRE-001,1,10.00,10.00,3.2000,
T0007890,1,EDI-001,1,20.00,20.00,6.0000,
T0007890,2,ACC-002,1,3.00,3.00,0.6000,
T0007891,1,PRE-001,3,10.00,10.00,3.2000,
T0007891,2,VAP-003,2,32.00,32.00,13.4400,
T0007892,1,PRE-002,1,10.00,10.00,3.4000,
T0007892,2,PRE-003,1,18.00,14.40,6.0000,
T0007892,3,FLO-001,1,35.00,35.00,14.0000,
T0007893,1,ACC-002,1,3.00,3.00,0.6000,
T0007894,1,PRE-005,1,6.00,6.00,1.8000,
T0007894,2,FLO-008,1,32.00,32.00,13.5000,
T0007894,3,TIN-001,1,50.00,50.00,18.0000,
T0007895,1,VAP-003,2,32.00,32.00,13.4400,
T0007896,1,EDI-001,2,20.00,20.00,6.0000,
T0007896,2,PRE-001,2,10.00,8.00,3.2000,
T0007897,1,CON-004,1,55.00,55.00,24.6400,
T0007898,1,VAP-006,1,15.00,15.00,4.0000,
T0007899,1,PRE-005,1,6.00,6.00,1.8000,
T0007900,1,EDI-001,1,20.00,20.00,6.0000,
T0007900,2,VAP-006,1,15.00,15.00,4.0000,
T0007900,3,PRE-003,2,18.00,18.00,6.0000,
T0007901,1,EDI-004,2,25.00,25.00,7.5000,
T0007902,1,ACC-004,1,2.00,2.00,0.4000,
T0007903,1,ACC-002,1,3.00,2.40,0.6000,
T0007904,1,EDI-002,1,22.00,22.00,7.0000,
T0007904,2,VAP-002,2,40.00,40.00,15.6800,
T0007904,3,FLO-005,1,38.00,38.00,15.5000,
T0007905,1,PRE-004,2,35.00,35.00,12.0000,
T0007905,2,VAP-006,1,15.00,15.00,4.0000,
T0007906,1,ACC-004,1,2.00,2.00,0.4000,
T0007906,2,PRE-002,1,10.00,10.00,3.4000,
T0007906,3,PRE-005,1,6.00,6.00,1.8000,
T0007907,1,VAP-006,3,15.00,15.00,4.0000,
T0007907,2,EDI-001,1,20.00,20.00,6.0000,
T0007908,1,EDI-005,1,14.00,14.00,4.0000,
T0007909,1,EDI-001,1,20.00,20.00,6.0000,
T0007910,1,FLO-003,2,70.00,70.00,28.0000,
T0007910,2,PRE-003,1,18.00,18.00,6.0000,
T0007911,1,VAP-001,1,55.00,55.00,24.6400,
T0007911,2,FLO-006,1,120.00,120.00,52.0000,
T0007911,3,FLO-002,1,40.00,40.00,16.0000,
T0007912,1,EDI-002,1,22.00,22.00,7.0000,
T0007912,3,FLO-002,1,40.00,40.00,16.0000,
T0007912,4,CON-003,1,30.00,30.00,13.4400,
T0007913,1,TIN-001,1,50.00,40.00,18.0000,
T0007913,2,EDI-003,1,20.00,20.00,6.5000,
T0007914,1,VAP-003,1,32.00,25.60,13.4400,
T0007914,2,ACC-004,1,2.00,2.00,0.4000,
T0007915,1,PRE-005,1,6.00,6.00,1.8000,
T0007915,2,ACC-004,1,2.00,2.00,0.4000,
T0007916,1,VAP-002,1,40.00,40.00,15.6800,
T0007917,1,EDI-001,1,20.00,20.00,6.0000,
T0007918,1,CON-004,1,55.00,55.00,24.6400,
T0007919,1,FLO-004,2,38.00,38.00,15.0000,
T0007920,1,TIN-001,1,50.00,50.00,18.0000,
T0007920,2,FLO-002,1,40.00,40.00,16.0000,
T0007921,1,FLO-004,1,38.00,38.00,15.0000,
T0007921,2,EDI-004,1,25.00,25.00,7.5000,
T0007922,1,ACC-004,1,2.00,2.00,0.4000,
T0007922,2,PRE-002,1,10.00,10.00,3.4000,
T0007923,1,EDI-004,2,25.00,25.00,7.5000,
T0007923,2,PRE-002,1,10.00,10.00,3.4000,
T0007924,1,VAP-002,1,40.00,40.00,15.6800,
T0007924,2,PRE-003,2,18.00,18.00,6.0000,
T0007924,3,PRE-004,2,35.00,35.00,12.0000,
T0007925,1,VAP-002,2,40.00,32.00,15.6800,
T0007926,1,FLO-003,2,70.00,70.00,28.0000,
T0007926,2,CON-003,1,30.00,30.00,13.4400,
T0007926,3,PRE-001,2,10.00,9.00,3.2000,
T0007926,4,VAP-001,1,55.00,55.00,24.6400,
T0007926,5,CON-002,2,45.00,45.00,18.0000,
T0007927,1,PRE-001,1,10.00,10.00,3.2000,
T0007927,2,FLO-003,3,70.00,70.00,28.0000,
T0007927,3,CON-001,1,75.00,75.00,32.0000,
T0007927,4,FLO-001,1,35.00,28.00,14.0000,
T0007928,1,EDI-004,2,25.00,25.00,7.5000,
T0007928,2,VAP-003,1,32.00,32.00,13.4400,
T0007928,3,EDI-006,1,8.00,8.00,3.0000,
T0007928,4,VAP-001,1,55.00,55.00,24.6400,
T0007929,1,PRE-004,1,35.00,31.50,12.0000,
T0007930,1,FLO-001,1,35.00,35.00,14.0000,
T0007930,2,FLO-005,1,38.00,38.00,15.5000,
T0007930,3,ACC-004,1,2.00,2.00,0.4000,
T0007930,4,EDI-004,1,25.00,25.00,7.5000,
T0007930,5,EDI-003,1,20.00,20.00,6.5000,
T0007931,1,FLO-002,1,40.00,36.00,16.0000,
T0007931,2,PRE-001,1,10.00,10.00,3.2000,
T0007932,1,PRE-002,2,10.00,10.00,3.4000,
T0007932,3,FLO-005,1,38.00,38.00,15.5000,
T0007932,4,CON-002,1,45.00,45.00,18.0000,
T0007933,1,EDI-001,1,20.00,20.00,6.0000,
T0007933,2,VAP-005,2,28.00,28.00,9.0000,
T0007934,1,ACC-004,1,2.00,1.80,0.4000,
T0007934,2,VAP-001,1,55.00,55.00,24.6400,
T0007935,1,FLO-009,1,210.00,210.00,95.0000,
T0007935,2,VAP-003,1,32.00,32.00,13.4400,
T0007936,1,PRE-002,1,10.00,10.00,3.4000,
T0007936,2,EDI-005,1,14.00,14.00,4.0000,
T0007936,3,EDI-004,3,25.00,25.00,7.5000,
T0007937,1,VAP-002,1,40.00,36.00,15.6800,
T0007937,2,VAP-006,1,15.00,15.00,4.0000,
T0007938,1,FLO-001,1,35.00,35.00,14.0000,
T0007939,1,TIN-002,1,45.00,45.00,16.0000,
T0007940,1,FLO-001,1,35.00,35.00,14.0000,
T0007941,1,ACC-004,1,2.00,2.00,0.4000,
T0007942,1,EDI-006,2,8.00,8.00,3.0000,
T0007943,1,FLO-003,3,70.00,70.00,28.0000,
T0007944,1,ACC-004,2,2.00,2.00,0.4000,
T0007944,2,FLO-002,1,40.00,40.00,16.0000,
T0007945,1,EDI-001,2,20.00,20.00,6.0000,
T0007945,2,FLO-003,1,70.00,70.00,28.0000,
T0007946,1,ACC-002,3,3.00,3.00,0.6000,
T0007946,2,VAP-002,1,40.00,32.00,15.6800,
T0007947,1,ACC-004,3,2.00,2.00,0.4000,
T0007948,1,FLO-001,2,35.00,35.00,14.0000,
T0007948,2,FLO-002,1,40.00,40.00,16.0000,
T0007949,1,PRE-003,1,18.00,18.00,6.0000,
T0007949,2,PRE-005,1,6.00,6.00,1.8000,
T0007950,1,FLO-001,2,35.00,35.00,14.0000,
T0007950,2,FLO-004,2,38.00,38.00,15.0000,
T0007950,3,PRE-004,1,35.00,35.00,12.0000,
T0007951,1,ACC-001,1,20.00,20.00,5.0000,
T0007952,1,PRE-005,1,6.00,6.00,1.8000,
T0007953,1,FLO-008,1,32.00,32.00,13.5000,
T0007953,2,FLO-001,1,35.00,35.00,14.0000,
T0007954,1,PRE-002,1,10.00,10.00,3.4000,
T0007955,1,FLO-005,3,38.00,38.00,15.5000,
T0007956,1,CON-003,1,30.00,30.00,13.4400,
T0007956,2,VAP-003,2,32.00,28.80,13.4400,
T0007956,3,PRE-001,2,10.00,10.00,3.2000,
T0007957,1,PRE-002,1,10.00,10.00,3.4000,
T0007957,2,VAP-002,1,40.00,40.00,15.6800,
T0007958,1,FLO-005,2,38.00,38.00,15.5000,
T0007958,2,FLO-001,1,35.00,31.50,14.0000,
T0007958,3,FLO-007,2,32.00,32.00,13.0000,
T0007959,1,ACC-002,3,3.00,3.00,0.6000,
T0007959,2,ACC-001,3,20.00,20.00,5.0000,
T0007959,3,PRE-004,1,35.00,35.00,12.0000,
T0007959,4,PRE-001,1,10.00,10.00,3.2000,
T0007960,1,FLO-007,1,32.00,32.00,13.0000,
T0007960,2,EDI-004,2,25.00,25.00,7.5000,
T0007961,1,PRE-003,2,18.00,18.00,6.0000,
T0007962,1,EDI-001,2,20.00,20.00,6.0000,
T0007963,1,EDI-004,1,25.00,25.00,7.5000,
T0007964,1,EDI-006,2,8.00,8.00,3.0000,
T0007964,2,PRE-003,2,18.00,18.00,6.0000,
T0007965,1,FLO-008,1,32.00,32.00,13.5000,
T0007965,2,CON-002,1,45.00,45.00,18.0000,
T0007965,3,VAP-005,2,28.00,25.20,9.0000,
T0007965,4,FLO-004,1,38.00,38.00,15.0000,
T0007966,1,FLO-004,3,38.00,34.20,15.0000,
T0007967,1,ACC-004,1,2.00,1.60,0.4000,
T0007967,2,PRE-004,2,35.00,35.00,12.0000,
T0007967,3,VAP-006,1,15.00,12.00,4.0000,
T0007967,4,VAP-003,2,32.00,32.00,13.4400,
T0007968,1,FLO-001,1,35.00,35.00,14.0000,
T0007968,2,ACC-004,1,2.00,2.00,0.4000,
T0007969,1,FLO-004,1,38.00,38.00,15.0000,
T0007969,2,PRE-001,1,10.00,9.00,3.2000,
T0007969,3,PRE-002,2,10.00,10.00,3.4000,
T0007969,4,VAP-005,1,28.00,28.00,9.0000,
T0007970,1,PRE-004,1,35.00,35.00,12.0000,
T0007970,2,PRE-002,1,10.00,10.00,3.4000,
T0007971,1,VAP-001,2,55.00,55.00,24.6400,
T0007972,1,FLO-004,1,38.00,38.00,15.0000,
T0007972,2,EDI-006,1,8.00,8.00,3.0000,
T0007972,3,FLO-007,1,32.00,32.00,13.0000,
T0007973,1,ACC-002,1,3.00,3.00,0.6000,
T0007973,2,FLO-001,1,35.00,35.00,14.0000,
T0007973,3,VAP-003,1,32.00,32.00,13.4400,
T0007973,4,EDI-001,3,20.00,20.00,6.0000,
T0007974,1,VAP-001,1,55.00,55.00,24.6400,
T0007975,1,EDI-001,1,20.00,20.00,6.0000,
T0007975,2,CON-003,3,30.00,30.00,13.4400,
T0007976,1,FLO-004,1,38.00,38.00,15.0000,
T0007976,2,EDI-003,1,20.00,20.00,6.5000,
T0007976,3,PRE-002,1,10.00,10.00,3.4000,
T0007977,1,FLO-001,1,35.00,35.00,14.0000,
T0007977,2,FLO-002,2,40.00,40.00,16.0000,
T0007978,1,FLO-002,1,40.00,40.00,16.0000,
T0007978,2,VAP-003,2,32.00,32.00,13.4400,
T0007979,1,EDI-001,2,20.00,20.00,6.0000,
T0007979,2,VAP-003,1,32.00,32.00,13.4400,
T0007979,3,VAP-005,1,28.00,22.40,9.0000,
T0007980,1,EDI-001,1,20.00,20.00,6.0000,
T0007981,1,FLO-001,1,35.00,35.00,14.0000,
T0007981,2,VAP-002,1,40.00,40.00,15.6800,
T0007981,3,PRE-002,1,10.00,10.00,3.4000,
T0007982,1,EDI-005,1,14.00,14.00,4.0000,
T0007982,2,VAP-001,1,55.00,55.00,24.6400,
T0007982,3,VAP-005,1,28.00,28.00,9.0000,
T0007983,1,PRE-001,1,10.00,10.00,3.2000,
T0007983,2,FLO-005,1,38.00,38.00,15.5000,
T0007984,1,FLO-002,1,40.00,40.00,16.0000,
T0007984,2,FLO-003,2,70.00,70.00,28.0000,
T0007985,1,CON-003,2,30.00,30.00,13.4400,
T0007986,1,EDI-001,1,20.00,20.00,6.0000,
T0007986,2,PRE-001,1,10.00,10.00,3.2000,
T0007987,1,VAP-005,1,28.00,28.00,9.0000,
T0007988,1,ACC-004,1,2.00,2.00,0.4000,
T0007988,2,PRE-005,2,6.00,6.00,1.8000,
T0007988,3,VAP-003,1,32.00,32.00,13.4400,
T0007989,1,VAP-005,1,28.00,28.00,9.0000,
T0007990,1,VAP-003,2,32.00,32.00,13.4400,
T0007991,1,VAP-002,1,40.00,36.00,15.6800,
T0007992,1,CON-004,1,55.00,55.00,24.6400,
T0007992,2,VAP-002,2,40.00,40.00,15.6800,
T0007993,1,PRE-001,1,10.00,10.00,3.2000,
T0007993,2,EDI-006,3,8.00,8.00,3.0000,
T0007994,1,FLO-001,1,35.00,35.00,14.0000,
T0007995,1,VAP-004,1,60.00,54.00,24.0000,
T0007996,1,FLO-005,1,38.00,38.00,15.5000,
T0007996,2,FLO-008,1,32.00,32.00,13.5000,
T0007997,1,PRE-004,1,35.00,35.00,12.0000,
T0007997,2,FLO-005,3,38.00,38.00,15.5000,
T0007997,3,ACC-002,1,3.00,3.00,0.6000,
T0007998,1,EDI-001,2,20.00,20.00,6.0000,
T0007999,1,VAP-002,1,40.00,36.00,15.6800,
T0008000,1,CON-002,1,45.00,45.00,18.0000,
T0008001,1,EDI-003,1,20.00,20.00,6.5000,
T0008001,2,PRE-005,1,6.00,6.00,1.8000,
T0008001,3,FLO-008,1,32.00,32.00,13.5000,
T0008001,4,PRE-002,1,10.00,10.00,3.4000,
T0008002,1,ACC-002,1,3.00,3.00,0.6000,
T0008002,2,EDI-003,2,20.00,20.00,6.5000,
T0008003,1,PRE-002,1,10.00,10.00,3.4000,
T0008003,2,EDI-003,1,20.00,20.00,6.5000,
T0008004,1,EDI-007,1,18.00,16.20,6.0000,
T0008005,1,EDI-007,2,18.00,18.00,6.0000,
T0008005,2,FLO-002,1,40.00,32.00,16.0000,
T0008005,3,EDI-001,2,20.00,16.00,6.0000,
T0008006,1,ACC-004,2,2.00,2.00,0.4000,
T0008007,1,FLO-004,2,38.00,38.00,15.0000,
T0008008,1,EDI-004,1,25.00,25.00,7.5000,
T0008008,2,PRE-001,1,10.00,10.00,3.2000,
T0008009,1,FLO-002,1,40.00,40.00,16.0000,
T0008009,2,FLO-007,1,32.00,28.80,13.0000,
T0008009,3,EDI-003,1,20.00,20.00,6.5000,
T0008009,4,VAP-006,1,15.00,15.00,4.0000,
T0008010,1,PRE-002,1,10.00,10.00,3.4000,
T0008011,1,FLO-004,1,38.00,38.00,15.0000,
T0008012,1,VAP-003,1,32.00,32.00,13.4400,
T0008013,1,FLO-007,1,32.00,25.60,13.0000,
T0008013,2,VAP-003,1,32.00,32.00,13.4400,
T0008014,1,FLO-004,1,38.00,38.00,15.0000,
T0008015,1,TOP-001,1,35.00,35.00,12.0000,
T0008016,1,EDI-003,3,20.00,20.00,6.5000,
T0008017,1,VAP-004,1,60.00,60.00,24.0000,
T0008018,1,FLO-005,1,38.00,38.00,15.5000,
T0008018,2,VAP-002,2,40.00,36.00,15.6800,
T0008019,1,PRE-001,1,10.00,10.00,3.2000,
T0008019,2,VAP-005,1,28.00,28.00,9.0000,
T0008020,1,EDI-004,2,25.00,25.00,7.5000,
T0008020,2,VAP-002,1,40.00,36.00,15.6800,
T0008020,3,EDI-006,1,8.00,8.00,3.0000,
T0008021,1,VAP-002,1,40.00,40.00,15.6800,
T0008022,1,VAP-005,1,28.00,28.00,9.0000,
T0008022,2,EDI-005,3,14.00,14.00,4.0000,
T0008022,3,PRE-005,1,6.00,6.00,1.8000,
T0008022,4,ACC-004,2,2.00,2.00,0.4000,
T0008023,1,EDI-001,1,20.00,20.00,6.0000,
T0008024,1,PRE-004,1,35.00,35.00,12.0000,
T0008024,2,FLO-007,1,32.00,28.80,13.0000,
T0008025,1,EDI-001,2,20.00,20.00,6.0000,
T0008026,1,FLO-002,1,40.00,40.00,16.0000,
T0008026,2,EDI-004,1,25.00,25.00,7.5000,
T0008026,3,EDI-002,1,22.00,22.00,7.0000,
T0008026,4,ACC-002,1,3.00,3.00,0.6000,
T0008027,1,TOP-002,1,24.00,24.00,9.0000,
T0008027,2,VAP-005,1,28.00,28.00,9.0000,
T0008027,3,EDI-004,1,25.00,22.50,7.5000,
T0008027,4,EDI-001,2,20.00,20.00,6.0000,
T0008028,1,CON-004,1,55.00,55.00,24.6400,
T0008028,2,ACC-002,2,3.00,3.00,0.6000,
T0008029,1,ACC-004,1,2.00,1.60,0.4000,
T0008029,2,ACC-002,1,3.00,3.00,0.6000,
T0008029,3,VAP-005,1,28.00,28.00,9.0000,
T0008030,1,ACC-004,1,2.00,2.00,0.4000,
T0008031,1,TIN-001,3,50.00,40.00,18.0000,
T0008031,2,ACC-004,1,2.00,2.00,0.4000,
T0008031,3,EDI-001,1,20.00,20.00,6.0000,
T0008032,1,PRE-001,1,10.00,10.00,3.2000,
T0008033,1,PRE-002,1,10.00,10.00,3.4000,
T0008033,2,ACC-002,1,3.00,3.00,0.6000,
T0008034,1,EDI-003,1,20.00,20.00,6.5000,
T0008034,2,FLO-002,1,40.00,40.00,16.0000,
T0008035,1,EDI-002,2,22.00,19.80,7.0000,
T0008036,1,PRE-002,1,10.00,10.00,3.4000,
T0008036,2,TOP-002,1,24.00,24.00,9.0000,
T0008037,1,PRE-004,1,35.00,35.00,12.0000,
T0008037,2,FLO-003,2,70.00,70.00,28.0000,
T0008038,1,ACC-002,2,3.00,3.00,0.6000,
T0008039,1,VAP-005,2,28.00,28.00,9.0000,
T0008040,1,FLO-004,2,38.00,38.00,15.0000,
T0008041,1,VAP-002,1,40.00,40.00,15.6800,
T0008041,2,EDI-004,1,25.00,25.00,7.5000,
T0008041,3,ACC-004,1,2.00,2.00,0.4000,
T0008042,1,PRE-005,1,6.00,6.00,1.8000,
T0008042,2,VAP-001,1,55.00,55.00,24.6400,
T0008043,1,EDI-003,1,20.00,20.00,6.5000,
T0008044,1,FLO-004,2,38.00,34.20,15.0000,
T0008045,1,VAP-001,1,55.00,55.00,24.6400,
T0008045,2,ACC-002,1,3.00,3.00,0.6000,
T0008045,3,PRE-005,1,6.00,6.00,1.8000,
T0008045,4,EDI-004,2,25.00,25.00,7.5000,
T0008046,1,ACC-002,1,3.00,3.00,0.6000,
T0008047,1,FLO-001,1,35.00,35.00,14.0000,
T0008048,1,ACC-002,1,3.00,3.00,0.6000,
T0008048,2,PRE-005,1,6.00,6.00,1.8000,
T0008049,1,PRE-001,1,10.00,10.00,3.2000,
T0008050,1,EDI-004,1,25.00,25.00,7.5000,
T0008051,1,EDI-003,1,20.00,20.00,6.5000,
T0008051,2,EDI-006,1,8.00,8.00,3.0000,
T0008052,1,PRE-005,1,6.00,6.00,1.8000,
T0008052,2,VAP-003,1,32.00,28.80,13.4400,
T0008053,1,ACC-002,2,3.00,3.00,0.6000,
T0008054,1,EDI-001,1,20.00,20.00,6.0000,
T0008054,3,PRE-004,1,35.00,35.00,12.0000,
T0008055,1,ACC-004,1,2.00,1.80,0.4000,
T0008056,1,PRE-004,2,35.00,35.00,12.0000,
T0008057,1,FLO-004,2,38.00,38.00,15.0000,
T0008058,1,VAP-003,2,32.00,32.00,13.4400,
T0008058,2,PRE-001,1,10.00,10.00,3.2000,
T0008059,1,FLO-002,1,40.00,40.00,16.0000,
T0008060,1,FLO-008,1,32.00,32.00,13.5000,
T0008061,1,FLO-003,1,70.00,70.00,28.0000,
T0008061,2,ACC-004,1,2.00,2.00,0.4000,
T0008062,1,TOP-002,1,24.00,24.00,9.0000,
T0008063,1,VAP-003,1,32.00,32.00,13.4400,
T0008063,2,FLO-004,1,38.00,38.00,15.0000,
T0008064,1,PRE-001,1,10.00,10.00,3.2000,
T0008064,2,FLO-005,1,38.00,38.00,15.5000,
T0008065,1,FLO-004,1,38.00,34.20,15.0000,
T0008066,1,PRE-005,1,6.00,6.00,1.8000,
T0008066,2,EDI-006,1,8.00,8.00,3.0000,
T0008066,3,FLO-001,1,35.00,35.00,14.0000,
T0008067,1,FLO-005,2,38.00,38.00,15.5000,
T0008068,1,EDI-002,1,22.00,22.00,7.0000,
T0008068,2,ACC-004,1,2.00,1.60,0.4000,
T0008068,3,VAP-006,3,15.00,15.00,4.0000,
T0008069,1,VAP-005,2,28.00,22.40,9.0000,
T0008069,2,PRE-001,2,10.00,10.00,3.2000,
T0008069,3,FLO-001,1,35.00,35.00,14.0000,
T0008069,4,EDI-004,1,25.00,20.00,7.5000,
T0008070,1,VAP-001,1,55.00,55.00,24.6400,
T0008071,1,VAP-002,1,40.00,40.00,15.6800,
T0008072,1,EDI-001,2,20.00,20.00,6.0000,
T0008073,1,EDI-005,1,14.00,14.00,4.0000,
T0008074,1,EDI-006,1,8.00,8.00,3.0000,
T0008075,1,EDI-004,1,25.00,25.00,7.5000,
T0008076,1,EDI-004,1,25.00,25.00,7.5000,
T0008076,2,PRE-001,1,10.00,10.00,3.2000,
T0008076,3,FLO-008,1,32.00,32.00,13.5000,
T0008077,1,EDI-002,3,22.00,22.00,7.0000,
T0008077,2,VAP-003,1,32.00,32.00,13.4400,
T0008078,1,EDI-001,1,20.00,20.00,6.0000,
T0008079,1,PRE-001,1,10.00,10.00,3.2000,
T0008080,1,ACC-002,1,3.00,3.00,0.6000,
T0008080,2,PRE-002,2,10.00,10.00,3.4000,
T0008080,3,FLO-004,1,38.00,38.00,15.0000,
T0008081,1,FLO-004,1,38.00,38.00,15.0000,
T0008081,2,VAP-001,1,55.00,55.00,24.6400,
T0008081,3,FLO-008,1,32.00,32.00,13.5000,
T0008082,1,FLO-002,2,40.00,40.00,16.0000,
T0008082,2,CON-001,3,75.00,75.00,32.0000,
T0008083,1,PRE-002,1,10.00,10.00,3.4000,
T0008084,1,ACC-002,1,3.00,3.00,0.6000,
T0008085,1,EDI-003,1,20.00,20.00,6.5000,
T0008086,1,ACC-002,1,3.00,3.00,0.6000,
T0008087,1,VAP-006,1,15.00,15.00,4.0000,
T0008088,1,VAP-002,3,40.00,40.00,15.6800,
T0008089,1,FLO-010,1,45.00,45.00,18.0000,
T0008089,2,ACC-002,1,3.00,3.00,0.6000,
T0008090,1,PRE-001,1,10.00,10.00,3.2000,
T0008090,2,VAP-001,1,55.00,49.50,24.6400,
T0008091,1,PRE-005,2,6.00,5.40,1.8000,
T0008091,2,EDI-002,1,22.00,22.00,7.0000,
T0008092,1,PRE-001,1,10.00,10.00,3.2000,
T0008093,1,FLO-010,1,45.00,45.00,18.0000,
T0008093,2,VAP-005,1,28.00,22.40,9.0000,
T0008094,1,EDI-007,2,18.00,18.00,6.0000,
T0008094,2,ACC-002,1,3.00,3.00,0.6000,
T0008095,1,PRE-003,1,18.00,18.00,6.0000,
T0008095,2,EDI-003,1,20.00,20.00,6.5000,
T0008095,3,PRE-002,1,10.00,10.00,3.4000,
T0008095,4,FLO-007,1,32.00,32.00,13.0000,
T0008096,1,PRE-001,1,10.00,10.00,3.2000,
T0008096,2,FLO-004,1,38.00,38.00,15.0000,
T0008096,3,PRE-002,1,10.00,10.00,3.4000,
T0008096,4,FLO-005,1,38.00,34.20,15.5000,
T0008097,1,FLO-002,1,40.00,40.00,16.0000,
T0008097,2,PRE-001,1,10.00,10.00,3.2000,
T0008097,3,PRE-004,1,35.00,35.00,12.0000,
T0008098,1,EDI-004,1,25.00,25.00,7.5000,
T0008098,2,TOP-001,1,35.00,35.00,12.0000,
T0008099,1,FLO-004,1,38.00,38.00,15.0000,
T0008100,1,FLO-007,1,32.00,32.00,13.0000,
T0008100,2,VAP-002,1,40.00,32.00,15.6800,
T0008101,1,PRE-005,1,6.00,6.00,1.8000,
T0008101,2,ACC-003,1,22.00,17.60,6.0000,
T0008102,1,FLO-002,1,40.00,40.00,16.0000,
T0008103,1,CON-004,1,55.00,55.00,24.6400,
T0008103,2,VAP-002,1,40.00,32.00,15.6800,
T0008103,3,FLO-001,1,35.00,35.00,14.0000,
T0008104,1,TIN-001,3,50.00,50.00,18.0000,
T0008104,2,VAP-003,1,32.00,32.00,13.4400,
T0008104,3,FLO-001,1,35.00,35.00,14.0000,
T0008104,4,FLO-002,1,40.00,40.00,16.0000,
T0008105,1,VAP-002,2,40.00,40.00,15.6800,
T0008106,1,VAP-002,1,40.00,40.00,15.6800,
T0008106,2,EDI-003,1,20.00,20.00,6.5000,
T0008106,3,VAP-001,1,55.00,55.00,24.6400,
T0008107,1,ACC-002,1,3.00,3.00,0.6000,
T0008107,2,EDI-001,1,20.00,20.00,6.0000,
T0008108,1,EDI-003,1,20.00,20.00,6.5000,
T0008109,1,EDI-005,1,14.00,12.60,4.0000,
T0008110,1,VAP-003,1,32.00,32.00,13.4400,
T0008110,2,FLO-010,3,45.00,45.00,18.0000,
T0008110,3,EDI-004,1,25.00,25.00,7.5000,
T0008111,1,PRE-001,1,10.00,10.00,3.2000,
T0008112,1,VAP-006,1,15.00,12.00,4.0000,
T0008113,1,PRE-003,1,18.00,18.00,6.0000,
T0008113,2,FLO-004,2,38.00,38.00,15.0000,
T0008114,1,VAP-002,2,40.00,40.00,15.6800,
T0008114,2,FLO-004,1,38.00,38.00,15.0000,
T0008114,3,FLO-010,1,45.00,45.00,18.0000,
T0008114,4,EDI-002,1,22.00,22.00,7.0000,
T0008114,5,EDI-003,1,20.00,20.00,6.5000,
T0008115,1,VAP-002,1,40.00,40.00,15.6800,
T0008116,1,FLO-005,1,38.00,38.00,15.5000,
T0008116,2,VAP-002,3,40.00,40.00,15.6800,
T0008116,3,FLO-002,2,40.00,40.00,16.0000,
T0008116,4,FLO-008,1,32.00,32.00,13.5000,
T0008117,1,VAP-006,1,15.00,13.50,4.0000,
T0008117,2,PRE-002,1,10.00,10.00,3.4000,
T0008118,1,PRE-001,1,10.00,9.00,3.2000,
T0008118,2,EDI-004,2,25.00,25.00,7.5000,
T0008118,3,VAP-001,1,55.00,55.00,24.6400,
T0008119,1,VAP-006,1,15.00,12.00,4.0000,
T0008119,2,FLO-008,1,32.00,25.60,13.5000,
T0008119,3,EDI-001,1,20.00,20.00,6.0000,
T0008119,4,FLO-004,2,38.00,30.40,15.0000,
T0008120,1,FLO-002,2,40.00,40.00,16.0000,
T0008121,1,EDI-002,1,22.00,22.00,7.0000,
T0008122,1,FLO-005,1,38.00,34.20,15.5000,
T0008123,1,PRE-001,1,10.00,10.00,3.2000,
T0008123,3,ACC-004,1,2.00,2.00,0.4000,
T0008124,1,FLO-005,1,38.00,38.00,15.5000,
T0008124,2,TOP-002,2,24.00,24.00,9.0000,
T0008124,3,EDI-001,2,20.00,20.00,6.0000,
T0008125,1,TOP-001,1,35.00,31.50,12.0000,
T0008126,1,ACC-004,1,2.00,2.00,0.4000,
T0008126,2,VAP-003,1,32.00,32.00,13.4400,
T0008126,3,CON-001,1,75.00,75.00,32.0000,
T0008127,1,VAP-001,2,55.00,55.00,24.6400,
T0008128,1,ACC-002,1,3.00,3.00,0.6000,
T0008128,2,CON-004,1,55.00,55.00,24.6400,
T0008129,1,FLO-007,1,32.00,32.00,13.0000,
T0008129,2,CON-001,1,75.00,75.00,32.0000,
T0008130,1,CON-002,1,45.00,45.00,18.0000,
T0008130,2,EDI-004,1,25.00,25.00,7.5000,
T0008130,3,PRE-005,1,6.00,6.00,1.8000,
T0008130,4,VAP-003,1,32.00,32.00,13.4400,
T0008131,1,VAP-002,2,40.00,40.00,15.6800,
T0008132,1,VAP-005,1,28.00,28.00,9.0000,
T0008133,1,EDI-004,1,25.00,25.00,7.5000,
T0008134,1,VAP-003,1,32.00,32.00,13.4400,
T0008134,2,ACC-004,1,2.00,1.60,0.4000,
T0008134,3,PRE-004,1,35.00,28.00,12.0000,
T0008135,1,VAP-001,2,55.00,55.00,24.6400,
T0008136,1,ACC-005,1,12.00,12.00,2.5000,
T0008136,2,PRE-002,2,10.00,10.00,3.4000,
T0008137,1,EDI-002,1,22.00,22.00,7.0000,
T0008138,1,EDI-001,1,20.00,20.00,6.0000,
T0008138,2,VAP-002,2,40.00,40.00,15.6800,
T0008139,1,FLO-001,2,35.00,35.00,14.0000,
T0008139,2,FLO-003,1,70.00,70.00,28.0000,
T0008140,1,PRE-005,1,6.00,6.00,1.8000,
T0008141,1,EDI-001,1,20.00,20.00,6.0000,
T0008141,2,CON-004,1,55.00,55.00,24.6400,
T0008142,1,ACC-004,1,2.00,2.00,0.4000,
T0008142,2,EDI-007,1,18.00,18.00,6.0000,
T0008142,3,PRE-005,1,6.00,6.00,1.8000,
T0008142,4,FLO-004,1,38.00,38.00,15.0000,
T0008143,1,CON-004,2,55.00,55.00,24.6400,
T0008143,2,EDI-001,1,20.00,20.00,6.0000,
T0008144,1,ACC-004,1,2.00,2.00,0.4000,
T0008144,2,VAP-004,1,60.00,60.00,24.0000,
T0008145,1,FLO-004,1,38.00,38.00,15.0000,
T0008146,1,ACC-002,1,3.00,3.00,0.6000,
T0008147,1,VAP-001,2,55.00,55.00,24.6400,
T0008147,2,PRE-003,1,18.00,18.00,6.0000,
T0008148,1,PRE-001,2,10.00,10.00,3.2000,
T0008149,1,EDI-001,1,20.00,20.00,6.0000,
T0008149,2,FLO-001,3,35.00,35.00,14.0000,
T0008150,1,ACC-002,1,3.00,3.00,0.6000,
T0008150,2,PRE-002,1,10.00,10.00,3.4000,
T0008151,1,VAP-003,1,32.00,32.00,13.4400,
T0008151,2,ACC-002,1,3.00,3.00,0.6000,
T0008152,1,PRE-002,1,10.00,10.00,3.4000,
T0008152,2,PRE-004,1,35.00,35.00,12.0000,
T0008152,3,CON-004,1,55.00,55.00,24.6400,
T0008152,4,EDI-005,1,14.00,14.00,4.0000,
T0008153,1,CON-002,2,45.00,36.00,18.0000,
T0008153,2,PRE-005,3,6.00,6.00,1.8000,
T0008154,1,PRE-005,2,6.00,6.00,1.8000,
T0008154,2,FLO-008,1,32.00,32.00,13.5000,
T0008155,1,VAP-006,1,15.00,15.00,4.0000,
T0008156,1,EDI-006,1,8.00,8.00,3.0000,
T0008156,2,FLO-008,1,32.00,32.00,13.5000,
T0008156,3,PRE-003,2,18.00,18.00,6.0000,
T0008157,1,FLO-003,3,70.00,70.00,28.0000,
T0008157,2,VAP-005,2,28.00,28.00,9.0000,
T0008157,3,PRE-004,1,35.00,35.00,12.0000,
T0008157,4,EDI-004,1,25.00,25.00,7.5000,
T0008158,1,VAP-001,1,55.00,55.00,24.6400,
T0008158,2,PRE-005,1,6.00,5.40,1.8000,
T0008158,3,FLO-002,1,40.00,40.00,16.0000,
T0008159,1,FLO-001,1,35.00,28.00,14.0000,
T0008159,2,VAP-003,1,32.00,32.00,13.4400,
T0008160,1,VAP-003,1,32.00,32.00,13.4400,
T0008160,2,PRE-001,1,10.00,10.00,3.2000,
T0008161,1,FLO-003,1,70.00,70.00,28.0000,
T0008162,1,FLO-003,1,70.00,70.00,28.0000,
T0008163,1,EDI-006,1,8.00,8.00,3.0000,
T0008163,2,VAP-005,1,28.00,28.00,9.0000,
T0008164,1,FLO-006,1,120.00,120.00,52.0000,
T0008164,2,PRE-004,1,35.00,35.00,12.0000,
T0008164,3,FLO-010,1,45.00,40.50,18.0000,
T0008164,4,EDI-006,1,8.00,8.00,3.0000,
T0008164,5,EDI-001,2,20.00,20.00,6.0000,
T0008165,1,EDI-004,1,25.00,22.50,7.5000,
T0008165,2,ACC-001,2,20.00,20.00,5.0000,
T0008165,3,FLO-002,1,40.00,40.00,16.0000,
T0008166,1,TIN-001,3,50.00,50.00,18.0000,
T0008166,2,EDI-006,2,8.00,8.00,3.0000,
T0008166,3,PRE-002,2,10.00,10.00,3.4000,
T0008166,4,FLO-007,2,32.00,32.00,13.0000,
T0008167,1,VAP-005,1,28.00,28.00,9.0000,
T0008167,2,TOP-001,1,35.00,35.00,12.0000,
T0008167,3,ACC-004,1,2.00,2.00,0.4000,
T0008168,1,VAP-003,1,32.00,32.00,13.4400,
T0008168,2,CON-003,1,30.00,30.00,13.4400,
T0008168,3,EDI-003,1,20.00,20.00,6.5000,
T0008169,1,PRE-002,1,10.00,10.00,3.4000,
T0008170,1,FLO-001,2,35.00,35.00,14.0000,
T0008170,2,FLO-010,1,45.00,45.00,18.0000,
T0008170,3,PRE-001,1,10.00,9.00,3.2000,
T0008171,1,VAP-002,1,40.00,40.00,15.6800,
T0008171,2,FLO-007,1,32.00,32.00,13.0000,
T0008171,3,ACC-004,1,2.00,2.00,0.4000,
T0008171,4,PRE-005,1,6.00,6.00,1.8000,
T0008171,5,FLO-008,3,32.00,32.00,13.5000,
T0008172,1,FLO-001,1,35.00,35.00,14.0000,
T0008172,2,FLO-002,3,40.00,40.00,16.0000,
T0008173,1,EDI-004,3,25.00,25.00,7.5000,
T0008173,2,ACC-003,1,22.00,22.00,6.0000,
T0008174,1,PRE-002,1,10.00,10.00,3.4000,
T0008174,2,VAP-004,2,60.00,60.00,24.0000,
T0008174,3,FLO-001,1,35.00,35.00,14.0000,
T0008175,1,FLO-008,1,32.00,32.00,13.5000,
T0008175,2,ACC-002,1,3.00,3.00,0.6000,
T0008175,4,VAP-003,3,32.00,32.00,13.4400,
T0008176,1,FLO-008,1,32.00,32.00,13.5000,
T0008177,1,VAP-001,1,55.00,55.00,24.6400,
T0008178,1,VAP-002,1,40.00,36.00,15.6800,
T0008178,2,FLO-004,1,38.00,38.00,15.0000,
T0008178,3,EDI-001,1,20.00,20.00,6.0000,
T0008179,1,EDI-007,1,18.00,18.00,6.0000,
T0008180,1,PRE-001,2,10.00,10.00,3.2000,
T0008180,2,FLO-001,1,35.00,28.00,14.0000,
T0008181,1,VAP-001,1,55.00,55.00,24.6400,
T0008182,1,PRE-005,1,6.00,4.80,1.8000,
T0008182,3,EDI-001,3,20.00,20.00,6.0000,
T0008183,1,EDI-004,1,25.00,25.00,7.5000,
T0008184,1,ACC-004,1,2.00,2.00,0.4000,
T0008185,1,FLO-005,1,38.00,38.00,15.5000,
T0008185,2,EDI-001,1,20.00,20.00,6.0000,
T0008185,3,FLO-001,2,35.00,35.00,14.0000,
T0008185,4,ACC-004,1,2.00,2.00,0.4000,
T0008185,5,PRE-001,1,10.00,10.00,3.2000,
T0008186,1,ACC-004,1,2.00,2.00,0.4000,
T0008186,2,FLO-005,1,38.00,38.00,15.5000,
T0008187,1,EDI-003,1,20.00,20.00,6.5000,
T0008187,2,EDI-005,1,14.00,14.00,4.0000,
T0008187,3,FLO-007,2,32.00,28.80,13.0000,
T0008187,4,VAP-003,1,32.00,32.00,13.4400,
T0008188,1,VAP-003,1,32.00,32.00,13.4400,
T0008188,2,FLO-007,1,32.00,32.00,13.0000,
T0008189,1,ACC-002,2,3.00,3.00,0.6000,
T0008189,2,EDI-007,1,18.00,18.00,6.0000,
T0008190,1,PRE-002,1,10.00,10.00,3.4000,
T0008191,1,CON-002,1,45.00,45.00,18.0000,
T0008192,1,VAP-005,3,28.00,28.00,9.0000,
T0008192,2,PRE-005,1,6.00,6.00,1.8000,
T0008193,1,PRE-001,1,10.00,10.00,3.2000,
T0008194,1,EDI-004,3,25.00,25.00,7.5000,
T0008194,2,TIN-001,1,50.00,50.00,18.0000,
T0008194,3,FLO-007,1,32.00,32.00,13.0000,
T0008194,4,FLO-009,1,210.00,210.00,95.0000,
T0008194,5,VAP-002,1,40.00,40.00,15.6800,
T0008195,1,VAP-006,2,15.00,15.00,4.0000,
T0008196,1,PRE-001,1,10.00,8.00,3.2000,
T0008197,1,PRE-001,2,10.00,10.00,3.2000,
T0008197,2,VAP-006,3,15.00,15.00,4.0000,
T0008197,3,FLO-004,1,38.00,38.00,15.0000,
T0008197,4,VAP-003,1,32.00,32.00,13.4400,
T0008198,1,EDI-001,1,20.00,20.00,6.0000,
T0008198,2,VAP-005,1,28.00,28.00,9.0000,
T0008198,3,TIN-001,1,50.00,45.00,18.0000,
T0008198,4,EDI-006,2,8.00,8.00,3.0000,
T0008199,1,VAP-001,1,55.00,44.00,24.6400,
T0008200,1,ACC-004,3,2.00,2.00,0.4000,
T0008200,2,FLO-010,1,45.00,45.00,18.0000,
T0008201,1,FLO-001,1,35.00,35.00,14.0000,
T0008202,1,ACC-004,1,2.00,2.00,0.4000,
T0008202,2,PRE-005,1,6.00,6.00,1.8000,
T0008203,1,EDI-005,1,14.00,14.00,4.0000,
T0008203,2,FLO-007,1,32.00,32.00,13.0000,
T0008203,3,FLO-001,1,35.00,35.00,14.0000,
T0008203,4,VAP-002,1,40.00,40.00,15.6800,
T0008203,5,FLO-002,1,40.00,40.00,16.0000,
T0008204,1,FLO-008,1,32.00,32.00,13.5000,
T0008205,1,EDI-004,1,25.00,25.00,7.5000,
T0008205,2,ACC-003,1,22.00,22.00,6.0000,
T0008206,1,PRE-002,2,10.00,10.00,3.4000,
T0008206,2,FLO-007,1,32.00,32.00,13.0000,
T0008207,1,VAP-001,3,55.00,44.00,24.6400,
T0008208,1,VAP-001,3,55.00,55.00,24.6400,
T0008208,2,EDI-006,1,8.00,8.00,3.0000,
T0008209,1,FLO-005,1,38.00,38.00,15.5000,
T0008209,2,EDI-002,1,22.00,22.00,7.0000,
T0008210,1,VAP-004,2,60.00,48.00,24.0000,
T0008211,1,FLO-001,3,35.00,35.00,14.0000,
T0008211,2,EDI-006,1,8.00,8.00,3.0000,
T0008212,1,EDI-007,2,18.00,14.40,6.0000,
T0008212,2,CON-003,1,30.00,30.00,13.4400,
T0008213,1,EDI-004,1,25.00,25.00,7.5000,
T0008213,2,EDI-003,1,20.00,20.00,6.5000,
T0008213,3,VAP-006,1,15.00,15.00,4.0000,
T0008214,1,PRE-002,1,10.00,10.00,3.4000,
T0008214,2,CON-001,1,75.00,75.00,32.0000,
T0008215,1,EDI-006,2,8.00,7.20,3.0000,
T0008215,2,FLO-002,1,40.00,40.00,16.0000,
T0008216,1,PRE-002,1,10.00,10.00,3.4000,
T0008216,2,VAP-003,1,32.00,32.00,13.4400,
T0008217,1,PRE-001,1,10.00,10.00,3.2000,
T0008217,2,ACC-002,1,3.00,3.00,0.6000,
T0008217,3,FLO-003,2,70.00,70.00,28.0000,
T0008218,1,PRE-005,1,6.00,5.40,1.8000,
T0008219,1,EDI-004,1,25.00,25.00,7.5000,
T0008219,2,FLO-005,1,38.00,38.00,15.5000,
T0008220,1,PRE-001,1,10.00,9.00,3.2000,
T0008221,1,EDI-006,1,8.00,8.00,3.0000,
T0008222,1,FLO-004,1,38.00,38.00,15.0000,
T0008223,1,EDI-001,3,20.00,20.00,6.0000,
T0008223,2,PRE-002,1,10.00,10.00,3.4000,
T0008224,1,VAP-005,1,28.00,28.00,9.0000,
T0008224,2,EDI-004,1,25.00,20.00,7.5000,
T0008224,3,FLO-004,1,38.00,38.00,15.0000,
T0008224,4,VAP-003,1,32.00,32.00,13.4400,
T0008225,1,FLO-007,1,32.00,32.00,13.0000,
T0008225,2,ACC-001,1,20.00,20.00,5.0000,
T0008226,1,PRE-002,1,10.00,10.00,3.4000,
T0008226,2,EDI-002,2,22.00,17.60,7.0000,
T0008226,3,VAP-002,1,40.00,40.00,15.6800,
T0008226,4,EDI-004,1,25.00,25.00,7.5000,
T0008227,1,ACC-004,1,2.00,2.00,0.4000,
T0008227,2,VAP-002,1,40.00,40.00,15.6800,
T0008227,3,ACC-002,3,3.00,3.00,0.6000,
T0008228,1,FLO-008,1,32.00,32.00,13.5000,
T0008229,1,FLO-008,1,32.00,32.00,13.5000,
T0008230,1,VAP-005,2,28.00,28.00,9.0000,
T0008230,2,EDI-007,2,18.00,18.00,6.0000,
T0008230,3,PRE-003,1,18.00,18.00,6.0000,
T0008231,1,PRE-005,1,6.00,6.00,1.8000,
T0008231,2,EDI-005,2,14.00,14.00,4.0000,
T0008231,3,VAP-005,1,28.00,28.00,9.0000,
T0008232,1,FLO-007,2,32.00,25.60,13.0000,
T0008232,2,EDI-002,3,22.00,22.00,7.0000,
T0008233,1,PRE-001,1,10.00,10.00,3.2000,
T0008233,2,VAP-004,1,60.00,60.00,24.0000,
T0008234,1,FLO-008,1,32.00,32.00,13.5000,
T0008234,2,CON-002,1,45.00,45.00,18.0000,
T0008234,3,CON-004,1,55.00,55.00,24.6400,
T0008235,1,EDI-003,3,20.00,20.00,6.5000,
T0008235,2,FLO-002,1,40.00,40.00,16.0000,
T0008236,1,EDI-007,1,18.00,18.00,6.0000,
T0008237,1,FLO-005,1,38.00,38.00,15.5000,
T0008238,1,FLO-002,1,40.00,40.00,16.0000,
T0008238,2,PRE-001,1,10.00,10.00,3.2000,
T0008238,3,EDI-003,2,20.00,20.00,6.5000,
T0008239,1,ACC-004,1,2.00,2.00,0.4000,
T0008239,2,CON-004,1,55.00,55.00,24.6400,
T0008239,3,PRE-005,1,6.00,6.00,1.8000,
T0008239,4,FLO-004,1,38.00,38.00,15.0000,
T0008240,1,VAP-001,1,55.00,55.00,24.6400,
T0008240,2,EDI-006,1,8.00,8.00,3.0000,
T0008240,4,EDI-004,1,25.00,25.00,7.5000,
T0008241,1,EDI-003,1,20.00,20.00,6.5000,
T0008241,2,PRE-002,1,10.00,10.00,3.4000,
T0008241,3,EDI-006,1,8.00,8.00,3.0000,
T0008242,1,FLO-005,1,38.00,38.00,15.5000,
T0008242,2,EDI-001,1,20.00,18.00,6.0000,
T0008242,3,FLO-001,1,35.00,35.00,14.0000,
T0008242,4,PRE-002,1,10.00,10.00,3.4000,
T0008242,5,VAP-003,1,32.00,32.00,13.4400,
T0008243,1,EDI-003,2,20.00,20.00,6.5000,
T0008243,2,VAP-002,2,40.00,40.00,15.6800,
T0008243,3,PRE-001,1,10.00,10.00,3.2000,
T0008243,4,TIN-001,1,50.00,45.00,18.0000,
T0008244,1,PRE-005,1,6.00,5.40,1.8000,
T0008245,1,VAP-006,2,15.00,15.00,4.0000,
T0008246,1,EDI-004,1,25.00,25.00,7.5000,
T0008246,2,PRE-002,1,10.00,10.00,3.4000,
T0008246,3,ACC-003,1,22.00,22.00,6.0000,
T0008247,1,PRE-001,1,10.00,10.00,3.2000,
T0008247,2,ACC-001,2,20.00,20.00,5.0000,
T0008247,3,PRE-003,1,18.00,18.00,6.0000,
T0008248,1,VAP-002,1,40.00,36.00,15.6800,
T0008249,1,FLO-004,2,38.00,38.00,15.0000,
T0008250,1,VAP-002,1,40.00,40.00,15.6800,
T0008250,2,FLO-005,1,38.00,38.00,15.5000,
T0008251,1,ACC-004,1,2.00,2.00,0.4000,
T0008251,2,FLO-005,1,38.00,38.00,15.5000,
T0008252,1,EDI-004,1,25.00,25.00,7.5000,
T0008253,1,PRE-001,1,10.00,10.00,3.2000,
T0008253,2,ACC-002,1,3.00,3.00,0.6000,
T0008254,1,ACC-004,2,2.00,2.00,0.4000,
T0008255,1,EDI-004,1,25.00,20.00,7.5000,
T0008255,2,FLO-004,1,38.00,38.00,15.0000,
T0008256,1,FLO-008,1,32.00,28.80,13.5000,
T0008257,1,PRE-005,2,6.00,6.00,1.8000,
T0008258,1,FLO-001,1,35.00,31.50,14.0000,
T0008258,2,VAP-002,1,40.00,40.00,15.6800,
T0008259,1,CON-004,1,55.00,55.00,24.6400,
T0008259,2,TOP-002,1,24.00,24.00,9.0000,
T0008260,1,FLO-005,1,38.00,34.20,15.5000,
T0008260,2,EDI-001,1,20.00,20.00,6.0000,
T0008261,1,PRE-005,2,6.00,6.00,1.8000,
T0008261,2,ACC-002,1,3.00,3.00,0.6000,
T0008262,1,VAP-003,1,32.00,32.00,13.4400,
T0008262,2,ACC-002,1,3.00,3.00,0.6000,
T0008263,1,VAP-005,1,28.00,28.00,9.0000,
T0008263,2,VAP-004,1,60.00,60.00,24.0000,
T0008264,1,EDI-006,1,8.00,8.00,3.0000,
T0008264,2,FLO-001,1,35.00,35.00,14.0000,
T0008264,3,EDI-001,1,20.00,20.00,6.0000,
T0008264,4,FLO-004,1,38.00,34.20,15.0000,
T0008265,1,FLO-001,1,35.00,35.00,14.0000,
T0008265,2,PRE-005,1,6.00,5.40,1.8000,
T0008265,3,VAP-001,1,55.00,55.00,24.6400,
T0008266,1,VAP-001,1,55.00,55.00,24.6400,
T0008266,2,FLO-003,2,70.00,70.00,28.0000,
T0008266,3,CON-002,1,45.00,45.00,18.0000,
T0008266,4,FLO-001,1,35.00,35.00,14.0000,
T0008267,1,FLO-001,1,35.00,35.00,14.0000,
T0008267,2,ACC-002,1,3.00,3.00,0.6000,
T0008267,3,EDI-003,1,20.00,20.00,6.5000,
T0008267,4,EDI-007,1,18.00,18.00,6.0000,
T0008268,1,FLO-005,1,38.00,38.00,15.5000,
T0008268,2,VAP-005,1,28.00,28.00,9.0000,
T0008269,1,FLO-008,2,32.00,25.60,13.5000,
T0008270,1,VAP-001,1,55.00,55.00,24.6400,
T0008271,1,ACC-004,1,2.00,1.60,0.4000,
T0008272,1,FLO-004,1,38.00,38.00,15.0000,
T0008273,1,PRE-005,1,6.00,5.40,1.8000,
T0008274,1,EDI-001,1,20.00,15.00,6.0000,Gummies BOGO 50
T0008274,3,VAP-003,1,32.00,32.00,13.4400,
T0008275,1,VAP-001,1,55.00,55.00,24.6400,
T0008275,2,EDI-001,1,20.00,15.00,6.0000,Gummies BOGO 50
T0008276,1,FLO-008,2,32.00,32.00,13.5000,
T0008276,2,VAP-002,1,40.00,40.00,15.6800,
T0008277,1,EDI-004,1,25.00,18.75,7.5000,Gummies BOGO 50
T0008277,2,VAP-001,1,55.00,49.50,24.6400,
T0008277,3,FLO-002,1,40.00,40.00,16.0000,
T0008277,4,FLO-001,2,35.00,31.50,14.0000,
T0008278,1,PRE-001,2,10.00,10.00,3.2000,
T0008279,1,FLO-003,1,70.00,63.00,28.0000,
T0008279,2,VAP-002,1,40.00,40.00,15.6800,
T0008280,1,PRE-005,2,6.00,6.00,1.8000,
T0008280,2,EDI-006,1,8.00,8.00,3.0000,
T0008281,1,EDI-004,1,25.00,18.75,7.5000,Gummies BOGO 50
T0008281,2,EDI-006,1,8.00,8.00,3.0000,
T0008282,1,EDI-001,1,20.00,15.00,6.0000,Gummies BOGO 50
T0008282,2,FLO-002,2,40.00,40.00,16.0000,
T0008283,1,CON-001,2,75.00,75.00,32.0000,
T0008283,2,TIN-001,1,50.00,50.00,18.0000,
T0008283,3,FLO-002,1,40.00,40.00,16.0000,
T0008284,1,VAP-002,1,40.00,40.00,15.6800,
T0008284,2,PRE-001,1,10.00,10.00,3.2000,
T0008285,1,VAP-002,1,40.00,40.00,15.6800,
T0008286,1,EDI-001,1,20.00,15.00,6.0000,Gummies BOGO 50
T0008287,1,FLO-007,1,32.00,32.00,13.0000,
T0008288,1,PRE-001,2,10.00,10.00,3.2000,
T0008288,2,VAP-002,2,40.00,40.00,15.6800,
T0008289,1,FLO-001,1,35.00,35.00,14.0000,
T0008290,1,EDI-002,1,22.00,22.00,7.0000,
T0008290,2,VAP-002,1,40.00,40.00,15.6800,
T0008291,1,PRE-001,2,10.00,10.00,3.2000,
T0008291,2,FLO-006,2,120.00,120.00,52.0000,
T0008291,3,PRE-003,3,18.00,18.00,6.0000,
T0008292,1,EDI-001,1,20.00,15.00,6.0000,Gummies BOGO 50
T0008293,1,PRE-001,2,10.00,9.00,3.2000,
T0008293,2,VAP-002,2,40.00,40.00,15.6800,
T0008293,3,VAP-003,1,32.00,28.80,13.4400,
T0008294,1,EDI-001,2,20.00,15.00,6.0000,Gummies BOGO 50
T0008294,2,FLO-003,1,70.00,70.00,28.0000,
T0008294,3,CON-001,2,75.00,75.00,32.0000,
T0008295,1,EDI-001,1,20.00,15.00,6.0000,Gummies BOGO 50
T0008296,1,ACC-004,1,2.00,2.00,0.4000,
T0008296,2,FLO-007,1,32.00,32.00,13.0000,
T0008297,1,FLO-007,1,32.00,32.00,13.0000,
T0008298,1,PRE-001,2,10.00,10.00,3.2000,
T0008298,2,CON-002,1,45.00,45.00,18.0000,
T0008298,3,CON-003,1,30.00,30.00,13.4400,
T0008298,4,PRE-005,1,6.00,6.00,1.8000,
T0008299,1,PRE-002,2,10.00,10.00,3.4000,
T0008300,1,FLO-001,1,35.00,35.00,14.0000,
T0008301,1,EDI-001,1,20.00,15.00,6.0000,Gummies BOGO 50
T0008301,3,EDI-002,1,22.00,22.00,7.0000,
T0008301,4,FLO-002,1,40.00,40.00,16.0000,
T0008302,1,PRE-002,1,10.00,10.00,3.4000,
T0008302,2,FLO-008,2,32.00,25.60,13.5000,
T0008303,1,EDI-001,1,20.00,15.00,6.0000,Gummies BOGO 50
T0008303,2,FLO-005,1,38.00,38.00,15.5000,
T0008304,1,EDI-004,1,25.00,18.75,7.5000,Gummies BOGO 50
T0008305,1,VAP-001,1,55.00,55.00,24.6400,
T0008306,1,ACC-004,1,2.00,2.00,0.4000,
T0008307,1,EDI-004,3,25.00,18.75,7.5000,Gummies BOGO 50
T0008307,2,PRE-002,1,10.00,10.00,3.4000,
T0008308,1,ACC-002,1,3.00,2.70,0.6000,
T0008308,2,FLO-005,1,38.00,34.20,15.5000,
T0008308,3,ACC-001,1,20.00,20.00,5.0000,
T0008308,4,EDI-006,1,8.00,8.00,3.0000,
T0008309,1,VAP-001,1,55.00,55.00,24.6400,
T0008310,1,EDI-001,1,20.00,15.00,6.0000,Gummies BOGO 50
T0008311,1,CON-003,1,30.00,30.00,13.4400,
T0008311,2,CON-002,2,45.00,45.00,18.0000,
T0008312,1,PRE-002,3,10.00,10.00,3.4000,
T0008312,2,FLO-005,1,38.00,38.00,15.5000,
T0008312,3,PRE-005,1,6.00,6.00,1.8000,
T0008313,1,EDI-001,1,20.00,15.00,6.0000,Gummies BOGO 50
T0008314,1,ACC-002,1,3.00,3.00,0.6000,
T0008314,2,EDI-001,1,20.00,15.00,6.0000,Gummies BOGO 50
T0008315,1,VAP-002,1,40.00,40.00,15.6800,
T0008316,1,PRE-001,1,10.00,10.00,3.2000,
T0008316,2,EDI-004,1,25.00,18.75,7.5000,Gummies BOGO 50
T0008317,1,EDI-001,1,20.00,15.00,6.0000,Gummies BOGO 50
T0008317,2,PRE-004,1,35.00,35.00,12.0000,
T0008317,3,EDI-004,1,25.00,18.75,7.5000,Gummies BOGO 50
T0008318,1,FLO-005,1,38.00,38.00,15.5000,
T0008319,1,PRE-002,1,10.00,10.00,3.4000,
T0008319,2,EDI-001,2,20.00,15.00,6.0000,Gummies BOGO 50
T0008320,1,VAP-003,1,32.00,32.00,13.4400,
T0008320,2,VAP-002,1,40.00,40.00,15.6800,
T0008320,3,FLO-001,1,35.00,35.00,14.0000,
T0008320,4,ACC-004,1,2.00,2.00,0.4000,
T0008321,1,EDI-004,1,25.00,18.75,7.5000,Gummies BOGO 50
T0008321,2,VAP-003,1,32.00,32.00,13.4400,
T0008322,1,PRE-005,1,6.00,6.00,1.8000,
T0008323,1,VAP-002,3,40.00,40.00,15.6800,
T0008323,2,ACC-001,1,20.00,20.00,5.0000,
T0008324,1,EDI-003,1,20.00,20.00,6.5000,
T0008325,1,PRE-001,1,10.00,10.00,3.2000,
T0008326,1,ACC-004,2,2.00,2.00,0.4000,
T0008326,2,VAP-003,1,32.00,32.00,13.4400,
T0008327,1,PRE-001,2,10.00,10.00,3.2000,
T0008327,2,FLO-001,1,35.00,35.00,14.0000,
T0008328,1,EDI-006,1,8.00,8.00,3.0000,
T0008328,2,CON-001,1,75.00,75.00,32.0000,
T0008329,1,EDI-004,2,25.00,18.75,7.5000,Gummies BOGO 50
T0008329,2,EDI-007,1,18.00,18.00,6.0000,
T0008329,3,FLO-001,1,35.00,35.00,14.0000,
T0008329,4,VAP-003,1,32.00,32.00,13.4400,
T0008330,1,VAP-006,2,15.00,12.00,4.0000,
T0008331,1,PRE-005,1,6.00,6.00,1.8000,
T0008331,2,FLO-007,1,32.00,32.00,13.0000,
T0008331,3,PRE-003,1,18.00,18.00,6.0000,
T0008331,4,EDI-005,1,14.00,14.00,4.0000,
T0008332,1,VAP-004,1,60.00,60.00,24.0000,
T0008333,1,PRE-004,1,35.00,35.00,12.0000,
T0008334,1,EDI-006,1,8.00,8.00,3.0000,
T0008335,1,PRE-001,1,10.00,10.00,3.2000,
T0008336,1,EDI-001,1,20.00,15.00,6.0000,Gummies BOGO 50
T0008336,2,FLO-005,1,38.00,38.00,15.5000,
T0008337,1,TIN-001,1,50.00,50.00,18.0000,
T0008337,2,EDI-001,1,20.00,15.00,6.0000,Gummies BOGO 50
T0008338,1,EDI-001,2,20.00,15.00,6.0000,Gummies BOGO 50
T0008339,1,CON-003,1,30.00,27.00,13.4400,
T0008339,2,EDI-001,2,20.00,15.00,6.0000,Gummies BOGO 50
T0008339,3,FLO-001,1,35.00,35.00,14.0000,
T0008339,4,ACC-002,1,3.00,3.00,0.6000,
T0008340,1,EDI-002,1,22.00,19.80,7.0000,
T0008341,1,ACC-001,3,20.00,20.00,5.0000,
T0008341,2,VAP-002,2,40.00,40.00,15.6800,
T0008342,1,ACC-001,2,20.00,20.00,5.0000,
T0008343,1,EDI-001,1,20.00,15.00,6.0000,Gummies BOGO 50
T0008344,1,VAP-002,2,40.00,40.00,15.6800,
T0008344,2,ACC-004,1,2.00,2.00,0.4000,
T0008345,1,VAP-006,1,15.00,15.00,4.0000,
T0008346,1,EDI-003,1,20.00,20.00,6.5000,
T0008347,1,PRE-004,1,35.00,35.00,12.0000,
T0008347,2,EDI-003,2,20.00,20.00,6.5000,
T0008347,3,EDI-004,1,25.00,18.75,7.5000,Gummies BOGO 50
T0008347,4,FLO-006,1,120.00,120.00,52.0000,
T0008348,1,FLO-004,1,38.00,38.00,15.0000,
T0008348,3,PRE-001,1,10.00,10.00,3.2000,
T0008349,1,EDI-006,2,8.00,6.40,3.0000,
T0008350,1,FLO-004,1,38.00,38.00,15.0000,
T0008350,2,EDI-007,2,18.00,14.40,6.0000,
T0008350,3,CON-003,1,30.00,24.00,13.4400,
T0008351,1,FLO-010,1,45.00,45.00,18.0000,
T0008352,1,EDI-004,1,25.00,18.75,7.5000,Gummies BOGO 50
T0008353,1,CON-003,2,30.00,30.00,13.4400,
T0008353,2,EDI-002,1,22.00,22.00,7.0000,
T0008353,3,VAP-004,1,60.00,60.00,24.0000,
T0008354,1,EDI-006,1,8.00,8.00,3.0000,
T0008355,1,FLO-004,1,38.00,38.00,15.0000,
T0008355,2,ACC-002,1,3.00,3.00,0.6000,
T0008356,1,PRE-001,1,10.00,10.00,3.2000,
T0008356,2,PRE-005,2,6.00,6.00,1.8000,
T0008357,1,EDI-001,2,20.00,15.00,6.0000,Gummies BOGO 50
T0008358,1,EDI-003,2,20.00,20.00,6.5000,
T0008358,2,VAP-005,2,28.00,28.00,9.0000,
T0008359,1,VAP-001,1,55.00,55.00,24.6400,
T0008360,1,EDI-002,2,22.00,22.00,7.0000,
T0008361,1,VAP-003,1,32.00,32.00,13.4400,
T0008362,1,VAP-003,2,32.00,32.00,13.4400,
T0008363,1,FLO-007,1,32.00,32.00,13.0000,
T0008364,1,PRE-003,1,18.00,18.00,6.0000,
T0008365,1,PRE-001,1,10.00,10.00,3.2000,
T0008365,2,CON-001,1,75.00,75.00,32.0000,
T0008366,1,EDI-004,2,25.00,18.75,7.5000,Gummies BOGO 50
T0008366,2,FLO-001,1,35.00,35.00,14.0000,
T0008367,1,EDI-001,1,20.00,15.00,6.0000,Gummies BOGO 50
T0008367,2,VAP-003,1,32.00,32.00,13.4400,
T0008368,1,EDI-005,1,14.00,14.00,4.0000,
T0008368,2,EDI-001,1,20.00,15.00,6.0000,Gummies BOGO 50
T0008369,1,ACC-004,1,2.00,2.00,0.4000,
T0008369,2,PRE-004,1,35.00,35.00,12.0000,
T0008369,3,VAP-002,1,40.00,40.00,15.6800,
T0008370,1,PRE-001,1,10.00,10.00,3.2000,
T0008370,2,ACC-004,1,2.00,2.00,0.4000,
T0008371,1,VAP-002,1,40.00,40.00,15.6800,
T0008371,2,ACC-004,1,2.00,2.00,0.4000,
T0008372,1,EDI-007,1,18.00,18.00,6.0000,
T0008372,2,EDI-001,1,20.00,15.00,6.0000,Gummies BOGO 50
T0008372,3,ACC-005,1,12.00,12.00,2.5000,
T0008372,5,VAP-003,1,32.00,32.00,13.4400,
T0008373,1,PRE-002,1,10.00,10.00,3.4000,
T0008374,1,EDI-004,1,25.00,18.75,7.5000,Gummies BOGO 50
T0008374,4,ACC-002,1,3.00,3.00,0.6000,
T0008375,1,VAP-005,3,28.00,28.00,9.0000,
T0008375,2,PRE-005,1,6.00,6.00,1.8000,
T0008376,1,VAP-001,1,55.00,55.00,24.6400,
T0008376,2,EDI-003,1,20.00,20.00,6.5000,
T0008377,1,VAP-004,1,60.00,60.00,24.0000,
T0008377,2,FLO-001,1,35.00,35.00,14.0000,
T0008377,3,PRE-005,1,6.00,6.00,1.8000,
T0008378,1,EDI-001,1,20.00,15.00,6.0000,Gummies BOGO 50
T0008378,2,ACC-002,1,3.00,3.00,0.6000,
T0008379,1,ACC-001,1,20.00,20.00,5.0000,
T0008379,2,FLO-004,2,38.00,38.00,15.0000,
T0008379,3,PRE-001,1,10.00,10.00,3.2000,
T0008380,1,CON-004,1,55.00,55.00,24.6400,
T0008381,1,FLO-001,1,35.00,35.00,14.0000,
T0008381,2,TIN-002,1,45.00,45.00,16.0000,
T0008381,3,FLO-003,2,70.00,70.00,28.0000,
T0008382,1,EDI-004,2,25.00,18.75,7.5000,Gummies BOGO 50
T0008383,1,FLO-005,2,38.00,38.00,15.5000,
T0008383,2,FLO-008,1,32.00,32.00,13.5000,
T0008384,1,PRE-003,1,18.00,18.00,6.0000,
T0008385,1,FLO-004,3,38.00,38.00,15.0000,
T0008386,1,PRE-004,1,35.00,35.00,12.0000,
T0008386,2,VAP-003,1,32.00,32.00,13.4400,
T0008386,3,EDI-003,1,20.00,20.00,6.5000,
T0008386,4,PRE-002,1,10.00,10.00,3.4000,
T0008387,1,FLO-002,1,40.00,40.00,16.0000,
T0008388,1,FLO-008,1,32.00,32.00,13.5000,
T0008389,1,PRE-002,1,10.00,10.00,3.4000,
T0008389,2,FLO-004,2,38.00,38.00,15.0000,
T0008389,3,VAP-004,2,60.00,60.00,24.0000,
T0008389,4,EDI-001,1,20.00,15.00,6.0000,Gummies BOGO 50
T0008390,1,PRE-005,2,6.00,6.00,1.8000,
T0008390,2,PRE-001,1,10.00,10.00,3.2000,
T0008390,3,PRE-002,1,10.00,10.00,3.4000,
T0008390,4,CON-003,1,30.00,30.00,13.4400,
T0008391,1,FLO-001,1,35.00,35.00,14.0000,
T0008391,2,EDI-001,2,20.00,15.00,6.0000,Gummies BOGO 50
T0008392,1,PRE-003,1,18.00,18.00,6.0000,
T0008392,2,EDI-004,1,25.00,18.75,7.5000,Gummies BOGO 50
T0008393,1,EDI-003,1,20.00,20.00,6.5000,
T0008393,2,VAP-003,1,32.00,32.00,13.4400,
T0008394,1,EDI-002,1,22.00,22.00,7.0000,
T0008394,2,VAP-001,1,55.00,49.50,24.6400,
T0008395,1,VAP-002,1,40.00,40.00,15.6800,
T0008396,1,VAP-001,1,55.00,55.00,24.6400,
T0008396,2,VAP-003,1,32.00,32.00,13.4400,
T0008396,3,FLO-004,1,38.00,38.00,15.0000,
T0008397,1,VAP-003,1,32.00,32.00,13.4400,
T0008397,2,PRE-002,1,10.00,10.00,3.4000,
T0008398,1,EDI-005,1,14.00,14.00,4.0000,
T0008398,2,VAP-003,1,32.00,32.00,13.4400,
T0008399,1,ACC-004,2,2.00,2.00,0.4000,
T0008399,2,FLO-005,1,38.00,38.00,15.5000,
T0008400,1,CON-004,1,55.00,55.00,24.6400,
T0008400,2,EDI-005,1,14.00,14.00,4.0000,
T0008400,3,PRE-001,1,10.00,10.00,3.2000,
T0008400,4,VAP-004,1,60.00,60.00,24.0000,
T0008401,1,PRE-002,2,10.00,10.00,3.4000,
T0008402,1,PRE-005,1,6.00,6.00,1.8000,
T0008402,2,FLO-001,1,35.00,35.00,14.0000,
T0008403,1,FLO-001,3,35.00,35.00,14.0000,
T0008403,2,EDI-001,1,20.00,15.00,6.0000,Gummies BOGO 50
T0008404,1,ACC-004,1,2.00,2.00,0.4000,
T0008404,2,EDI-004,1,25.00,18.75,7.5000,Gummies BOGO 50
T0008405,1,VAP-006,1,15.00,15.00,4.0000,
T0008406,1,ACC-004,1,2.00,2.00,0.4000,
T0008407,1,EDI-004,1,25.00,18.75,7.5000,Gummies BOGO 50
T0008407,2,FLO-007,1,32.00,32.00,13.0000,
T0008407,3,FLO-002,2,40.00,40.00,16.0000,
T0008407,4,FLO-005,1,38.00,38.00,15.5000,
T0008408,1,EDI-001,1,20.00,15.00,6.0000,Gummies BOGO 50
T0008408,2,EDI-005,3,14.00,14.00,4.0000,
T0008409,1,EDI-006,1,8.00,8.00,3.0000,
T0008410,1,EDI-007,3,18.00,18.00,6.0000,
T0008410,2,EDI-001,1,20.00,15.00,6.0000,Gummies BOGO 50
T0008410,3,EDI-006,1,8.00,8.00,3.0000,
T0008411,1,EDI-001,1,20.00,15.00,6.0000,Gummies BOGO 50
T0008411,2,FLO-004,3,38.00,38.00,15.0000,
T0008411,3,VAP-002,1,40.00,40.00,15.6800,
T0008411,5,PRE-003,1,18.00,18.00,6.0000,
T0008412,1,FLO-007,1,32.00,28.80,13.0000,
T0008412,2,EDI-002,1,22.00,22.00,7.0000,
T0008413,1,TIN-001,1,50.00,50.00,18.0000,
T0008414,1,FLO-007,1,32.00,32.00,13.0000,
T0008414,2,EDI-004,1,25.00,18.75,7.5000,Gummies BOGO 50
T0008415,1,EDI-001,1,20.00,15.00,6.0000,Gummies BOGO 50
T0008416,1,CON-003,1,30.00,30.00,13.4400,
T0008416,2,PRE-002,2,10.00,10.00,3.4000,
T0008416,3,ACC-002,1,3.00,2.70,0.6000,
T0008417,1,FLO-007,1,32.00,32.00,13.0000,
T0008418,1,PRE-001,2,10.00,10.00,3.2000,
T0008418,2,EDI-004,1,25.00,18.75,7.5000,Gummies BOGO 50
T0008419,1,EDI-006,1,8.00,8.00,3.0000,
T0008419,2,EDI-001,2,20.00,15.00,6.0000,Gummies BOGO 50
T0008420,1,PRE-005,1,6.00,6.00,1.8000,
T0008421,1,TIN-001,1,50.00,50.00,18.0000,
T0008422,1,ACC-002,1,3.00,3.00,0.6000,
T0008422,2,EDI-003,1,20.00,20.00,6.5000,
T0008422,3,FLO-001,1,35.00,35.00,14.0000,
T0008423,1,FLO-004,2,38.00,38.00,15.0000,
T0008424,1,FLO-007,1,32.00,32.00,13.0000,
T0008425,1,FLO-002,1,40.00,40.00,16.0000,
T0008425,2,ACC-002,1,3.00,3.00,0.6000,
T0008425,3,EDI-001,2,20.00,15.00,6.0000,Gummies BOGO 50
T0008426,1,ACC-004,1,2.00,2.00,0.4000,
T0008426,2,EDI-004,1,25.00,18.75,7.5000,Gummies BOGO 50
T0008427,1,ACC-002,1,3.00,3.00,0.6000,
T0008428,1,FLO-003,3,70.00,70.00,28.0000,
T0008429,1,ACC-004,1,2.00,2.00,0.4000,
T0008429,2,VAP-002,3,40.00,40.00,15.6800,
T0008430,1,PRE-003,1,18.00,18.00,6.0000,
T0008430,2,PRE-001,2,10.00,10.00,3.2000,
T0008431,1,TOP-002,1,24.00,24.00,9.0000,
T0008432,1,ACC-004,1,2.00,2.00,0.4000,
T0008433,1,FLO-002,1,40.00,40.00,16.0000,
T0008433,2,EDI-007,1,18.00,18.00,6.0000,
T0008433,3,PRE-002,1,10.00,10.00,3.4000,
T0008433,4,EDI-004,1,25.00,18.75,7.5000,Gummies BOGO 50
T0008434,1,EDI-004,1,25.00,18.75,7.5000,Gummies BOGO 50
T0008434,2,TIN-001,2,50.00,50.00,18.0000,
T0008434,3,VAP-005,1,28.00,25.20,9.0000,
T0008435,1,PRE-001,1,10.00,10.00,3.2000,
T0008435,2,EDI-001,1,20.00,15.00,6.0000,Gummies BOGO 50
T0008435,3,PRE-005,3,6.00,6.00,1.8000,
T0008435,4,CON-003,1,30.00,30.00,13.4400,
T0008436,1,FLO-001,1,35.00,35.00,14.0000,
T0008436,2,EDI-004,1,25.00,18.75,7.5000,Gummies BOGO 50
T0008437,1,EDI-001,1,20.00,15.00,6.0000,Gummies BOGO 50
T0008437,2,FLO-001,1,35.00,35.00,14.0000,
T0008437,4,EDI-003,3,20.00,18.00,6.5000,
T0008438,1,FLO-002,1,40.00,40.00,16.0000,
T0008438,2,VAP-003,3,32.00,32.00,13.4400,
T0008439,1,ACC-002,1,3.00,2.70,0.6000,
T0008439,2,VAP-001,1,55.00,55.00,24.6400,
T0008439,3,EDI-003,2,20.00,20.00,6.5000,
T0008440,1,CON-004,1,55.00,55.00,24.6400,
T0008441,1,VAP-003,1,32.00,32.00,13.4400,
T0008442,1,FLO-002,1,40.00,40.00,16.0000,
T0008442,2,EDI-003,1,20.00,20.00,6.5000,
T0008442,3,FLO-003,1,70.00,70.00,28.0000,
T0008443,1,VAP-005,2,28.00,28.00,9.0000,
T0008443,2,VAP-001,1,55.00,55.00,24.6400,
T0008444,1,FLO-001,1,35.00,35.00,14.0000,
T0008444,2,ACC-001,2,20.00,20.00,5.0000,
T0008444,3,EDI-004,1,25.00,18.75,7.5000,Gummies BOGO 50
T0008444,4,VAP-005,1,28.00,28.00,9.0000,
T0008445,1,VAP-002,1,40.00,40.00,15.6800,
T0008445,2,FLO-007,2,32.00,32.00,13.0000,
T0008446,1,TOP-002,1,24.00,24.00,9.0000,
T0008446,2,PRE-001,1,10.00,10.00,3.2000,
T0008446,3,ACC-002,1,3.00,2.70,0.6000,
T0008446,4,PRE-002,1,10.00,10.00,3.4000,
T0008447,1,PRE-004,2,35.00,35.00,12.0000,
T0008447,2,PRE-001,1,10.00,10.00,3.2000,
T0008447,3,EDI-003,1,20.00,20.00,6.5000,
T0008448,1,PRE-001,1,10.00,8.00,3.2000,
T0008449,1,FLO-009,1,210.00,210.00,95.0000,
T0008449,2,EDI-003,3,20.00,20.00,6.5000,
T0008450,1,EDI-003,2,20.00,20.00,6.5000,
T0008450,2,VAP-003,1,32.00,32.00,13.4400,
T0008451,1,PRE-004,2,35.00,35.00,12.0000,
T0008451,2,EDI-007,1,18.00,18.00,6.0000,
T0008451,3,FLO-001,1,35.00,35.00,14.0000,
T0008451,4,TOP-001,1,35.00,35.00,12.0000,
T0008452,1,EDI-004,2,25.00,18.75,7.5000,Gummies BOGO 50
T0008453,1,VAP-006,2,15.00,15.00,4.0000,
T0008454,1,FLO-004,1,38.00,30.40,15.0000,
T0008455,1,CON-001,2,75.00,75.00,32.0000,
T0008455,2,PRE-002,1,10.00,10.00,3.4000,
T0008456,1,VAP-001,1,55.00,55.00,24.6400,
T0008456,2,EDI-001,1,20.00,15.00,6.0000,Gummies BOGO 50
T0008457,1,TOP-002,1,24.00,24.00,9.0000,
T0008458,1,VAP-006,2,15.00,15.00,4.0000,
T0008458,2,PRE-005,2,6.00,6.00,1.8000,
T0008458,3,EDI-004,1,25.00,18.75,7.5000,Gummies BOGO 50
T0008458,4,EDI-001,1,20.00,15.00,6.0000,Gummies BOGO 50
T0008459,1,EDI-001,3,20.00,15.00,6.0000,Gummies BOGO 50
T0008460,1,FLO-004,1,38.00,38.00,15.0000,
T0008461,1,ACC-002,2,3.00,3.00,0.6000,
T0008462,1,VAP-001,1,55.00,55.00,24.6400,
T0008462,2,FLO-003,1,70.00,70.00,28.0000,
T0008462,3,EDI-004,1,25.00,18.75,7.5000,Gummies BOGO 50
T0008463,1,VAP-003,2,32.00,32.00,13.4400,
T0008464,1,PRE-001,1,10.00,10.00,3.2000,
T0008465,1,PRE-005,1,6.00,6.00,1.8000,
T0008465,2,EDI-001,1,20.00,15.00,6.0000,Gummies BOGO 50
T0008465,3,FLO-007,1,32.00,32.00,13.0000,
T0008465,4,EDI-005,1,14.00,14.00,4.0000,
T0008465,5,PRE-001,1,10.00,10.00,3.2000,
T0008466,1,PRE-005,1,6.00,6.00,1.8000,
T0008466,2,EDI-007,1,18.00,18.00,6.0000,
T0008467,1,PRE-001,2,10.00,10.00,3.2000,
T0008468,1,VAP-001,1,55.00,55.00,24.6400,
T0008468,2,FLO-003,1,70.00,70.00,28.0000,
T0008469,1,FLO-004,1,38.00,38.00,15.0000,
T0008469,2,FLO-005,1,38.00,38.00,15.5000,
T0008470,1,EDI-001,1,20.00,15.00,6.0000,Gummies BOGO 50
T0008470,2,PRE-001,2,10.00,8.00,3.2000,
T0008470,3,PRE-005,1,6.00,6.00,1.8000,
T0008470,4,EDI-006,2,8.00,6.40,3.0000,
T0008471,1,ACC-002,1,3.00,3.00,0.6000,
T0008471,2,VAP-004,2,60.00,60.00,24.0000,
T0008471,3,FLO-001,1,35.00,35.00,14.0000,
T0008471,4,VAP-002,2,40.00,40.00,15.6800,
T0008472,1,EDI-001,1,20.00,15.00,6.0000,Gummies BOGO 50
T0008472,3,ACC-002,2,3.00,3.00,0.6000,
T0008473,1,PRE-003,1,18.00,18.00,6.0000,
T0008474,1,PRE-001,1,10.00,10.00,3.2000,
T0008474,2,VAP-001,1,55.00,55.00,24.6400,
T0008474,3,PRE-002,2,10.00,10.00,3.4000,
T0008475,1,PRE-005,1,6.00,6.00,1.8000,
T0008475,2,ACC-002,1,3.00,3.00,0.6000,
T0008476,1,CON-002,2,45.00,36.00,18.0000,
T0008476,2,PRE-001,1,10.00,10.00,3.2000,
T0008477,1,EDI-004,2,25.00,18.75,7.5000,Gummies BOGO 50
T0008477,2,VAP-005,1,28.00,28.00,9.0000,
T0008478,1,PRE-004,1,35.00,35.00,12.0000,
T0008479,1,VAP-006,1,15.00,15.00,4.0000,
T0008479,2,VAP-002,1,40.00,40.00,15.6800,
T0008480,1,ACC-005,1,12.00,12.00,2.5000,
T0008480,2,VAP-006,1,15.00,15.00,4.0000,
T0008480,3,ACC-002,1,3.00,3.00,0.6000,
T0008481,1,EDI-003,1,20.00,20.00,6.5000,
T0008481,2,EDI-006,1,8.00,8.00,3.0000,
T0008482,1,ACC-002,1,3.00,3.00,0.6000,
T0008482,2,FLO-004,1,38.00,38.00,15.0000,
T0008483,1,FLO-006,1,120.00,120.00,52.0000,
T0008484,1,PRE-001,1,10.00,10.00,3.2000,
T0008484,2,TOP-002,1,24.00,24.00,9.0000,
T0008484,3,PRE-004,1,35.00,35.00,12.0000,
T0008484,4,EDI-004,1,25.00,18.75,7.5000,Gummies BOGO 50
T0008485,1,ACC-001,1,20.00,20.00,5.0000,
T0008485,2,EDI-005,1,14.00,14.00,4.0000,
T0008486,1,FLO-001,1,35.00,35.00,14.0000,
T0008487,1,CON-004,1,55.00,55.00,24.6400,
T0008487,2,ACC-002,1,3.00,3.00,0.6000,
T0008487,3,EDI-004,1,25.00,18.75,7.5000,Gummies BOGO 50
T0008487,4,EDI-003,1,20.00,20.00,6.5000,
T0008488,1,VAP-005,1,28.00,28.00,9.0000,
T0008488,2,PRE-002,1,10.00,10.00,3.4000,
T0008489,1,PRE-002,1,10.00,10.00,3.4000,
T0008489,2,EDI-001,1,20.00,15.00,6.0000,Gummies BOGO 50
T0008489,4,EDI-004,1,25.00,18.75,7.5000,Gummies BOGO 50
T0008489,5,VAP-001,1,55.00,55.00,24.6400,
T0008490,1,FLO-008,2,32.00,32.00,13.5000,
T0008490,2,ACC-005,1,12.00,12.00,2.5000,
T0008491,1,FLO-002,1,40.00,40.00,16.0000,
T0008491,2,EDI-006,2,8.00,8.00,3.0000,
T0008492,1,ACC-004,1,2.00,2.00,0.4000,
T0008492,2,FLO-005,1,38.00,38.00,15.5000,
T0008492,3,FLO-003,2,70.00,63.00,28.0000,
T0008492,4,PRE-001,3,10.00,10.00,3.2000,
T0008493,1,EDI-003,1,20.00,20.00,6.5000,
T0008493,2,ACC-004,1,2.00,2.00,0.4000,
T0008493,3,EDI-005,3,14.00,14.00,4.0000,
T0008494,1,PRE-002,1,10.00,10.00,3.4000,
T0008494,2,FLO-004,2,38.00,38.00,15.0000,
T0008494,3,EDI-004,1,25.00,18.75,7.5000,Gummies BOGO 50
T0008495,1,FLO-002,2,40.00,40.00,16.0000,
T0008495,2,VAP-002,1,40.00,36.00,15.6800,
T0008495,3,EDI-004,1,25.00,18.75,7.5000,Gummies BOGO 50
T0008496,1,EDI-004,1,25.00,18.75,7.5000,Gummies BOGO 50
T0008496,2,EDI-001,1,20.00,15.00,6.0000,Gummies BOGO 50
T0008496,3,PRE-001,2,10.00,10.00,3.2000,
T0008496,5,PRE-002,1,10.00,10.00,3.4000,
T0008497,1,FLO-001,1,35.00,35.00,14.0000,
T0008498,1,EDI-006,1,8.00,8.00,3.0000,
T0008499,1,FLO-001,1,35.00,35.00,14.0000,
T0008499,2,FLO-002,1,40.00,40.00,16.0000,
T0008500,1,EDI-006,1,8.00,8.00,3.0000,
T0008500,2,PRE-002,1,10.00,10.00,3.4000,
T0008501,1,PRE-005,1,6.00,6.00,1.8000,
T0008501,2,PRE-002,1,10.00,10.00,3.4000,
T0008501,3,PRE-004,3,35.00,35.00,12.0000,
T0008501,4,EDI-003,1,20.00,18.00,6.5000,
T0008501,5,VAP-005,1,28.00,25.20,9.0000,
T0008502,1,PRE-005,3,6.00,6.00,1.8000,
T0008502,2,EDI-001,3,20.00,15.00,6.0000,Gummies BOGO 50
T0008503,1,FLO-008,1,32.00,32.00,13.5000,
T0008504,1,ACC-004,1,2.00,2.00,0.4000,
T0008504,2,PRE-002,1,10.00,10.00,3.4000,
T0008504,3,FLO-009,2,210.00,210.00,95.0000,
T0008504,4,ACC-002,1,3.00,3.00,0.6000,
T0008505,1,TOP-001,1,35.00,35.00,12.0000,
T0008505,2,EDI-001,1,20.00,15.00,6.0000,Gummies BOGO 50
T0008506,1,TIN-001,1,50.00,40.00,18.0000,
T0008507,1,ACC-002,1,3.00,3.00,0.6000,
T0008507,2,FLO-001,2,35.00,35.00,14.0000,
T0008507,3,PRE-002,1,10.00,10.00,3.4000,
T0008507,4,PRE-001,3,10.00,10.00,3.2000,
T0008508,1,VAP-003,1,32.00,32.00,13.4400,
T0008508,2,VAP-002,2,40.00,32.00,15.6800,
T0008508,3,PRE-002,1,10.00,10.00,3.4000,
T0008509,1,VAP-003,1,32.00,32.00,13.4400,
T0008509,2,TIN-001,1,50.00,50.00,18.0000,
T0008510,1,VAP-003,1,32.00,32.00,13.4400,
T0008511,1,EDI-004,1,25.00,18.75,7.5000,Gummies BOGO 50
T0008512,1,EDI-002,1,22.00,22.00,7.0000,
T0008512,2,EDI-006,1,8.00,8.00,3.0000,
T0008513,1,ACC-002,1,3.00,3.00,0.6000,
T0008514,1,FLO-001,1,35.00,31.50,14.0000,
T0008514,2,ACC-002,1,3.00,3.00,0.6000,
T0008515,1,VAP-003,1,32.00,32.00,13.4400,
T0008516,1,PRE-005,1,6.00,6.00,1.8000,
T0008517,1,FLO-004,1,38.00,38.00,15.0000,
T0008517,2,VAP-003,2,32.00,32.00,13.4400,
T0008517,3,EDI-005,1,14.00,14.00,4.0000,
T0008518,1,FLO-004,2,38.00,38.00,15.0000,
T0008518,2,PRE-005,3,6.00,5.40,1.8000,
T0008518,3,VAP-004,2,60.00,60.00,24.0000,
T0008518,4,PRE-003,1,18.00,18.00,6.0000,
T0008519,1,FLO-008,1,32.00,32.00,13.5000,
T0008520,1,FLO-008,2,32.00,32.00,13.5000,
T0008520,2,ACC-004,1,2.00,2.00,0.4000,
T0008520,3,FLO-007,1,32.00,32.00,13.0000,
T0008520,4,FLO-001,2,35.00,35.00,14.0000,
T0008521,1,EDI-004,1,25.00,18.75,7.5000,Gummies BOGO 50
T0008521,2,ACC-004,1,2.00,2.00,0.4000,
T0008522,1,ACC-002,2,3.00,3.00,0.6000,
T0008522,2,ACC-004,1,2.00,2.00,0.4000,
T0008523,1,EDI-004,1,25.00,18.75,7.5000,Gummies BOGO 50
T0008523,2,VAP-006,2,15.00,15.00,4.0000,
T0008524,1,VAP-001,1,55.00,55.00,24.6400,
T0008525,1,EDI-005,1,14.00,14.00,4.0000,
T0008526,1,CON-003,1,30.00,30.00,13.4400,
T0008526,2,FLO-001,2,35.00,35.00,14.0000,
T0008527,1,EDI-006,1,8.00,8.00,3.0000,
T0008527,2,FLO-002,1,40.00,40.00,16.0000,
T0008527,3,PRE-001,2,10.00,10.00,3.2000,
T0008527,4,VAP-005,1,28.00,28.00,9.0000,
T0008527,5,FLO-003,1,70.00,70.00,28.0000,
T0008528,1,FLO-010,1,45.00,45.00,18.0000,
T0008528,2,PRE-002,1,10.00,10.00,3.4000,
T0008529,1,FLO-008,1,32.00,32.00,13.5000,
T0008530,1,FLO-003,1,70.00,70.00,28.0000,
T0008531,1,EDI-004,1,25.00,18.75,7.5000,Gummies BOGO 50
T0008531,2,FLO-003,1,70.00,56.00,28.0000,
T0008532,1,VAP-005,1,28.00,28.00,9.0000,
T0008532,2,CON-002,2,45.00,45.00,18.0000,
T0008532,3,EDI-006,2,8.00,8.00,3.0000,
T0008532,4,PRE-005,1,6.00,6.00,1.8000,
T0008533,1,VAP-002,2,40.00,40.00,15.6800,
T0008533,2,ACC-004,3,2.00,2.00,0.4000,
T0008534,1,EDI-004,1,25.00,18.75,7.5000,Gummies BOGO 50
T0008535,1,EDI-001,1,20.00,15.00,6.0000,Gummies BOGO 50
T0008536,1,PRE-005,1,6.00,6.00,1.8000,
T0008537,1,FLO-002,1,40.00,40.00,16.0000,
T0008538,1,EDI-007,1,18.00,18.00,6.0000,
T0008538,2,ACC-004,1,2.00,2.00,0.4000,
T0008539,1,FLO-004,1,38.00,38.00,15.0000,
T0008539,2,VAP-001,3,55.00,55.00,24.6400,
T0008540,1,EDI-004,1,25.00,18.75,7.5000,Gummies BOGO 50
T0008540,2,FLO-007,2,32.00,32.00,13.0000,
T0008541,1,CON-004,1,55.00,55.00,24.6400,
T0008542,1,ACC-002,1,3.00,3.00,0.6000,
T0008542,2,PRE-001,3,10.00,10.00,3.2000,
T0008542,3,EDI-001,2,20.00,15.00,6.0000,Gummies BOGO 50
T0008542,4,EDI-004,1,25.00,18.75,7.5000,Gummies BOGO 50
T0008543,1,FLO-001,1,35.00,35.00,14.0000,
T0008544,1,VAP-001,1,55.00,55.00,24.6400,
T0008545,1,FLO-006,1,120.00,108.00,52.0000,
T0008546,1,PRE-004,1,35.00,35.00,12.0000,
T0008547,1,PRE-001,2,10.00,10.00,3.2000,
T0008547,2,PRE-003,1,18.00,14.40,6.0000,
T0008548,1,ACC-004,1,2.00,2.00,0.4000,
T0008548,2,CON-002,1,45.00,45.00,18.0000,
T0008549,1,PRE-001,1,10.00,10.00,3.2000,
T0008550,1,FLO-004,1,38.00,38.00,15.0000,
T0008551,1,EDI-001,1,20.00,15.00,6.0000,Gummies BOGO 50
T0008552,1,FLO-005,1,38.00,38.00,15.5000,
T0008553,1,CON-004,1,55.00,55.00,24.6400,
T0008554,1,FLO-001,1,35.00,35.00,14.0000,
T0008554,2,FLO-008,2,32.00,32.00,13.5000,
T0008555,1,PRE-003,2,18.00,18.00,6.0000,
T0008556,1,VAP-004,1,60.00,60.00,24.0000,
T0008557,1,VAP-001,1,55.00,55.00,24.6400,
T0008558,1,FLO-007,1,32.00,32.00,13.0000,
T0008559,1,PRE-003,1,18.00,16.20,6.0000,
T0008560,1,ACC-004,1,2.00,2.00,0.4000,
T0008561,1,EDI-007,1,18.00,18.00,6.0000,
T0008561,2,CON-002,1,45.00,45.00,18.0000,
T0008561,3,EDI-004,1,25.00,18.75,7.5000,Gummies BOGO 50
T0008562,1,EDI-001,1,20.00,15.00,6.0000,Gummies BOGO 50
T0008562,2,VAP-003,1,32.00,32.00,13.4400,
T0008562,3,VAP-001,1,55.00,55.00,24.6400,
T0008563,1,FLO-007,1,32.00,25.60,13.0000,
T0008563,2,FLO-008,1,32.00,32.00,13.5000,
T0008563,3,EDI-001,1,20.00,15.00,6.0000,Gummies BOGO 50
T0008564,1,EDI-001,1,20.00,15.00,6.0000,Gummies BOGO 50
T0008565,1,EDI-001,1,20.00,15.00,6.0000,Gummies BOGO 50
T0008565,2,EDI-004,3,25.00,18.75,7.5000,Gummies BOGO 50
T0008565,4,ACC-004,2,2.00,2.00,0.4000,
T0008566,1,EDI-001,3,20.00,15.00,6.0000,Gummies BOGO 50
T0008567,1,EDI-007,1,18.00,18.00,6.0000,
T0008567,2,FLO-006,1,120.00,120.00,52.0000,
T0008568,1,EDI-001,1,20.00,15.00,6.0000,Gummies BOGO 50
T0008568,2,VAP-002,1,40.00,40.00,15.6800,
T0008569,1,VAP-002,2,40.00,32.00,15.6800,
T0008569,2,CON-002,1,45.00,45.00,18.0000,
T0008570,1,EDI-004,1,25.00,18.75,7.5000,Gummies BOGO 50
T0008570,2,PRE-005,1,6.00,6.00,1.8000,
T0008570,3,VAP-005,1,28.00,28.00,9.0000,
T0008571,1,EDI-002,1,22.00,22.00,7.0000,
T0008572,1,EDI-005,1,14.00,14.00,4.0000,
T0008572,2,EDI-002,1,22.00,22.00,7.0000,
T0008573,1,PRE-001,1,10.00,10.00,3.2000,
T0008573,2,PRE-002,3,10.00,10.00,3.4000,
T0008573,3,ACC-004,1,2.00,2.00,0.4000,
T0008573,5,EDI-004,1,25.00,18.75,7.5000,Gummies BOGO 50
T0008574,1,VAP-001,2,55.00,55.00,24.6400,
T0008574,2,PRE-002,1,10.00,10.00,3.4000,
T0008575,1,PRE-004,2,35.00,35.00,12.0000,
T0008575,2,EDI-001,1,20.00,15.00,6.0000,Gummies BOGO 50
T0008576,1,ACC-004,1,2.00,2.00,0.4000,
T0008576,2,VAP-006,1,15.00,15.00,4.0000,
T0008576,3,EDI-001,1,20.00,15.00,6.0000,Gummies BOGO 50
T0008577,1,FLO-008,1,32.00,32.00,13.5000,
T0008578,1,PRE-001,2,10.00,10.00,3.2000,
T0008578,2,EDI-004,1,25.00,18.75,7.5000,Gummies BOGO 50
T0008578,3,VAP-002,1,40.00,32.00,15.6800,
T0008579,1,PRE-001,1,10.00,10.00,3.2000,
T0008579,2,PRE-002,1,10.00,10.00,3.4000,
T0008579,3,EDI-004,1,25.00,18.75,7.5000,Gummies BOGO 50
T0008580,1,PRE-004,3,35.00,35.00,12.0000,
T0008580,2,TIN-001,1,50.00,50.00,18.0000,
T0008580,3,EDI-003,1,20.00,20.00,6.5000,
T0008581,1,ACC-002,1,3.00,3.00,0.6000,
T0008581,2,PRE-001,1,10.00,9.00,3.2000,
T0008582,1,VAP-002,1,40.00,40.00,15.6800,
T0008582,2,EDI-001,2,20.00,15.00,6.0000,Gummies BOGO 50
T0008582,3,PRE-002,1,10.00,10.00,3.4000,
T0008583,1,ACC-002,1,3.00,3.00,0.6000,
T0008584,1,EDI-004,2,25.00,18.75,7.5000,Gummies BOGO 50
T0008584,2,EDI-002,1,22.00,22.00,7.0000,
T0008585,1,EDI-004,1,25.00,18.75,7.5000,Gummies BOGO 50
T0008586,1,VAP-002,1,40.00,40.00,15.6800,
T0008587,1,VAP-005,1,28.00,28.00,9.0000,
T0008588,1,PRE-002,1,10.00,10.00,3.4000,
T0008588,2,FLO-004,1,38.00,38.00,15.0000,
T0008588,3,EDI-006,1,8.00,8.00,3.0000,
T0008589,1,TOP-001,1,35.00,31.50,12.0000,
T0008590,1,EDI-001,1,20.00,15.00,6.0000,Gummies BOGO 50
T0008591,1,PRE-004,2,35.00,35.00,12.0000,
T0008591,2,PRE-005,2,6.00,6.00,1.8000,
T0008591,3,FLO-002,1,40.00,36.00,16.0000,
T0008591,4,EDI-004,1,25.00,18.75,7.5000,Gummies BOGO 50
T0008592,1,TIN-001,2,50.00,50.00,18.0000,
T0008592,2,PRE-001,1,10.00,10.00,3.2000,
T0008593,1,EDI-001,1,20.00,15.00,6.0000,Gummies BOGO 50
T0008593,2,PRE-004,1,35.00,35.00,12.0000,
T0008593,3,ACC-004,1,2.00,2.00,0.4000,
T0008593,4,PRE-005,1,6.00,6.00,1.8000,
T0008594,1,PRE-002,1,10.00,10.00,3.4000,
T0008594,2,PRE-003,2,18.00,18.00,6.0000,
T0008594,3,VAP-003,2,32.00,28.80,13.4400,
T0008594,4,EDI-001,1,20.00,15.00,6.0000,Gummies BOGO 50
T0008595,1,PRE-005,2,6.00,6.00,1.8000,
T0008596,1,VAP-002,1,40.00,40.00,15.6800,
T0008596,2,EDI-001,1,20.00,15.00,6.0000,Gummies BOGO 50
T0008596,3,FLO-007,1,32.00,32.00,13.0000,
T0008597,1,CON-003,2,30.00,30.00,13.4400,
T0008597,2,ACC-001,1,20.00,20.00,5.0000,
T0008598,1,ACC-004,1,2.00,2.00,0.4000,
T0008598,2,EDI-004,2,25.00,18.75,7.5000,Gummies BOGO 50
T0008598,3,FLO-003,3,70.00,70.00,28.0000,
T0008599,1,PRE-003,1,18.00,18.00,6.0000,
T0008600,1,PRE-003,1,18.00,18.00,6.0000,
T0008601,1,FLO-001,2,35.00,31.50,14.0000,
T0008601,2,VAP-006,1,15.00,15.00,4.0000,
T0008602,1,EDI-001,1,20.00,15.00,6.0000,Gummies BOGO 50
T0008602,2,FLO-005,1,38.00,38.00,15.5000,
T0008603,1,PRE-002,1,10.00,10.00,3.4000,
T0008604,1,FLO-002,3,40.00,40.00,16.0000,
T0008605,1,VAP-001,1,55.00,44.00,24.6400,
T0008606,1,EDI-001,3,20.00,15.00,6.0000,Gummies BOGO 50
T0008606,3,FLO-002,2,40.00,40.00,16.0000,
T0008607,1,FLO-003,1,70.00,70.00,28.0000,
T0008607,2,PRE-003,1,18.00,18.00,6.0000,
T0008607,3,EDI-004,1,25.00,18.75,7.5000,Gummies BOGO 50
T0008608,1,EDI-001,2,20.00,15.00,6.0000,Gummies BOGO 50
T0008608,2,FLO-003,1,70.00,63.00,28.0000,
T0008609,1,VAP-006,2,15.00,15.00,4.0000,
T0008609,2,ACC-002,2,3.00,3.00,0.6000,
T0008609,3,EDI-003,1,20.00,20.00,6.5000,
T0008609,4,EDI-006,1,8.00,8.00,3.0000,
T0008610,1,VAP-002,2,40.00,40.00,15.6800,
T0008610,2,FLO-008,1,32.00,32.00,13.5000,
T0008610,3,EDI-001,2,20.00,15.00,6.0000,Gummies BOGO 50
T0008610,4,VAP-001,2,55.00,55.00,24.6400,
T0008611,1,FLO-002,1,40.00,40.00,16.0000,
T0008612,1,FLO-005,1,38.00,38.00,15.5000,
T0008612,2,VAP-002,2,40.00,40.00,15.6800,
T0008613,1,FLO-005,2,38.00,38.00,15.5000,
T0008614,1,CON-002,1,45.00,45.00,18.0000,
T0008615,1,FLO-002,1,40.00,40.00,16.0000,
T0008616,1,FLO-004,1,38.00,38.00,15.0000,
T0008616,2,VAP-003,1,32.00,32.00,13.4400,
T0008616,3,ACC-004,1,2.00,2.00,0.4000,
T0008616,4,PRE-002,1,10.00,10.00,3.4000,
T0008617,1,VAP-005,2,28.00,28.00,9.0000,
T0008618,1,EDI-004,1,25.00,18.75,7.5000,Gummies BOGO 50
T0008618,2,VAP-002,1,40.00,40.00,15.6800,
T0008619,1,FLO-010,2,45.00,45.00,18.0000,
T0008619,2,FLO-001,1,35.00,31.50,14.0000,
T0008620,1,PRE-004,1,35.00,31.50,12.0000,
T0008620,2,PRE-005,1,6.00,6.00,1.8000,
T0008620,3,CON-002,1,45.00,45.00,18.0000,
T0008620,4,EDI-004,2,25.00,18.75,7.5000,Gummies BOGO 50
T0008621,1,VAP-002,1,40.00,40.00,15.6800,
T0008621,2,EDI-004,2,25.00,18.75,7.5000,Gummies BOGO 50
T0008622,1,PRE-004,1,35.00,35.00,12.0000,
T0008622,2,PRE-002,1,10.00,10.00,3.4000,
T0008623,1,VAP-001,1,55.00,55.00,24.6400,
T0008623,2,VAP-005,1,28.00,28.00,9.0000,
T0008623,3,PRE-005,1,6.00,6.00,1.8000,
T0008624,1,FLO-010,1,45.00,40.50,18.0000,
T0008625,1,ACC-003,1,22.00,22.00,6.0000,
T0008625,2,ACC-004,2,2.00,2.00,0.4000,
T0008625,3,PRE-001,1,10.00,9.00,3.2000,
T0008626,1,VAP-003,1,32.00,32.00,13.4400,
T0008627,1,EDI-002,2,22.00,22.00,7.0000,
T0008627,2,EDI-004,1,25.00,18.75,7.5000,Gummies BOGO 50
T0008628,1,VAP-002,1,40.00,40.00,15.6800,
T0008629,1,FLO-003,2,70.00,70.00,28.0000,
T0008629,2,VAP-001,1,55.00,55.00,24.6400,
T0008629,3,CON-003,1,30.00,30.00,13.4400,
T0008629,4,EDI-002,2,22.00,22.00,7.0000,
T0008630,1,VAP-002,1,40.00,40.00,15.6800,
T0008631,1,FLO-007,1,32.00,32.00,13.0000,
T0008632,1,VAP-006,1,15.00,15.00,4.0000,
T0008632,2,FLO-001,1,35.00,35.00,14.0000,
T0008633,1,FLO-002,1,40.00,40.00,16.0000,
T0008633,2,TOP-001,2,35.00,31.50,12.0000,
T0008633,3,FLO-004,1,38.00,38.00,15.0000,
T0008634,1,VAP-001,1,55.00,55.00,24.6400,
T0008635,1,EDI-004,1,25.00,18.75,7.5000,Gummies BOGO 50
T0008636,1,VAP-001,1,55.00,55.00,24.6400,
T0008637,1,PRE-004,1,35.00,35.00,12.0000,
T0008637,2,TOP-001,1,35.00,35.00,12.0000,
T0008638,1,ACC-005,1,12.00,12.00,2.5000,
T0008638,2,PRE-001,2,10.00,10.00,3.2000,
T0008639,1,ACC-004,1,2.00,2.00,0.4000,
T0008639,2,EDI-005,2,14.00,14.00,4.0000,
T0008639,3,CON-003,1,30.00,30.00,13.4400,
T0008640,1,PRE-001,1,10.00,10.00,3.2000,
T0008641,1,ACC-004,1,2.00,2.00,0.4000,
T0008642,1,EDI-001,1,20.00,15.00,6.0000,Gummies BOGO 50
T0008642,2,EDI-003,1,20.00,16.00,6.5000,
T0008643,1,PRE-005,1,6.00,6.00,1.8000,
T0008644,1,FLO-002,1,40.00,40.00,16.0000,
T0008645,1,PRE-005,1,6.00,4.80,1.8000,
T0008645,2,EDI-004,2,25.00,18.75,7.5000,Gummies BOGO 50
T0008646,1,EDI-005,1,14.00,14.00,4.0000,
T0008647,1,PRE-002,1,10.00,9.00,3.4000,
T0008647,2,PRE-001,1,10.00,9.00,3.2000,
T0008647,3,FLO-003,1,70.00,70.00,28.0000,
T0008647,5,ACC-004,2,2.00,2.00,0.4000,
T0008648,1,PRE-004,3,35.00,35.00,12.0000,
T0008649,1,TOP-001,1,35.00,35.00,12.0000,
T0008649,2,FLO-003,1,70.00,70.00,28.0000,
T0008649,3,VAP-002,1,40.00,40.00,15.6800,
T0008650,1,PRE-005,1,6.00,6.00,1.8000,
T0008651,1,PRE-001,1,10.00,10.00,3.2000,
T0008652,1,FLO-005,2,38.00,38.00,15.5000,
T0008653,1,PRE-002,1,10.00,10.00,3.4000,
T0008653,2,EDI-001,1,20.00,15.00,6.0000,Gummies BOGO 50
T0008653,3,FLO-005,1,38.00,38.00,15.5000,
T0008654,1,VAP-004,2,60.00,60.00,24.0000,
T0008655,1,PRE-005,2,6.00,6.00,1.8000,
T0008655,2,CON-003,1,30.00,30.00,13.4400,
T0008656,1,EDI-004,1,25.00,18.75,7.5000,Gummies BOGO 50
T0008656,2,CON-003,1,30.00,30.00,13.4400,
T0008656,4,FLO-002,1,40.00,40.00,16.0000,
T0008656,5,PRE-003,1,18.00,18.00,6.0000,
T0008657,1,PRE-005,1,6.00,6.00,1.8000,
T0008657,2,PRE-001,3,10.00,10.00,3.2000,
T0008658,1,PRE-001,1,10.00,10.00,3.2000,
T0008659,1,FLO-004,1,38.00,38.00,15.0000,
T0008660,1,FLO-005,2,38.00,38.00,15.5000,
T0008660,2,FLO-001,1,35.00,35.00,14.0000,
T0008661,1,FLO-001,1,35.00,35.00,14.0000,
T0008661,2,PRE-002,1,10.00,10.00,3.4000,
T0008661,3,PRE-005,1,6.00,6.00,1.8000,
T0008661,4,ACC-004,3,2.00,2.00,0.4000,
T0008662,1,FLO-002,2,40.00,40.00,16.0000,
T0008663,1,ACC-002,2,3.00,3.00,0.6000,
T0008663,2,EDI-006,1,8.00,8.00,3.0000,
T0008664,1,EDI-001,3,20.00,15.00,6.0000,Gummies BOGO 50
T0008665,1,PRE-005,2,6.00,6.00,1.8000,
T0008666,1,EDI-001,1,20.00,15.00,6.0000,Gummies BOGO 50
T0008666,2,EDI-006,1,8.00,8.00,3.0000,
T0008667,1,EDI-001,2,20.00,15.00,6.0000,Gummies BOGO 50
T0008667,3,FLO-001,1,35.00,35.00,14.0000,
T0008667,4,CON-003,1,30.00,30.00,13.4400,
T0008667,5,ACC-004,1,2.00,2.00,0.4000,
T0008668,1,EDI-005,1,14.00,12.60,4.0000,
T0008668,2,VAP-002,1,40.00,40.00,15.6800,
T0008669,1,EDI-001,1,20.00,15.00,6.0000,Gummies BOGO 50
T0008669,2,PRE-004,1,35.00,35.00,12.0000,
T0008670,1,EDI-001,1,20.00,15.00,6.0000,Gummies BOGO 50
T0008670,2,FLO-001,3,35.00,35.00,14.0000,
T0008670,3,EDI-004,1,25.00,18.75,7.5000,Gummies BOGO 50
T0008671,1,VAP-005,1,28.00,25.20,9.0000,
T0008672,1,EDI-001,2,20.00,15.00,6.0000,Gummies BOGO 50
T0008673,1,PRE-001,2,10.00,10.00,3.2000,
T0008674,1,FLO-005,3,38.00,38.00,15.5000,
T0008674,2,CON-003,2,30.00,27.00,13.4400,
T0008675,1,PRE-003,1,18.00,18.00,6.0000,
T0008676,1,PRE-001,1,10.00,10.00,3.2000,
T0008677,1,PRE-001,2,10.00,10.00,3.2000,
T0008678,1,PRE-005,1,6.00,6.00,1.8000,
T0008679,1,CON-001,1,75.00,75.00,32.0000,
T0008679,2,EDI-001,1,20.00,15.00,6.0000,Gummies BOGO 50
T0008679,4,FLO-004,1,38.00,38.00,15.0000,
T0008679,5,EDI-004,1,25.00,18.75,7.5000,Gummies BOGO 50
T0008680,1,EDI-003,2,20.00,20.00,6.5000,
T0008680,2,VAP-006,1,15.00,12.00,4.0000,
T0008680,3,VAP-001,1,55.00,55.00,24.6400,
T0008680,4,PRE-004,2,35.00,28.00,12.0000,
T0008681,1,ACC-002,1,3.00,3.00,0.6000,
T0008681,2,VAP-001,1,55.00,55.00,24.6400,
T0008682,1,EDI-004,2,25.00,18.75,7.5000,Gummies BOGO 50
T0008683,1,PRE-002,1,10.00,10.00,3.4000,
T0008683,2,EDI-004,1,25.00,18.75,7.5000,Gummies BOGO 50
T0008684,1,VAP-005,1,28.00,25.20,9.0000,
T0008685,1,EDI-001,1,20.00,15.00,6.0000,Gummies BOGO 50
T0008686,1,EDI-001,1,20.00,15.00,6.0000,Gummies BOGO 50
T0008687,1,FLO-007,2,32.00,32.00,13.0000,
T0008687,2,PRE-004,3,35.00,35.00,12.0000,
T0008687,3,PRE-003,1,18.00,18.00,6.0000,
T0008688,1,EDI-001,1,20.00,15.00,6.0000,Gummies BOGO 50
T0008688,2,FLO-002,3,40.00,40.00,16.0000,
T0008689,1,PRE-004,1,35.00,35.00,12.0000,
T0008690,1,EDI-002,1,22.00,22.00,7.0000,
T0008690,2,EDI-001,1,20.00,15.00,6.0000,Gummies BOGO 50
T0008690,3,VAP-002,1,40.00,40.00,15.6800,
T0008690,4,PRE-001,1,10.00,10.00,3.2000,
T0008690,5,EDI-004,1,25.00,18.75,7.5000,Gummies BOGO 50
T0008691,1,VAP-005,2,28.00,28.00,9.0000,
T0008691,2,EDI-003,1,20.00,16.00,6.5000,
T0008692,1,ACC-004,2,2.00,1.60,0.4000,
T0008692,2,ACC-001,1,20.00,20.00,5.0000,
T0008692,3,PRE-005,1,6.00,5.40,1.8000,
T0008693,1,VAP-001,2,55.00,55.00,24.6400,
T0008693,2,FLO-005,1,38.00,38.00,15.5000,
T0008694,1,FLO-001,1,35.00,35.00,14.0000,
T0008694,2,FLO-007,1,32.00,25.60,13.0000,
T0008695,1,EDI-001,2,20.00,15.00,6.0000,Gummies BOGO 50
T0008695,2,FLO-006,1,120.00,120.00,52.0000,
T0008696,1,FLO-001,1,35.00,35.00,14.0000,
T0008696,2,ACC-004,1,2.00,1.60,0.4000,
T0008697,1,ACC-003,1,22.00,22.00,6.0000,
T0008698,1,PRE-002,1,10.00,10.00,3.4000,
T0008699,1,EDI-001,1,20.00,15.00,6.0000,Gummies BOGO 50
T0008699,2,EDI-007,1,18.00,14.40,6.0000,
T0008699,3,FLO-002,1,40.00,40.00,16.0000,
T0008700,1,FLO-010,1,45.00,40.50,18.0000,
T0008701,1,FLO-005,1,38.00,38.00,15.5000,
T0008701,2,FLO-003,1,70.00,70.00,28.0000,
T0008701,3,FLO-006,1,120.00,120.00,52.0000,
T0008702,1,PRE-005,1,6.00,6.00,1.8000,
T0008703,1,EDI-005,1,14.00,14.00,4.0000,
T0008703,2,PRE-003,2,18.00,18.00,6.0000,
T0008704,1,FLO-004,1,38.00,38.00,15.0000,
T0008705,1,FLO-002,1,40.00,40.00,16.0000,
T0008706,1,TOP-002,1,24.00,24.00,9.0000,
T0008706,2,PRE-002,1,10.00,10.00,3.4000,
T0008706,3,EDI-004,1,25.00,18.75,7.5000,Gummies BOGO 50
T0008707,1,FLO-002,1,40.00,40.00,16.0000,
T0008707,2,ACC-004,1,2.00,2.00,0.4000,
T0008707,3,FLO-001,1,35.00,35.00,14.0000,
T0008707,4,FLO-007,1,32.00,32.00,13.0000,
T0008708,1,ACC-002,1,3.00,3.00,0.6000,
T0008708,2,FLO-002,1,40.00,40.00,16.0000,
T0008709,1,EDI-005,1,14.00,14.00,4.0000,
T0008710,1,EDI-002,1,22.00,22.00,7.0000,
T0008710,2,PRE-002,3,10.00,10.00,3.4000,
T0008710,3,EDI-004,1,25.00,18.75,7.5000,Gummies BOGO 50
T0008710,4,VAP-002,1,40.00,40.00,15.6800,
T0008710,5,PRE-001,2,10.00,10.00,3.2000,
T0008711,1,VAP-006,1,15.00,15.00,4.0000,
T0008711,2,VAP-001,1,55.00,55.00,24.6400,
T0008712,1,ACC-004,1,2.00,2.00,0.4000,
T0008712,2,PRE-003,1,18.00,16.20,6.0000,
T0008713,1,PRE-002,1,10.00,10.00,3.4000,
T0008713,2,EDI-004,1,25.00,18.75,7.5000,Gummies BOGO 50
T0008714,1,FLO-008,1,32.00,32.00,13.5000,
T0008714,2,PRE-005,1,6.00,6.00,1.8000,
T0008714,3,ACC-002,1,3.00,3.00,0.6000,
T0008715,1,PRE-002,1,10.00,10.00,3.4000,
T0008716,1,ACC-004,1,2.00,2.00,0.4000,
T0008717,1,PRE-001,2,10.00,10.00,3.2000,
T0008717,2,EDI-004,2,25.00,18.75,7.5000,Gummies BOGO 50
T0008718,1,FLO-002,1,40.00,40.00,16.0000,
T0008718,2,FLO-007,1,32.00,28.80,13.0000,
T0008719,1,ACC-004,1,2.00,2.00,0.4000,
T0008719,2,EDI-001,2,20.00,15.00,6.0000,Gummies BOGO 50
T0008719,3,FLO-010,1,45.00,45.00,18.0000,
T0008720,1,VAP-002,1,40.00,40.00,15.6800,
T0008721,1,FLO-002,2,40.00,36.00,16.0000,
T0008721,2,VAP-003,1,32.00,32.00,13.4400,
T0008721,3,FLO-008,1,32.00,32.00,13.5000,
T0008722,1,PRE-001,2,10.00,9.00,3.2000,
T0008722,2,PRE-003,1,18.00,18.00,6.0000,
T0008723,1,ACC-001,1,20.00,20.00,5.0000,
T0008723,2,EDI-001,1,20.00,15.00,6.0000,Gummies BOGO 50
T0008724,1,PRE-002,2,10.00,10.00,3.4000,
T0008724,2,VAP-002,1,40.00,40.00,15.6800,
T0008725,1,FLO-007,1,32.00,32.00,13.0000,
T0008725,2,VAP-002,1,40.00,36.00,15.6800,
T0008726,1,EDI-001,1,20.00,15.00,6.0000,Gummies BOGO 50
T0008726,2,PRE-002,1,10.00,10.00,3.4000,
T0008727,1,ACC-004,1,2.00,2.00,0.4000,
T0008727,2,EDI-002,1,22.00,22.00,7.0000,
T0008728,1,VAP-002,2,40.00,40.00,15.6800,
T0008729,1,VAP-005,1,28.00,28.00,9.0000,
T0008729,2,ACC-004,1,2.00,2.00,0.4000,
T0008730,1,EDI-001,1,20.00,15.00,6.0000,Gummies BOGO 50
T0008730,2,EDI-004,1,25.00,18.75,7.5000,Gummies BOGO 50
T0008731,1,PRE-005,2,6.00,6.00,1.8000,
T0008731,2,EDI-001,1,20.00,15.00,6.0000,Gummies BOGO 50
T0008731,3,VAP-002,1,40.00,40.00,15.6800,
T0008732,1,ACC-001,1,20.00,20.00,5.0000,
T0008732,2,VAP-001,1,55.00,49.50,24.6400,
T0008732,3,TIN-001,1,50.00,50.00,18.0000,
T0008732,4,FLO-007,1,32.00,28.80,13.0000,
T0008732,5,EDI-006,3,8.00,8.00,3.0000,
T0008733,1,VAP-005,1,28.00,28.00,9.0000,
T0008733,2,VAP-003,1,32.00,32.00,13.4400,
T0008733,3,PRE-005,1,6.00,6.00,1.8000,
T0008734,1,VAP-002,2,40.00,40.00,15.6800,
T0008734,2,VAP-003,1,32.00,32.00,13.4400,
T0008735,1,EDI-001,1,20.00,15.00,6.0000,Gummies BOGO 50
T0008735,2,EDI-006,2,8.00,8.00,3.0000,
T0008736,1,VAP-003,1,32.00,28.80,13.4400,
T0008737,1,VAP-002,1,40.00,36.00,15.6800,
T0008738,1,ACC-002,1,3.00,3.00,0.6000,
T0008738,3,VAP-001,1,55.00,55.00,24.6400,
T0008739,1,CON-001,1,75.00,75.00,32.0000,
T0008739,2,ACC-001,1,20.00,16.00,5.0000,
T0008739,3,ACC-002,1,3.00,2.40,0.6000,
T0008739,4,PRE-001,1,10.00,8.00,3.2000,
T0008740,1,VAP-003,2,32.00,32.00,13.4400,
T0008740,2,VAP-001,1,55.00,55.00,24.6400,
T0008741,1,VAP-002,1,40.00,40.00,15.6800,
T0008741,2,EDI-004,1,25.00,18.75,7.5000,Gummies BOGO 50
T0008742,1,EDI-004,1,25.00,18.75,7.5000,Gummies BOGO 50
T0008742,2,VAP-005,1,28.00,28.00,9.0000,
T0008742,3,EDI-001,2,20.00,15.00,6.0000,Gummies BOGO 50
T0008743,1,EDI-001,1,20.00,15.00,6.0000,Gummies BOGO 50
T0008743,2,FLO-002,2,40.00,40.00,16.0000,
T0008743,3,ACC-004,1,2.00,2.00,0.4000,
T0008744,1,VAP-001,2,55.00,55.00,24.6400,
T0008745,1,PRE-005,1,6.00,6.00,1.8000,
T0008745,2,ACC-003,3,22.00,22.00,6.0000,
T0008745,3,FLO-005,3,38.00,38.00,15.5000,
T0008746,1,VAP-006,1,15.00,15.00,4.0000,
T0008746,2,VAP-001,2,55.00,55.00,24.6400,
T0008746,3,EDI-001,1,20.00,15.00,6.0000,Gummies BOGO 50
T0008747,1,CON-003,1,30.00,30.00,13.4400,
T0008747,2,PRE-001,1,10.00,10.00,3.2000,
T0008748,1,VAP-002,3,40.00,40.00,15.6800,
T0008748,2,PRE-003,1,18.00,18.00,6.0000,
T0008748,3,FLO-004,2,38.00,38.00,15.0000,
T0008749,1,PRE-002,3,10.00,10.00,3.4000,
T0008749,2,VAP-001,1,55.00,55.00,24.6400,
T0008750,1,PRE-002,1,10.00,10.00,3.4000,
T0008751,1,VAP-002,1,40.00,40.00,15.6800,
T0008752,1,FLO-004,1,38.00,34.20,15.0000,
T0008752,2,EDI-001,1,20.00,15.00,6.0000,Gummies BOGO 50
T0008752,3,PRE-005,1,6.00,6.00,1.8000,
T0008753,1,PRE-001,1,10.00,10.00,3.2000,
T0008753,2,CON-003,1,30.00,30.00,13.4400,
T0008754,1,FLO-002,2,40.00,40.00,16.0000,
T0008754,2,PRE-004,1,35.00,35.00,12.0000,
T0008755,1,EDI-002,1,22.00,22.00,7.0000,
T0008756,1,EDI-002,1,22.00,22.00,7.0000,
T0008756,2,VAP-001,1,55.00,55.00,24.6400,
T0008757,1,CON-002,1,45.00,45.00,18.0000,
T0008758,1,PRE-002,1,10.00,10.00,3.4000,
T0008759,1,EDI-004,1,25.00,18.75,7.5000,Gummies BOGO 50
T0008759,2,PRE-001,1,10.00,10.00,3.2000,
T0008759,3,FLO-001,1,35.00,31.50,14.0000,
T0008760,1,FLO-008,1,32.00,32.00,13.5000,
T0008761,1,EDI-006,1,8.00,8.00,3.0000,
T0008762,1,EDI-001,1,20.00,15.00,6.0000,Gummies BOGO 50
T0008763,1,FLO-002,2,40.00,40.00,16.0000,
T0008764,1,FLO-007,1,32.00,32.00,13.0000,
T0008764,2,EDI-002,1,22.00,22.00,7.0000,
T0008764,3,VAP-003,2,32.00,28.80,13.4400,
T0008765,1,FLO-008,2,32.00,32.00,13.5000,
T0008766,1,EDI-001,1,20.00,15.00,6.0000,Gummies BOGO 50
T0008766,3,FLO-001,1,35.00,35.00,14.0000,
T0008767,1,PRE-002,1,10.00,10.00,3.4000,
T0008768,1,EDI-001,3,20.00,15.00,6.0000,Gummies BOGO 50
T0008768,2,VAP-002,1,40.00,40.00,15.6800,
T0008769,1,EDI-001,1,20.00,15.00,6.0000,Gummies BOGO 50
T0008769,2,PRE-004,1,35.00,35.00,12.0000,
T0008770,1,PRE-003,1,18.00,18.00,6.0000,
T0008770,2,EDI-001,2,20.00,15.00,6.0000,Gummies BOGO 50
T0008771,1,FLO-008,1,32.00,32.00,13.5000,
T0008771,2,VAP-002,1,40.00,40.00,15.6800,
T0008772,1,PRE-005,1,6.00,6.00,1.8000,
T0008773,1,EDI-001,1,20.00,15.00,6.0000,Gummies BOGO 50
T0008773,2,PRE-001,1,10.00,10.00,3.2000,
T0008773,4,EDI-004,1,25.00,18.75,7.5000,Gummies BOGO 50
T0008773,5,VAP-001,1,55.00,49.50,24.6400,
T0008774,1,EDI-004,1,25.00,18.75,7.5000,Gummies BOGO 50
T0008775,1,EDI-002,1,22.00,19.80,7.0000,
T0008776,1,FLO-010,1,45.00,45.00,18.0000,
T0008776,2,VAP-006,1,15.00,15.00,4.0000,
T0008777,1,VAP-002,1,40.00,40.00,15.6800,
T0008777,2,VAP-001,1,55.00,55.00,24.6400,
T0008777,3,EDI-001,1,20.00,15.00,6.0000,Gummies BOGO 50
T0008777,5,TOP-002,1,24.00,24.00,9.0000,
T0008778,1,PRE-005,1,6.00,5.40,1.8000,
T0008779,1,FLO-008,1,32.00,32.00,13.5000,
T0008780,1,ACC-002,1,3.00,3.00,0.6000,
T0008780,2,FLO-005,1,38.00,38.00,15.5000,
T0008781,1,VAP-002,1,40.00,40.00,15.6800,
T0008781,2,FLO-004,3,38.00,38.00,15.0000,
T0008781,3,FLO-001,1,35.00,35.00,14.0000,
T0008781,4,FLO-003,1,70.00,70.00,28.0000,
T0008781,5,EDI-004,2,25.00,18.75,7.5000,Gummies BOGO 50
T0008782,1,FLO-007,1,32.00,32.00,13.0000,
T0008783,1,VAP-002,2,40.00,40.00,15.6800,
T0008783,2,VAP-003,1,32.00,32.00,13.4400,
T0008783,3,EDI-004,1,25.00,18.75,7.5000,Gummies BOGO 50
T0008783,4,EDI-007,1,18.00,14.40,6.0000,
T0008784,1,VAP-003,1,32.00,28.80,13.4400,
T0008784,2,PRE-002,1,10.00,10.00,3.4000,
T0008784,3,FLO-004,1,38.00,38.00,15.0000,
T0008785,1,FLO-001,1,35.00,35.00,14.0000,
T0008785,2,FLO-005,1,38.00,38.00,15.5000,
T0008785,3,ACC-004,1,2.00,2.00,0.4000,
T0008785,4,TIN-002,2,45.00,45.00,16.0000,
T0008786,1,PRE-002,1,10.00,10.00,3.4000,
T0008786,2,EDI-004,2,25.00,18.75,7.5000,Gummies BOGO 50
T0008787,1,FLO-008,1,32.00,28.80,13.5000,
T0008787,2,VAP-003,1,32.00,32.00,13.4400,
T0008787,3,EDI-002,1,22.00,22.00,7.0000,
T0008787,4,FLO-005,3,38.00,38.00,15.5000,
T0008788,1,ACC-002,1,3.00,3.00,0.6000,
T0008789,1,PRE-001,1,10.00,10.00,3.2000,
T0008790,1,EDI-001,1,20.00,15.00,6.0000,Gummies BOGO 50
T0008791,1,FLO-003,1,70.00,70.00,28.0000,
T0008792,1,EDI-001,1,20.00,15.00,6.0000,Gummies BOGO 50
T0008793,1,PRE-001,1,10.00,10.00,3.2000,
T0008793,2,PRE-005,1,6.00,6.00,1.8000,
T0008794,1,VAP-005,1,28.00,28.00,9.0000,
T0008795,1,EDI-004,1,25.00,18.75,7.5000,Gummies BOGO 50
T0008795,2,VAP-005,1,28.00,28.00,9.0000,
T0008796,1,VAP-005,3,28.00,28.00,9.0000,
T0008797,1,EDI-007,3,18.00,14.40,6.0000,
T0008797,2,PRE-002,3,10.00,8.00,3.4000,
T0008797,3,ACC-004,1,2.00,2.00,0.4000,
T0008797,4,EDI-004,1,25.00,18.75,7.5000,Gummies BOGO 50
T0008798,1,VAP-005,2,28.00,28.00,9.0000,
T0008799,1,EDI-004,1,25.00,18.75,7.5000,Gummies BOGO 50
T0008800,1,ACC-004,1,2.00,2.00,0.4000,
T0008801,1,PRE-002,1,10.00,10.00,3.4000,
T0008802,1,ACC-004,1,2.00,2.00,0.4000,
T0008802,2,EDI-001,1,20.00,15.00,6.0000,Gummies BOGO 50
T0008802,3,FLO-003,1,70.00,70.00,28.0000,
T0008802,4,EDI-003,1,20.00,20.00,6.5000,
T0008803,1,EDI-006,1,8.00,8.00,3.0000,
T0008803,2,PRE-005,2,6.00,6.00,1.8000,
T0008803,3,CON-001,1,75.00,75.00,32.0000,
T0008803,4,PRE-003,1,18.00,18.00,6.0000,
T0008804,1,EDI-002,1,22.00,22.00,7.0000,
T0008804,3,EDI-005,1,14.00,14.00,4.0000,
T0008805,1,EDI-001,1,20.00,15.00,6.0000,Gummies BOGO 50
T0008806,1,EDI-001,1,20.00,15.00,6.0000,Gummies BOGO 50
T0008806,2,PRE-005,1,6.00,6.00,1.8000,
T0008807,1,EDI-001,2,20.00,15.00,6.0000,Gummies BOGO 50
T0008808,1,FLO-005,1,38.00,38.00,15.5000,
T0008809,1,PRE-004,1,35.00,35.00,12.0000,
T0008810,1,EDI-004,1,25.00,18.75,7.5000,Gummies BOGO 50
T0008810,2,FLO-004,1,38.00,38.00,15.0000,
T0008810,3,ACC-002,1,3.00,3.00,0.6000,
T0008811,1,ACC-004,1,2.00,2.00,0.4000,
T0008812,1,ACC-004,1,2.00,1.60,0.4000,
T0008813,1,EDI-004,1,25.00,18.75,7.5000,Gummies BOGO 50
T0008814,1,FLO-002,1,40.00,40.00,16.0000,
T0008815,1,FLO-007,2,32.00,28.80,13.0000,
T0008816,1,FLO-004,2,38.00,38.00,15.0000,
T0008816,2,FLO-003,1,70.00,70.00,28.0000,
T0008816,3,ACC-004,1,2.00,2.00,0.4000,
T0008816,4,VAP-002,1,40.00,40.00,15.6800,
T0008817,1,PRE-001,1,10.00,8.00,3.2000,
T0008817,2,VAP-002,2,40.00,32.00,15.6800,
T0008817,3,EDI-002,1,22.00,19.80,7.0000,
T0008818,1,VAP-003,1,32.00,32.00,13.4400,
T0008818,2,PRE-001,1,10.00,8.00,3.2000,
T0008818,3,TOP-001,1,35.00,35.00,12.0000,
T0008819,1,PRE-004,2,35.00,35.00,12.0000,
T0008819,2,VAP-002,2,40.00,40.00,15.6800,
T0008819,3,FLO-001,1,35.00,35.00,14.0000,
T0008820,1,EDI-004,2,25.00,18.75,7.5000,Gummies BOGO 50
T0008820,2,PRE-002,2,10.00,10.00,3.4000,
T0008820,3,VAP-002,1,40.00,40.00,15.6800,
T0008820,4,EDI-001,1,20.00,15.00,6.0000,Gummies BOGO 50
T0008820,5,FLO-001,1,35.00,35.00,14.0000,
T0008821,1,EDI-005,1,14.00,14.00,4.0000,
T0008822,1,VAP-003,1,32.00,32.00,13.4400,
T0008822,3,CON-002,2,45.00,40.50,18.0000,
T0008823,1,EDI-003,1,20.00,16.00,6.5000,
T0008824,1,VAP-005,1,28.00,25.20,9.0000,
T0008824,2,EDI-001,1,20.00,15.00,6.0000,Gummies BOGO 50
T0008824,3,FLO-007,1,32.00,32.00,13.0000,
T0008825,1,FLO-004,1,38.00,38.00,15.0000,
T0008826,1,ACC-001,1,20.00,20.00,5.0000,
T0008826,2,FLO-008,1,32.00,28.80,13.5000,
T0008827,1,FLO-003,1,70.00,70.00,28.0000,
T0008827,2,FLO-001,1,35.00,35.00,14.0000,
T0008828,1,EDI-002,2,22.00,22.00,7.0000,
T0008828,2,PRE-001,1,10.00,10.00,3.2000,
T0008829,1,EDI-001,1,20.00,15.00,6.0000,Gummies BOGO 50
T0008830,1,EDI-001,1,20.00,15.00,6.0000,Gummies BOGO 50
T0008830,2,VAP-005,1,28.00,28.00,9.0000,
T0008831,1,VAP-003,1,32.00,32.00,13.4400,
T0008831,2,EDI-004,1,25.00,18.75,7.5000,Gummies BOGO 50
T0008832,1,PRE-001,1,10.00,10.00,3.2000,
T0008833,1,VAP-005,1,28.00,28.00,9.0000,
T0008834,1,PRE-004,1,35.00,35.00,12.0000,
T0008834,2,EDI-001,1,20.00,15.00,6.0000,Gummies BOGO 50
T0008834,3,FLO-003,1,70.00,70.00,28.0000,
T0008835,1,EDI-001,1,20.00,15.00,6.0000,Gummies BOGO 50
T0008835,2,CON-002,1,45.00,45.00,18.0000,
T0008835,3,PRE-002,2,10.00,10.00,3.4000,
T0008836,1,EDI-003,2,20.00,20.00,6.5000,
T0008836,2,PRE-005,2,6.00,5.40,1.8000,
T0008837,1,EDI-002,1,22.00,22.00,7.0000,
T0008837,2,FLO-001,1,35.00,35.00,14.0000,
T0008837,3,EDI-004,2,25.00,18.75,7.5000,Gummies BOGO 50
T0008838,1,EDI-001,1,20.00,15.00,6.0000,Gummies BOGO 50
T0008838,2,ACC-004,1,2.00,2.00,0.4000,
T0008838,3,PRE-002,1,10.00,10.00,3.4000,
T0008838,4,FLO-008,1,32.00,28.80,13.5000,
T0008839,1,VAP-002,3,40.00,40.00,15.6800,
T0008840,1,EDI-003,1,20.00,20.00,6.5000,
T0008841,1,ACC-002,1,3.00,3.00,0.6000,
T0008842,1,PRE-001,1,10.00,10.00,3.2000,
T0008842,2,ACC-003,1,22.00,19.80,6.0000,
T0008842,3,ACC-002,1,3.00,3.00,0.6000,
T0008843,1,VAP-003,2,32.00,32.00,13.4400,
T0008844,1,PRE-002,1,10.00,10.00,3.4000,
T0008845,1,PRE-002,2,10.00,8.00,3.4000,
T0008846,1,EDI-007,1,18.00,18.00,6.0000,
T0008847,1,FLO-002,1,40.00,40.00,16.0000,
T0008848,1,VAP-002,1,40.00,40.00,15.6800,
T0008848,2,CON-001,1,75.00,67.50,32.0000,
T0008849,1,VAP-002,1,40.00,40.00,15.6800,
T0008849,2,ACC-004,3,2.00,2.00,0.4000,
T0008849,3,ACC-002,1,3.00,3.00,0.6000,
T0008850,1,FLO-007,2,32.00,32.00,13.0000,
T0008850,2,FLO-002,1,40.00,40.00,16.0000,
T0008851,1,PRE-004,1,35.00,35.00,12.0000,
T0008852,1,EDI-004,1,25.00,18.75,7.5000,Gummies BOGO 50
T0008852,2,FLO-002,1,40.00,40.00,16.0000,
T0008852,3,FLO-001,2,35.00,35.00,14.0000,
T0008852,4,FLO-010,1,45.00,45.00,18.0000,
T0008852,5,VAP-002,1,40.00,36.00,15.6800,
T0008853,1,EDI-004,1,25.00,18.75,7.5000,Gummies BOGO 50
T0008853,2,PRE-001,1,10.00,10.00,3.2000,
T0008853,3,EDI-001,1,20.00,15.00,6.0000,Gummies BOGO 50
T0008854,1,EDI-001,1,20.00,15.00,6.0000,Gummies BOGO 50
T0008854,2,VAP-006,1,15.00,15.00,4.0000,
T0008855,1,PRE-004,3,35.00,31.50,12.0000,
T0008855,2,FLO-004,1,38.00,38.00,15.0000,
T0008855,3,EDI-005,1,14.00,14.00,4.0000,
T0008856,1,PRE-002,1,10.00,10.00,3.4000,
T0008856,2,VAP-003,1,32.00,32.00,13.4400,
T0008857,1,EDI-003,1,20.00,18.00,6.5000,
T0008858,1,EDI-001,1,20.00,15.00,6.0000,Gummies BOGO 50
T0008859,1,FLO-001,2,35.00,35.00,14.0000,
T0008859,2,PRE-005,2,6.00,6.00,1.8000,
T0008860,1,FLO-001,1,35.00,35.00,14.0000,
T0008861,1,VAP-004,1,60.00,60.00,24.0000,
T0008861,2,VAP-002,1,40.00,40.00,15.6800,
T0008862,1,EDI-001,1,20.00,15.00,6.0000,Gummies BOGO 50
T0008863,1,PRE-003,2,18.00,18.00,6.0000,
T0008863,2,PRE-002,1,10.00,10.00,3.4000,
T0008863,3,EDI-006,1,8.00,7.20,3.0000,
T0008863,4,EDI-007,1,18.00,18.00,6.0000,
T0008864,1,ACC-002,1,3.00,3.00,0.6000,
T0008864,2,FLO-001,1,35.00,35.00,14.0000,
T0008864,3,VAP-001,1,55.00,55.00,24.6400,
T0008864,4,FLO-010,2,45.00,45.00,18.0000,
T0008864,5,CON-002,1,45.00,45.00,18.0000,
T0008865,1,FLO-008,1,32.00,32.00,13.5000,
T0008865,2,PRE-002,1,10.00,10.00,3.4000,
T0008865,3,FLO-001,1,35.00,35.00,14.0000,
T0008866,1,FLO-002,1,40.00,36.00,16.0000,
T0008866,2,PRE-002,1,10.00,10.00,3.4000,
T0008867,1,VAP-003,1,32.00,32.00,13.4400,
T0008868,1,EDI-005,1,14.00,14.00,4.0000,
T0008868,2,FLO-002,1,40.00,40.00,16.0000,
T0008868,3,PRE-002,1,10.00,10.00,3.4000,
T0008869,1,PRE-002,1,10.00,10.00,3.4000,
T0008870,1,EDI-006,3,8.00,8.00,3.0000,
T0008871,1,FLO-003,2,70.00,70.00,28.0000,
T0008872,1,EDI-004,1,25.00,18.75,7.5000,Gummies BOGO 50
T0008873,1,CON-004,2,55.00,55.00,24.6400,
T0008873,2,EDI-006,2,8.00,8.00,3.0000,
T0008874,1,VAP-002,1,40.00,40.00,15.6800,
T0008874,2,EDI-001,1,20.00,15.00,6.0000,Gummies BOGO 50
T0008875,1,EDI-005,1,14.00,11.20,4.0000,
T0008876,1,FLO-001,1,35.00,35.00,14.0000,
T0008876,2,VAP-003,1,32.00,32.00,13.4400,
T0008877,1,ACC-003,1,22.00,22.00,6.0000,
T0008877,2,PRE-001,1,10.00,10.00,3.2000,
T0008877,3,VAP-002,2,40.00,40.00,15.6800,
T0008877,4,FLO-002,1,40.00,40.00,16.0000,
T0008878,1,PRE-002,1,10.00,10.00,3.4000,
T0008879,1,FLO-001,1,35.00,35.00,14.0000,
T0008879,2,EDI-004,1,25.00,18.75,7.5000,Gummies BOGO 50
T0008880,1,FLO-004,1,38.00,38.00,15.0000,
T0008881,1,FLO-002,1,40.00,40.00,16.0000,
T0008881,2,PRE-001,1,10.00,10.00,3.2000,
T0008882,1,VAP-002,1,40.00,40.00,15.6800,
T0008883,1,PRE-002,1,10.00,10.00,3.4000,
T0008884,1,FLO-007,1,32.00,32.00,13.0000,
T0008884,2,FLO-003,1,70.00,70.00,28.0000,
T0008885,1,PRE-004,1,35.00,35.00,12.0000,
T0008885,2,FLO-004,1,38.00,38.00,15.0000,
T0008886,1,EDI-006,1,8.00,6.40,3.0000,
T0008887,1,ACC-004,1,2.00,2.00,0.4000,
T0008888,1,EDI-003,2,20.00,20.00,6.5000,
T0008888,2,PRE-005,2,6.00,6.00,1.8000,
T0008888,3,EDI-001,1,20.00,15.00,6.0000,Gummies BOGO 50
T0008889,1,EDI-004,1,25.00,18.75,7.5000,Gummies BOGO 50
T0008889,2,FLO-001,1,35.00,35.00,14.0000,
T0008889,3,CON-001,1,75.00,75.00,32.0000,
T0008889,4,FLO-007,1,32.00,32.00,13.0000,
T0008890,1,ACC-001,3,20.00,20.00,5.0000,
T0008890,2,FLO-002,1,40.00,40.00,16.0000,
T0008891,1,PRE-001,1,10.00,10.00,3.2000,
T0008891,2,VAP-002,1,40.00,40.00,15.6800,
T0008891,3,PRE-005,2,6.00,6.00,1.8000,
T0008892,1,PRE-002,1,10.00,10.00,3.4000,
T0008892,2,EDI-004,1,25.00,18.75,7.5000,Gummies BOGO 50
T0008893,1,VAP-002,1,40.00,40.00,15.6800,
T0008893,2,FLO-002,1,40.00,36.00,16.0000,
T0008893,3,FLO-001,1,35.00,35.00,14.0000,
T0008893,4,PRE-004,1,35.00,35.00,12.0000,
T0008894,1,EDI-005,3,14.00,11.20,4.0000,
T0008895,1,EDI-001,1,20.00,15.00,6.0000,Gummies BOGO 50
T0008896,1,FLO-010,1,45.00,45.00,18.0000,
T0008896,2,VAP-004,1,60.00,60.00,24.0000,
T0008897,1,PRE-001,1,10.00,9.00,3.2000,
T0008897,2,FLO-001,3,35.00,35.00,14.0000,
T0008898,1,CON-004,1,55.00,55.00,24.6400,
T0008898,2,VAP-006,1,15.00,15.00,4.0000,
T0008899,1,TIN-001,1,50.00,50.00,18.0000,
T0008900,1,EDI-001,1,20.00,15.00,6.0000,Gummies BOGO 50
T0008901,1,ACC-004,1,2.00,2.00,0.4000,
T0008902,1,FLO-007,1,32.00,32.00,13.0000,
T0008903,1,FLO-002,1,40.00,40.00,16.0000,
T0008904,1,FLO-004,1,38.00,38.00,15.0000,
T0008905,1,EDI-001,1,20.00,15.00,6.0000,Gummies BOGO 50
T0008905,3,FLO-004,1,38.00,38.00,15.0000,
T0008906,1,VAP-002,1,40.00,40.00,15.6800,
T0008906,2,EDI-004,2,25.00,18.75,7.5000,Gummies BOGO 50
T0008906,3,FLO-007,1,32.00,32.00,13.0000,
T0008907,1,EDI-004,2,25.00,18.75,7.5000,Gummies BOGO 50
T0008907,2,FLO-001,1,35.00,35.00,14.0000,
T0008907,3,EDI-001,3,20.00,15.00,6.0000,Gummies BOGO 50
T0008908,1,VAP-002,1,40.00,32.00,15.6800,
T0008908,2,VAP-005,1,28.00,28.00,9.0000,
T0008909,1,EDI-006,1,8.00,8.00,3.0000,
T0008909,2,VAP-003,1,32.00,25.60,13.4400,
T0008909,3,EDI-003,1,20.00,20.00,6.5000,
T0008909,4,CON-002,1,45.00,36.00,18.0000,
T0008910,1,FLO-001,1,35.00,35.00,14.0000,
T0008911,1,PRE-005,1,6.00,6.00,1.8000,
T0008911,2,TOP-002,1,24.00,24.00,9.0000,
T0008911,3,EDI-001,1,20.00,15.00,6.0000,Gummies BOGO 50
T0008912,1,PRE-002,1,10.00,10.00,3.4000,
T0008912,2,ACC-004,1,2.00,2.00,0.4000,
T0008912,3,CON-004,2,55.00,55.00,24.6400,
T0008913,1,EDI-001,2,20.00,15.00,6.0000,Gummies BOGO 50
T0008914,1,CON-002,1,45.00,45.00,18.0000,
T0008915,1,FLO-002,1,40.00,36.00,16.0000,
T0008915,2,ACC-004,1,2.00,2.00,0.4000,
T0008916,1,EDI-005,2,14.00,14.00,4.0000,
T0008917,1,EDI-005,1,14.00,14.00,4.0000,
T0008918,1,EDI-006,1,8.00,8.00,3.0000,
T0008918,2,CON-003,1,30.00,30.00,13.4400,
T0008919,1,VAP-002,1,40.00,40.00,15.6800,
T0008920,1,VAP-005,1,28.00,28.00,9.0000,
T0008920,2,PRE-003,2,18.00,18.00,6.0000,
T0008920,3,VAP-003,1,32.00,32.00,13.4400,
T0008920,4,VAP-002,1,40.00,40.00,15.6800,
T0008921,1,EDI-007,1,18.00,18.00,6.0000,
T0008922,1,FLO-007,1,32.00,32.00,13.0000,
T0008923,1,PRE-005,2,6.00,6.00,1.8000,
T0008923,2,EDI-004,1,25.00,18.75,7.5000,Gummies BOGO 50
T0008923,3,EDI-001,1,20.00,15.00,6.0000,Gummies BOGO 50
T0008924,1,PRE-003,1,18.00,14.40,6.0000,
T0008924,2,EDI-004,2,25.00,18.75,7.5000,Gummies BOGO 50
T0008924,4,PRE-005,1,6.00,4.80,1.8000,
T0008925,1,TIN-001,1,50.00,50.00,18.0000,
T0008926,1,EDI-004,2,25.00,18.75,7.5000,Gummies BOGO 50
T0008926,2,ACC-003,1,22.00,22.00,6.0000,
T0008927,1,EDI-005,1,14.00,14.00,4.0000,
T0008928,1,ACC-004,3,2.00,2.00,0.4000,
T0008928,2,FLO-001,1,35.00,35.00,14.0000,
T0008929,1,VAP-005,1,28.00,28.00,9.0000,
T0008930,1,FLO-004,3,38.00,38.00,15.0000,
T0008930,2,FLO-001,2,35.00,35.00,14.0000,
T0008931,1,VAP-004,1,60.00,60.00,24.0000,
T0008932,1,EDI-003,1,20.00,20.00,6.5000,
T0008932,2,FLO-002,1,40.00,40.00,16.0000,
T0008933,1,PRE-005,1,6.00,6.00,1.8000,
T0008933,2,EDI-004,1,25.00,18.75,7.5000,Gummies BOGO 50
T0008933,3,PRE-004,3,35.00,35.00,12.0000,
T0008934,1,ACC-004,1,2.00,2.00,0.4000,
T0008935,1,ACC-004,1,2.00,2.00,0.4000,
T0008936,1,VAP-001,1,55.00,55.00,24.6400,
T0008937,1,FLO-002,1,40.00,36.00,16.0000,
T0008937,2,EDI-003,1,20.00,20.00,6.5000,
T0008937,3,CON-001,1,75.00,75.00,32.0000,
T0008938,1,PRE-002,1,10.00,10.00,3.4000,
T0008938,2,TOP-002,1,24.00,24.00,9.0000,
T0008939,1,FLO-004,1,38.00,38.00,15.0000,
T0008940,1,VAP-003,1,32.00,32.00,13.4400,
T0008940,2,PRE-002,3,10.00,10.00,3.4000,
T0008941,1,FLO-007,1,32.00,32.00,13.0000,
T0008941,2,TOP-001,1,35.00,35.00,12.0000,
T0008942,1,EDI-001,1,20.00,15.00,6.0000,Gummies BOGO 50
T0008942,2,VAP-001,1,55.00,55.00,24.6400,
T0008943,1,FLO-002,1,40.00,40.00,16.0000,
T0008943,2,ACC-002,1,3.00,3.00,0.6000,
T0008943,3,EDI-003,1,20.00,18.00,6.5000,
T0008944,1,PRE-001,2,10.00,10.00,3.2000,
T0008944,2,PRE-002,1,10.00,10.00,3.4000,
T0008945,1,EDI-001,1,20.00,15.00,6.0000,Gummies BOGO 50
T0008946,1,EDI-001,1,20.00,15.00,6.0000,Gummies BOGO 50
T0008947,1,FLO-005,1,38.00,38.00,15.5000,
T0008948,1,ACC-004,1,2.00,2.00,0.4000,
T0008949,1,CON-003,1,30.00,30.00,13.4400,
T0008949,2,PRE-002,1,10.00,10.00,3.4000,
T0008949,3,EDI-001,1,20.00,15.00,6.0000,Gummies BOGO 50
T0008949,5,CON-001,1,75.00,75.00,32.0000,
T0008950,1,FLO-001,2,35.00,35.00,14.0000,
T0008951,1,EDI-004,1,25.00,18.75,7.5000,Gummies BOGO 50
T0008952,1,FLO-003,1,70.00,70.00,28.0000,
T0008952,2,FLO-004,1,38.00,38.00,15.0000,
T0008953,1,FLO-004,1,38.00,38.00,15.0000,
T0008953,2,EDI-005,2,14.00,14.00,4.0000,
T0008954,1,VAP-002,2,40.00,36.00,15.6800,
T0008954,2,PRE-003,1,18.00,18.00,6.0000,
T0008955,1,PRE-005,1,6.00,6.00,1.8000,
T0008956,1,VAP-005,1,28.00,28.00,9.0000,
T0008956,2,TIN-002,1,45.00,45.00,16.0000,
T0008956,3,TOP-002,1,24.00,24.00,9.0000,
T0008957,1,VAP-006,1,15.00,15.00,4.0000,
T0008958,1,PRE-004,1,35.00,35.00,12.0000,
T0008959,1,FLO-004,1,38.00,38.00,15.0000,
T0008960,1,FLO-001,2,35.00,35.00,14.0000,
T0008960,2,VAP-005,1,28.00,22.40,9.0000,
T0008961,1,PRE-001,1,10.00,10.00,3.2000,
T0008961,2,CON-002,1,45.00,36.00,18.0000,
T0008961,3,VAP-003,1,32.00,32.00,13.4400,
T0008961,4,ACC-002,2,3.00,3.00,0.6000,
T0008962,1,EDI-001,1,20.00,15.00,6.0000,Gummies BOGO 50
T0008962,2,VAP-002,1,40.00,40.00,15.6800,
T0008963,1,PRE-005,1,6.00,6.00,1.8000,
T0008964,1,EDI-001,2,20.00,15.00,6.0000,Gummies BOGO 50
T0008965,1,EDI-005,1,14.00,12.60,4.0000,
T0008966,1,FLO-007,1,32.00,32.00,13.0000,
T0008966,2,PRE-004,1,35.00,35.00,12.0000,
T0008967,1,FLO-003,2,70.00,70.00,28.0000,
T0008968,1,VAP-003,1,32.00,32.00,13.4400,
T0008969,1,FLO-007,1,32.00,32.00,13.0000,
T0008970,1,PRE-004,1,35.00,35.00,12.0000,
T0008971,1,EDI-003,1,20.00,18.00,6.5000,
T0008972,1,EDI-001,1,20.00,15.00,6.0000,Gummies BOGO 50
T0008973,1,TIN-002,2,45.00,45.00,16.0000,
T0008973,2,PRE-003,1,18.00,18.00,6.0000,
T0008974,1,EDI-004,1,25.00,18.75,7.5000,Gummies BOGO 50
T0008974,2,VAP-002,1,40.00,40.00,15.6800,
T0008975,1,CON-004,1,55.00,44.00,24.6400,
T0008975,2,PRE-002,1,10.00,8.00,3.4000,
T0008975,3,PRE-004,1,35.00,35.00,12.0000,
T0008976,1,VAP-002,1,40.00,40.00,15.6800,
T0008977,1,EDI-004,2,25.00,18.75,7.5000,Gummies BOGO 50
T0008978,1,FLO-005,1,38.00,38.00,15.5000,
T0008979,1,FLO-004,2,38.00,38.00,15.0000,
T0008979,2,TIN-001,1,50.00,50.00,18.0000,
T0008979,3,EDI-001,1,20.00,15.00,6.0000,Gummies BOGO 50
T0008980,1,VAP-002,2,40.00,40.00,15.6800,
T0008980,2,EDI-001,1,20.00,15.00,6.0000,Gummies BOGO 50
T0008981,1,VAP-005,1,28.00,28.00,9.0000,
T0008981,2,EDI-004,2,25.00,18.75,7.5000,Gummies BOGO 50
T0008981,3,PRE-005,1,6.00,6.00,1.8000,
T0008981,5,VAP-002,2,40.00,40.00,15.6800,
T0008982,1,PRE-002,1,10.00,8.00,3.4000,
T0008982,2,EDI-004,1,25.00,18.75,7.5000,Gummies BOGO 50
T0008982,3,FLO-002,2,40.00,40.00,16.0000,
T0008982,4,ACC-001,1,20.00,16.00,5.0000,
T0008982,5,FLO-007,1,32.00,25.60,13.0000,
T0008983,1,ACC-004,2,2.00,2.00,0.4000,
T0008984,1,PRE-002,1,10.00,10.00,3.4000,
T0008985,1,PRE-002,1,10.00,10.00,3.4000,
T0008985,2,VAP-002,2,40.00,40.00,15.6800,
T0008986,1,CON-002,1,45.00,45.00,18.0000,
T0008987,1,EDI-005,1,14.00,14.00,4.0000,
T0008987,2,PRE-004,1,35.00,35.00,12.0000,
T0008987,3,VAP-002,2,40.00,40.00,15.6800,
T0008988,1,EDI-002,2,22.00,22.00,7.0000,
T0008988,2,ACC-003,1,22.00,22.00,6.0000,
T0008989,1,EDI-004,1,25.00,18.75,7.5000,Gummies BOGO 50
T0008989,2,TOP-001,1,35.00,35.00,12.0000,
T0008990,1,EDI-001,1,20.00,15.00,6.0000,Gummies BOGO 50
T0008990,2,FLO-007,2,32.00,32.00,13.0000,
T0008991,1,PRE-003,2,18.00,18.00,6.0000,
T0008991,2,PRE-001,1,10.00,10.00,3.2000,
T0008991,3,EDI-001,1,20.00,15.00,6.0000,Gummies BOGO 50
T0008992,1,EDI-001,2,20.00,15.00,6.0000,Gummies BOGO 50
T0008992,2,VAP-001,2,55.00,55.00,24.6400,
T0008992,3,FLO-001,1,35.00,35.00,14.0000,
T0008993,1,ACC-002,1,3.00,3.00,0.6000,
T0008994,1,FLO-001,2,35.00,35.00,14.0000,
T0008994,2,ACC-001,1,20.00,20.00,5.0000,
T0008995,1,EDI-001,1,20.00,15.00,6.0000,Gummies BOGO 50
T0008996,1,PRE-001,1,10.00,8.00,3.2000,
T0008997,1,ACC-002,1,3.00,3.00,0.6000,
T0008998,1,EDI-007,1,18.00,18.00,6.0000,
T0008998,2,ACC-004,1,2.00,2.00,0.4000,
T0008999,1,PRE-001,2,10.00,10.00,3.2000,
T0008999,2,ACC-004,1,2.00,2.00,0.4000,
T0009000,1,EDI-005,2,14.00,14.00,4.0000,
T0009000,2,PRE-003,1,18.00,18.00,6.0000,
T0009001,1,PRE-002,2,10.00,10.00,3.4000,
T0009002,1,EDI-001,1,20.00,15.00,6.0000,Gummies BOGO 50
T0009002,2,FLO-001,3,35.00,28.00,14.0000,
T0009003,1,ACC-004,1,2.00,2.00,0.4000,
T0009003,2,VAP-001,2,55.00,55.00,24.6400,
T0009004,1,VAP-005,1,28.00,28.00,9.0000,
T0009004,2,ACC-004,2,2.00,2.00,0.4000,
T0009004,3,VAP-003,1,32.00,32.00,13.4400,
T0009004,4,EDI-006,1,8.00,8.00,3.0000,
T0009005,1,VAP-005,1,28.00,28.00,9.0000,
T0009005,2,PRE-001,1,10.00,10.00,3.2000,
T0009005,3,PRE-002,1,10.00,10.00,3.4000,
T0009005,4,FLO-003,1,70.00,70.00,28.0000,
T0009006,1,ACC-002,1,3.00,3.00,0.6000,
T0009006,2,EDI-006,1,8.00,8.00,3.0000,
T0009007,1,FLO-006,1,120.00,120.00,52.0000,
T0009008,1,EDI-001,1,20.00,15.00,6.0000,Gummies BOGO 50
T0009009,1,VAP-003,1,32.00,32.00,13.4400,
T0009010,1,EDI-001,2,20.00,15.00,6.0000,Gummies BOGO 50
T0009010,2,EDI-004,1,25.00,18.75,7.5000,Gummies BOGO 50
T0009011,1,EDI-001,1,20.00,15.00,6.0000,Gummies BOGO 50
T0009012,1,FLO-005,2,38.00,38.00,15.5000,
T0009012,2,ACC-004,1,2.00,2.00,0.4000,
T0009013,1,FLO-004,1,38.00,38.00,15.0000,
T0009014,1,PRE-002,1,10.00,10.00,3.4000,
T0009014,2,VAP-002,2,40.00,40.00,15.6800,
T0009015,1,EDI-001,1,20.00,15.00,6.0000,Gummies BOGO 50
T0009015,2,FLO-004,3,38.00,38.00,15.0000,
T0009016,1,PRE-005,1,6.00,6.00,1.8000,
T0009017,1,FLO-002,2,40.00,40.00,16.0000,
T0009017,2,PRE-002,1,10.00,10.00,3.4000,
T0009018,1,ACC-004,1,2.00,2.00,0.4000,
T0009018,2,FLO-002,2,40.00,40.00,16.0000,
T0009018,3,EDI-001,2,20.00,15.00,6.0000,Gummies BOGO 50
T0009019,1,VAP-001,1,55.00,55.00,24.6400,
T0009019,2,TOP-002,1,24.00,24.00,9.0000,
T0009020,1,CON-003,1,30.00,30.00,13.4400,
T0009020,2,ACC-004,1,2.00,1.60,0.4000,
T0009021,1,ACC-004,1,2.00,2.00,0.4000,
T0009022,1,PRE-002,1,10.00,10.00,3.4000,
T0009023,1,CON-002,1,45.00,36.00,18.0000,
T0009023,2,PRE-005,1,6.00,6.00,1.8000,
T0009024,1,PRE-002,1,10.00,10.00,3.4000,
T0009025,1,PRE-001,1,10.00,10.00,3.2000,
T0009025,2,EDI-005,2,14.00,14.00,4.0000,
T0009026,1,PRE-001,1,10.00,10.00,3.2000,
T0009026,2,FLO-008,3,32.00,32.00,13.5000,
T0009027,1,VAP-005,1,28.00,28.00,9.0000,
T0009027,2,FLO-005,2,38.00,38.00,15.5000,
T0009028,1,EDI-003,1,20.00,20.00,6.5000,
T0009028,2,PRE-001,1,10.00,10.00,3.2000,
T0009028,3,EDI-006,1,8.00,8.00,3.0000,
T0009029,1,FLO-003,1,70.00,70.00,28.0000,
T0009030,1,EDI-004,2,25.00,18.75,7.5000,Gummies BOGO 50
T0009030,3,EDI-001,1,20.00,15.00,6.0000,Gummies BOGO 50
T0009031,1,PRE-003,1,18.00,16.20,6.0000,
T0009031,2,FLO-007,3,32.00,32.00,13.0000,
T0009032,1,FLO-002,1,40.00,40.00,16.0000,
T0009032,2,EDI-001,1,20.00,15.00,6.0000,Gummies BOGO 50
T0009032,3,ACC-003,1,22.00,22.00,6.0000,
T0009033,1,EDI-004,1,25.00,18.75,7.5000,Gummies BOGO 50
T0009033,2,FLO-003,1,70.00,70.00,28.0000,
T0009033,3,ACC-002,1,3.00,3.00,0.6000,
T0009034,1,FLO-005,3,38.00,30.40,15.5000,
T0009034,2,FLO-010,1,45.00,36.00,18.0000,
T0009035,1,VAP-003,2,32.00,32.00,13.4400,
T0009035,2,EDI-002,1,22.00,17.60,7.0000,
T0009035,3,VAP-004,1,60.00,60.00,24.0000,
T0009036,1,ACC-002,1,3.00,3.00,0.6000,
T0009037,1,EDI-001,1,20.00,15.00,6.0000,Gummies BOGO 50
T0009038,1,FLO-005,1,38.00,38.00,15.5000,
T0009038,2,ACC-004,1,2.00,2.00,0.4000,
T0009039,1,VAP-001,3,55.00,55.00,24.6400,
T0009039,2,PRE-002,2,10.00,10.00,3.4000,
T0009039,4,ACC-002,1,3.00,3.00,0.6000,
T0009040,1,VAP-003,1,32.00,28.80,13.4400,
T0009041,1,EDI-003,1,20.00,20.00,6.5000,
T0009041,2,PRE-001,3,10.00,10.00,3.2000,
T0009041,3,FLO-005,1,38.00,38.00,15.5000,
T0009042,1,ACC-002,2,3.00,3.00,0.6000,
T0009043,1,CON-001,1,75.00,67.50,32.0000,
T0009043,2,EDI-001,1,20.00,15.00,6.0000,Gummies BOGO 50
T0009044,1,EDI-001,1,20.00,15.00,6.0000,Gummies BOGO 50
T0009045,1,FLO-005,3,38.00,38.00,15.5000,
T0009046,1,PRE-001,1,10.00,10.00,3.2000,
T0009046,2,EDI-001,1,20.00,15.00,6.0000,Gummies BOGO 50
T0009047,1,EDI-001,1,20.00,15.00,6.0000,Gummies BOGO 50
T0009047,2,EDI-004,1,25.00,18.75,7.5000,Gummies BOGO 50
T0009048,1,FLO-002,1,40.00,40.00,16.0000,
T0009048,2,VAP-001,2,55.00,55.00,24.6400,
T0009048,3,EDI-003,1,20.00,18.00,6.5000,
T0009049,1,VAP-003,1,32.00,28.80,13.4400,
T0009049,2,EDI-001,3,20.00,15.00,6.0000,Gummies BOGO 50
T0009050,1,VAP-002,1,40.00,40.00,15.6800,
T0009050,2,FLO-002,1,40.00,40.00,16.0000,
T0009050,3,TOP-001,1,35.00,31.50,12.0000,
T0009051,1,PRE-003,1,18.00,18.00,6.0000,
T0009052,1,EDI-001,1,20.00,15.00,6.0000,Gummies BOGO 50
T0009052,2,FLO-003,1,70.00,70.00,28.0000,
T0009053,1,VAP-001,3,55.00,55.00,24.6400,
T0009053,2,ACC-005,3,12.00,12.00,2.5000,
T0009054,1,VAP-001,1,55.00,55.00,24.6400,
T0009055,1,PRE-005,1,6.00,6.00,1.8000,
T0009055,2,PRE-002,2,10.00,10.00,3.4000,
T0009056,1,EDI-004,3,25.00,18.75,7.5000,Gummies BOGO 50
T0009056,2,TIN-001,1,50.00,40.00,18.0000,
T0009057,1,ACC-004,1,2.00,1.60,0.4000,
T0009058,1,PRE-002,1,10.00,10.00,3.4000,
T0009059,1,PRE-004,1,35.00,35.00,12.0000,
T0009059,2,PRE-001,1,10.00,10.00,3.2000,
T0009059,3,PRE-005,1,6.00,6.00,1.8000,
T0009059,4,FLO-008,1,32.00,32.00,13.5000,
T0009060,1,EDI-002,1,22.00,22.00,7.0000,
T0009060,3,FLO-001,1,35.00,35.00,14.0000,
T0009060,4,EDI-003,1,20.00,20.00,6.5000,
T0009061,1,EDI-004,1,25.00,18.75,7.5000,Gummies BOGO 50
T0009061,2,FLO-002,2,40.00,40.00,16.0000,
T0009062,1,CON-001,1,75.00,75.00,32.0000,
T0009063,1,FLO-004,1,38.00,38.00,15.0000,
T0009064,1,VAP-003,1,32.00,32.00,13.4400,
T0009064,2,FLO-007,1,32.00,32.00,13.0000,
T0009065,1,FLO-008,1,32.00,32.00,13.5000,
T0009066,1,VAP-001,3,55.00,55.00,24.6400,
T0009066,2,FLO-001,1,35.00,35.00,14.0000,
T0009067,1,VAP-004,1,60.00,60.00,24.0000,
T0009068,1,EDI-001,1,20.00,15.00,6.0000,Gummies BOGO 50
T0009068,2,PRE-005,2,6.00,6.00,1.8000,
T0009068,3,FLO-007,2,32.00,32.00,13.0000,
T0009069,1,ACC-001,1,20.00,20.00,5.0000,
T0009070,1,VAP-002,1,40.00,40.00,15.6800,
T0009071,1,EDI-005,1,14.00,14.00,4.0000,
T0009071,2,EDI-004,1,25.00,18.75,7.5000,Gummies BOGO 50
T0009072,1,EDI-001,1,20.00,15.00,6.0000,Gummies BOGO 50
T0009073,1,VAP-002,1,40.00,40.00,15.6800,
T0009073,2,CON-001,1,75.00,75.00,32.0000,
T0009074,1,ACC-003,2,22.00,17.60,6.0000,
T0009075,1,FLO-003,1,70.00,70.00,28.0000,
T0009076,1,PRE-001,1,10.00,10.00,3.2000,
T0009076,2,VAP-002,1,40.00,40.00,15.6800,
T0009076,3,CON-003,3,30.00,30.00,13.4400,
T0009077,1,VAP-005,1,28.00,28.00,9.0000,
T0009077,2,FLO-008,1,32.00,32.00,13.5000,
T0009077,3,FLO-001,1,35.00,35.00,14.0000,
T0009078,1,FLO-002,2,40.00,40.00,16.0000,
T0009078,2,FLO-004,1,38.00,38.00,15.0000,
T0009079,1,VAP-001,2,55.00,55.00,24.6400,
T0009079,2,VAP-002,2,40.00,32.00,15.6800,
T0009080,1,EDI-001,2,20.00,15.00,6.0000,Gummies BOGO 50
T0009080,2,PRE-004,2,35.00,35.00,12.0000,
T0009081,1,EDI-005,1,14.00,14.00,4.0000,
T0009081,2,EDI-004,2,25.00,18.75,7.5000,Gummies BOGO 50
T0009082,1,EDI-001,1,20.00,15.00,6.0000,Gummies BOGO 50
T0009082,2,VAP-005,1,28.00,28.00,9.0000,
T0009083,1,FLO-002,1,40.00,40.00,16.0000,
T0009083,2,EDI-003,3,20.00,20.00,6.5000,
T0009083,3,EDI-001,1,20.00,15.00,6.0000,Gummies BOGO 50
T0009084,1,VAP-003,1,32.00,25.60,13.4400,
T0009085,1,ACC-004,1,2.00,1.60,0.4000,
T0009086,1,PRE-005,1,6.00,4.80,1.8000,
T0009087,1,EDI-001,1,20.00,15.00,6.0000,Gummies BOGO 50
T0009087,2,PRE-002,1,10.00,10.00,3.4000,
T0009088,1,PRE-003,2,18.00,16.20,6.0000,
T0009089,1,PRE-002,2,10.00,10.00,3.4000,
T0009089,2,ACC-004,3,2.00,2.00,0.4000,
T0009089,3,FLO-001,1,35.00,35.00,14.0000,
T0009090,1,PRE-001,1,10.00,10.00,3.2000,
T0009091,1,FLO-007,2,32.00,32.00,13.0000,
T0009091,2,EDI-006,1,8.00,8.00,3.0000,
T0009091,3,VAP-002,1,40.00,40.00,15.6800,
T0009092,1,ACC-004,2,2.00,2.00,0.4000,
T0009093,1,PRE-001,1,10.00,10.00,3.2000,
T0009094,1,EDI-001,1,20.00,15.00,6.0000,Gummies BOGO 50
T0009094,2,VAP-001,1,55.00,55.00,24.6400,
T0009094,3,ACC-001,1,20.00,20.00,5.0000,
T0009094,4,FLO-001,1,35.00,35.00,14.0000,
T0009095,1,ACC-004,1,2.00,2.00,0.4000,
T0009095,2,FLO-004,2,38.00,38.00,15.0000,
T0009096,1,PRE-005,1,6.00,6.00,1.8000,
T0009096,2,EDI-004,1,25.00,18.75,7.5000,Gummies BOGO 50
T0009096,3,FLO-008,1,32.00,32.00,13.5000,
T0009096,4,EDI-001,1,20.00,15.00,6.0000,Gummies BOGO 50
T0009097,1,ACC-005,1,12.00,12.00,2.5000,
T0009097,2,FLO-005,1,38.00,38.00,15.5000,
T0009097,3,VAP-005,2,28.00,28.00,9.0000,
T0009098,1,EDI-006,2,8.00,8.00,3.0000,
T0009098,2,VAP-003,2,32.00,32.00,13.4400,
T0009099,1,VAP-001,1,55.00,49.50,24.6400,
T0009099,2,EDI-001,1,20.00,15.00,6.0000,Gummies BOGO 50
T0009099,3,CON-002,1,45.00,45.00,18.0000,
T0009100,1,EDI-006,1,8.00,8.00,3.0000,
T0009101,1,VAP-001,1,55.00,55.00,24.6400,
T0009101,2,FLO-001,1,35.00,35.00,14.0000,
T0009101,3,PRE-001,2,10.00,10.00,3.2000,
T0009102,1,FLO-004,1,38.00,38.00,15.0000,
T0009102,2,PRE-001,1,10.00,10.00,3.2000,
T0009102,3,ACC-002,1,3.00,3.00,0.6000,
T0009103,1,FLO-004,1,38.00,38.00,15.0000,
T0009104,1,FLO-008,1,32.00,32.00,13.5000,
T0009105,1,ACC-004,1,2.00,2.00,0.4000,
T0009105,2,FLO-003,2,70.00,70.00,28.0000,
T0009106,1,FLO-001,1,35.00,35.00,14.0000,
T0009106,2,FLO-002,1,40.00,40.00,16.0000,
T0009106,3,PRE-001,2,10.00,10.00,3.2000,
T0009107,1,EDI-003,1,20.00,18.00,6.5000,
T0009107,2,FLO-001,1,35.00,35.00,14.0000,
T0009107,3,FLO-003,1,70.00,70.00,28.0000,
T0009108,1,VAP-001,1,55.00,55.00,24.6400,
T0009108,2,EDI-007,1,18.00,18.00,6.0000,
T0009108,4,ACC-004,1,2.00,2.00,0.4000,
T0009109,1,EDI-001,1,20.00,20.00,6.0000,
T0009109,2,FLO-001,1,35.00,35.00,14.0000,
T0009110,1,VAP-006,2,15.00,13.50,4.0000,
T0009110,2,FLO-004,1,38.00,38.00,15.0000,
T0009110,3,EDI-003,1,20.00,20.00,6.5000,
T0009111,1,EDI-002,1,22.00,17.60,7.0000,
T0009112,1,ACC-001,1,20.00,20.00,5.0000,
T0009112,2,FLO-007,2,32.00,32.00,13.0000,
T0009112,3,FLO-003,2,70.00,70.00,28.0000,
T0009113,1,EDI-002,3,22.00,22.00,7.0000,
T0009114,1,ACC-002,1,3.00,3.00,0.6000,
T0009114,2,PRE-005,1,6.00,6.00,1.8000,
T0009115,1,PRE-002,1,10.00,10.00,3.4000,
T0009116,1,ACC-002,1,3.00,3.00,0.6000,
T0009116,2,EDI-001,2,20.00,20.00,6.0000,
T0009117,1,PRE-005,1,6.00,6.00,1.8000,
T0009117,2,VAP-005,1,28.00,25.20,9.0000,
T0009118,1,ACC-004,1,2.00,2.00,0.4000,
T0009119,1,EDI-001,2,20.00,20.00,6.0000,
T0009120,1,FLO-001,1,35.00,35.00,14.0000,
T0009121,1,VAP-005,1,28.00,22.40,9.0000,
T0009121,2,ACC-002,1,3.00,3.00,0.6000,
T0009121,3,PRE-005,1,6.00,6.00,1.8000,
T0009121,4,VAP-006,1,15.00,12.00,4.0000,
T0009121,5,FLO-008,2,32.00,25.60,13.5000,
T0009122,1,FLO-005,1,38.00,38.00,15.5000,
T0009123,1,PRE-002,1,10.00,10.00,3.4000,
T0009124,1,EDI-002,1,22.00,22.00,7.0000,
T0009125,1,VAP-002,1,40.00,40.00,15.6800,
T0009125,2,ACC-001,1,20.00,20.00,5.0000,
T0009125,3,EDI-001,1,20.00,20.00,6.0000,
T0009126,1,PRE-002,2,10.00,10.00,3.4000,
T0009126,2,FLO-001,2,35.00,35.00,14.0000,
T0009126,3,FLO-004,1,38.00,38.00,15.0000,
T0009127,1,VAP-004,1,60.00,60.00,24.0000,
T0009127,2,VAP-001,1,55.00,49.50,24.6400,
T0009128,1,PRE-001,1,10.00,10.00,3.2000,
T0009129,1,VAP-001,1,55.00,55.00,24.6400,
T0009130,1,VAP-003,1,32.00,32.00,13.4400,
T0009130,2,ACC-002,1,3.00,3.00,0.6000,
T0009130,3,EDI-004,1,25.00,25.00,7.5000,
T0009131,1,FLO-007,2,32.00,32.00,13.0000,
T0009132,1,FLO-007,1,32.00,32.00,13.0000,
T0009132,2,PRE-002,1,10.00,10.00,3.4000,
T0009133,1,FLO-005,1,38.00,38.00,15.5000,
T0009133,3,EDI-005,1,14.00,14.00,4.0000,
T0009133,4,VAP-002,3,40.00,40.00,15.6800,
T0009133,5,EDI-001,1,20.00,20.00,6.0000,
T0009134,1,PRE-003,1,18.00,18.00,6.0000,
T0009134,2,PRE-001,1,10.00,10.00,3.2000,
T0009134,3,ACC-002,2,3.00,3.00,0.6000,
T0009134,4,EDI-001,1,20.00,20.00,6.0000,
T0009135,1,VAP-001,2,55.00,55.00,24.6400,
T0009135,2,FLO-001,1,35.00,35.00,14.0000,
T0009136,1,ACC-002,1,3.00,3.00,0.6000,
T0009137,1,EDI-002,1,22.00,22.00,7.0000,
T0009137,2,PRE-002,1,10.00,10.00,3.4000,
T0009138,1,ACC-002,1,3.00,3.00,0.6000,
T0009139,1,PRE-005,1,6.00,6.00,1.8000,
T0009140,1,PRE-001,1,10.00,10.00,3.2000,
T0009141,1,EDI-003,2,20.00,18.00,6.5000,
T0009141,2,PRE-003,1,18.00,18.00,6.0000,
T0009142,1,PRE-001,2,10.00,10.00,3.2000,
T0009142,2,PRE-003,2,18.00,16.20,6.0000,
T0009142,3,FLO-005,1,38.00,38.00,15.5000,
T0009143,1,FLO-004,1,38.00,38.00,15.0000,
T0009143,2,PRE-002,2,10.00,10.00,3.4000,
T0009143,3,EDI-001,1,20.00,20.00,6.0000,
T0009143,4,FLO-001,1,35.00,35.00,14.0000,
T0009144,1,PRE-001,1,10.00,10.00,3.2000,
T0009144,2,PRE-005,1,6.00,6.00,1.8000,
T0009144,3,FLO-007,2,32.00,32.00,13.0000,
T0009145,1,EDI-002,1,22.00,19.80,7.0000,
T0009146,1,VAP-003,1,32.00,32.00,13.4400,
T0009147,1,FLO-004,1,38.00,38.00,15.0000,
T0009148,1,PRE-001,1,10.00,10.00,3.2000,
T0009148,2,EDI-003,1,20.00,20.00,6.5000,
T0009148,3,EDI-006,1,8.00,8.00,3.0000,
T0009149,1,VAP-005,1,28.00,28.00,9.0000,
T0009149,2,EDI-006,1,8.00,8.00,3.0000,
T0009149,3,VAP-002,1,40.00,40.00,15.6800,
T0009150,1,ACC-004,1,2.00,2.00,0.4000,
T0009151,1,EDI-001,1,20.00,20.00,6.0000,
T0009152,1,EDI-003,2,20.00,20.00,6.5000,
T0009152,2,PRE-005,1,6.00,6.00,1.8000,
T0009152,3,EDI-001,1,20.00,20.00,6.0000,
T0009152,4,VAP-002,1,40.00,40.00,15.6800,
T0009153,1,FLO-001,1,35.00,35.00,14.0000,
T0009153,2,ACC-004,1,2.00,2.00,0.4000,
T0009154,1,FLO-001,1,35.00,35.00,14.0000,
T0009155,1,PRE-002,3,10.00,10.00,3.4000,
T0009155,2,EDI-004,2,25.00,25.00,7.5000,
T0009155,3,FLO-002,1,40.00,40.00,16.0000,
T0009156,1,EDI-005,1,14.00,14.00,4.0000,
T0009156,2,VAP-003,1,32.00,32.00,13.4400,
T0009157,1,PRE-002,1,10.00,10.00,3.4000,
T0009157,2,EDI-006,1,8.00,8.00,3.0000,
T0009158,1,PRE-001,1,10.00,10.00,3.2000,
T0009158,2,VAP-001,3,55.00,55.00,24.6400,
T0009159,1,FLO-005,2,38.00,38.00,15.5000,
T0009159,2,TOP-001,1,35.00,35.00,12.0000,
T0009160,1,ACC-001,1,20.00,16.00,5.0000,
T0009160,2,PRE-004,1,35.00,28.00,12.0000,
T0009160,3,ACC-002,1,3.00,3.00,0.6000,
T0009161,1,VAP-003,1,32.00,25.60,13.4400,
T0009161,2,FLO-003,1,70.00,56.00,28.0000,
T0009162,1,PRE-001,1,10.00,10.00,3.2000,
T0009163,1,FLO-005,1,38.00,38.00,15.5000,
T0009163,2,VAP-003,1,32.00,32.00,13.4400,
T0009164,1,PRE-002,1,10.00,9.00,3.4000,
T0009164,2,FLO-008,1,32.00,32.00,13.5000,
T0009165,1,PRE-002,1,10.00,10.00,3.4000,
T0009166,1,VAP-005,1,28.00,28.00,9.0000,
T0009166,2,VAP-002,1,40.00,40.00,15.6800,
T0009167,1,PRE-001,1,10.00,10.00,3.2000,
T0009167,2,FLO-004,1,38.00,38.00,15.0000,
T0009168,1,FLO-006,2,120.00,96.00,52.0000,
T0009168,2,FLO-004,1,38.00,30.40,15.0000,
T0009168,4,PRE-002,2,10.00,10.00,3.4000,
T0009168,5,PRE-005,1,6.00,6.00,1.8000,
T0009169,1,TOP-002,1,24.00,24.00,9.0000,
T0009170,1,PRE-005,3,6.00,6.00,1.8000,
T0009171,1,VAP-003,1,32.00,32.00,13.4400,
T0009172,1,ACC-001,1,20.00,20.00,5.0000,
T0009172,2,VAP-003,1,32.00,32.00,13.4400,
T0009173,1,VAP-001,2,55.00,55.00,24.6400,
T0009174,1,FLO-006,1,120.00,120.00,52.0000,
T0009175,1,FLO-002,1,40.00,40.00,16.0000,
T0009175,2,PRE-003,3,18.00,18.00,6.0000,
T0009175,3,PRE-002,2,10.00,10.00,3.4000,
T0009176,1,VAP-005,2,28.00,28.00,9.0000,
T0009177,1,TIN-001,1,50.00,50.00,18.0000,
T0009178,1,TIN-001,1,50.00,50.00,18.0000,
T0009179,1,ACC-004,1,2.00,2.00,0.4000,
T0009179,2,VAP-005,2,28.00,28.00,9.0000,
T0009180,1,EDI-005,1,14.00,14.00,4.0000,
T0009181,1,FLO-002,1,40.00,40.00,16.0000,
T0009181,2,FLO-005,2,38.00,38.00,15.5000,
T0009182,1,PRE-001,1,10.00,10.00,3.2000,
T0009183,1,EDI-006,1,8.00,8.00,3.0000,
T0009183,2,PRE-005,1,6.00,5.40,1.8000,
T0009183,3,PRE-002,1,10.00,10.00,3.4000,
T0009183,4,EDI-003,2,20.00,20.00,6.5000,
T0009184,1,EDI-001,1,20.00,18.00,6.0000,
T0009185,1,VAP-003,1,32.00,32.00,13.4400,
T0009186,1,ACC-004,1,2.00,2.00,0.4000,
T0009187,1,FLO-005,1,38.00,38.00,15.5000,
T0009188,1,FLO-001,1,35.00,31.50,14.0000,
T0009189,1,PRE-002,1,10.00,10.00,3.4000,
T0009189,2,CON-004,1,55.00,55.00,24.6400,
T0009189,3,FLO-002,1,40.00,40.00,16.0000,
T0009190,1,EDI-003,1,20.00,18.00,6.5000,
T0009191,1,ACC-004,1,2.00,2.00,0.4000,
T0009191,2,VAP-001,1,55.00,55.00,24.6400,
T0009191,3,VAP-003,1,32.00,32.00,13.4400,
T0009192,1,ACC-004,1,2.00,1.60,0.4000,
T0009192,2,VAP-003,1,32.00,32.00,13.4400,
T0009192,3,EDI-002,1,22.00,22.00,7.0000,
T0009193,1,PRE-002,1,10.00,10.00,3.4000,
T0009193,2,VAP-005,1,28.00,28.00,9.0000,
T0009194,1,PRE-003,2,18.00,18.00,6.0000,
T0009195,1,CON-003,1,30.00,30.00,13.4400,
T0009196,1,EDI-007,1,18.00,18.00,6.0000,
T0009196,2,VAP-003,1,32.00,32.00,13.4400,
T0009197,1,FLO-007,1,32.00,28.80,13.0000,
T0009198,1,FLO-005,1,38.00,38.00,15.5000,
T0009199,1,VAP-005,1,28.00,28.00,9.0000,
T0009200,1,FLO-001,1,35.00,35.00,14.0000,
T0009201,1,PRE-004,1,35.00,35.00,12.0000,
T0009202,1,PRE-002,1,10.00,10.00,3.4000,
T0009202,2,ACC-002,1,3.00,3.00,0.6000,
T0009203,1,VAP-001,1,55.00,55.00,24.6400,
T0009204,1,PRE-001,1,10.00,10.00,3.2000,
T0009205,1,PRE-001,2,10.00,10.00,3.2000,
T0009206,1,ACC-005,1,12.00,12.00,2.5000,
T0009207,1,CON-004,1,55.00,55.00,24.6400,
T0009207,2,FLO-001,1,35.00,35.00,14.0000,
T0009207,3,FLO-002,1,40.00,40.00,16.0000,
T0009208,1,ACC-002,1,3.00,3.00,0.6000,
T0009209,1,VAP-002,1,40.00,40.00,15.6800,
T0009210,1,ACC-002,2,3.00,2.70,0.6000,
T0009211,1,FLO-004,1,38.00,38.00,15.0000,
T0009211,2,PRE-005,1,6.00,6.00,1.8000,
T0009212,1,FLO-004,1,38.00,34.20,15.0000,
T0009212,2,EDI-001,1,20.00,20.00,6.0000,
T0009212,3,FLO-007,1,32.00,32.00,13.0000,
T0009212,4,EDI-004,1,25.00,25.00,7.5000,
T0009212,5,PRE-005,1,6.00,6.00,1.8000,
T0009213,1,PRE-003,1,18.00,18.00,6.0000,
T0009214,1,EDI-007,1,18.00,16.20,6.0000,
T0009214,2,PRE-004,1,35.00,35.00,12.0000,
T0009214,3,FLO-001,1,35.00,35.00,14.0000,
T0009214,4,VAP-004,1,60.00,60.00,24.0000,
T0009215,1,ACC-004,2,2.00,2.00,0.4000,
T0009216,1,EDI-004,1,25.00,25.00,7.5000,
T0009217,1,VAP-003,1,32.00,32.00,13.4400,
T0009217,2,PRE-004,1,35.00,35.00,12.0000,
T0009218,1,ACC-002,1,3.00,3.00,0.6000,
T0009218,2,VAP-001,1,55.00,55.00,24.6400,
T0009219,1,FLO-003,1,70.00,70.00,28.0000,
T0009220,1,CON-002,2,45.00,45.00,18.0000,
T0009220,2,PRE-005,1,6.00,6.00,1.8000,
T0009220,3,EDI-001,2,20.00,20.00,6.0000,
T0009221,1,PRE-001,1,10.00,10.00,3.2000,
T0009221,2,VAP-003,1,32.00,32.00,13.4400,
T0009221,3,FLO-010,1,45.00,40.50,18.0000,
T0009222,1,VAP-006,1,15.00,15.00,4.0000,
T0009222,2,PRE-001,1,10.00,10.00,3.2000,
T0009223,1,EDI-005,1,14.00,14.00,4.0000,
T0009224,1,VAP-002,1,40.00,40.00,15.6800,
T0009225,1,EDI-001,1,20.00,20.00,6.0000,
T0009226,1,FLO-004,1,38.00,38.00,15.0000,
T0009226,2,PRE-003,2,18.00,18.00,6.0000,
T0009226,3,FLO-001,1,35.00,35.00,14.0000,
T0009226,4,ACC-004,1,2.00,2.00,0.4000,
T0009227,1,EDI-002,1,22.00,22.00,7.0000,
T0009227,2,FLO-008,1,32.00,32.00,13.5000,
T0009227,3,FLO-004,1,38.00,38.00,15.0000,
T0009227,4,FLO-002,1,40.00,40.00,16.0000,
T0009228,1,VAP-005,1,28.00,25.20,9.0000,
T0009228,2,PRE-002,2,10.00,10.00,3.4000,
T0009228,3,ACC-004,3,2.00,2.00,0.4000,
T0009229,1,EDI-001,1,20.00,20.00,6.0000,
T0009229,2,FLO-004,1,38.00,38.00,15.0000,
T0009229,3,VAP-001,1,55.00,55.00,24.6400,
T0009230,1,PRE-005,1,6.00,6.00,1.8000,
T0009230,2,TIN-002,1,45.00,45.00,16.0000,
T0009231,1,FLO-007,1,32.00,32.00,13.0000,
T0009232,1,FLO-002,1,40.00,40.00,16.0000,
T0009232,2,EDI-002,1,22.00,22.00,7.0000,
T0009233,1,FLO-004,1,38.00,38.00,15.0000,
T0009233,2,EDI-006,1,8.00,8.00,3.0000,
T0009234,1,FLO-002,1,40.00,40.00,16.0000,
T0009234,2,FLO-004,1,38.00,38.00,15.0000,
T0009234,3,ACC-004,1,2.00,2.00,0.4000,
T0009235,1,FLO-007,2,32.00,32.00,13.0000,
T0009235,3,VAP-003,1,32.00,28.80,13.4400,
T0009235,4,EDI-004,1,25.00,25.00,7.5000,
T0009236,1,FLO-002,2,40.00,40.00,16.0000,
T0009236,3,FLO-007,2,32.00,32.00,13.0000,
T0009236,4,VAP-002,2,40.00,40.00,15.6800,
T0009236,5,CON-002,2,45.00,40.50,18.0000,
T0009237,1,VAP-005,1,28.00,25.20,9.0000,
T0009238,1,EDI-001,1,20.00,20.00,6.0000,
T0009238,2,PRE-003,1,18.00,18.00,6.0000,
T0009239,1,FLO-002,1,40.00,40.00,16.0000,
T0009240,1,VAP-002,1,40.00,40.00,15.6800,
T0009240,2,PRE-001,1,10.00,10.00,3.2000,
T0009240,3,FLO-010,1,45.00,45.00,18.0000,
T0009240,4,PRE-002,1,10.00,10.00,3.4000,
T0009241,1,VAP-003,1,32.00,32.00,13.4400,
T0009241,2,VAP-005,1,28.00,28.00,9.0000,
T0009241,3,VAP-006,1,15.00,12.00,4.0000,
T0009241,4,PRE-001,1,10.00,10.00,3.2000,
T0009242,1,ACC-004,1,2.00,2.00,0.4000,
T0009242,2,VAP-001,1,55.00,55.00,24.6400,
T0009243,1,PRE-003,2,18.00,18.00,6.0000,
T0009244,1,PRE-005,3,6.00,6.00,1.8000,
T0009244,2,FLO-002,1,40.00,40.00,16.0000,
T0009245,1,VAP-003,2,32.00,32.00,13.4400,
T0009246,1,VAP-002,1,40.00,40.00,15.6800,
T0009247,1,EDI-003,1,20.00,20.00,6.5000,
T0009247,2,ACC-004,3,2.00,2.00,0.4000,
T0009248,1,PRE-001,1,10.00,10.00,3.2000,
T0009249,1,PRE-004,1,35.00,31.50,12.0000,
T0009250,1,PRE-004,1,35.00,35.00,12.0000,
T0009250,2,FLO-001,1,35.00,35.00,14.0000,
T0009250,3,VAP-001,1,55.00,55.00,24.6400,
T0009251,1,PRE-001,1,10.00,10.00,3.2000,
T0009251,2,FLO-001,1,35.00,35.00,14.0000,
T0009252,1,FLO-001,1,35.00,28.00,14.0000,
T0009252,2,VAP-003,1,32.00,25.60,13.4400,
T0009252,3,PRE-003,1,18.00,18.00,6.0000,
T0009253,1,PRE-004,1,35.00,35.00,12.0000,
T0009253,2,FLO-003,2,70.00,70.00,28.0000,
T0009253,3,PRE-001,1,10.00,10.00,3.2000,
T0009254,1,PRE-005,1,6.00,6.00,1.8000,
T0009254,3,FLO-008,2,32.00,32.00,13.5000,
T0009255,1,FLO-002,1,40.00,40.00,16.0000,
T0009255,2,ACC-002,1,3.00,3.00,0.6000,
T0009256,1,FLO-007,1,32.00,32.00,13.0000,
T0009256,2,ACC-003,1,22.00,22.00,6.0000,
T0009257,1,PRE-005,1,6.00,5.40,1.8000,
T0009257,2,TOP-001,1,35.00,28.00,12.0000,
T0009258,1,EDI-007,1,18.00,18.00,6.0000,
T0009258,2,VAP-003,1,32.00,28.80,13.4400,
T0009258,3,FLO-001,2,35.00,35.00,14.0000,
T0009259,1,EDI-006,1,8.00,8.00,3.0000,
T0009260,1,PRE-001,1,10.00,10.00,3.2000,
T0009261,1,PRE-005,3,6.00,6.00,1.8000,
T0009262,1,PRE-003,2,18.00,18.00,6.0000,
T0009262,2,PRE-005,1,6.00,6.00,1.8000,
T0009263,1,PRE-002,1,10.00,9.00,3.4000,
T0009263,2,FLO-002,1,40.00,36.00,16.0000,
T0009263,3,FLO-001,1,35.00,31.50,14.0000,
T0009264,1,PRE-003,1,18.00,18.00,6.0000,
T0009264,2,FLO-007,1,32.00,25.60,13.0000,
T0009264,3,FLO-004,2,38.00,30.40,15.0000,
T0009264,4,VAP-003,2,32.00,25.60,13.4400,
T0009264,5,VAP-005,1,28.00,22.40,9.0000,
T0009265,1,VAP-005,1,28.00,28.00,9.0000,
T0009265,2,EDI-001,2,20.00,20.00,6.0000,
T0009265,4,EDI-004,1,25.00,25.00,7.5000,
T0009266,1,EDI-002,2,22.00,22.00,7.0000,
T0009266,2,EDI-003,2,20.00,20.00,6.5000,
T0009267,1,PRE-005,1,6.00,6.00,1.8000,
T0009268,1,EDI-003,2,20.00,20.00,6.5000,
T0009268,2,FLO-005,1,38.00,38.00,15.5000,
T0009268,3,PRE-001,1,10.00,10.00,3.2000,
T0009268,4,FLO-002,1,40.00,36.00,16.0000,
T0009269,1,FLO-008,1,32.00,32.00,13.5000,
T0009269,2,EDI-007,1,18.00,18.00,6.0000,
T0009269,3,PRE-003,1,18.00,18.00,6.0000,
T0009269,4,FLO-003,1,70.00,70.00,28.0000,
T0009270,1,PRE-001,1,10.00,10.00,3.2000,
T0009271,1,PRE-004,1,35.00,35.00,12.0000,
T0009272,1,FLO-004,1,38.00,38.00,15.0000,
T0009273,1,ACC-002,2,3.00,3.00,0.6000,
T0009274,1,PRE-001,1,10.00,10.00,3.2000,
T0009275,1,CON-002,1,45.00,45.00,18.0000,
T0009276,1,EDI-007,1,18.00,18.00,6.0000,
T0009276,2,VAP-005,1,28.00,28.00,9.0000,
T0009276,3,EDI-003,1,20.00,20.00,6.5000,
T0009277,1,PRE-002,1,10.00,10.00,3.4000,
T0009278,1,EDI-006,3,8.00,8.00,3.0000,
T0009278,2,FLO-002,1,40.00,40.00,16.0000,
T0009278,3,VAP-006,2,15.00,15.00,4.0000,
T0009279,1,FLO-001,1,35.00,31.50,14.0000,
T0009279,2,PRE-003,2,18.00,18.00,6.0000,
T0009280,1,PRE-002,1,10.00,10.00,3.4000,
T0009280,2,VAP-003,1,32.00,32.00,13.4400,
T0009281,1,EDI-004,1,25.00,25.00,7.5000,
T0009281,2,PRE-005,1,6.00,6.00,1.8000,
T0009282,1,VAP-005,2,28.00,28.00,9.0000,
T0009282,2,FLO-004,1,38.00,38.00,15.0000,
T0009282,3,VAP-003,1,32.00,32.00,13.4400,
T0009283,1,PRE-001,1,10.00,10.00,3.2000,
T0009283,2,PRE-005,2,6.00,6.00,1.8000,
T0009283,3,EDI-004,1,25.00,25.00,7.5000,
T0009283,4,ACC-002,1,3.00,3.00,0.6000,
T0009284,1,VAP-001,1,55.00,55.00,24.6400,
T0009285,1,CON-002,1,45.00,45.00,18.0000,
T0009285,2,CON-003,2,30.00,30.00,13.4400,
T0009285,3,VAP-002,2,40.00,40.00,15.6800,
T0009286,1,VAP-003,2,32.00,32.00,13.4400,
T0009287,1,FLO-007,1,32.00,25.60,13.0000,
T0009288,1,ACC-004,1,2.00,2.00,0.4000,
T0009288,2,FLO-005,1,38.00,38.00,15.5000,
T0009288,3,FLO-002,1,40.00,40.00,16.0000,
T0009288,4,VAP-005,1,28.00,28.00,9.0000,
T0009289,1,ACC-002,1,3.00,3.00,0.6000,
T0009289,2,ACC-004,2,2.00,2.00,0.4000,
T0009289,3,VAP-006,1,15.00,13.50,4.0000,
T0009290,1,PRE-002,2,10.00,10.00,3.4000,
T0009291,1,VAP-003,2,32.00,32.00,13.4400,
T0009291,2,ACC-002,1,3.00,2.70,0.6000,
T0009292,1,PRE-002,2,10.00,10.00,3.4000,
T0009292,2,EDI-007,1,18.00,18.00,6.0000,
T0009293,1,ACC-004,1,2.00,2.00,0.4000,
T0009294,1,ACC-002,1,3.00,3.00,0.6000,
T0009294,2,EDI-006,1,8.00,8.00,3.0000,
T0009294,3,FLO-001,1,35.00,35.00,14.0000,
T0009294,4,FLO-004,1,38.00,38.00,15.0000,
T0009295,1,PRE-005,1,6.00,6.00,1.8000,
T0009295,2,ACC-004,1,2.00,2.00,0.4000,
T0009296,1,FLO-010,1,45.00,45.00,18.0000,
T0009296,2,EDI-001,2,20.00,20.00,6.0000,
T0009297,1,FLO-010,1,45.00,45.00,18.0000,
T0009298,1,PRE-001,1,10.00,10.00,3.2000,
T0009299,1,FLO-002,2,40.00,40.00,16.0000,
T0009299,2,FLO-008,2,32.00,32.00,13.5000,
T0009300,1,EDI-002,1,22.00,22.00,7.0000,
T0009300,2,VAP-001,1,55.00,55.00,24.6400,
T0009301,1,PRE-001,1,10.00,10.00,3.2000,
T0009301,2,CON-003,1,30.00,30.00,13.4400,
T0009301,3,PRE-005,1,6.00,6.00,1.8000,
T0009302,1,FLO-007,1,32.00,32.00,13.0000,
T0009302,2,PRE-005,3,6.00,6.00,1.8000,
T0009302,3,EDI-001,2,20.00,20.00,6.0000,
T0009303,1,ACC-001,1,20.00,18.00,5.0000,
T0009303,2,FLO-005,1,38.00,38.00,15.5000,
T0009304,1,VAP-001,1,55.00,55.00,24.6400,
T0009305,1,ACC-004,1,2.00,1.60,0.4000,
T0009305,3,EDI-004,2,25.00,25.00,7.5000,
T0009305,4,FLO-002,1,40.00,40.00,16.0000,
T0009305,5,FLO-001,1,35.00,35.00,14.0000,
T0009306,1,PRE-001,1,10.00,9.00,3.2000,
T0009307,1,PRE-004,1,35.00,35.00,12.0000,
T0009307,2,FLO-007,1,32.00,32.00,13.0000,
T0009308,1,FLO-005,1,38.00,34.20,15.5000,
T0009308,2,EDI-002,1,22.00,22.00,7.0000,
T0009309,1,EDI-004,1,25.00,22.50,7.5000,
T0009310,1,FLO-007,2,32.00,32.00,13.0000,
T0009310,2,ACC-004,1,2.00,2.00,0.4000,
T0009311,1,PRE-001,1,10.00,9.00,3.2000,
T0009311,2,EDI-001,3,20.00,20.00,6.0000,
T0009312,1,EDI-001,1,20.00,20.00,6.0000,
T0009312,2,FLO-008,1,32.00,25.60,13.5000,
T0009312,3,PRE-001,1,10.00,10.00,3.2000,
T0009312,5,VAP-002,1,40.00,40.00,15.6800,
T0009313,1,PRE-003,1,18.00,18.00,6.0000,
T0009313,2,TIN-002,1,45.00,45.00,16.0000,
T0009313,3,EDI-004,1,25.00,25.00,7.5000,
T0009313,4,FLO-002,1,40.00,40.00,16.0000,
T0009314,1,EDI-002,1,22.00,22.00,7.0000,
T0009314,2,EDI-001,2,20.00,20.00,6.0000,
T0009315,1,PRE-003,1,18.00,18.00,6.0000,
T0009315,2,PRE-001,1,10.00,10.00,3.2000,
T0009315,3,FLO-004,1,38.00,38.00,15.0000,
T0009316,1,EDI-001,1,20.00,20.00,6.0000,
T0009316,2,EDI-002,1,22.00,19.80,7.0000,
T0009317,1,VAP-004,1,60.00,60.00,24.0000,
T0009318,1,ACC-004,1,2.00,2.00,0.4000,
T0009318,2,VAP-005,1,28.00,25.20,9.0000,
T0009319,1,EDI-002,2,22.00,22.00,7.0000,
T0009319,2,PRE-005,1,6.00,6.00,1.8000,
T0009319,3,FLO-001,1,35.00,35.00,14.0000,
T0009319,4,CON-004,2,55.00,55.00,24.6400,
T0009320,1,FLO-001,2,35.00,35.00,14.0000,
T0009320,2,VAP-002,1,40.00,40.00,15.6800,
T0009321,1,FLO-002,1,40.00,36.00,16.0000,
T0009322,1,PRE-002,2,10.00,10.00,3.4000,
T0009323,1,EDI-002,1,22.00,19.80,7.0000,
T0009324,1,ACC-002,1,3.00,3.00,0.6000,
T0009325,1,PRE-005,1,6.00,6.00,1.8000,
T0009325,2,TIN-001,1,50.00,50.00,18.0000,
T0009326,1,EDI-006,1,8.00,8.00,3.0000,
T0009326,2,PRE-001,1,10.00,9.00,3.2000,
T0009326,3,VAP-005,2,28.00,28.00,9.0000,
T0009327,1,VAP-006,1,15.00,15.00,4.0000,
T0009328,1,PRE-002,1,10.00,10.00,3.4000,
T0009328,2,EDI-004,1,25.00,25.00,7.5000,
T0009328,3,FLO-001,1,35.00,35.00,14.0000,
T0009329,1,VAP-004,2,60.00,60.00,24.0000,
T0009330,1,ACC-004,1,2.00,1.60,0.4000,
T0009331,1,FLO-001,1,35.00,35.00,14.0000,
T0009332,1,PRE-001,1,10.00,10.00,3.2000,
T0009333,1,PRE-001,3,10.00,10.00,3.2000,
T0009333,3,FLO-004,1,38.00,38.00,15.0000,
T0009334,1,VAP-002,1,40.00,40.00,15.6800,
T0009335,1,CON-002,1,45.00,45.00,18.0000,
T0009335,2,PRE-005,1,6.00,6.00,1.8000,
T0009335,3,EDI-006,1,8.00,8.00,3.0000,
T0009336,1,PRE-002,2,10.00,9.00,3.4000,
T0009336,2,VAP-002,1,40.00,40.00,15.6800,
T0009337,1,FLO-001,1,35.00,35.00,14.0000,
T0009337,2,FLO-007,2,32.00,32.00,13.0000,
T0009338,1,VAP-005,1,28.00,28.00,9.0000,
T0009339,1,EDI-005,1,14.00,14.00,4.0000,
T0009339,2,CON-004,1,55.00,55.00,24.6400,
T0009339,3,CON-003,2,30.00,30.00,13.4400,
T0009340,1,ACC-004,1,2.00,2.00,0.4000,
T0009340,2,FLO-001,1,35.00,35.00,14.0000,
T0009340,4,PRE-005,1,6.00,6.00,1.8000,
T0009341,1,PRE-005,1,6.00,6.00,1.8000,
T0009342,1,EDI-002,1,22.00,19.80,7.0000,
T0009343,1,FLO-001,1,35.00,35.00,14.0000,
T0009344,1,PRE-003,3,18.00,18.00,6.0000,
T0009344,2,FLO-007,1,32.00,32.00,13.0000,
T0009345,1,VAP-006,2,15.00,15.00,4.0000,
T0009346,1,TIN-001,1,50.00,50.00,18.0000,
T0009346,2,PRE-001,1,10.00,10.00,3.2000,
T0009346,3,EDI-003,1,20.00,20.00,6.5000,
T0009347,1,TIN-002,1,45.00,45.00,16.0000,
T0009347,2,CON-003,1,30.00,27.00,13.4400,
T0009347,3,EDI-001,1,20.00,20.00,6.0000,
T0009348,1,PRE-002,1,10.00,10.00,3.4000,
T0009348,2,FLO-005,1,38.00,38.00,15.5000,
T0009349,1,VAP-006,1,15.00,15.00,4.0000,
T0009350,1,VAP-002,1,40.00,40.00,15.6800,
T0009351,1,VAP-006,2,15.00,15.00,4.0000,
T0009352,1,VAP-001,1,55.00,55.00,24.6400,
T0009352,2,VAP-002,1,40.00,40.00,15.6800,
T0009352,3,EDI-002,1,22.00,22.00,7.0000,
T0009353,1,VAP-003,2,32.00,32.00,13.4400,
T0009354,1,PRE-005,1,6.00,4.80,1.8000,
T0009354,2,FLO-005,1,38.00,30.40,15.5000,
T0009355,1,TOP-001,1,35.00,35.00,12.0000,
T0009356,1,CON-004,1,55.00,55.00,24.6400,
T0009357,1,PRE-003,1,18.00,18.00,6.0000,
T0009358,1,PRE-001,1,10.00,9.00,3.2000,
T0009359,1,PRE-001,1,10.00,10.00,3.2000,
T0009359,2,FLO-005,3,38.00,38.00,15.5000,
T0009359,3,VAP-002,1,40.00,40.00,15.6800,
T0009360,1,EDI-007,2,18.00,14.40,6.0000,
T0009361,1,FLO-005,1,38.00,38.00,15.5000,
T0009361,2,EDI-007,1,18.00,18.00,6.0000,
T0009361,3,VAP-003,1,32.00,32.00,13.4400,
T0009362,1,FLO-001,1,35.00,35.00,14.0000,
T0009362,2,EDI-004,1,25.00,25.00,7.5000,
T0009363,1,VAP-001,1,55.00,55.00,24.6400,
T0009363,3,PRE-001,1,10.00,10.00,3.2000,
T0009364,1,VAP-001,1,55.00,49.50,24.6400,
T0009364,2,ACC-002,1,3.00,2.40,0.6000,
T0009364,3,VAP-004,1,60.00,48.00,24.0000,
T0009365,1,PRE-002,1,10.00,10.00,3.4000,
T0009365,2,PRE-001,1,10.00,10.00,3.2000,
T0009365,3,FLO-006,2,120.00,108.00,52.0000,
T0009366,1,EDI-001,1,20.00,20.00,6.0000,
T0009366,2,EDI-002,1,22.00,22.00,7.0000,
T0009366,3,PRE-001,2,10.00,10.00,3.2000,
T0009367,1,PRE-001,1,10.00,10.00,3.2000,
T0009368,1,VAP-002,1,40.00,40.00,15.6800,
T0009368,2,PRE-005,1,6.00,6.00,1.8000,
T0009369,1,FLO-001,1,35.00,31.50,14.0000,
T0009369,2,VAP-001,1,55.00,49.50,24.6400,
T0009369,3,FLO-002,1,40.00,36.00,16.0000,
T0009369,4,VAP-003,1,32.00,32.00,13.4400,
T0009370,1,FLO-002,1,40.00,40.00,16.0000,
T0009371,1,ACC-004,1,2.00,2.00,0.4000,
T0009372,1,PRE-001,1,10.00,10.00,3.2000,
T0009373,1,EDI-006,1,8.00,6.40,3.0000,
T0009374,1,ACC-002,1,3.00,3.00,0.6000,
T0009374,2,EDI-002,2,22.00,22.00,7.0000,
T0009375,1,VAP-002,1,40.00,40.00,15.6800,
T0009376,1,VAP-002,1,40.00,40.00,15.6800,
T0009377,1,EDI-001,1,20.00,20.00,6.0000,
T0009377,2,ACC-002,3,3.00,3.00,0.6000,
T0009377,3,FLO-004,1,38.00,38.00,15.0000,
T0009377,4,PRE-001,1,10.00,10.00,3.2000,
T0009378,1,PRE-002,1,10.00,10.00,3.4000,
T0009378,2,VAP-006,1,15.00,12.00,4.0000,
T0009378,3,EDI-002,3,22.00,22.00,7.0000,
T0009379,1,ACC-002,1,3.00,3.00,0.6000,
T0009379,2,EDI-001,2,20.00,20.00,6.0000,
T0009379,3,VAP-004,1,60.00,60.00,24.0000,
T0009380,1,CON-001,1,75.00,75.00,32.0000,
T0009380,2,PRE-002,1,10.00,10.00,3.4000,
T0009381,1,VAP-005,1,28.00,25.20,9.0000,
T0009382,1,FLO-005,1,38.00,38.00,15.5000,
T0009383,1,EDI-006,1,8.00,8.00,3.0000,
T0009384,1,EDI-006,3,8.00,8.00,3.0000,
T0009384,2,PRE-001,1,10.00,10.00,3.2000,
T0009385,1,VAP-001,1,55.00,55.00,24.6400,
T0009385,2,FLO-001,1,35.00,35.00,14.0000,
T0009385,3,EDI-001,1,20.00,20.00,6.0000,
T0009385,4,EDI-002,1,22.00,22.00,7.0000,
T0009385,5,ACC-002,3,3.00,3.00,0.6000,
T0009386,1,VAP-001,1,55.00,55.00,24.6400,
T0009386,2,FLO-004,1,38.00,38.00,15.0000,
T0009386,3,FLO-001,1,35.00,35.00,14.0000,
T0009386,4,FLO-005,1,38.00,38.00,15.5000,
T0009386,5,PRE-002,1,10.00,10.00,3.4000,
T0009387,1,FLO-008,2,32.00,32.00,13.5000,
T0009387,2,EDI-002,2,22.00,22.00,7.0000,
T0009388,1,PRE-002,1,10.00,10.00,3.4000,
T0009389,1,PRE-001,1,10.00,10.00,3.2000,
T0009389,2,ACC-002,1,3.00,3.00,0.6000,
T0009389,3,FLO-004,1,38.00,38.00,15.0000,
T0009389,4,FLO-001,1,35.00,35.00,14.0000,
T0009390,1,PRE-002,1,10.00,10.00,3.4000,
T0009390,2,VAP-002,1,40.00,40.00,15.6800,
T0009390,3,PRE-004,2,35.00,35.00,12.0000,
T0009391,1,FLO-003,1,70.00,70.00,28.0000,
T0009391,2,VAP-001,1,55.00,55.00,24.6400,
T0009392,1,VAP-001,1,55.00,55.00,24.6400,
T0009393,1,EDI-004,1,25.00,25.00,7.5000,
T0009394,1,CON-004,1,55.00,49.50,24.6400,
T0009395,1,ACC-002,2,3.00,3.00,0.6000,
T0009396,1,EDI-002,1,22.00,22.00,7.0000,
T0009397,1,PRE-001,1,10.00,10.00,3.2000,
T0009397,2,FLO-004,1,38.00,38.00,15.0000,
T0009398,1,CON-004,1,55.00,55.00,24.6400,
T0009398,2,ACC-001,1,20.00,20.00,5.0000,
T0009399,1,EDI-004,1,25.00,25.00,7.5000,
T0009400,1,VAP-002,2,40.00,40.00,15.6800,
T0009401,1,EDI-001,1,20.00,20.00,6.0000,
T0009401,2,VAP-005,2,28.00,28.00,9.0000,
T0009402,1,CON-003,1,30.00,30.00,13.4400,
T0009403,1,ACC-003,1,22.00,22.00,6.0000,
T0009404,1,ACC-002,1,3.00,3.00,0.6000,
T0009404,2,ACC-004,1,2.00,2.00,0.4000,
T0009404,3,PRE-001,1,10.00,10.00,3.2000,
T0009405,1,ACC-001,1,20.00,20.00,5.0000,
T0009406,1,FLO-004,1,38.00,38.00,15.0000,
T0009407,1,PRE-005,1,6.00,6.00,1.8000,
T0009408,1,PRE-001,1,10.00,8.00,3.2000,
T0009409,1,FLO-002,1,40.00,36.00,16.0000,
T0009409,2,ACC-001,1,20.00,20.00,5.0000,
T0009410,1,VAP-002,1,40.00,40.00,15.6800,
T0009411,1,VAP-005,1,28.00,25.20,9.0000,
T0009411,2,ACC-002,1,3.00,3.00,0.6000,
T0009412,1,PRE-003,1,18.00,18.00,6.0000,
T0009412,2,EDI-001,2,20.00,20.00,6.0000,
T0009413,1,VAP-005,2,28.00,28.00,9.0000,
T0009413,2,ACC-005,2,12.00,12.00,2.5000,
T0009413,3,FLO-001,1,35.00,35.00,14.0000,
T0009414,1,VAP-005,1,28.00,25.20,9.0000,
T0009415,1,EDI-002,1,22.00,22.00,7.0000,
T0009416,1,FLO-001,2,35.00,35.00,14.0000,
T0009416,2,EDI-001,1,20.00,20.00,6.0000,
T0009417,1,FLO-004,1,38.00,38.00,15.0000,
T0009418,1,PRE-001,1,10.00,10.00,3.2000,
T0009418,2,CON-001,1,75.00,75.00,32.0000,
T0009419,1,FLO-008,2,32.00,32.00,13.5000,
T0009419,2,PRE-002,2,10.00,10.00,3.4000,
T0009419,3,FLO-004,1,38.00,38.00,15.0000,
T0009419,4,FLO-003,2,70.00,70.00,28.0000,
T0009420,1,FLO-003,1,70.00,70.00,28.0000,
T0009421,1,EDI-003,2,20.00,16.00,6.5000,
T0009421,2,PRE-002,1,10.00,10.00,3.4000,
T0009421,3,ACC-002,1,3.00,3.00,0.6000,
T0009422,1,EDI-001,1,20.00,20.00,6.0000,
T0009423,1,FLO-010,1,45.00,45.00,18.0000,
T0009423,2,EDI-001,1,20.00,20.00,6.0000,
T0009423,3,EDI-006,1,8.00,8.00,3.0000,
T0009423,4,VAP-002,1,40.00,40.00,15.6800,
T0009424,1,VAP-006,1,15.00,15.00,4.0000,
T0009425,1,VAP-006,2,15.00,15.00,4.0000,
T0009426,1,EDI-002,1,22.00,22.00,7.0000,
T0009427,1,FLO-002,1,40.00,40.00,16.0000,
T0009427,2,EDI-003,1,20.00,20.00,6.5000,
T0009427,3,EDI-004,2,25.00,25.00,7.5000,
T0009428,1,VAP-002,1,40.00,32.00,15.6800,
T0009429,1,FLO-002,1,40.00,40.00,16.0000,
T0009429,2,PRE-005,1,6.00,6.00,1.8000,
T0009429,3,FLO-004,1,38.00,38.00,15.0000,
T0009430,1,EDI-006,1,8.00,8.00,3.0000,
T0009430,2,FLO-001,1,35.00,35.00,14.0000,
T0009430,3,FLO-004,1,38.00,38.00,15.0000,
T0009430,4,FLO-003,1,70.00,70.00,28.0000,
T0009431,1,VAP-005,1,28.00,28.00,9.0000,
T0009432,1,TIN-001,3,50.00,50.00,18.0000,
T0009432,2,EDI-003,1,20.00,20.00,6.5000,
T0009432,3,FLO-007,1,32.00,32.00,13.0000,
T0009433,1,CON-003,1,30.00,30.00,13.4400,
T0009433,2,EDI-001,1,20.00,20.00,6.0000,
T0009434,1,PRE-003,1,18.00,18.00,6.0000,
T0009435,1,PRE-002,1,10.00,10.00,3.4000,
T0009435,2,PRE-001,1,10.00,10.00,3.2000,
T0009436,1,FLO-001,2,35.00,35.00,14.0000,
T0009437,1,PRE-005,1,6.00,6.00,1.8000,
T0009438,1,EDI-001,2,20.00,18.00,6.0000,
T0009439,1,PRE-003,1,18.00,18.00,6.0000,
T0009440,1,PRE-005,1,6.00,4.80,1.8000,
T0009441,1,EDI-001,1,20.00,20.00,6.0000,
T0009441,2,EDI-006,1,8.00,8.00,3.0000,
T0009441,4,TIN-001,1,50.00,50.00,18.0000,
T0009441,5,FLO-007,1,32.00,32.00,13.0000,
T0009442,1,VAP-005,1,28.00,28.00,9.0000,
T0009443,1,FLO-004,1,38.00,38.00,15.0000,
T0009443,2,EDI-003,1,20.00,20.00,6.5000,
T0009443,3,FLO-008,1,32.00,32.00,13.5000,
T0009444,1,EDI-006,1,8.00,6.40,3.0000,
T0009444,2,FLO-003,2,70.00,70.00,28.0000,
T0009445,1,ACC-001,1,20.00,20.00,5.0000,
T0009446,1,EDI-001,1,20.00,20.00,6.0000,
T0009447,1,EDI-003,1,20.00,16.00,6.5000,
T0009447,2,CON-002,1,45.00,45.00,18.0000,
T0009447,3,VAP-005,1,28.00,22.40,9.0000,
T0009448,1,EDI-003,1,20.00,18.00,6.5000,
T0009449,1,ACC-003,1,22.00,19.80,6.0000,
T0009449,2,PRE-002,1,10.00,10.00,3.4000,
T0009450,1,PRE-001,1,10.00,10.00,3.2000,
T0009450,2,VAP-005,1,28.00,28.00,9.0000,
T0009451,1,VAP-002,1,40.00,40.00,15.6800,
T0009452,1,EDI-006,2,8.00,6.40,3.0000,
T0009453,1,VAP-004,1,60.00,60.00,24.0000,
T0009454,1,FLO-001,1,35.00,28.00,14.0000,
T0009454,2,VAP-004,1,60.00,48.00,24.0000,
T0009455,1,ACC-004,1,2.00,2.00,0.4000,
T0009455,2,FLO-005,1,38.00,38.00,15.5000,
T0009455,3,ACC-002,1,3.00,2.70,0.6000,
T0009455,4,VAP-004,2,60.00,60.00,24.0000,
T0009456,1,VAP-001,1,55.00,55.00,24.6400,
T0009456,2,FLO-002,1,40.00,40.00,16.0000,
T0009457,1,ACC-003,1,22.00,22.00,6.0000,
T0009457,2,VAP-001,1,55.00,55.00,24.6400,
T0009458,1,FLO-005,1,38.00,38.00,15.5000,
T0009459,1,EDI-004,1,25.00,20.00,7.5000,
T0009459,2,FLO-005,1,38.00,38.00,15.5000,
T0009459,3,ACC-002,2,3.00,2.40,0.6000,
T0009460,1,PRE-003,2,18.00,18.00,6.0000,
T0009461,1,PRE-002,1,10.00,10.00,3.4000,
T0009461,2,TIN-002,1,45.00,45.00,16.0000,
T0009462,1,VAP-005,1,28.00,28.00,9.0000,
T0009463,1,ACC-002,1,3.00,3.00,0.6000,
T0009463,2,EDI-002,2,22.00,22.00,7.0000,
T0009464,1,ACC-002,1,3.00,3.00,0.6000,
T0009465,1,PRE-001,1,10.00,10.00,3.2000,
T0009465,2,FLO-009,1,210.00,210.00,95.0000,
T0009466,1,ACC-004,1,2.00,2.00,0.4000,
T0009466,2,VAP-006,1,15.00,15.00,4.0000,
T0009466,3,EDI-005,1,14.00,14.00,4.0000,
T0009467,1,PRE-002,1,10.00,10.00,3.4000,
T0009468,1,PRE-001,1,10.00,10.00,3.2000,
T0009468,2,EDI-004,2,25.00,25.00,7.5000,
T0009468,3,EDI-006,1,8.00,8.00,3.0000,
T0009469,1,EDI-003,2,20.00,20.00,6.5000,
T0009469,2,EDI-001,1,20.00,18.00,6.0000,
T0009470,1,VAP-005,1,28.00,28.00,9.0000,
T0009470,2,FLO-003,1,70.00,70.00,28.0000,
T0009471,1,ACC-002,1,3.00,3.00,0.6000,
T0009471,2,FLO-007,2,32.00,28.80,13.0000,
T0009471,3,EDI-001,1,20.00,20.00,6.0000,
T0009472,1,PRE-001,2,10.00,10.00,3.2000,
T0009472,2,FLO-001,1,35.00,35.00,14.0000,
T0009472,3,ACC-004,1,2.00,2.00,0.4000,
T0009472,4,EDI-003,1,20.00,20.00,6.5000,
T0009473,1,EDI-007,1,18.00,14.40,6.0000,
T0009473,2,EDI-006,1,8.00,8.00,3.0000,
T0009473,3,PRE-001,3,10.00,8.00,3.2000,
T0009473,4,EDI-003,1,20.00,20.00,6.5000,
T0009474,1,CON-004,1,55.00,55.00,24.6400,
T0009475,1,FLO-008,1,32.00,32.00,13.5000,
T0009475,2,FLO-005,3,38.00,34.20,15.5000,
T0009475,3,EDI-006,1,8.00,8.00,3.0000,
T0009476,1,VAP-005,1,28.00,28.00,9.0000,
T0009476,2,FLO-008,1,32.00,32.00,13.5000,
T0009476,3,VAP-002,1,40.00,40.00,15.6800,
T0009477,1,FLO-001,1,35.00,35.00,14.0000,
T0009478,1,TIN-002,3,45.00,45.00,16.0000,
T0009479,1,PRE-004,1,35.00,35.00,12.0000,
T0009480,1,EDI-004,1,25.00,25.00,7.5000,
T0009481,1,PRE-001,1,10.00,8.00,3.2000,
T0009481,3,EDI-002,3,22.00,22.00,7.0000,
T0009481,4,ACC-004,1,2.00,1.60,0.4000,
T0009481,5,CON-001,1,75.00,75.00,32.0000,
T0009482,1,VAP-004,1,60.00,60.00,24.0000,
T0009482,2,EDI-001,1,20.00,20.00,6.0000,
T0009482,4,FLO-004,1,38.00,38.00,15.0000,
T0009482,5,CON-003,1,30.00,30.00,13.4400,
T0009483,1,ACC-004,1,2.00,2.00,0.4000,
T0009483,2,FLO-003,1,70.00,70.00,28.0000,
T0009484,1,VAP-002,3,40.00,40.00,15.6800,
T0009484,2,FLO-003,1,70.00,70.00,28.0000,
T0009485,1,FLO-005,2,38.00,38.00,15.5000,
T0009486,1,ACC-004,1,2.00,2.00,0.4000,
T0009486,2,FLO-003,1,70.00,70.00,28.0000,
T0009487,1,PRE-001,1,10.00,9.00,3.2000,
T0009487,2,VAP-004,1,60.00,60.00,24.0000,
T0009488,1,PRE-002,2,10.00,10.00,3.4000,
T0009489,1,EDI-002,1,22.00,22.00,7.0000,
T0009490,1,ACC-001,1,20.00,20.00,5.0000,
T0009491,1,PRE-001,1,10.00,10.00,3.2000,
T0009491,2,VAP-001,1,55.00,55.00,24.6400,
T0009491,3,EDI-007,1,18.00,18.00,6.0000,
T0009491,4,FLO-001,2,35.00,35.00,14.0000,
T0009491,5,EDI-001,1,20.00,20.00,6.0000,
T0009492,1,PRE-001,1,10.00,10.00,3.2000,
T0009493,1,ACC-002,1,3.00,3.00,0.6000,
T0009494,1,FLO-001,1,35.00,35.00,14.0000,
T0009494,2,FLO-003,1,70.00,63.00,28.0000,
T0009494,3,FLO-002,1,40.00,40.00,16.0000,
T0009495,1,FLO-004,1,38.00,38.00,15.0000,
T0009495,2,EDI-003,2,20.00,20.00,6.5000,
T0009496,1,FLO-007,1,32.00,32.00,13.0000,
T0009496,2,FLO-004,1,38.00,38.00,15.0000,
T0009497,1,FLO-001,2,35.00,35.00,14.0000,
T0009498,1,VAP-002,1,40.00,40.00,15.6800,
T0009499,1,PRE-005,1,6.00,5.40,1.8000,
T0009499,2,VAP-005,1,28.00,28.00,9.0000,
T0009499,3,ACC-004,1,2.00,2.00,0.4000,
T0009499,4,PRE-001,1,10.00,10.00,3.2000,
T0009499,5,EDI-001,3,20.00,20.00,6.0000,
T0009500,1,ACC-004,1,2.00,2.00,0.4000,
T0009500,2,EDI-007,1,18.00,18.00,6.0000,
T0009500,3,PRE-001,1,10.00,10.00,3.2000,
T0009501,1,EDI-001,1,20.00,18.00,6.0000,
T0009501,2,PRE-004,2,35.00,35.00,12.0000,
T0009501,3,ACC-002,1,3.00,3.00,0.6000,
T0009502,1,FLO-001,1,35.00,35.00,14.0000,
T0009502,2,EDI-005,1,14.00,14.00,4.0000,
T0009503,1,TIN-002,1,45.00,45.00,16.0000,
T0009504,1,VAP-006,2,15.00,15.00,4.0000,
T0009504,2,PRE-005,1,6.00,6.00,1.8000,
T0009505,1,VAP-003,1,32.00,32.00,13.4400,
T0009506,1,EDI-003,1,20.00,20.00,6.5000,
T0009507,1,FLO-006,1,120.00,96.00,52.0000,
T0009507,2,CON-004,1,55.00,55.00,24.6400,
T0009508,1,FLO-001,1,35.00,35.00,14.0000,
T0009508,2,VAP-006,1,15.00,15.00,4.0000,
T0009508,3,FLO-007,2,32.00,32.00,13.0000,
T0009508,4,PRE-004,3,35.00,35.00,12.0000,
T0009508,5,ACC-004,2,2.00,2.00,0.4000,
T0009509,1,VAP-006,1,15.00,15.00,4.0000,
T0009509,2,EDI-005,1,14.00,14.00,4.0000,
T0009509,3,FLO-007,2,32.00,32.00,13.0000,
T0009509,4,FLO-002,1,40.00,40.00,16.0000,
T0009510,1,EDI-003,1,20.00,20.00,6.5000,
T0009510,2,VAP-003,1,32.00,32.00,13.4400,
T0009510,3,FLO-004,1,38.00,38.00,15.0000,
T0009511,1,PRE-003,1,18.00,16.20,6.0000,
T0009512,1,PRE-002,1,10.00,10.00,3.4000,
T0009512,2,PRE-003,1,18.00,18.00,6.0000,
T0009512,3,FLO-002,1,40.00,40.00,16.0000,
T0009513,1,VAP-001,1,55.00,55.00,24.6400,
T0009513,2,FLO-003,2,70.00,70.00,28.0000,
T0009514,1,FLO-007,2,32.00,32.00,13.0000,
T0009515,1,FLO-008,1,32.00,25.60,13.5000,
T0009515,2,PRE-005,1,6.00,4.80,1.8000,
T0009515,3,FLO-002,1,40.00,40.00,16.0000,
T0009516,1,FLO-005,1,38.00,38.00,15.5000,
T0009516,2,EDI-001,1,20.00,20.00,6.0000,
T0009517,1,FLO-002,2,40.00,32.00,16.0000,
T0009517,2,ACC-002,1,3.00,2.40,0.6000,
T0009518,1,PRE-005,2,6.00,6.00,1.8000,
T0009518,2,PRE-004,1,35.00,35.00,12.0000,
T0009518,3,EDI-004,1,25.00,25.00,7.5000,
T0009519,1,EDI-001,1,20.00,20.00,6.0000,
T0009519,2,EDI-005,2,14.00,14.00,4.0000,
T0009520,1,VAP-004,1,60.00,60.00,24.0000,
T0009521,1,VAP-001,1,55.00,55.00,24.6400,
T0009521,2,VAP-003,1,32.00,32.00,13.4400,
T0009521,3,ACC-004,1,2.00,2.00,0.4000,
T0009521,4,FLO-007,1,32.00,32.00,13.0000,
T0009522,1,EDI-007,2,18.00,18.00,6.0000,
T0009523,1,EDI-005,1,14.00,14.00,4.0000,
T0009523,2,EDI-002,1,22.00,22.00,7.0000,
T0009523,3,PRE-002,1,10.00,10.00,3.4000,
T0009523,4,PRE-004,1,35.00,35.00,12.0000,
T0009524,1,TOP-002,1,24.00,24.00,9.0000,
T0009524,2,PRE-004,2,35.00,35.00,12.0000,
T0009524,3,FLO-004,3,38.00,38.00,15.0000,
T0009525,1,EDI-001,1,20.00,16.00,6.0000,
T0009526,1,FLO-002,1,40.00,40.00,16.0000,
T0009527,1,ACC-002,2,3.00,3.00,0.6000,
T0009527,2,PRE-002,1,10.00,10.00,3.4000,
T0009528,1,PRE-002,2,10.00,10.00,3.4000,
T0009528,2,ACC-002,1,3.00,3.00,0.6000,
T0009529,1,ACC-004,1,2.00,2.00,0.4000,
T0009530,1,EDI-005,1,14.00,14.00,4.0000,
T0009531,1,VAP-003,1,32.00,32.00,13.4400,
T0009531,2,VAP-002,1,40.00,40.00,15.6800,
T0009532,1,ACC-004,1,2.00,1.60,0.4000,
T0009533,1,VAP-006,1,15.00,15.00,4.0000,
