transaction_id,store,sold_at,employee,customer,status
T0000001,MAIN,2026-06-13T17:54:56,E102,C0116,completed
T0000002,MAIN,2026-06-13T17:00:17,E101,,completed
T0000003,MAIN,2026-06-13T16:27:42,E104,C0336,completed
T0000004,MAIN,2026-06-13T16:47:08,E106,C0091,completed
T0000005,MAIN,2026-06-13T13:17:25,E105,C0121,completed
T0000006,MAIN,2026-06-13T09:27:59,E102,C0358,completed
T0000007,MAIN,2026-06-13T17:08:57,E105,C0255,completed
T0000008,MAIN,2026-06-13T14:46:36,E103,C0351,completed
T0000009,MAIN,2026-06-13T20:52:21,E105,C0160,completed
T0000010,MAIN,2026-06-13T10:30:33,E101,C0172,completed
T0000011,MAIN,2026-06-13T12:13:18,E104,C0081,completed
T0000012,MAIN,2026-06-13T12:22:27,E104,C0036,completed
T0000013,MAIN,2026-06-13T19:07:23,E102,C0309,completed
T0000014,MAIN,2026-06-13T14:56:37,E101,C0152,refunded
T0000015,MAIN,2026-06-13T16:08:57,E102,,completed
T0000016,MAIN,2026-06-13T12:52:59,E104,C0202,completed
T0000017,MAIN,2026-06-13T13:34:19,E103,C0016,completed
T0000018,MAIN,2026-06-13T11:21:51,E102,C0346,completed
T0000019,MAIN,2026-06-13T13:50:09,E101,C0273,completed
T0000020,MAIN,2026-06-13T18:54:23,E104,C0080,completed
T0000021,MAIN,2026-06-13T16:02:30,E102,C0003,completed
T0000022,MAIN,2026-06-13T18:41:44,E105,C0349,completed
T0000023,MAIN,2026-06-13T15:59:48,E104,C0049,completed
T0000024,MAIN,2026-06-13T13:14:38,E106,,completed
T0000025,MAIN,2026-06-13T11:29:52,E102,C0370,completed
T0000026,MAIN,2026-06-13T11:11:38,E105,C0313,completed
T0000027,MAIN,2026-06-13T16:17:21,E101,,completed
T0000028,MAIN,2026-06-13T20:28:24,E105,,completed
T0000029,MAIN,2026-06-13T20:53:33,E105,C0105,completed
T0000030,MAIN,2026-06-13T13:01:10,E101,C0224,completed
T0000031,MAIN,2026-06-13T12:03:22,E105,,completed
T0000032,MAIN,2026-06-13T13:47:45,E106,C0025,completed
T0000033,MAIN,2026-06-13T16:26:08,E102,C0187,completed
T0000034,MAIN,2026-06-13T18:54:52,E101,C0072,completed
T0000035,MAIN,2026-06-13T13:22:47,E102,,completed
T0000036,MAIN,2026-06-13T16:52:09,E104,,completed
T0000037,MAIN,2026-06-13T12:10:53,E105,C0237,completed
T0000038,MAIN,2026-06-13T16:12:01,E104,C0140,completed
T0000039,MAIN,2026-06-13T17:28:33,E105,C0259,completed
T0000040,MAIN,2026-06-13T16:28:05,E105,C0007,completed
T0000041,MAIN,2026-06-13T11:26:44,E102,C0019,completed
T0000042,MAIN,2026-06-13T16:09:09,E106,,completed
T0000043,MAIN,2026-06-13T12:31:00,E102,C0400,completed
T0000044,MAIN,2026-06-13T12:36:58,E101,C0106,completed
T0000045,MAIN,2026-06-13T12:08:53,E105,,completed
T0000046,MAIN,2026-06-13T14:49:19,E101,C0227,completed
T0000047,MAIN,2026-06-13T16:38:34,E106,C0001,completed
T0000048,MAIN,2026-06-13T11:02:56,E101,C0039,completed
T0000049,MAIN,2026-06-13T19:11:47,E105,C0366,completed
T0000050,MAIN,2026-06-13T16:22:05,E104,,completed
T0000051,MAIN,2026-06-13T12:36:34,E101,C0232,completed
T0000052,MAIN,2026-06-13T18:47:51,E104,C0217,completed
T0000053,MAIN,2026-06-13T13:55:46,E102,C0161,completed
T0000054,MAIN,2026-06-13T17:15:08,E104,C0151,completed
T0000055,MAIN,2026-06-13T12:27:07,E102,C0106,completed
T0000056,MAIN,2026-06-13T13:15:12,E103,C0349,completed
T0000057,MAIN,2026-06-13T10:36:26,E103,C0354,completed
T0000058,MAIN,2026-06-13T10:41:53,E101,C0183,completed
T0000059,MAIN,2026-06-13T12:41:13,E106,,completed
T0000060,MAIN,2026-06-13T16:55:17,E104,C0098,completed
T0000061,MAIN,2026-06-13T20:48:41,E103,,completed
T0000062,MAIN,2026-06-13T19:11:15,E101,C0213,completed
T0000063,MAIN,2026-06-13T12:45:21,E104,C0062,completed
T0000064,MAIN,2026-06-13T19:30:38,E101,,completed
T0000065,MAIN,2026-06-13T13:09:20,E105,C0251,completed
T0000066,MAIN,2026-06-13T18:18:22,E102,C0333,completed
T0000067,MAIN,2026-06-13T18:42:50,E101,C0011,completed
T0000068,MAIN,2026-06-13T20:11:58,E102,C0153,completed
T0000069,MAIN,2026-06-13T15:18:24,E101,,completed
T0000070,MAIN,2026-06-13T13:33:01,E102,C0325,completed
T0000071,MAIN,2026-06-13T19:08:57,E106,C0241,completed
T0000072,MAIN,2026-06-13T15:57:45,E103,C0303,completed
T0000073,MAIN,2026-06-13T12:24:16,E104,C0087,completed
T0000074,MAIN,2026-06-13T11:40:39,E103,C0330,completed
T0000075,MAIN,2026-06-13T15:21:32,E101,C0298,completed
T0000076,MAIN,2026-06-13T14:14:20,E101,C0316,completed
T0000077,MAIN,2026-06-13T15:41:58,E104,C0240,completed
T0000078,MAIN,2026-06-13T17:14:41,E102,C0091,completed
T0000079,MAIN,2026-06-13T15:51:23,E104,C0305,completed
T0000080,MAIN,2026-06-13T11:54:35,E103,C0021,voided
T0000081,MAIN,2026-06-13T16:31:12,E104,C0184,completed
T0000082,MAIN,2026-06-13T17:07:21,E101,C0273,completed
T0000083,MAIN,2026-06-13T15:21:43,E105,,completed
T0000084,MAIN,2026-06-13T19:03:08,E101,C0039,completed
T0000085,MAIN,2026-06-13T11:41:56,E102,,completed
T0000086,MAIN,2026-06-13T11:34:03,E105,C0383,completed
T0000087,MAIN,2026-06-13T13:46:02,E102,C0180,completed
T0000088,MAIN,2026-06-13T18:47:05,E103,C0154,completed
T0000089,MAIN,2026-06-13T18:07:21,E101,C0246,completed
T0000090,MAIN,2026-06-13T12:07:30,E103,,completed
T0000091,MAIN,2026-06-13T12:43:14,E105,C0247,completed
T0000092,MAIN,2026-06-13T10:04:11,E105,C0311,completed
T0000093,MAIN,2026-06-13T18:32:24,E101,C0186,completed
T0000094,MAIN,2026-06-13T17:54:28,E101,C0319,completed
T0000095,MAIN,2026-06-13T18:08:10,E101,C0025,completed
T0000096,MAIN,2026-06-13T19:01:12,E105,C0198,completed
T0000097,MAIN,2026-06-13T14:28:27,E105,C0116,completed
T0000098,MAIN,2026-06-13T19:46:02,E105,C0037,completed
T0000099,MAIN,2026-06-13T16:10:58,E106,C0247,completed
T0000100,MAIN,2026-06-13T16:06:51,E106,C0347,completed
T0000101,MAIN,2026-06-13T16:24:54,E106,C0204,completed
T0000102,MAIN,2026-06-13T19:23:33,E103,C0297,completed
T0000103,MAIN,2026-06-13T15:54:01,E105,C0080,completed
T0000104,MAIN,2026-06-13T20:24:42,E105,,completed
T0000105,MAIN,2026-06-13T14:46:35,E102,C0235,completed
T0000106,MAIN,2026-06-13T11:00:42,E106,C0395,completed
T0000107,MAIN,2026-06-13T12:43:11,E105,C0331,completed
T0000108,MAIN,2026-06-13T09:10:29,E102,,completed
T0000109,MAIN,2026-06-13T13:14:01,E104,,completed
T0000110,MAIN,2026-06-13T14:54:05,E102,,completed
T0000111,MAIN,2026-06-13T17:15:40,E105,C0065,completed
T0000112,MAIN,2026-06-13T11:40:01,E101,C0359,completed
T0000113,MAIN,2026-06-13T17:17:02,E103,C0329,completed
T0000114,MAIN,2026-06-13T18:45:16,E104,C0031,completed
T0000115,MAIN,2026-06-13T17:00:20,E104,C0382,completed
T0000116,MAIN,2026-06-13T14:58:28,E105,C0335,completed
T0000117,MAIN,2026-06-13T12:34:48,E102,C0211,completed
T0000118,MAIN,2026-06-13T12:08:35,E101,,completed
T0000119,MAIN,2026-06-13T15:32:05,E103,,completed
T0000120,MAIN,2026-06-13T19:17:36,E104,C0066,completed
T0000121,MAIN,2026-06-13T19:52:51,E104,C0053,completed
T0000122,MAIN,2026-06-13T18:53:49,E106,C0131,completed
T0000123,MAIN,2026-06-13T18:19:03,E103,,completed
T0000124,MAIN,2026-06-13T19:00:09,E102,C0106,completed
T0000125,MAIN,2026-06-13T18:22:53,E105,C0027,completed
T0000126,MAIN,2026-06-13T12:34:26,E101,C0368,completed
T0000127,MAIN,2026-06-13T19:15:18,E102,C0088,completed
T0000128,MAIN,2026-06-13T18:13:58,E103,C0134,completed
T0000129,MAIN,2026-06-13T18:42:23,E101,C0195,completed
T0000130,MAIN,2026-06-13T19:37:27,E103,C0071,completed
T0000131,MAIN,2026-06-13T19:44:18,E105,C0264,completed
T0000132,MAIN,2026-06-13T13:28:10,E103,,completed
T0000133,MAIN,2026-06-14T18:00:26,E104,,completed
T0000134,MAIN,2026-06-14T11:27:05,E103,,completed
T0000135,MAIN,2026-06-14T15:35:16,E102,C0144,completed
T0000136,MAIN,2026-06-14T17:34:11,E105,C0225,completed
T0000137,MAIN,2026-06-14T18:00:05,E104,C0236,completed
T0000138,MAIN,2026-06-14T13:06:33,E101,C0323,completed
T0000139,MAIN,2026-06-14T16:09:26,E106,C0237,completed
T0000140,MAIN,2026-06-14T12:43:00,E106,C0025,completed
T0000141,MAIN,2026-06-14T13:44:47,E106,C0365,completed
T0000142,MAIN,2026-06-14T12:53:17,E106,C0341,completed
T0000143,MAIN,2026-06-14T18:48:59,E102,,completed
T0000144,MAIN,2026-06-14T12:39:45,E105,,completed
T0000145,MAIN,2026-06-14T20:11:36,E104,C0130,completed
T0000146,MAIN,2026-06-14T14:13:04,E102,,completed
T0000147,MAIN,2026-06-14T13:24:35,E102,C0143,completed
T0000148,MAIN,2026-06-14T14:24:33,E105,C0018,completed
T0000149,MAIN,2026-06-14T12:27:18,E103,,completed
T0000150,MAIN,2026-06-14T10:03:15,E106,C0199,completed
T0000151,MAIN,2026-06-14T15:32:03,E105,,completed
T0000152,MAIN,2026-06-14T12:18:46,E102,,completed
T0000153,MAIN,2026-06-14T20:56:06,E104,C0105,completed
T0000154,MAIN,2026-06-14T17:34:22,E103,C0212,completed
T0000155,MAIN,2026-06-14T16:36:20,E105,,completed
T0000156,MAIN,2026-06-14T19:54:16,E104,C0058,completed
T0000157,MAIN,2026-06-14T17:40:55,E104,,completed
T0000158,MAIN,2026-06-14T18:49:32,E104,C0013,completed
T0000159,MAIN,2026-06-14T19:54:42,E101,C0306,completed
T0000160,MAIN,2026-06-14T12:07:41,E105,C0216,completed
T0000161,MAIN,2026-06-14T17:13:15,E102,C0120,completed
T0000162,MAIN,2026-06-14T09:13:39,E101,C0027,completed
T0000163,MAIN,2026-06-14T18:15:06,E103,C0072,completed
T0000164,MAIN,2026-06-14T20:07:11,E103,,completed
T0000165,MAIN,2026-06-14T18:48:37,E105,C0012,completed
T0000166,MAIN,2026-06-14T12:45:54,E103,,completed
T0000167,MAIN,2026-06-14T13:35:06,E102,C0077,completed
T0000168,MAIN,2026-06-14T12:33:02,E105,C0249,completed
T0000169,MAIN,2026-06-14T11:24:04,E102,,completed
T0000170,MAIN,2026-06-14T12:24:03,E105,C0261,completed
T0000171,MAIN,2026-06-14T15:48:46,E105,C0133,completed
T0000172,MAIN,2026-06-14T20:31:06,E106,,completed
T0000173,MAIN,2026-06-14T16:03:00,E102,C0291,completed
T0000174,MAIN,2026-06-14T14:42:10,E103,,completed
T0000175,MAIN,2026-06-14T12:01:51,E104,C0268,completed
T0000176,MAIN,2026-06-14T16:49:37,E105,,completed
T0000177,MAIN,2026-06-14T12:45:47,E104,C0145,completed
T0000178,MAIN,2026-06-14T18:42:01,E106,C0069,completed
T0000179,MAIN,2026-06-14T13:12:13,E103,C0285,completed
T0000180,MAIN,2026-06-14T18:14:21,E101,,completed
T0000181,MAIN,2026-06-14T18:05:26,E105,C0063,completed
T0000182,MAIN,2026-06-14T17:07:31,E106,C0044,completed
T0000183,MAIN,2026-06-14T15:14:53,E101,C0201,completed
T0000184,MAIN,2026-06-14T11:50:32,E106,,completed
T0000185,MAIN,2026-06-14T14:20:03,E105,,completed
T0000186,MAIN,2026-06-14T16:46:39,E104,,completed
T0000187,MAIN,2026-06-14T16:54:24,E104,,completed
T0000188,MAIN,2026-06-14T12:31:08,E101,C0010,completed
T0000189,MAIN,2026-06-14T16:08:11,E101,C0261,completed
T0000190,MAIN,2026-06-14T19:03:20,E104,C0111,completed
T0000191,MAIN,2026-06-14T20:47:08,E102,,completed
T0000192,MAIN,2026-06-14T14:28:00,E106,C0340,completed
T0000193,MAIN,2026-06-14T17:21:29,E106,C0257,completed
T0000194,MAIN,2026-06-14T12:41:05,E104,C0080,completed
T0000195,MAIN,2026-06-14T12:10:29,E106,,refunded
T0000196,MAIN,2026-06-14T11:57:58,E105,,completed
T0000197,MAIN,2026-06-14T15:41:08,E105,C0023,completed
T0000198,MAIN,2026-06-14T13:21:25,E101,C0123,completed
T0000199,MAIN,2026-06-14T14:05:50,E101,C0291,completed
T0000200,MAIN,2026-06-14T19:58:28,E101,C0217,completed
T0000201,MAIN,2026-06-14T20:09:22,E103,C0008,completed
T0000202,MAIN,2026-06-14T09:25:03,E101,,completed
T0000203,MAIN,2026-06-14T19:04:16,E102,C0295,completed
T0000204,MAIN,2026-06-14T15:24:46,E102,C0041,completed
T0000205,MAIN,2026-06-14T12:23:42,E101,C0373,completed
T0000206,MAIN,2026-06-14T19:21:33,E104,C0227,completed
T0000207,MAIN,2026-06-14T15:09:31,E103,C0062,completed
T0000208,MAIN,2026-06-14T18:45:08,E103,,voided
T0000209,MAIN,2026-06-14T16:31:12,E103,C0159,completed
T0000210,MAIN,2026-06-14T10:03:25,E102,C0025,completed
T0000211,MAIN,2026-06-14T18:42:43,E105,C0055,completed
T0000212,MAIN,2026-06-14T20:34:10,E106,C0180,completed
T0000213,MAIN,2026-06-14T14:27:00,E105,C0247,completed
T0000214,MAIN,2026-06-14T18:12:09,E103,,completed
T0000215,MAIN,2026-06-14T17:52:09,E101,,completed
T0000216,MAIN,2026-06-14T19:10:23,E104,C0116,completed
T0000217,MAIN,2026-06-14T19:03:34,E101,C0134,completed
T0000218,MAIN,2026-06-14T16:57:29,E101,,completed
T0000219,MAIN,2026-06-14T13:19:44,E104,C0173,completed
T0000220,MAIN,2026-06-14T20:17:50,E106,C0393,completed
T0000221,MAIN,2026-06-14T17:28:27,E105,C0259,completed
T0000222,MAIN,2026-06-14T17:55:31,E102,C0114,completed
T0000223,MAIN,2026-06-14T17:03:38,E105,C0243,completed
T0000224,MAIN,2026-06-14T17:21:23,E104,C0292,completed
T0000225,MAIN,2026-06-14T17:36:29,E106,C0257,completed
T0000226,MAIN,2026-06-14T13:20:08,E102,C0052,completed
T0000227,MAIN,2026-06-14T14:36:17,E104,C0327,completed
T0000228,MAIN,2026-06-14T13:18:53,E104,C0070,completed
T0000229,MAIN,2026-06-14T20:21:01,E101,C0383,completed
T0000230,MAIN,2026-06-14T19:16:51,E103,,completed
T0000231,MAIN,2026-06-14T19:03:13,E102,C0349,completed
T0000232,MAIN,2026-06-14T20:15:56,E104,C0184,completed
T0000233,MAIN,2026-06-14T11:47:11,E103,C0357,completed
T0000234,MAIN,2026-06-14T18:59:46,E101,C0291,completed
T0000235,MAIN,2026-06-14T11:53:34,E102,C0027,completed
T0000236,MAIN,2026-06-14T18:44:20,E103,C0103,completed
T0000237,MAIN,2026-06-14T19:24:50,E104,C0282,completed
T0000238,MAIN,2026-06-14T17:56:09,E101,C0162,completed
T0000239,MAIN,2026-06-14T12:36:56,E104,C0373,refunded
T0000240,MAIN,2026-06-14T19:04:44,E105,C0035,completed
T0000241,MAIN,2026-06-14T20:19:09,E101,C0214,completed
T0000242,MAIN,2026-06-14T12:59:30,E102,C0085,completed
T0000243,MAIN,2026-06-14T13:01:26,E105,C0390,completed
T0000244,MAIN,2026-06-14T16:12:12,E106,C0050,completed
T0000245,MAIN,2026-06-14T16:19:08,E101,C0391,completed
T0000246,MAIN,2026-06-15T19:46:25,E103,,completed
T0000247,MAIN,2026-06-15T17:34:34,E103,C0169,completed
T0000248,MAIN,2026-06-15T16:37:13,E106,,completed
T0000249,MAIN,2026-06-15T11:07:33,E106,,completed
T0000250,MAIN,2026-06-15T16:31:39,E104,,completed
T0000251,MAIN,2026-06-15T19:35:00,E101,C0225,completed
T0000252,MAIN,2026-06-15T11:30:53,E106,,completed
T0000253,MAIN,2026-06-15T11:31:25,E105,,completed
T0000254,MAIN,2026-06-15T09:34:00,E106,C0248,completed
T0000255,MAIN,2026-06-15T18:38:33,E102,C0007,completed
T0000256,MAIN,2026-06-15T15:37:03,E106,C0276,completed
T0000257,MAIN,2026-06-15T17:41:59,E103,,completed
T0000258,MAIN,2026-06-15T11:52:56,E104,C0091,completed
T0000259,MAIN,2026-06-15T09:05:16,E102,,completed
T0000260,MAIN,2026-06-15T16:08:19,E106,,completed
T0000261,MAIN,2026-06-15T13:13:04,E104,C0231,completed
T0000262,MAIN,2026-06-15T16:37:41,E106,C0378,completed
T0000263,MAIN,2026-06-15T18:32:32,E101,C0154,completed
T0000264,MAIN,2026-06-15T11:08:11,E101,C0039,completed
T0000265,MAIN,2026-06-15T16:42:41,E101,C0232,completed
T0000266,MAIN,2026-06-15T09:06:30,E101,C0121,completed
T0000267,MAIN,2026-06-15T09:48:52,E103,C0378,completed
T0000268,MAIN,2026-06-15T10:17:19,E102,,completed
T0000269,MAIN,2026-06-15T11:07:21,E104,C0348,completed
T0000270,MAIN,2026-06-15T16:16:22,E105,C0283,completed
T0000271,MAIN,2026-06-15T09:14:26,E101,C0348,completed
T0000272,MAIN,2026-06-15T11:53:17,E103,,completed
T0000273,MAIN,2026-06-15T18:01:26,E104,,completed
T0000274,MAIN,2026-06-15T12:32:51,E103,C0022,completed
T0000275,MAIN,2026-06-15T20:56:10,E105,C0053,completed
T0000276,MAIN,2026-06-15T14:26:27,E106,C0222,completed
T0000277,MAIN,2026-06-15T10:50:36,E101,C0322,completed
T0000278,MAIN,2026-06-15T12:47:32,E102,C0278,completed
T0000279,MAIN,2026-06-15T16:52:54,E106,C0204,completed
T0000280,MAIN,2026-06-15T14:38:48,E104,C0165,completed
T0000281,MAIN,2026-06-15T11:00:05,E103,C0010,completed
T0000282,MAIN,2026-06-15T16:17:25,E103,C0143,completed
T0000283,MAIN,2026-06-15T16:51:11,E106,,completed
T0000284,MAIN,2026-06-15T17:02:44,E103,,completed
T0000285,MAIN,2026-06-15T14:03:53,E101,C0029,completed
T0000286,MAIN,2026-06-15T15:36:05,E103,C0363,completed
T0000287,MAIN,2026-06-15T12:34:02,E103,C0128,completed
T0000288,MAIN,2026-06-15T19:28:00,E101,C0371,completed
T0000289,MAIN,2026-06-15T12:56:34,E102,,completed
T0000290,MAIN,2026-06-15T15:07:53,E101,,completed
T0000291,MAIN,2026-06-15T11:50:07,E103,C0343,completed
T0000292,MAIN,2026-06-15T16:51:06,E103,,completed
T0000293,MAIN,2026-06-15T14:42:58,E101,,completed
T0000294,MAIN,2026-06-15T18:14:11,E104,C0277,completed
T0000295,MAIN,2026-06-15T10:01:56,E102,C0269,completed
T0000296,MAIN,2026-06-15T14:36:45,E103,C0025,completed
T0000297,MAIN,2026-06-15T19:02:12,E101,C0372,completed
T0000298,MAIN,2026-06-15T17:05:02,E106,C0054,completed
T0000299,MAIN,2026-06-15T11:17:54,E104,C0206,completed
T0000300,MAIN,2026-06-15T14:22:23,E106,C0301,completed
T0000301,MAIN,2026-06-15T09:15:35,E105,C0124,refunded
T0000302,MAIN,2026-06-15T11:25:14,E101,,completed
T0000303,MAIN,2026-06-15T11:10:00,E106,C0113,completed
T0000304,MAIN,2026-06-15T14:45:54,E102,,completed
T0000305,MAIN,2026-06-15T10:36:39,E103,,completed
T0000306,MAIN,2026-06-15T19:06:30,E104,C0109,completed
T0000307,MAIN,2026-06-15T16:37:43,E103,,completed
T0000308,MAIN,2026-06-15T13:06:51,E102,C0088,completed
T0000309,MAIN,2026-06-15T18:18:26,E106,C0313,completed
T0000310,MAIN,2026-06-15T15:13:39,E103,C0111,completed
T0000311,MAIN,2026-06-15T13:24:40,E105,,completed
T0000312,MAIN,2026-06-15T16:24:25,E102,,completed
T0000313,MAIN,2026-06-15T19:09:22,E105,C0139,completed
T0000314,MAIN,2026-06-15T12:38:18,E104,,voided
T0000315,MAIN,2026-06-15T14:53:09,E105,C0134,completed
T0000316,MAIN,2026-06-15T10:59:23,E105,,completed
T0000317,MAIN,2026-06-15T20:24:16,E103,C0301,completed
T0000318,MAIN,2026-06-15T17:26:49,E106,C0046,completed
T0000319,MAIN,2026-06-15T14:41:40,E104,C0381,completed
T0000320,MAIN,2026-06-15T14:12:11,E103,C0057,completed
T0000321,MAIN,2026-06-15T16:22:17,E106,C0372,completed
T0000322,MAIN,2026-06-16T18:49:55,E103,,completed
T0000323,MAIN,2026-06-16T09:03:58,E101,,completed
T0000324,MAIN,2026-06-16T15:29:25,E103,C0277,completed
T0000325,MAIN,2026-06-16T09:22:58,E102,,completed
T0000326,MAIN,2026-06-16T16:42:28,E104,C0341,completed
T0000327,MAIN,2026-06-16T16:02:17,E104,,completed
T0000328,MAIN,2026-06-16T17:52:33,E105,C0258,refunded
T0000329,MAIN,2026-06-16T20:33:58,E106,,completed
T0000330,MAIN,2026-06-16T16:19:19,E106,,completed
T0000331,MAIN,2026-06-16T18:53:59,E105,C0171,completed
T0000332,MAIN,2026-06-16T17:07:24,E101,C0291,completed
T0000333,MAIN,2026-06-16T19:14:27,E105,,completed
T0000334,MAIN,2026-06-16T15:30:58,E101,C0015,completed
T0000335,MAIN,2026-06-16T12:24:07,E101,C0155,completed
T0000336,MAIN,2026-06-16T16:10:01,E102,C0147,completed
T0000337,MAIN,2026-06-16T13:45:49,E104,C0337,completed
T0000338,MAIN,2026-06-16T20:58:16,E104,C0017,completed
T0000339,MAIN,2026-06-16T16:43:47,E101,C0101,completed
T0000340,MAIN,2026-06-16T11:15:08,E101,C0155,completed
T0000341,MAIN,2026-06-16T10:36:21,E102,C0178,completed
T0000342,MAIN,2026-06-16T16:02:57,E103,C0231,completed
T0000343,MAIN,2026-06-16T12:05:59,E105,,completed
T0000344,MAIN,2026-06-16T17:30:03,E105,,completed
T0000345,MAIN,2026-06-16T15:27:52,E105,,completed
T0000346,MAIN,2026-06-16T18:40:31,E106,C0103,completed
T0000347,MAIN,2026-06-16T13:31:40,E103,,completed
T0000348,MAIN,2026-06-16T14:12:02,E101,C0011,completed
T0000349,MAIN,2026-06-16T14:39:58,E101,,completed
T0000350,MAIN,2026-06-16T12:46:24,E103,,completed
T0000351,MAIN,2026-06-16T18:45:45,E102,C0190,completed
T0000352,MAIN,2026-06-16T18:07:39,E106,C0108,completed
T0000353,MAIN,2026-06-16T15:04:07,E103,C0393,completed
T0000354,MAIN,2026-06-16T17:53:27,E101,C0328,completed
T0000355,MAIN,2026-06-16T18:47:52,E106,,completed
T0000356,MAIN,2026-06-16T12:45:24,E101,,completed
T0000357,MAIN,2026-06-16T15:13:44,E105,C0232,completed
T0000358,MAIN,2026-06-16T16:34:56,E102,,voided
T0000359,MAIN,2026-06-16T14:52:18,E105,C0204,completed
T0000360,MAIN,2026-06-16T19:04:13,E103,C0127,completed
T0000361,MAIN,2026-06-16T14:09:33,E105,C0065,completed
T0000362,MAIN,2026-06-16T18:48:41,E101,,completed
T0000363,MAIN,2026-06-16T14:10:57,E104,C0080,completed
T0000364,MAIN,2026-06-16T11:32:31,E102,C0092,completed
T0000365,MAIN,2026-06-16T19:14:46,E105,,completed
T0000366,MAIN,2026-06-16T10:16:55,E105,C0106,completed
T0000367,MAIN,2026-06-16T12:52:52,E103,C0141,completed
T0000368,MAIN,2026-06-16T18:02:20,E106,C0151,completed
T0000369,MAIN,2026-06-16T13:40:39,E101,C0114,completed
T0000370,MAIN,2026-06-16T20:47:47,E106,C0057,completed
T0000371,MAIN,2026-06-16T19:29:42,E102,C0157,completed
T0000372,MAIN,2026-06-16T18:04:43,E101,C0085,completed
T0000373,MAIN,2026-06-16T16:25:13,E103,,completed
T0000374,MAIN,2026-06-16T17:39:03,E105,C0025,completed
T0000375,MAIN,2026-06-16T16:44:26,E105,,completed
T0000376,MAIN,2026-06-16T16:41:16,E104,C0074,completed
T0000377,MAIN,2026-06-16T11:15:38,E105,,completed
T0000378,MAIN,2026-06-16T14:35:28,E102,C0082,completed
T0000379,MAIN,2026-06-16T20:35:09,E104,C0376,completed
T0000380,MAIN,2026-06-16T10:08:27,E101,,completed
T0000381,MAIN,2026-06-16T15:58:21,E102,,completed
T0000382,MAIN,2026-06-16T16:30:21,E101,C0054,completed
T0000383,MAIN,2026-06-16T18:12:29,E105,,completed
T0000384,MAIN,2026-06-16T18:18:06,E104,C0045,completed
T0000385,MAIN,2026-06-16T18:22:38,E103,C0277,completed
T0000386,MAIN,2026-06-16T15:23:33,E105,C0318,completed
T0000387,MAIN,2026-06-16T20:57:35,E104,C0210,completed
T0000388,MAIN,2026-06-16T10:44:40,E102,C0046,completed
T0000389,MAIN,2026-06-16T17:02:11,E104,C0159,completed
T0000390,MAIN,2026-06-16T12:18:00,E103,,completed
T0000391,MAIN,2026-06-16T18:19:41,E101,C0317,completed
T0000392,MAIN,2026-06-16T14:05:09,E103,C0326,completed
T0000393,MAIN,2026-06-16T15:44:32,E103,,completed
T0000394,MAIN,2026-06-16T13:30:37,E102,C0067,completed
T0000395,MAIN,2026-06-16T11:28:27,E106,,completed
T0000396,MAIN,2026-06-16T13:26:00,E102,C0127,completed
T0000397,MAIN,2026-06-17T17:58:05,E106,C0245,completed
T0000398,MAIN,2026-06-17T18:01:46,E104,,completed
T0000399,MAIN,2026-06-17T14:13:02,E106,,completed
T0000400,MAIN,2026-06-17T17:57:42,E105,C0316,completed
T0000401,MAIN,2026-06-17T17:21:57,E102,,completed
T0000402,MAIN,2026-06-17T09:28:24,E106,C0188,completed
T0000403,MAIN,2026-06-17T19:30:58,E106,,completed
T0000404,MAIN,2026-06-17T19:59:37,E101,,refunded
T0000405,MAIN,2026-06-17T20:22:17,E103,C0373,completed
T0000406,MAIN,2026-06-17T14:50:19,E101,,completed
T0000407,MAIN,2026-06-17T12:31:55,E104,C0287,completed
T0000408,MAIN,2026-06-17T11:13:33,E101,C0021,completed
T0000409,MAIN,2026-06-17T15:56:21,E103,,completed
T0000410,MAIN,2026-06-17T11:47:39,E101,C0176,completed
T0000411,MAIN,2026-06-17T18:26:09,E106,C0085,completed
T0000412,MAIN,2026-06-17T18:05:46,E106,,completed
T0000413,MAIN,2026-06-17T14:20:22,E105,C0324,completed
T0000414,MAIN,2026-06-17T20:58:49,E101,C0397,completed
T0000415,MAIN,2026-06-17T18:51:08,E105,C0107,completed
T0000416,MAIN,2026-06-17T17:22:06,E105,C0221,completed
T0000417,MAIN,2026-06-17T18:44:13,E104,C0165,completed
T0000418,MAIN,2026-06-17T15:53:39,E105,C0270,completed
T0000419,MAIN,2026-06-17T17:10:31,E104,C0355,completed
T0000420,MAIN,2026-06-17T10:38:14,E102,C0317,completed
T0000421,MAIN,2026-06-17T18:32:34,E104,C0332,completed
T0000422,MAIN,2026-06-17T12:27:15,E105,C0368,completed
T0000423,MAIN,2026-06-17T10:05:02,E102,C0064,completed
T0000424,MAIN,2026-06-17T18:43:37,E101,C0042,completed
T0000425,MAIN,2026-06-17T11:40:52,E106,C0284,completed
T0000426,MAIN,2026-06-17T17:00:52,E105,C0244,completed
T0000427,MAIN,2026-06-17T16:03:37,E102,C0097,completed
T0000428,MAIN,2026-06-17T15:36:38,E102,C0119,completed
T0000429,MAIN,2026-06-17T18:28:05,E103,,completed
T0000430,MAIN,2026-06-17T19:42:47,E102,,completed
T0000431,MAIN,2026-06-17T18:03:54,E103,,completed
T0000432,MAIN,2026-06-17T12:08:32,E101,,completed
T0000433,MAIN,2026-06-17T19:16:54,E102,,completed
T0000434,MAIN,2026-06-17T11:42:46,E104,C0033,completed
T0000435,MAIN,2026-06-17T11:52:03,E102,C0136,completed
T0000436,MAIN,2026-06-17T20:43:16,E106,C0250,completed
T0000437,MAIN,2026-06-17T14:24:44,E101,C0325,completed
T0000438,MAIN,2026-06-17T18:00:12,E106,,completed
T0000439,MAIN,2026-06-17T18:43:56,E101,C0394,completed
T0000440,MAIN,2026-06-17T11:01:43,E103,C0048,completed
T0000441,MAIN,2026-06-17T17:48:28,E102,C0277,completed
T0000442,MAIN,2026-06-17T20:39:59,E105,C0362,completed
T0000443,MAIN,2026-06-17T14:40:18,E105,C0305,completed
T0000444,MAIN,2026-06-17T17:05:57,E101,C0164,completed
T0000445,MAIN,2026-06-17T14:17:34,E103,C0396,completed
T0000446,MAIN,2026-06-17T14:02:28,E106,C0034,refunded
T0000447,MAIN,2026-06-17T17:19:43,E104,,completed
T0000448,MAIN,2026-06-17T13:03:12,E101,C0388,completed
T0000449,MAIN,2026-06-17T17:38:27,E104,C0333,completed
T0000450,MAIN,2026-06-17T10:38:33,E103,C0220,completed
T0000451,MAIN,2026-06-17T16:03:18,E101,,completed
T0000452,MAIN,2026-06-17T18:17:30,E105,C0018,completed
T0000453,MAIN,2026-06-17T09:16:37,E104,C0381,completed
T0000454,MAIN,2026-06-17T16:55:27,E105,C0299,completed
T0000455,MAIN,2026-06-17T18:25:52,E104,C0289,voided
T0000456,MAIN,2026-06-17T18:48:41,E105,C0400,completed
T0000457,MAIN,2026-06-17T14:14:03,E106,C0206,completed
T0000458,MAIN,2026-06-17T10:39:18,E101,C0313,completed
T0000459,MAIN,2026-06-17T19:17:36,E106,C0093,completed
T0000460,MAIN,2026-06-17T18:24:56,E104,,completed
T0000461,MAIN,2026-06-17T19:12:52,E104,,completed
T0000462,MAIN,2026-06-17T17:53:18,E103,,completed
T0000463,MAIN,2026-06-17T20:35:01,E101,C0285,completed
T0000464,MAIN,2026-06-17T13:39:03,E102,,completed
T0000465,MAIN,2026-06-17T10:49:21,E102,C0338,completed
T0000466,MAIN,2026-06-17T10:09:21,E106,C0327,completed
T0000467,MAIN,2026-06-17T17:16:45,E102,,completed
T0000468,MAIN,2026-06-17T16:21:45,E105,C0152,completed
T0000469,MAIN,2026-06-17T17:20:08,E102,C0079,completed
T0000470,MAIN,2026-06-17T12:42:08,E102,C0095,completed
T0000471,MAIN,2026-06-17T11:12:59,E103,C0363,completed
T0000472,MAIN,2026-06-17T13:40:52,E102,C0094,completed
T0000473,MAIN,2026-06-17T17:14:31,E104,,completed
T0000474,MAIN,2026-06-17T14:04:40,E103,C0250,completed
T0000475,MAIN,2026-06-17T11:25:18,E103,C0143,completed
T0000476,MAIN,2026-06-17T14:47:24,E102,,completed
T0000477,MAIN,2026-06-17T16:14:40,E101,C0041,completed
T0000478,MAIN,2026-06-17T17:56:33,E104,C0107,completed
T0000479,MAIN,2026-06-17T12:34:15,E102,,completed
T0000480,MAIN,2026-06-17T13:20:56,E103,,completed
T0000481,MAIN,2026-06-17T18:24:59,E103,C0201,completed
T0000482,MAIN,2026-06-17T11:42:14,E103,C0336,completed
T0000483,MAIN,2026-06-17T18:23:58,E101,,completed
T0000484,MAIN,2026-06-17T16:39:07,E101,C0011,completed
T0000485,MAIN,2026-06-17T16:11:50,E102,C0347,completed
T0000486,MAIN,2026-06-17T16:41:46,E106,C0180,voided
T0000487,MAIN,2026-06-17T16:36:24,E103,,completed
T0000488,MAIN,2026-06-17T17:59:43,E104,C0214,completed
T0000489,MAIN,2026-06-17T09:51:43,E102,C0195,completed
T0000490,MAIN,2026-06-17T10:57:11,E103,C0112,completed
T0000491,MAIN,2026-06-17T12:46:54,E104,C0190,completed
T0000492,MAIN,2026-06-17T15:08:55,E106,C0307,completed
T0000493,MAIN,2026-06-17T16:48:18,E103,C0347,completed
T0000494,MAIN,2026-06-17T19:26:55,E105,C0360,completed
T0000495,MAIN,2026-06-17T18:21:18,E105,C0336,completed
T0000496,MAIN,2026-06-17T11:25:56,E104,,completed
T0000497,MAIN,2026-06-17T15:01:51,E104,,completed
T0000498,MAIN,2026-06-17T16:14:20,E106,,completed
T0000499,MAIN,2026-06-17T14:53:55,E101,C0261,completed
T0000500,MAIN,2026-06-18T19:09:17,E102,,completed
T0000501,MAIN,2026-06-18T18:39:00,E101,C0265,completed
T0000502,MAIN,2026-06-18T13:37:52,E106,,voided
T0000503,MAIN,2026-06-18T17:59:58,E103,,completed
T0000504,MAIN,2026-06-18T10:03:46,E102,C0049,completed
T0000505,MAIN,2026-06-18T09:04:59,E106,C0271,completed
T0000506,MAIN,2026-06-18T17:13:08,E101,C0055,completed
T0000507,MAIN,2026-06-18T18:09:25,E103,C0023,completed
T0000508,MAIN,2026-06-18T12:07:27,E104,,completed
T0000509,MAIN,2026-06-18T13:44:45,E102,C0350,completed
T0000510,MAIN,2026-06-18T12:08:02,E104,C0350,completed
T0000511,MAIN,2026-06-18T11:33:24,E101,C0046,completed
T0000512,MAIN,2026-06-18T18:42:58,E101,C0212,completed
T0000513,MAIN,2026-06-18T12:10:34,E104,C0095,completed
T0000514,MAIN,2026-06-18T18:54:58,E104,C0338,completed
T0000515,MAIN,2026-06-18T11:27:56,E106,,completed
T0000516,MAIN,2026-06-18T11:33:21,E102,C0259,completed
T0000517,MAIN,2026-06-18T13:20:31,E106,C0121,completed
T0000518,MAIN,2026-06-18T12:28:12,E101,,completed
T0000519,MAIN,2026-06-18T18:41:54,E103,C0135,completed
T0000520,MAIN,2026-06-18T13:33:07,E104,,completed
T0000521,MAIN,2026-06-18T13:39:07,E104,,completed
T0000522,MAIN,2026-06-18T14:02:24,E101,C0227,completed
T0000523,MAIN,2026-06-18T15:33:28,E102,C0009,completed
T0000524,MAIN,2026-06-18T13:45:04,E102,C0344,completed
T0000525,MAIN,2026-06-18T12:49:27,E101,C0081,completed
T0000526,MAIN,2026-06-18T17:25:44,E106,,completed
T0000527,MAIN,2026-06-18T15:18:35,E104,C0277,completed
T0000528,MAIN,2026-06-18T19:32:48,E105,,completed
T0000529,MAIN,2026-06-18T12:09:03,E102,C0387,completed
T0000530,MAIN,2026-06-18T18:27:15,E104,,completed
T0000531,MAIN,2026-06-18T14:28:19,E103,C0087,completed
T0000532,MAIN,2026-06-18T18:01:38,E101,C0347,completed
T0000533,MAIN,2026-06-18T19:54:35,E104,C0373,completed
T0000534,MAIN,2026-06-18T20:16:00,E101,,completed
T0000535,MAIN,2026-06-18T18:15:34,E103,,completed
T0000536,MAIN,2026-06-18T15:00:10,E106,C0399,completed
T0000537,MAIN,2026-06-18T11:41:50,E103,C0323,completed
T0000538,MAIN,2026-06-18T18:11:56,E105,C0270,completed
T0000539,MAIN,2026-06-18T11:56:39,E106,C0349,completed
T0000540,MAIN,2026-06-18T18:53:06,E104,C0036,completed
T0000541,MAIN,2026-06-18T17:47:20,E106,C0156,completed
T0000542,MAIN,2026-06-18T13:42:57,E106,C0262,completed
T0000543,MAIN,2026-06-18T20:52:29,E105,C0383,completed
T0000544,MAIN,2026-06-18T18:42:51,E105,,completed
T0000545,MAIN,2026-06-18T17:42:57,E102,C0390,completed
T0000546,MAIN,2026-06-18T13:49:31,E106,C0334,completed
T0000547,MAIN,2026-06-18T12:28:35,E103,C0078,completed
T0000548,MAIN,2026-06-18T17:20:29,E101,C0027,completed
T0000549,MAIN,2026-06-18T17:49:47,E102,,completed
T0000550,MAIN,2026-06-18T14:50:11,E102,,completed
T0000551,MAIN,2026-06-18T18:30:02,E102,,completed
T0000552,MAIN,2026-06-18T17:20:35,E106,C0354,completed
T0000553,MAIN,2026-06-18T17:23:54,E104,C0078,completed
T0000554,MAIN,2026-06-18T14:40:02,E104,C0161,completed
T0000555,MAIN,2026-06-18T13:52:00,E103,C0207,completed
T0000556,MAIN,2026-06-18T19:59:33,E103,C0238,completed
T0000557,MAIN,2026-06-18T16:57:24,E104,C0367,completed
T0000558,MAIN,2026-06-18T19:04:45,E105,,voided
T0000559,MAIN,2026-06-18T12:04:37,E103,C0318,completed
T0000560,MAIN,2026-06-18T12:05:59,E103,,completed
T0000561,MAIN,2026-06-18T16:37:30,E105,C0356,completed
T0000562,MAIN,2026-06-18T16:22:36,E102,C0225,completed
T0000563,MAIN,2026-06-18T13:57:36,E104,C0287,completed
T0000564,MAIN,2026-06-18T16:26:10,E102,C0247,completed
T0000565,MAIN,2026-06-18T12:21:24,E103,C0288,completed
T0000566,MAIN,2026-06-18T11:00:19,E104,,completed
T0000567,MAIN,2026-06-18T16:46:58,E101,C0123,completed
T0000568,MAIN,2026-06-18T15:27:59,E104,C0277,completed
T0000569,MAIN,2026-06-18T15:16:13,E101,C0352,completed
T0000570,MAIN,2026-06-18T12:09:45,E104,C0033,completed
T0000571,MAIN,2026-06-18T09:42:11,E106,C0115,completed
T0000572,MAIN,2026-06-18T16:44:55,E101,C0362,completed
T0000573,MAIN,2026-06-18T14:33:39,E105,C0117,completed
T0000574,MAIN,2026-06-18T17:23:04,E104,C0119,completed
T0000575,MAIN,2026-06-18T17:40:22,E106,,completed
T0000576,MAIN,2026-06-18T14:46:37,E105,C0201,completed
T0000577,MAIN,2026-06-18T17:03:31,E102,C0072,completed
T0000578,MAIN,2026-06-18T12:26:53,E102,,completed
T0000579,MAIN,2026-06-18T13:39:38,E102,,completed
T0000580,MAIN,2026-06-18T18:54:35,E101,C0196,completed
T0000581,MAIN,2026-06-18T18:20:23,E105,C0109,completed
T0000582,MAIN,2026-06-18T10:52:33,E106,C0282,completed
T0000583,MAIN,2026-06-18T17:44:31,E105,C0148,completed
T0000584,MAIN,2026-06-18T13:17:09,E102,C0387,completed
T0000585,MAIN,2026-06-18T18:58:10,E105,,completed
T0000586,MAIN,2026-06-18T19:36:20,E106,,completed
T0000587,MAIN,2026-06-18T19:54:43,E102,C0249,completed
T0000588,MAIN,2026-06-18T14:11:09,E105,C0260,completed
T0000589,MAIN,2026-06-18T19:33:03,E106,,completed
T0000590,MAIN,2026-06-18T18:34:24,E103,,completed
T0000591,MAIN,2026-06-18T20:18:51,E105,C0378,completed
T0000592,MAIN,2026-06-18T13:20:22,E101,C0187,completed
T0000593,MAIN,2026-06-18T19:30:00,E104,C0330,completed
T0000594,MAIN,2026-06-18T12:20:07,E105,C0361,completed
T0000595,MAIN,2026-06-18T13:56:09,E102,C0245,completed
T0000596,MAIN,2026-06-18T09:15:36,E105,C0343,completed
T0000597,MAIN,2026-06-18T12:18:34,E105,,completed
T0000598,MAIN,2026-06-18T16:13:47,E101,C0227,completed
T0000599,MAIN,2026-06-19T10:15:45,E102,,completed
T0000600,MAIN,2026-06-19T12:07:11,E105,C0100,completed
T0000601,MAIN,2026-06-19T09:09:38,E104,C0006,voided
T0000602,MAIN,2026-06-19T13:38:43,E103,C0021,completed
T0000603,MAIN,2026-06-19T17:27:59,E101,C0314,completed
T0000604,MAIN,2026-06-19T16:53:08,E104,C0097,completed
T0000605,MAIN,2026-06-19T15:42:37,E105,,completed
T0000606,MAIN,2026-06-19T18:37:19,E104,C0075,completed
T0000607,MAIN,2026-06-19T13:12:42,E104,C0026,completed
T0000608,MAIN,2026-06-19T20:45:26,E106,C0004,completed
T0000609,MAIN,2026-06-19T11:40:31,E103,C0374,completed
T0000610,MAIN,2026-06-19T19:00:33,E106,C0161,completed
T0000611,MAIN,2026-06-19T12:48:44,E104,C0153,completed
T0000612,MAIN,2026-06-19T18:06:40,E101,C0033,completed
T0000613,MAIN,2026-06-19T18:28:58,E104,,completed
T0000614,MAIN,2026-06-19T16:46:56,E104,C0216,completed
T0000615,MAIN,2026-06-19T13:12:48,E102,C0109,completed
T0000616,MAIN,2026-06-19T12:29:21,E105,C0099,completed
T0000617,MAIN,2026-06-19T17:09:17,E106,C0041,completed
T0000618,MAIN,2026-06-19T12:06:48,E106,,completed
T0000619,MAIN,2026-06-19T14:29:48,E104,C0255,completed
T0000620,MAIN,2026-06-19T19:16:08,E101,C0138,completed
T0000621,MAIN,2026-06-19T17:50:04,E102,C0007,completed
T0000622,MAIN,2026-06-19T14:10:38,E104,C0279,completed
T0000623,MAIN,2026-06-19T14:32:58,E105,C0340,completed
T0000624,MAIN,2026-06-19T11:58:38,E102,C0064,completed
T0000625,MAIN,2026-06-19T16:00:46,E105,,completed
T0000626,MAIN,2026-06-19T09:34:10,E106,C0016,completed
T0000627,MAIN,2026-06-19T12:47:28,E101,C0017,completed
T0000628,MAIN,2026-06-19T18:10:02,E101,C0093,completed
T0000629,MAIN,2026-06-19T18:41:57,E105,C0265,completed
T0000630,MAIN,2026-06-19T11:01:50,E102,C0312,completed
T0000631,MAIN,2026-06-19T15:50:02,E106,C0173,completed
T0000632,MAIN,2026-06-19T14:52:21,E106,,completed
T0000633,MAIN,2026-06-19T13:39:51,E102,,completed
T0000634,MAIN,2026-06-19T19:54:51,E105,C0161,completed
T0000635,MAIN,2026-06-19T19:05:00,E103,C0033,completed
T0000636,MAIN,2026-06-19T19:12:03,E103,C0323,completed
T0000637,MAIN,2026-06-19T13:33:57,E101,C0392,completed
T0000638,MAIN,2026-06-19T20:23:51,E101,C0169,completed
T0000639,MAIN,2026-06-19T10:16:17,E106,C0079,completed
T0000640,MAIN,2026-06-19T11:45:31,E102,C0003,completed
T0000641,MAIN,2026-06-19T12:32:31,E104,,completed
T0000642,MAIN,2026-06-19T20:08:53,E105,C0157,completed
T0000643,MAIN,2026-06-19T18:30:26,E101,C0063,completed
T0000644,MAIN,2026-06-19T15:13:51,E105,C0125,completed
T0000645,MAIN,2026-06-19T19:33:32,E101,C0142,completed
T0000646,MAIN,2026-06-19T18:51:58,E103,,completed
T0000647,MAIN,2026-06-19T16:51:53,E104,C0211,completed
T0000648,MAIN,2026-06-19T19:47:27,E104,C0119,completed
T0000649,MAIN,2026-06-19T11:48:53,E106,C0049,completed
T0000650,MAIN,2026-06-19T16:43:29,E105,C0176,completed
T0000651,MAIN,2026-06-19T12:48:42,E101,C0388,completed
T0000652,MAIN,2026-06-19T14:31:51,E104,C0286,refunded
T0000653,MAIN,2026-06-19T13:59:25,E101,,completed
T0000654,MAIN,2026-06-19T17:31:34,E102,C0069,completed
T0000655,MAIN,2026-06-19T17:43:34,E102,C0217,completed
T0000656,MAIN,2026-06-19T17:47:39,E101,C0054,completed
T0000657,MAIN,2026-06-19T13:42:04,E104,,completed
T0000658,MAIN,2026-06-19T19:00:28,E106,,completed
T0000659,MAIN,2026-06-19T20:25:36,E101,C0253,completed
T0000660,MAIN,2026-06-19T10:22:09,E103,,completed
T0000661,MAIN,2026-06-19T16:26:23,E104,C0198,completed
T0000662,MAIN,2026-06-19T17:25:22,E104,,completed
T0000663,MAIN,2026-06-19T14:52:53,E102,C0247,completed
T0000664,MAIN,2026-06-19T12:36:18,E102,,completed
T0000665,MAIN,2026-06-19T10:35:23,E101,,completed
T0000666,MAIN,2026-06-19T18:18:53,E105,C0216,completed
T0000667,MAIN,2026-06-19T18:24:01,E104,C0307,completed
T0000668,MAIN,2026-06-19T16:01:04,E102,C0098,completed
T0000669,MAIN,2026-06-19T15:26:52,E106,C0225,completed
T0000670,MAIN,2026-06-19T15:20:11,E101,,completed
T0000671,MAIN,2026-06-19T18:53:51,E106,C0150,completed
T0000672,MAIN,2026-06-19T18:36:37,E102,C0368,completed
T0000673,MAIN,2026-06-19T17:06:11,E105,C0392,completed
T0000674,MAIN,2026-06-19T19:48:42,E105,C0384,completed
T0000675,MAIN,2026-06-19T17:19:06,E101,,completed
T0000676,MAIN,2026-06-19T19:58:56,E102,C0128,completed
T0000677,MAIN,2026-06-19T16:55:07,E104,C0188,completed
T0000678,MAIN,2026-06-19T18:55:56,E101,,completed
T0000679,MAIN,2026-06-19T12:36:04,E102,,completed
T0000680,MAIN,2026-06-19T14:13:26,E103,C0200,completed
T0000681,MAIN,2026-06-19T13:53:06,E101,C0047,completed
T0000682,MAIN,2026-06-19T15:36:14,E105,C0157,completed
T0000683,MAIN,2026-06-19T12:14:11,E103,C0270,completed
T0000684,MAIN,2026-06-19T17:23:01,E103,C0257,voided
T0000685,MAIN,2026-06-19T12:42:15,E103,C0385,completed
T0000686,MAIN,2026-06-19T15:08:21,E104,,completed
T0000687,MAIN,2026-06-19T16:21:03,E104,C0062,completed
T0000688,MAIN,2026-06-19T19:24:33,E106,C0381,completed
T0000689,MAIN,2026-06-19T18:54:45,E104,C0001,completed
T0000690,MAIN,2026-06-19T20:21:44,E106,C0266,completed
T0000691,MAIN,2026-06-19T14:41:05,E106,C0298,completed
T0000692,MAIN,2026-06-19T15:58:40,E103,C0107,completed
T0000693,MAIN,2026-06-19T17:11:47,E105,C0190,completed
T0000694,MAIN,2026-06-19T17:47:04,E103,C0243,refunded
T0000695,MAIN,2026-06-19T15:56:52,E102,,completed
T0000696,MAIN,2026-06-19T19:24:10,E105,C0290,completed
T0000697,MAIN,2026-06-19T15:58:49,E105,C0220,completed
T0000698,MAIN,2026-06-19T13:00:05,E102,,completed
T0000699,MAIN,2026-06-19T20:17:24,E103,C0317,completed
T0000700,MAIN,2026-06-19T16:20:24,E105,C0099,completed
T0000701,MAIN,2026-06-19T15:10:22,E103,C0246,completed
T0000702,MAIN,2026-06-19T18:37:42,E102,,completed
T0000703,MAIN,2026-06-19T12:07:47,E103,,completed
T0000704,MAIN,2026-06-19T10:14:30,E104,C0235,completed
T0000705,MAIN,2026-06-19T19:43:20,E104,,completed
T0000706,MAIN,2026-06-19T17:39:41,E106,C0129,completed
T0000707,MAIN,2026-06-19T16:14:51,E102,C0158,completed
T0000708,MAIN,2026-06-19T17:07:23,E104,,completed
T0000709,MAIN,2026-06-19T12:30:15,E103,,completed
T0000710,MAIN,2026-06-19T16:44:32,E104,C0181,refunded
T0000711,MAIN,2026-06-19T19:40:03,E106,,completed
T0000712,MAIN,2026-06-19T15:52:11,E101,,completed
T0000713,MAIN,2026-06-19T15:16:54,E101,C0377,completed
T0000714,MAIN,2026-06-19T18:05:31,E105,C0025,completed
T0000715,MAIN,2026-06-19T12:37:35,E105,C0200,completed
T0000716,MAIN,2026-06-19T14:28:05,E105,C0014,completed
T0000717,MAIN,2026-06-20T16:47:03,E104,C0393,completed
T0000718,MAIN,2026-06-20T18:54:18,E106,C0043,completed
T0000719,MAIN,2026-06-20T13:57:14,E102,C0360,completed
T0000720,MAIN,2026-06-20T11:52:36,E105,,completed
T0000721,MAIN,2026-06-20T10:07:44,E102,,completed
T0000722,MAIN,2026-06-20T19:50:36,E104,C0245,completed
T0000723,MAIN,2026-06-20T13:08:59,E102,,completed
T0000724,MAIN,2026-06-20T11:30:05,E104,,completed
T0000725,MAIN,2026-06-20T20:53:20,E101,C0061,completed
T0000726,MAIN,2026-06-20T14:26:59,E103,,completed
T0000727,MAIN,2026-06-20T16:29:10,E105,C0124,completed
T0000728,MAIN,2026-06-20T18:38:59,E102,C0212,completed
T0000729,MAIN,2026-06-20T09:39:24,E104,C0115,completed
T0000730,MAIN,2026-06-20T18:56:12,E103,,completed
T0000731,MAIN,2026-06-20T09:16:34,E101,C0354,completed
T0000732,MAIN,2026-06-20T12:14:16,E104,,completed
T0000733,MAIN,2026-06-20T18:21:45,E103,,completed
T0000734,MAIN,2026-06-20T20:36:48,E102,C0025,completed
T0000735,MAIN,2026-06-20T18:43:06,E106,C0264,completed
T0000736,MAIN,2026-06-20T18:52:58,E106,,completed
T0000737,MAIN,2026-06-20T16:31:04,E101,C0123,completed
T0000738,MAIN,2026-06-20T12:22:18,E102,,completed
T0000739,MAIN,2026-06-20T15:44:28,E101,C0008,completed
T0000740,MAIN,2026-06-20T18:05:01,E103,,completed
T0000741,MAIN,2026-06-20T10:13:49,E106,C0207,completed
T0000742,MAIN,2026-06-20T09:33:47,E101,,completed
T0000743,MAIN,2026-06-20T15:38:57,E103,C0005,completed
T0000744,MAIN,2026-06-20T14:43:09,E104,C0245,completed
T0000745,MAIN,2026-06-20T10:09:13,E101,C0394,completed
T0000746,MAIN,2026-06-20T14:03:36,E106,,completed
T0000747,MAIN,2026-06-20T13:55:04,E105,,completed
T0000748,MAIN,2026-06-20T16:37:49,E105,,completed
T0000749,MAIN,2026-06-20T18:41:25,E102,C0169,completed
T0000750,MAIN,2026-06-20T14:59:37,E103,,completed
T0000751,MAIN,2026-06-20T13:11:18,E105,C0283,completed
T0000752,MAIN,2026-06-20T20:19:04,E106,,completed
T0000753,MAIN,2026-06-20T13:19:04,E102,,completed
T0000754,MAIN,2026-06-20T10:23:38,E101,C0399,completed
T0000755,MAIN,2026-06-20T18:20:58,E104,C0032,completed
T0000756,MAIN,2026-06-20T13:46:30,E106,C0144,completed
T0000757,MAIN,2026-06-20T18:32:28,E106,,completed
T0000758,MAIN,2026-06-20T19:54:37,E102,,completed
T0000759,MAIN,2026-06-20T18:46:58,E101,C0271,completed
T0000760,MAIN,2026-06-20T19:20:49,E101,C0241,completed
T0000761,MAIN,2026-06-20T17:11:30,E104,C0034,completed
T0000762,MAIN,2026-06-20T14:05:54,E103,,completed
T0000763,MAIN,2026-06-20T17:36:30,E101,C0027,completed
T0000764,MAIN,2026-06-20T13:20:39,E106,C0332,completed
T0000765,MAIN,2026-06-20T16:59:40,E102,C0335,completed
T0000766,MAIN,2026-06-20T16:37:52,E105,C0073,completed
T0000767,MAIN,2026-06-20T20:10:39,E105,,completed
T0000768,MAIN,2026-06-20T19:13:14,E104,C0322,completed
T0000769,MAIN,2026-06-20T15:18:42,E105,C0136,completed
T0000770,MAIN,2026-06-20T18:31:29,E101,C0064,completed
T0000771,MAIN,2026-06-20T19:14:10,E102,C0397,completed
T0000772,MAIN,2026-06-20T13:36:13,E101,C0069,completed
T0000773,MAIN,2026-06-20T20:34:07,E102,,completed
T0000774,MAIN,2026-06-20T11:05:52,E106,C0169,completed
T0000775,MAIN,2026-06-20T12:15:00,E101,C0279,completed
T0000776,MAIN,2026-06-20T19:51:47,E101,,completed
T0000777,MAIN,2026-06-20T12:08:49,E103,C0225,completed
T0000778,MAIN,2026-06-20T12:20:02,E104,,completed
T0000779,MAIN,2026-06-20T10:28:21,E104,,completed
T0000780,MAIN,2026-06-20T20:19:35,E104,C0280,completed
T0000781,MAIN,2026-06-20T19:38:04,E105,C0395,completed
T0000782,MAIN,2026-06-20T16:00:37,E101,C0023,completed
T0000783,MAIN,2026-06-20T12:43:00,E101,C0209,completed
T0000784,MAIN,2026-06-20T16:52:17,E101,C0138,completed
T0000785,MAIN,2026-06-20T11:19:06,E101,C0327,completed
T0000786,MAIN,2026-06-20T20:40:35,E105,C0198,completed
T0000787,MAIN,2026-06-20T14:46:19,E105,,completed
T0000788,MAIN,2026-06-20T15:01:54,E103,C0065,completed
T0000789,MAIN,2026-06-20T13:20:56,E102,C0374,completed
T0000790,MAIN,2026-06-20T11:26:20,E101,C0384,completed
T0000791,MAIN,2026-06-20T19:48:41,E101,C0291,completed
T0000792,MAIN,2026-06-20T14:32:31,E101,C0399,completed
T0000793,MAIN,2026-06-20T15:47:02,E103,,completed
T0000794,MAIN,2026-06-20T18:40:04,E105,,completed
T0000795,MAIN,2026-06-20T14:28:13,E104,C0169,completed
T0000796,MAIN,2026-06-20T17:08:07,E102,C0350,completed
T0000797,MAIN,2026-06-20T13:27:11,E105,,completed
T0000798,MAIN,2026-06-20T18:33:33,E106,C0290,completed
T0000799,MAIN,2026-06-20T11:14:48,E103,C0186,completed
T0000800,MAIN,2026-06-20T19:09:34,E106,,completed
T0000801,MAIN,2026-06-20T10:58:48,E101,,completed
T0000802,MAIN,2026-06-20T19:58:50,E106,C0117,completed
T0000803,MAIN,2026-06-20T17:04:37,E106,C0216,completed
T0000804,MAIN,2026-06-20T18:28:10,E105,C0152,completed
T0000805,MAIN,2026-06-20T15:08:47,E104,,completed
T0000806,MAIN,2026-06-20T13:15:21,E103,C0144,completed
T0000807,MAIN,2026-06-20T16:56:02,E103,C0393,completed
T0000808,MAIN,2026-06-20T19:15:49,E101,,completed
T0000809,MAIN,2026-06-20T18:22:42,E106,,completed
T0000810,MAIN,2026-06-20T16:04:25,E103,C0290,completed
T0000811,MAIN,2026-06-20T13:05:13,E105,C0334,completed
T0000812,MAIN,2026-06-20T13:22:34,E104,,completed
T0000813,MAIN,2026-06-20T19:53:49,E104,C0063,completed
T0000814,MAIN,2026-06-20T12:07:03,E106,C0224,completed
T0000815,MAIN,2026-06-20T17:22:31,E106,C0071,completed
T0000816,MAIN,2026-06-20T12:18:17,E101,C0196,completed
T0000817,MAIN,2026-06-20T18:11:46,E106,,completed
T0000818,MAIN,2026-06-20T17:58:23,E103,C0308,completed
T0000819,MAIN,2026-06-20T15:49:00,E102,,completed
T0000820,MAIN,2026-06-20T17:37:47,E102,C0141,completed
T0000821,MAIN,2026-06-20T14:48:59,E103,C0169,completed
T0000822,MAIN,2026-06-20T12:17:06,E102,C0116,completed
T0000823,MAIN,2026-06-20T16:42:56,E106,C0157,voided
T0000824,MAIN,2026-06-20T18:16:06,E102,C0141,completed
T0000825,MAIN,2026-06-20T14:19:00,E105,C0326,completed
T0000826,MAIN,2026-06-20T18:49:47,E102,C0123,completed
T0000827,MAIN,2026-06-20T17:40:57,E103,C0168,completed
T0000828,MAIN,2026-06-20T13:31:04,E105,,completed
T0000829,MAIN,2026-06-20T20:23:24,E102,C0120,completed
T0000830,MAIN,2026-06-20T16:11:05,E104,,completed
T0000831,MAIN,2026-06-20T09:27:54,E106,C0050,completed
T0000832,MAIN,2026-06-20T17:19:46,E103,C0108,completed
T0000833,MAIN,2026-06-20T16:36:11,E104,,completed
T0000834,MAIN,2026-06-20T14:33:04,E103,,completed
T0000835,MAIN,2026-06-20T17:49:28,E101,,voided
T0000836,MAIN,2026-06-20T19:39:41,E101,,completed
T0000837,MAIN,2026-06-20T18:25:36,E106,C0191,completed
T0000838,MAIN,2026-06-20T19:45:23,E106,C0337,completed
T0000839,MAIN,2026-06-20T12:08:59,E106,,completed
T0000840,MAIN,2026-06-20T10:02:24,E103,,completed
T0000841,MAIN,2026-06-20T18:38:03,E102,C0375,completed
T0000842,MAIN,2026-06-20T19:09:36,E101,C0153,completed
T0000843,MAIN,2026-06-20T13:23:05,E103,C0103,completed
T0000844,MAIN,2026-06-20T17:26:58,E102,,completed
T0000845,MAIN,2026-06-20T14:48:00,E106,C0308,voided
T0000846,MAIN,2026-06-20T13:26:39,E101,C0073,completed
T0000847,MAIN,2026-06-20T19:17:34,E106,C0250,completed
T0000848,MAIN,2026-06-20T17:56:01,E103,C0012,completed
T0000849,MAIN,2026-06-20T14:41:28,E103,C0324,completed
T0000850,MAIN,2026-06-20T13:16:58,E102,C0098,completed
T0000851,MAIN,2026-06-20T10:05:40,E105,C0082,completed
T0000852,MAIN,2026-06-20T14:20:13,E104,,completed
T0000853,MAIN,2026-06-20T09:14:17,E105,C0066,voided
T0000854,MAIN,2026-06-20T20:05:31,E104,,completed
T0000855,MAIN,2026-06-20T16:56:52,E103,C0327,completed
T0000856,MAIN,2026-06-20T19:46:51,E105,C0167,completed
T0000857,MAIN,2026-06-20T13:22:26,E103,C0279,completed
T0000858,MAIN,2026-06-20T19:22:57,E105,C0281,completed
T0000859,MAIN,2026-06-20T15:41:31,E104,,completed
T0000860,MAIN,2026-06-21T17:44:07,E101,C0162,completed
T0000861,MAIN,2026-06-21T16:25:22,E103,C0281,completed
T0000862,MAIN,2026-06-21T12:44:12,E104,C0132,completed
T0000863,MAIN,2026-06-21T15:32:23,E104,C0155,completed
T0000864,MAIN,2026-06-21T15:45:13,E103,C0106,completed
T0000865,MAIN,2026-06-21T10:50:01,E106,,completed
T0000866,MAIN,2026-06-21T10:21:51,E105,C0125,completed
T0000867,MAIN,2026-06-21T16:08:34,E104,,completed
T0000868,MAIN,2026-06-21T17:50:41,E102,,completed
T0000869,MAIN,2026-06-21T15:18:27,E103,,completed
T0000870,MAIN,2026-06-21T17:24:19,E106,,completed
T0000871,MAIN,2026-06-21T12:59:09,E105,C0200,completed
T0000872,MAIN,2026-06-21T10:39:03,E101,,completed
T0000873,MAIN,2026-06-21T11:26:42,E103,,completed
T0000874,MAIN,2026-06-21T13:17:46,E103,C0336,completed
T0000875,MAIN,2026-06-21T16:36:59,E101,C0125,completed
T0000876,MAIN,2026-06-21T15:04:27,E103,,completed
T0000877,MAIN,2026-06-21T17:53:17,E103,C0353,completed
T0000878,MAIN,2026-06-21T14:22:37,E101,C0347,completed
T0000879,MAIN,2026-06-21T11:07:08,E106,,completed
T0000880,MAIN,2026-06-21T20:22:49,E106,C0375,completed
T0000881,MAIN,2026-06-21T16:17:55,E103,C0134,completed
T0000882,MAIN,2026-06-21T10:23:21,E103,C0130,completed
T0000883,MAIN,2026-06-21T11:50:25,E106,C0079,completed
T0000884,MAIN,2026-06-21T12:12:24,E105,C0076,completed
T0000885,MAIN,2026-06-21T17:02:51,E104,C0160,completed
T0000886,MAIN,2026-06-21T17:56:18,E104,C0289,completed
T0000887,MAIN,2026-06-21T16:13:11,E102,C0341,completed
T0000888,MAIN,2026-06-21T13:06:32,E104,C0224,completed
T0000889,MAIN,2026-06-21T15:12:49,E106,C0305,completed
T0000890,MAIN,2026-06-21T19:17:50,E101,,completed
T0000891,MAIN,2026-06-21T16:40:48,E104,C0004,completed
T0000892,MAIN,2026-06-21T19:16:51,E104,C0308,completed
T0000893,MAIN,2026-06-21T12:51:49,E102,,completed
T0000894,MAIN,2026-06-21T17:54:01,E101,C0157,completed
T0000895,MAIN,2026-06-21T11:37:39,E103,C0201,completed
T0000896,MAIN,2026-06-21T17:02:38,E105,C0311,completed
T0000897,MAIN,2026-06-21T14:05:06,E103,,completed
T0000898,MAIN,2026-06-21T14:51:28,E102,C0284,completed
T0000899,MAIN,2026-06-21T13:19:05,E106,,completed
T0000900,MAIN,2026-06-21T13:11:46,E101,C0091,completed
T0000901,MAIN,2026-06-21T12:52:47,E102,,completed
T0000902,MAIN,2026-06-21T16:14:54,E106,C0120,completed
T0000903,MAIN,2026-06-21T17:43:28,E103,C0356,completed
T0000904,MAIN,2026-06-21T17:26:26,E105,,completed
T0000905,MAIN,2026-06-21T19:37:40,E101,,completed
T0000906,MAIN,2026-06-21T18:19:26,E101,C0343,completed
T0000907,MAIN,2026-06-21T10:28:45,E102,C0285,completed
T0000908,MAIN,2026-06-21T14:28:35,E106,,completed
T0000909,MAIN,2026-06-21T14:26:55,E101,C0349,completed
T0000910,MAIN,2026-06-21T20:54:05,E102,,completed
T0000911,MAIN,2026-06-21T17:52:19,E102,C0114,completed
T0000912,MAIN,2026-06-21T15:11:56,E106,C0062,completed
T0000913,MAIN,2026-06-21T13:58:13,E101,C0154,completed
T0000914,MAIN,2026-06-21T19:51:28,E104,,completed
T0000915,MAIN,2026-06-21T13:57:00,E103,,completed
T0000916,MAIN,2026-06-21T20:55:35,E104,C0141,completed
T0000917,MAIN,2026-06-21T17:25:23,E105,C0288,completed
T0000918,MAIN,2026-06-21T11:11:01,E106,,completed
T0000919,MAIN,2026-06-21T10:10:53,E101,,completed
T0000920,MAIN,2026-06-21T18:14:59,E104,C0215,completed
T0000921,MAIN,2026-06-21T11:50:04,E102,C0378,completed
T0000922,MAIN,2026-06-21T19:37:36,E105,C0090,completed
T0000923,MAIN,2026-06-21T15:56:15,E105,C0091,completed
T0000924,MAIN,2026-06-21T19:08:21,E103,C0057,completed
T0000925,MAIN,2026-06-21T10:02:07,E102,,completed
T0000926,MAIN,2026-06-21T14:27:53,E105,C0251,completed
T0000927,MAIN,2026-06-21T18:39:04,E105,C0278,completed
T0000928,MAIN,2026-06-21T13:38:52,E103,C0366,completed
T0000929,MAIN,2026-06-21T19:30:49,E102,C0206,completed
T0000930,MAIN,2026-06-21T17:36:30,E101,,completed
T0000931,MAIN,2026-06-21T18:40:43,E104,,completed
T0000932,MAIN,2026-06-21T20:43:25,E102,C0148,completed
T0000933,MAIN,2026-06-21T17:38:35,E105,C0264,completed
T0000934,MAIN,2026-06-21T13:14:25,E101,,completed
T0000935,MAIN,2026-06-21T11:26:08,E106,,completed
T0000936,MAIN,2026-06-21T11:26:10,E106,C0001,completed
T0000937,MAIN,2026-06-21T16:53:19,E104,C0056,completed
T0000938,MAIN,2026-06-21T18:19:53,E104,,completed
T0000939,MAIN,2026-06-21T19:33:24,E103,C0203,completed
T0000940,MAIN,2026-06-21T09:38:41,E102,C0040,completed
T0000941,MAIN,2026-06-21T20:53:43,E106,,completed
T0000942,MAIN,2026-06-21T18:20:33,E105,C0387,completed
T0000943,MAIN,2026-06-21T16:14:39,E104,C0073,completed
T0000944,MAIN,2026-06-21T11:31:09,E101,,completed
T0000945,MAIN,2026-06-21T13:22:32,E106,C0218,completed
T0000946,MAIN,2026-06-21T09:10:15,E101,,completed
T0000947,MAIN,2026-06-21T09:06:49,E104,,completed
T0000948,MAIN,2026-06-21T18:41:02,E104,C0057,completed
T0000949,MAIN,2026-06-21T13:27:44,E101,C0122,completed
T0000950,MAIN,2026-06-21T18:35:56,E106,C0173,completed
T0000951,MAIN,2026-06-21T18:25:48,E104,C0244,completed
T0000952,MAIN,2026-06-21T12:44:17,E102,C0196,completed
T0000953,MAIN,2026-06-21T16:27:04,E104,C0357,completed
T0000954,MAIN,2026-06-22T12:49:47,E106,C0108,completed
T0000955,MAIN,2026-06-22T14:37:18,E104,C0196,completed
T0000956,MAIN,2026-06-22T12:36:49,E105,,completed
T0000957,MAIN,2026-06-22T14:55:01,E101,,completed
T0000958,MAIN,2026-06-22T15:50:26,E102,,completed
T0000959,MAIN,2026-06-22T09:32:34,E101,C0309,completed
T0000960,MAIN,2026-06-22T11:18:09,E101,C0123,completed
T0000961,MAIN,2026-06-22T20:59:29,E102,C0237,completed
T0000962,MAIN,2026-06-22T19:49:38,E101,C0217,completed
T0000963,MAIN,2026-06-22T11:38:09,E101,C0382,refunded
T0000964,MAIN,2026-06-22T18:33:02,E102,C0071,completed
T0000965,MAIN,2026-06-22T11:22:07,E105,C0138,completed
T0000966,MAIN,2026-06-22T18:51:02,E102,C0213,completed
T0000967,MAIN,2026-06-22T18:25:08,E104,,completed
T0000968,MAIN,2026-06-22T16:01:51,E104,C0158,completed
T0000969,MAIN,2026-06-22T17:59:50,E106,C0264,completed
T0000970,MAIN,2026-06-22T09:38:58,E106,,completed
T0000971,MAIN,2026-06-22T15:16:30,E103,,completed
T0000972,MAIN,2026-06-22T10:50:14,E103,C0245,completed
T0000973,MAIN,2026-06-22T12:06:50,E106,,completed
T0000974,MAIN,2026-06-22T20:21:55,E102,C0361,completed
T0000975,MAIN,2026-06-22T20:24:59,E106,,completed
T0000976,MAIN,2026-06-22T14:25:46,E105,C0180,completed
T0000977,MAIN,2026-06-22T12:12:14,E102,,completed
T0000978,MAIN,2026-06-22T13:43:06,E106,C0031,completed
T0000979,MAIN,2026-06-22T18:12:36,E103,C0320,completed
T0000980,MAIN,2026-06-22T13:03:37,E106,,completed
T0000981,MAIN,2026-06-22T13:01:04,E101,C0039,completed
T0000982,MAIN,2026-06-22T15:05:55,E103,C0101,completed
T0000983,MAIN,2026-06-22T12:25:19,E104,C0392,completed
T0000984,MAIN,2026-06-22T14:41:36,E102,,completed
T0000985,MAIN,2026-06-22T19:52:35,E105,C0020,completed
T0000986,MAIN,2026-06-22T18:33:02,E101,C0202,completed
T0000987,MAIN,2026-06-22T14:20:32,E101,C0363,refunded
T0000988,MAIN,2026-06-22T12:20:51,E101,,completed
T0000989,MAIN,2026-06-22T11:01:41,E106,C0012,completed
T0000990,MAIN,2026-06-22T17:07:51,E103,C0272,completed
T0000991,MAIN,2026-06-22T13:14:35,E106,C0368,completed
T0000992,MAIN,2026-06-22T20:02:58,E105,C0373,completed
T0000993,MAIN,2026-06-22T19:50:06,E101,,completed
T0000994,MAIN,2026-06-22T18:45:02,E104,C0214,completed
T0000995,MAIN,2026-06-22T12:11:22,E101,C0074,completed
T0000996,MAIN,2026-06-22T14:12:18,E103,,completed
T0000997,MAIN,2026-06-22T11:13:00,E102,C0234,completed
T0000998,MAIN,2026-06-22T16:28:55,E106,C0014,completed
T0000999,MAIN,2026-06-22T17:26:46,E101,C0273,completed
T0001000,MAIN,2026-06-22T11:36:21,E103,,completed
T0001001,MAIN,2026-06-22T18:59:13,E101,C0022,completed
T0001002,MAIN,2026-06-22T12:58:21,E101,C0265,completed
T0001003,MAIN,2026-06-22T16:56:23,E103,C0124,completed
T0001004,MAIN,2026-06-22T19:14:24,E106,C0005,completed
T0001005,MAIN,2026-06-22T15:29:36,E106,C0097,completed
T0001006,MAIN,2026-06-22T17:07:13,E106,C0194,completed
T0001007,MAIN,2026-06-22T17:01:11,E102,C0021,completed
T0001008,MAIN,2026-06-22T17:24:58,E106,,completed
T0001009,MAIN,2026-06-22T18:06:50,E104,,completed
T0001010,MAIN,2026-06-22T16:03:04,E106,,completed
T0001011,MAIN,2026-06-22T12:12:15,E105,C0122,completed
T0001012,MAIN,2026-06-22T11:15:13,E105,,completed
T0001013,MAIN,2026-06-22T19:02:58,E104,C0012,completed
T0001014,MAIN,2026-06-22T18:55:51,E101,C0016,completed
T0001015,MAIN,2026-06-22T19:52:00,E105,C0212,completed
T0001016,MAIN,2026-06-22T17:16:12,E103,C0172,completed
T0001017,MAIN,2026-06-22T18:12:04,E106,C0361,completed
T0001018,MAIN,2026-06-22T10:08:18,E104,,completed
T0001019,MAIN,2026-06-22T11:39:36,E104,C0078,completed
T0001020,MAIN,2026-06-22T18:21:25,E102,C0023,completed
T0001021,MAIN,2026-06-22T11:18:18,E105,C0093,completed
T0001022,MAIN,2026-06-22T14:02:56,E101,,completed
T0001023,MAIN,2026-06-22T15:03:50,E102,,completed
T0001024,MAIN,2026-06-22T19:16:42,E103,C0036,completed
T0001025,MAIN,2026-06-22T10:24:25,E103,C0347,completed
T0001026,MAIN,2026-06-22T12:44:37,E102,C0199,completed
T0001027,MAIN,2026-06-22T11:37:59,E106,C0225,completed
T0001028,MAIN,2026-06-22T15:22:22,E106,,completed
T0001029,MAIN,2026-06-22T11:14:15,E102,C0174,completed
T0001030,MAIN,2026-06-22T14:28:36,E105,C0071,completed
T0001031,MAIN,2026-06-22T16:06:09,E101,C0148,completed
T0001032,MAIN,2026-06-22T18:32:18,E105,,completed
T0001033,MAIN,2026-06-22T19:08:47,E104,,completed
T0001034,MAIN,2026-06-22T12:52:19,E104,C0369,completed
T0001035,MAIN,2026-06-22T17:59:22,E105,,completed
T0001036,MAIN,2026-06-22T18:19:19,E106,C0034,completed
T0001037,MAIN,2026-06-22T10:46:32,E103,C0256,completed
T0001038,MAIN,2026-06-22T16:35:02,E105,,completed
T0001039,MAIN,2026-06-23T09:14:56,E103,,completed
T0001040,MAIN,2026-06-23T16:53:35,E103,,completed
T0001041,MAIN,2026-06-23T13:29:44,E103,,completed
T0001042,MAIN,2026-06-23T15:13:06,E103,C0122,completed
T0001043,MAIN,2026-06-23T13:46:26,E105,C0363,completed
T0001044,MAIN,2026-06-23T11:24:32,E105,C0047,completed
T0001045,MAIN,2026-06-23T17:27:22,E105,C0293,completed
T0001046,MAIN,2026-06-23T13:40:31,E104,,completed
T0001047,MAIN,2026-06-23T12:26:53,E104,C0241,completed
T0001048,MAIN,2026-06-23T12:14:38,E104,,completed
T0001049,MAIN,2026-06-23T12:18:12,E105,,completed
T0001050,MAIN,2026-06-23T14:06:31,E103,,completed
T0001051,MAIN,2026-06-23T11:01:11,E106,C0379,completed
T0001052,MAIN,2026-06-23T18:59:10,E103,C0226,completed
T0001053,MAIN,2026-06-23T16:54:46,E104,C0305,completed
T0001054,MAIN,2026-06-23T20:47:58,E105,C0009,completed
T0001055,MAIN,2026-06-23T16:55:27,E105,C0342,completed
T0001056,MAIN,2026-06-23T16:30:19,E101,,completed
T0001057,MAIN,2026-06-23T18:43:07,E106,C0258,completed
T0001058,MAIN,2026-06-23T14:39:13,E104,C0302,completed
T0001059,MAIN,2026-06-23T09:36:06,E102,C0119,completed
T0001060,MAIN,2026-06-23T18:11:55,E103,C0293,completed
T0001061,MAIN,2026-06-23T18:08:11,E101,C0225,completed
T0001062,MAIN,2026-06-23T19:35:09,E105,,completed
T0001063,MAIN,2026-06-23T12:43:58,E104,C0064,completed
T0001064,MAIN,2026-06-23T12:28:58,E103,,completed
T0001065,MAIN,2026-06-23T13:07:43,E103,C0033,completed
T0001066,MAIN,2026-06-23T13:25:26,E105,C0220,completed
T0001067,MAIN,2026-06-23T16:43:26,E102,C0125,completed
T0001068,MAIN,2026-06-23T11:45:05,E105,C0320,completed
T0001069,MAIN,2026-06-23T11:27:35,E106,,completed
T0001070,MAIN,2026-06-23T19:58:47,E104,C0227,completed
T0001071,MAIN,2026-06-23T15:57:28,E106,C0397,completed
T0001072,MAIN,2026-06-23T13:45:42,E106,,completed
T0001073,MAIN,2026-06-23T12:00:17,E105,C0318,completed
T0001074,MAIN,2026-06-23T12:28:50,E104,,completed
T0001075,MAIN,2026-06-23T10:48:18,E104,,completed
T0001076,MAIN,2026-06-23T13:45:54,E106,C0034,completed
T0001077,MAIN,2026-06-23T12:54:46,E106,C0022,completed
T0001078,MAIN,2026-06-23T10:46:18,E103,C0277,completed
T0001079,MAIN,2026-06-23T16:50:56,E105,C0251,completed
T0001080,MAIN,2026-06-23T15:37:32,E104,C0007,completed
T0001081,MAIN,2026-06-23T12:16:05,E106,C0271,completed
T0001082,MAIN,2026-06-23T14:15:33,E102,C0134,completed
T0001083,MAIN,2026-06-23T11:28:43,E102,,completed
T0001084,MAIN,2026-06-23T15:18:25,E103,,completed
T0001085,MAIN,2026-06-23T18:31:50,E105,,completed
T0001086,MAIN,2026-06-23T17:13:39,E105,C0187,completed
T0001087,MAIN,2026-06-23T16:54:48,E106,,completed
T0001088,MAIN,2026-06-23T13:24:30,E102,C0143,completed
T0001089,MAIN,2026-06-23T11:06:50,E101,,completed
T0001090,MAIN,2026-06-23T12:41:26,E105,,completed
T0001091,MAIN,2026-06-23T12:50:43,E106,C0380,completed
T0001092,MAIN,2026-06-23T12:08:35,E106,C0064,completed
T0001093,MAIN,2026-06-23T15:35:00,E104,,completed
T0001094,MAIN,2026-06-23T19:21:42,E102,,completed
T0001095,MAIN,2026-06-23T12:41:13,E103,,completed
T0001096,MAIN,2026-06-23T13:09:29,E101,C0044,completed
T0001097,MAIN,2026-06-23T18:31:11,E104,C0181,completed
T0001098,MAIN,2026-06-23T18:46:01,E105,C0098,completed
T0001099,MAIN,2026-06-23T17:10:30,E106,C0136,completed
T0001100,MAIN,2026-06-23T12:52:40,E106,C0221,completed
T0001101,MAIN,2026-06-23T18:21:13,E106,C0229,completed
T0001102,MAIN,2026-06-23T15:43:02,E104,C0166,completed
T0001103,MAIN,2026-06-23T19:42:52,E102,C0399,completed
T0001104,MAIN,2026-06-23T17:33:39,E101,,completed
T0001105,MAIN,2026-06-23T17:21:23,E101,C0075,completed
T0001106,MAIN,2026-06-23T18:26:56,E102,,completed
T0001107,MAIN,2026-06-23T20:16:03,E106,,completed
T0001108,MAIN,2026-06-23T20:53:19,E101,C0222,completed
T0001109,MAIN,2026-06-23T20:09:04,E105,,completed
T0001110,MAIN,2026-06-23T10:30:07,E104,,completed
T0001111,MAIN,2026-06-23T15:10:28,E102,C0301,completed
T0001112,MAIN,2026-06-23T12:18:17,E103,C0240,completed
T0001113,MAIN,2026-06-23T19:57:55,E106,C0115,completed
T0001114,MAIN,2026-06-23T13:50:21,E106,C0270,completed
T0001115,MAIN,2026-06-23T16:35:48,E106,,completed
T0001116,MAIN,2026-06-23T19:13:08,E102,C0298,completed
T0001117,MAIN,2026-06-23T15:57:27,E102,,completed
T0001118,MAIN,2026-06-23T14:31:45,E103,C0001,completed
T0001119,MAIN,2026-06-23T18:24:23,E103,,completed
T0001120,MAIN,2026-06-24T12:13:38,E104,,completed
T0001121,MAIN,2026-06-24T13:08:27,E106,C0226,completed
T0001122,MAIN,2026-06-24T14:15:35,E105,C0018,completed
T0001123,MAIN,2026-06-24T10:45:46,E106,,completed
T0001124,MAIN,2026-06-24T12:55:25,E103,C0030,completed
T0001125,MAIN,2026-06-24T18:19:50,E102,,completed
T0001126,MAIN,2026-06-24T13:30:32,E103,,completed
T0001127,MAIN,2026-06-24T16:51:52,E103,C0086,completed
T0001128,MAIN,2026-06-24T16:09:09,E104,C0335,completed
T0001129,MAIN,2026-06-24T17:35:20,E101,,completed
T0001130,MAIN,2026-06-24T18:10:04,E104,,completed
T0001131,MAIN,2026-06-24T11:15:36,E101,C0279,completed
T0001132,MAIN,2026-06-24T18:49:22,E102,,completed
T0001133,MAIN,2026-06-24T14:51:27,E102,C0356,completed
T0001134,MAIN,2026-06-24T20:58:17,E103,C0301,completed
T0001135,MAIN,2026-06-24T14:31:12,E104,,completed
T0001136,MAIN,2026-06-24T11:33:54,E104,C0329,completed
T0001137,MAIN,2026-06-24T16:38:58,E105,,completed
T0001138,MAIN,2026-06-24T19:43:12,E102,,completed
T0001139,MAIN,2026-06-24T14:49:01,E102,C0245,completed
T0001140,MAIN,2026-06-24T17:46:44,E102,C0309,completed
T0001141,MAIN,2026-06-24T14:02:54,E101,C0056,completed
T0001142,MAIN,2026-06-24T16:36:53,E104,C0183,completed
T0001143,MAIN,2026-06-24T15:10:38,E103,C0244,completed
T0001144,MAIN,2026-06-24T14:37:00,E103,C0287,completed
T0001145,MAIN,2026-06-24T16:37:01,E102,C0025,completed
T0001146,MAIN,2026-06-24T10:39:34,E105,C0157,completed
T0001147,MAIN,2026-06-24T18:33:51,E101,,completed
T0001148,MAIN,2026-06-24T13:03:30,E103,C0194,completed
T0001149,MAIN,2026-06-24T19:29:45,E104,,completed
T0001150,MAIN,2026-06-24T19:05:07,E103,,completed
T0001151,MAIN,2026-06-24T18:05:56,E105,,completed
T0001152,MAIN,2026-06-24T10:26:30,E102,,completed
T0001153,MAIN,2026-06-24T11:38:33,E104,C0391,completed
T0001154,MAIN,2026-06-24T12:44:28,E106,C0051,completed
T0001155,MAIN,2026-06-24T13:40:36,E104,,completed
T0001156,MAIN,2026-06-24T19:03:24,E102,,completed
T0001157,MAIN,2026-06-24T20:55:41,E101,,completed
T0001158,MAIN,2026-06-24T14:42:32,E105,C0247,completed
T0001159,MAIN,2026-06-24T13:20:04,E104,C0032,completed
T0001160,MAIN,2026-06-24T16:21:34,E102,C0257,completed
T0001161,MAIN,2026-06-24T19:23:13,E101,,completed
T0001162,MAIN,2026-06-24T13:05:10,E102,C0124,completed
T0001163,MAIN,2026-06-24T10:04:32,E101,,completed
T0001164,MAIN,2026-06-24T10:29:27,E101,,completed
T0001165,MAIN,2026-06-24T13:19:22,E104,,completed
T0001166,MAIN,2026-06-24T19:41:48,E104,C0010,completed
T0001167,MAIN,2026-06-24T17:27:56,E102,C0316,completed
T0001168,MAIN,2026-06-24T09:46:40,E105,C0264,completed
T0001169,MAIN,2026-06-24T17:07:33,E106,,completed
T0001170,MAIN,2026-06-24T13:38:02,E102,,completed
T0001171,MAIN,2026-06-24T11:25:36,E102,C0058,completed
T0001172,MAIN,2026-06-24T16:52:15,E106,C0099,completed
T0001173,MAIN,2026-06-24T19:25:44,E101,C0371,completed
T0001174,MAIN,2026-06-24T18:21:50,E105,C0128,completed
T0001175,MAIN,2026-06-24T19:33:32,E106,,completed
T0001176,MAIN,2026-06-24T15:10:11,E102,C0036,completed
T0001177,MAIN,2026-06-24T20:29:34,E105,C0256,completed
T0001178,MAIN,2026-06-24T12:24:42,E105,C0162,completed
T0001179,MAIN,2026-06-24T19:04:16,E106,,completed
T0001180,MAIN,2026-06-24T12:32:42,E101,,completed
T0001181,MAIN,2026-06-24T10:46:35,E103,C0228,completed
T0001182,MAIN,2026-06-24T18:14:58,E101,C0296,completed
T0001183,MAIN,2026-06-24T11:30:44,E103,,completed
T0001184,MAIN,2026-06-24T18:50:35,E101,C0060,completed
T0001185,MAIN,2026-06-24T14:11:09,E103,,completed
T0001186,MAIN,2026-06-24T18:39:04,E103,C0373,completed
T0001187,MAIN,2026-06-24T11:47:10,E106,,completed
T0001188,MAIN,2026-06-24T12:42:19,E104,,completed
T0001189,MAIN,2026-06-24T14:37:25,E104,C0098,completed
T0001190,MAIN,2026-06-24T15:54:33,E105,,completed
T0001191,MAIN,2026-06-24T15:12:14,E106,,completed
T0001192,MAIN,2026-06-24T13:23:18,E102,,completed
T0001193,MAIN,2026-06-24T16:20:55,E102,C0372,completed
T0001194,MAIN,2026-06-24T13:09:55,E103,C0166,completed
T0001195,MAIN,2026-06-24T13:13:15,E101,C0335,completed
T0001196,MAIN,2026-06-24T15:10:54,E102,,completed
T0001197,MAIN,2026-06-24T13:56:52,E106,,completed
T0001198,MAIN,2026-06-24T18:45:16,E105,,completed
T0001199,MAIN,2026-06-24T15:00:51,E103,C0040,completed
T0001200,MAIN,2026-06-24T13:17:31,E103,,completed
T0001201,MAIN,2026-06-24T15:59:23,E105,,completed
T0001202,MAIN,2026-06-24T19:31:31,E101,C0173,completed
T0001203,MAIN,2026-06-24T15:14:47,E103,C0051,completed
T0001204,MAIN,2026-06-24T15:01:09,E106,C0334,completed
T0001205,MAIN,2026-06-24T14:42:06,E102,,completed
T0001206,MAIN,2026-06-24T19:21:24,E105,,completed
T0001207,MAIN,2026-06-24T14:15:58,E106,C0333,completed
T0001208,MAIN,2026-06-24T17:15:46,E104,,completed
T0001209,MAIN,2026-06-24T12:35:04,E101,,refunded
T0001210,MAIN,2026-06-24T18:01:03,E106,,completed
T0001211,MAIN,2026-06-25T19:40:24,E103,C0145,completed
T0001212,MAIN,2026-06-25T18:44:46,E102,,completed
T0001213,MAIN,2026-06-25T12:30:49,E106,C0306,completed
T0001214,MAIN,2026-06-25T11:34:45,E101,C0360,completed
T0001215,MAIN,2026-06-25T16:48:03,E103,,completed
T0001216,MAIN,2026-06-25T11:06:51,E105,,completed
T0001217,MAIN,2026-06-25T12:28:20,E103,,completed
T0001218,MAIN,2026-06-25T18:15:54,E102,,completed
T0001219,MAIN,2026-06-25T11:52:01,E103,C0131,completed
T0001220,MAIN,2026-06-25T10:26:36,E101,C0318,completed
T0001221,MAIN,2026-06-25T09:45:16,E101,C0379,completed
T0001222,MAIN,2026-06-25T19:19:45,E103,,completed
T0001223,MAIN,2026-06-25T12:57:38,E103,,completed
T0001224,MAIN,2026-06-25T14:48:03,E102,C0157,completed
T0001225,MAIN,2026-06-25T16:05:24,E104,C0156,completed
T0001226,MAIN,2026-06-25T10:57:29,E105,C0324,completed
T0001227,MAIN,2026-06-25T17:33:18,E104,,completed
T0001228,MAIN,2026-06-25T20:02:59,E102,,completed
T0001229,MAIN,2026-06-25T20:53:46,E104,C0208,completed
T0001230,MAIN,2026-06-25T18:13:19,E104,,completed
T0001231,MAIN,2026-06-25T18:09:41,E101,,completed
T0001232,MAIN,2026-06-25T17:41:04,E106,,completed
T0001233,MAIN,2026-06-25T16:35:18,E105,C0363,completed
T0001234,MAIN,2026-06-25T19:50:13,E106,C0118,completed
T0001235,MAIN,2026-06-25T17:01:01,E102,C0370,completed
T0001236,MAIN,2026-06-25T12:32:14,E101,,completed
T0001237,MAIN,2026-06-25T12:00:10,E106,C0003,completed
T0001238,MAIN,2026-06-25T14:17:47,E102,,completed
T0001239,MAIN,2026-06-25T14:38:54,E106,C0034,voided
T0001240,MAIN,2026-06-25T17:23:51,E101,C0039,completed
T0001241,MAIN,2026-06-25T10:12:48,E101,C0052,completed
T0001242,MAIN,2026-06-25T14:13:22,E106,,completed
T0001243,MAIN,2026-06-25T15:12:52,E104,C0173,completed
T0001244,MAIN,2026-06-25T20:01:15,E105,,completed
T0001245,MAIN,2026-06-25T20:39:39,E105,C0393,completed
T0001246,MAIN,2026-06-25T18:33:37,E106,,completed
T0001247,MAIN,2026-06-25T15:15:47,E103,C0194,completed
T0001248,MAIN,2026-06-25T12:29:49,E105,,completed
T0001249,MAIN,2026-06-25T14:43:08,E106,,completed
T0001250,MAIN,2026-06-25T15:36:49,E103,C0182,completed
T0001251,MAIN,2026-06-25T17:12:39,E101,C0139,completed
T0001252,MAIN,2026-06-25T14:47:23,E103,C0312,completed
T0001253,MAIN,2026-06-25T13:25:01,E104,C0196,completed
T0001254,MAIN,2026-06-25T11:46:59,E105,C0083,completed
T0001255,MAIN,2026-06-25T14:29:35,E105,C0149,completed
T0001256,MAIN,2026-06-25T18:12:34,E103,C0265,completed
T0001257,MAIN,2026-06-25T10:17:53,E104,C0237,completed
T0001258,MAIN,2026-06-25T09:35:04,E104,C0197,completed
T0001259,MAIN,2026-06-25T18:32:21,E105,C0078,completed
T0001260,MAIN,2026-06-25T14:21:02,E103,C0033,completed
T0001261,MAIN,2026-06-25T18:34:25,E102,C0065,completed
T0001262,MAIN,2026-06-25T16:19:55,E102,,completed
T0001263,MAIN,2026-06-25T13:34:28,E101,C0056,completed
T0001264,MAIN,2026-06-25T14:50:50,E105,C0375,completed
T0001265,MAIN,2026-06-25T15:10:10,E101,C0147,completed
T0001266,MAIN,2026-06-25T16:47:23,E104,,completed
T0001267,MAIN,2026-06-25T19:52:13,E102,C0007,completed
T0001268,MAIN,2026-06-25T19:57:17,E104,C0041,completed
T0001269,MAIN,2026-06-25T18:38:45,E106,C0296,completed
T0001270,MAIN,2026-06-25T16:20:42,E102,C0198,completed
T0001271,MAIN,2026-06-25T16:30:19,E101,C0361,completed
T0001272,MAIN,2026-06-25T15:14:29,E106,C0035,completed
T0001273,MAIN,2026-06-25T13:15:47,E106,C0182,completed
T0001274,MAIN,2026-06-25T19:05:41,E103,C0065,completed
T0001275,MAIN,2026-06-25T09:19:03,E105,,completed
T0001276,MAIN,2026-06-25T17:45:45,E105,C0303,completed
T0001277,MAIN,2026-06-25T11:53:45,E103,C0278,completed
T0001278,MAIN,2026-06-25T18:50:16,E103,C0213,completed
T0001279,MAIN,2026-06-25T17:25:35,E102,C0155,completed
T0001280,MAIN,2026-06-25T16:59:17,E101,C0213,completed
T0001281,MAIN,2026-06-25T09:22:37,E101,,completed
T0001282,MAIN,2026-06-25T18:43:06,E106,C0121,completed
T0001283,MAIN,2026-06-25T14:44:47,E102,,completed
T0001284,MAIN,2026-06-25T19:14:01,E104,C0194,completed
T0001285,MAIN,2026-06-25T16:53:32,E106,,completed
T0001286,MAIN,2026-06-25T18:06:35,E105,C0134,completed
T0001287,MAIN,2026-06-25T11:18:42,E102,,completed
T0001288,MAIN,2026-06-25T12:32:20,E102,C0326,completed
T0001289,MAIN,2026-06-25T13:17:28,E102,C0028,completed
T0001290,MAIN,2026-06-25T13:15:08,E101,,completed
T0001291,MAIN,2026-06-25T12:20:43,E105,,completed
T0001292,MAIN,2026-06-26T14:08:32,E103,C0376,completed
T0001293,MAIN,2026-06-26T18:51:48,E102,,completed
T0001294,MAIN,2026-06-26T12:29:25,E102,,completed
T0001295,MAIN,2026-06-26T13:37:02,E105,,completed
T0001296,MAIN,2026-06-26T19:06:08,E103,C0306,refunded
T0001297,MAIN,2026-06-26T20:03:46,E101,,refunded
T0001298,MAIN,2026-06-26T19:46:09,E103,C0131,completed
T0001299,MAIN,2026-06-26T19:41:42,E105,C0100,completed
T0001300,MAIN,2026-06-26T12:16:23,E102,C0256,completed
T0001301,MAIN,2026-06-26T10:01:13,E102,C0008,completed
T0001302,MAIN,2026-06-26T19:32:12,E101,C0396,completed
T0001303,MAIN,2026-06-26T11:26:01,E102,,completed
T0001304,MAIN,2026-06-26T16:49:35,E102,C0029,completed
T0001305,MAIN,2026-06-26T15:39:13,E101,,completed
T0001306,MAIN,2026-06-26T13:04:35,E106,C0135,completed
T0001307,MAIN,2026-06-26T13:30:59,E101,,completed
T0001308,MAIN,2026-06-26T16:31:43,E105,C0116,completed
T0001309,MAIN,2026-06-26T18:38:34,E103,C0374,completed
T0001310,MAIN,2026-06-26T18:02:20,E106,C0081,completed
T0001311,MAIN,2026-06-26T13:29:42,E105,C0092,completed
T0001312,MAIN,2026-06-26T19:38:13,E106,,completed
T0001313,MAIN,2026-06-26T18:59:30,E104,C0330,completed
T0001314,MAIN,2026-06-26T17:09:28,E102,C0269,completed
T0001315,MAIN,2026-06-26T16:02:46,E106,,completed
T0001316,MAIN,2026-06-26T18:42:11,E101,C0319,completed
T0001317,MAIN,2026-06-26T13:40:12,E105,C0008,completed
T0001318,MAIN,2026-06-26T16:18:48,E101,C0344,completed
T0001319,MAIN,2026-06-26T17:11:06,E103,C0013,completed
T0001320,MAIN,2026-06-26T18:28:33,E102,C0029,completed
T0001321,MAIN,2026-06-26T12:44:25,E102,C0261,completed
T0001322,MAIN,2026-06-26T16:43:50,E101,,completed
T0001323,MAIN,2026-06-26T19:56:08,E105,C0154,completed
T0001324,MAIN,2026-06-26T11:16:00,E105,C0032,completed
T0001325,MAIN,2026-06-26T11:38:10,E102,C0204,completed
T0001326,MAIN,2026-06-26T20:25:34,E103,C0162,completed
T0001327,MAIN,2026-06-26T18:44:00,E104,C0251,completed
T0001328,MAIN,2026-06-26T17:10:31,E106,C0016,completed
T0001329,MAIN,2026-06-26T14:06:44,E102,,completed
T0001330,MAIN,2026-06-26T15:55:39,E102,C0185,completed
T0001331,MAIN,2026-06-26T18:11:18,E101,C0388,completed
T0001332,MAIN,2026-06-26T11:42:49,E103,,completed
T0001333,MAIN,2026-06-26T12:52:46,E106,,completed
T0001334,MAIN,2026-06-26T14:25:37,E105,C0058,completed
T0001335,MAIN,2026-06-26T17:03:39,E104,C0250,completed
T0001336,MAIN,2026-06-26T11:37:03,E106,C0316,completed
T0001337,MAIN,2026-06-26T09:55:57,E106,C0238,completed
T0001338,MAIN,2026-06-26T13:24:30,E102,,completed
T0001339,MAIN,2026-06-26T18:10:35,E104,,completed
T0001340,MAIN,2026-06-26T13:05:24,E101,C0084,completed
T0001341,MAIN,2026-06-26T09:48:07,E105,C0176,completed
T0001342,MAIN,2026-06-26T16:09:35,E103,,completed
T0001343,MAIN,2026-06-26T18:50:48,E106,C0048,completed
T0001344,MAIN,2026-06-26T19:57:50,E103,,completed
T0001345,MAIN,2026-06-26T18:39:00,E102,,completed
T0001346,MAIN,2026-06-26T12:03:44,E105,C0256,completed
T0001347,MAIN,2026-06-26T20:20:29,E106,C0018,completed
T0001348,MAIN,2026-06-26T18:41:05,E106,C0186,completed
T0001349,MAIN,2026-06-26T16:07:07,E102,C0299,completed
T0001350,MAIN,2026-06-26T15:07:13,E106,,completed
T0001351,MAIN,2026-06-26T14:59:19,E101,C0234,completed
T0001352,MAIN,2026-06-26T14:40:50,E103,C0259,completed
T0001353,MAIN,2026-06-26T17:27:20,E104,,completed
T0001354,MAIN,2026-06-26T14:02:54,E101,C0126,completed
T0001355,MAIN,2026-06-26T11:24:21,E106,C0367,completed
T0001356,MAIN,2026-06-26T14:42:24,E106,,completed
T0001357,MAIN,2026-06-26T19:16:22,E104,,completed
T0001358,MAIN,2026-06-26T14:13:25,E104,C0334,completed
T0001359,MAIN,2026-06-26T19:40:28,E104,C0300,completed
T0001360,MAIN,2026-06-26T19:18:17,E105,C0132,completed
T0001361,MAIN,2026-06-26T12:03:12,E102,C0388,completed
T0001362,MAIN,2026-06-26T19:26:02,E101,C0270,completed
T0001363,MAIN,2026-06-26T14:15:17,E104,,refunded
T0001364,MAIN,2026-06-26T14:25:53,E102,C0147,completed
T0001365,MAIN,2026-06-26T14:41:09,E105,,completed
T0001366,MAIN,2026-06-26T19:05:57,E103,,completed
T0001367,MAIN,2026-06-26T12:23:35,E105,C0273,completed
T0001368,MAIN,2026-06-26T17:13:04,E102,C0180,completed
T0001369,MAIN,2026-06-26T15:22:09,E103,C0260,completed
T0001370,MAIN,2026-06-26T16:01:02,E105,C0103,completed
T0001371,MAIN,2026-06-26T20:23:27,E106,C0150,completed
T0001372,MAIN,2026-06-26T15:46:11,E106,C0303,completed
T0001373,MAIN,2026-06-26T12:03:53,E104,C0165,completed
T0001374,MAIN,2026-06-26T11:12:47,E103,C0125,completed
T0001375,MAIN,2026-06-26T13:10:58,E106,,completed
T0001376,MAIN,2026-06-26T15:03:32,E102,,completed
T0001377,MAIN,2026-06-26T20:56:19,E103,,completed
T0001378,MAIN,2026-06-26T18:01:01,E105,C0174,completed
T0001379,MAIN,2026-06-26T11:57:26,E106,,completed
T0001380,MAIN,2026-06-26T13:07:29,E102,,completed
T0001381,MAIN,2026-06-26T11:45:56,E103,C0100,completed
T0001382,MAIN,2026-06-26T19:02:55,E106,C0244,completed
T0001383,MAIN,2026-06-26T14:13:49,E105,C0171,completed
T0001384,MAIN,2026-06-26T17:03:32,E104,C0375,completed
T0001385,MAIN,2026-06-26T18:51:16,E102,C0079,completed
T0001386,MAIN,2026-06-26T16:04:39,E104,C0395,completed
T0001387,MAIN,2026-06-26T18:53:35,E101,C0113,completed
T0001388,MAIN,2026-06-26T17:09:59,E106,C0198,completed
T0001389,MAIN,2026-06-26T18:41:55,E103,C0233,completed
T0001390,MAIN,2026-06-26T15:48:19,E106,C0122,completed
T0001391,MAIN,2026-06-26T14:19:55,E106,C0057,completed
T0001392,MAIN,2026-06-26T20:35:45,E105,C0190,completed
T0001393,MAIN,2026-06-26T20:24:50,E106,C0100,completed
T0001394,MAIN,2026-06-26T19:59:18,E103,,completed
T0001395,MAIN,2026-06-26T17:44:15,E101,C0251,completed
T0001396,MAIN,2026-06-26T13:45:44,E101,C0117,completed
T0001397,MAIN,2026-06-26T12:54:45,E106,C0008,completed
T0001398,MAIN,2026-06-26T19:42:59,E103,,completed
T0001399,MAIN,2026-06-26T18:34:13,E102,C0305,completed
T0001400,MAIN,2026-06-26T16:12:30,E105,C0209,completed
T0001401,MAIN,2026-06-26T12:43:01,E103,C0242,completed
T0001402,MAIN,2026-06-26T11:34:08,E106,C0241,completed
T0001403,MAIN,2026-06-26T17:56:16,E105,,completed
T0001404,MAIN,2026-06-26T16:09:37,E106,C0267,completed
T0001405,MAIN,2026-06-26T18:17:32,E103,C0271,completed
T0001406,MAIN,2026-06-26T12:22:21,E102,,completed
T0001407,MAIN,2026-06-26T15:33:34,E105,C0065,completed
T0001408,MAIN,2026-06-26T15:41:15,E105,,completed
T0001409,MAIN,2026-06-26T17:25:45,E103,C0020,completed
T0001410,MAIN,2026-06-26T17:03:10,E103,C0157,completed
T0001411,MAIN,2026-06-26T13:24:32,E102,C0360,completed
T0001412,MAIN,2026-06-26T20:41:19,E105,C0207,completed
T0001413,MAIN,2026-06-26T13:52:26,E102,C0022,completed
T0001414,MAIN,2026-06-26T15:08:12,E101,C0156,completed
T0001415,MAIN,2026-06-26T19:20:11,E105,C0361,completed
T0001416,MAIN,2026-06-26T14:12:33,E104,C0250,completed
T0001417,MAIN,2026-06-26T12:28:57,E101,C0339,completed
T0001418,MAIN,2026-06-26T19:16:00,E105,C0141,completed
T0001419,MAIN,2026-06-26T13:17:32,E101,C0249,completed
T0001420,MAIN,2026-06-26T10:24:08,E101,,completed
T0001421,MAIN,2026-06-26T17:46:20,E105,,completed
T0001422,MAIN,2026-06-26T14:36:20,E101,C0155,completed
T0001423,MAIN,2026-06-26T14:59:17,E104,C0243,completed
T0001424,MAIN,2026-06-27T19:13:42,E105,C0384,completed
T0001425,MAIN,2026-06-27T19:10:11,E103,C0151,completed
T0001426,MAIN,2026-06-27T12:21:20,E106,C0326,completed
T0001427,MAIN,2026-06-27T16:12:20,E103,C0016,completed
T0001428,MAIN,2026-06-27T13:38:49,E106,C0306,completed
T0001429,MAIN,2026-06-27T13:03:24,E102,C0295,completed
T0001430,MAIN,2026-06-27T09:49:17,E103,,completed
T0001431,MAIN,2026-06-27T15:29:54,E104,C0261,completed
T0001432,MAIN,2026-06-27T14:21:15,E101,C0316,completed
T0001433,MAIN,2026-06-27T19:04:36,E106,,completed
T0001434,MAIN,2026-06-27T18:28:55,E103,C0340,completed
T0001435,MAIN,2026-06-27T13:28:22,E102,C0115,completed
T0001436,MAIN,2026-06-27T17:47:52,E101,,completed
T0001437,MAIN,2026-06-27T16:06:56,E103,C0034,completed
T0001438,MAIN,2026-06-27T17:27:00,E104,,completed
T0001439,MAIN,2026-06-27T17:54:11,E106,,completed
T0001440,MAIN,2026-06-27T11:01:07,E104,C0073,completed
T0001441,MAIN,2026-06-27T12:51:56,E103,C0192,completed
T0001442,MAIN,2026-06-27T11:09:10,E106,,completed
T0001443,MAIN,2026-06-27T17:40:30,E103,C0117,completed
T0001444,MAIN,2026-06-27T11:15:19,E104,,refunded
T0001445,MAIN,2026-06-27T16:36:34,E105,C0043,refunded
T0001446,MAIN,2026-06-27T16:31:29,E105,C0384,completed
T0001447,MAIN,2026-06-27T18:56:18,E104,,completed
T0001448,MAIN,2026-06-27T19:53:54,E105,C0384,completed
T0001449,MAIN,2026-06-27T18:55:01,E106,,completed
T0001450,MAIN,2026-06-27T12:26:13,E102,C0186,completed
T0001451,MAIN,2026-06-27T15:07:53,E101,,completed
T0001452,MAIN,2026-06-27T11:49:32,E102,C0248,completed
T0001453,MAIN,2026-06-27T18:44:48,E105,C0182,completed
T0001454,MAIN,2026-06-27T10:23:11,E101,C0259,refunded
T0001455,MAIN,2026-06-27T11:54:54,E105,,completed
T0001456,MAIN,2026-06-27T18:21:51,E102,C0027,completed
T0001457,MAIN,2026-06-27T12:22:54,E106,,completed
T0001458,MAIN,2026-06-27T15:47:40,E103,,completed
T0001459,MAIN,2026-06-27T20:16:40,E102,C0290,completed
T0001460,MAIN,2026-06-27T16:17:48,E104,,completed
T0001461,MAIN,2026-06-27T15:34:07,E102,,completed
T0001462,MAIN,2026-06-27T17:45:19,E105,C0340,completed
T0001463,MAIN,2026-06-27T16:58:15,E105,C0119,completed
T0001464,MAIN,2026-06-27T14:32:09,E101,,voided
T0001465,MAIN,2026-06-27T12:10:52,E102,,completed
T0001466,MAIN,2026-06-27T19:03:33,E106,,completed
T0001467,MAIN,2026-06-27T13:19:56,E102,,completed
T0001468,MAIN,2026-06-27T16:02:11,E105,,completed
T0001469,MAIN,2026-06-27T13:27:25,E106,C0348,completed
T0001470,MAIN,2026-06-27T10:24:59,E104,C0383,completed
T0001471,MAIN,2026-06-27T11:15:42,E105,C0314,completed
T0001472,MAIN,2026-06-27T14:00:11,E101,C0192,completed
T0001473,MAIN,2026-06-27T18:50:24,E101,C0305,completed
T0001474,MAIN,2026-06-27T11:08:23,E105,,completed
T0001475,MAIN,2026-06-27T18:52:48,E104,C0051,voided
T0001476,MAIN,2026-06-27T19:02:48,E101,C0034,completed
T0001477,MAIN,2026-06-27T18:34:29,E102,C0012,completed
T0001478,MAIN,2026-06-27T19:32:03,E103,C0070,completed
T0001479,MAIN,2026-06-27T13:28:20,E105,C0332,completed
T0001480,MAIN,2026-06-27T15:41:16,E102,,completed
T0001481,MAIN,2026-06-27T16:58:47,E104,C0387,completed
T0001482,MAIN,2026-06-27T18:11:50,E101,,completed
T0001483,MAIN,2026-06-27T10:17:37,E105,C0075,completed
T0001484,MAIN,2026-06-27T20:30:40,E105,,completed
T0001485,MAIN,2026-06-27T13:03:07,E104,C0273,completed
T0001486,MAIN,2026-06-27T19:39:10,E103,C0209,completed
T0001487,MAIN,2026-06-27T15:49:14,E101,C0251,completed
T0001488,MAIN,2026-06-27T14:44:39,E102,C0034,completed
T0001489,MAIN,2026-06-27T13:56:13,E101,C0136,completed
T0001490,MAIN,2026-06-27T18:50:59,E104,,voided
T0001491,MAIN,2026-06-27T11:49:18,E103,C0373,completed
T0001492,MAIN,2026-06-27T17:01:40,E102,C0312,completed
T0001493,MAIN,2026-06-27T15:03:03,E105,C0290,completed
T0001494,MAIN,2026-06-27T16:56:37,E102,C0295,refunded
T0001495,MAIN,2026-06-27T19:22:39,E102,,completed
T0001496,MAIN,2026-06-27T20:53:38,E104,C0385,completed
T0001497,MAIN,2026-06-27T18:04:44,E101,,completed
T0001498,MAIN,2026-06-27T11:47:39,E104,C0082,completed
T0001499,MAIN,2026-06-27T11:24:29,E106,,completed
T0001500,MAIN,2026-06-27T20:15:26,E101,,completed
T0001501,MAIN,2026-06-27T18:16:33,E106,C0112,completed
T0001502,MAIN,2026-06-27T14:36:20,E101,C0308,completed
T0001503,MAIN,2026-06-27T11:56:42,E104,,completed
T0001504,MAIN,2026-06-27T18:17:14,E106,C0269,completed
T0001505,MAIN,2026-06-27T18:56:30,E106,C0382,completed
T0001506,MAIN,2026-06-27T14:39:31,E105,C0048,completed
T0001507,MAIN,2026-06-27T17:13:13,E106,,completed
T0001508,MAIN,2026-06-27T15:28:53,E105,C0050,completed
T0001509,MAIN,2026-06-27T18:25:48,E101,C0064,completed
T0001510,MAIN,2026-06-27T11:01:23,E105,C0203,completed
T0001511,MAIN,2026-06-27T13:16:23,E102,C0013,completed
T0001512,MAIN,2026-06-27T16:54:47,E102,C0172,completed
T0001513,MAIN,2026-06-27T18:29:48,E106,C0045,completed
T0001514,MAIN,2026-06-27T12:27:04,E103,,completed
T0001515,MAIN,2026-06-27T15:07:14,E103,C0380,completed
T0001516,MAIN,2026-06-27T11:23:10,E103,C0319,completed
T0001517,MAIN,2026-06-27T18:17:01,E106,C0382,completed
T0001518,MAIN,2026-06-27T17:06:43,E103,,completed
T0001519,MAIN,2026-06-27T14:37:46,E101,,completed
T0001520,MAIN,2026-06-27T11:32:27,E101,,completed
T0001521,MAIN,2026-06-27T16:38:49,E102,C0084,completed
T0001522,MAIN,2026-06-27T15:26:27,E104,C0238,completed
T0001523,MAIN,2026-06-27T12:08:26,E101,C0015,completed
T0001524,MAIN,2026-06-27T17:00:54,E104,C0169,completed
T0001525,MAIN,2026-06-27T15:51:42,E103,C0370,completed
T0001526,MAIN,2026-06-27T17:15:46,E103,,completed
T0001527,MAIN,2026-06-27T18:21:24,E104,,completed
T0001528,MAIN,2026-06-27T19:42:33,E102,,completed
T0001529,MAIN,2026-06-27T15:34:54,E103,C0079,completed
T0001530,MAIN,2026-06-27T19:02:34,E106,C0052,completed
T0001531,MAIN,2026-06-27T13:07:53,E102,C0141,completed
T0001532,MAIN,2026-06-27T17:52:54,E101,C0156,completed
T0001533,MAIN,2026-06-27T17:51:01,E104,C0064,completed
T0001534,MAIN,2026-06-27T10:14:34,E101,C0054,completed
T0001535,MAIN,2026-06-27T15:56:23,E106,C0143,completed
T0001536,MAIN,2026-06-27T12:54:39,E101,,completed
T0001537,MAIN,2026-06-27T11:36:01,E105,C0260,completed
T0001538,MAIN,2026-06-27T12:11:33,E104,C0059,completed
T0001539,MAIN,2026-06-27T19:04:23,E103,,completed
T0001540,MAIN,2026-06-27T12:58:54,E106,C0053,completed
T0001541,MAIN,2026-06-27T15:16:03,E101,C0146,completed
T0001542,MAIN,2026-06-27T16:19:08,E102,C0198,completed
T0001543,MAIN,2026-06-27T20:39:08,E103,C0252,completed
T0001544,MAIN,2026-06-27T12:39:50,E103,C0336,completed
T0001545,MAIN,2026-06-27T17:01:26,E101,C0152,completed
T0001546,MAIN,2026-06-28T12:30:51,E104,C0265,completed
T0001547,MAIN,2026-06-28T10:54:49,E106,,completed
T0001548,MAIN,2026-06-28T10:56:20,E104,C0188,completed
T0001549,MAIN,2026-06-28T11:08:10,E103,C0311,completed
T0001550,MAIN,2026-06-28T16:29:22,E101,,completed
T0001551,MAIN,2026-06-28T16:38:59,E102,,completed
T0001552,MAIN,2026-06-28T13:38:16,E106,C0142,completed
T0001553,MAIN,2026-06-28T09:06:22,E106,C0398,completed
T0001554,MAIN,2026-06-28T19:38:52,E105,C0052,completed
T0001555,MAIN,2026-06-28T12:04:35,E101,C0184,completed
T0001556,MAIN,2026-06-28T11:13:59,E106,C0012,completed
T0001557,MAIN,2026-06-28T16:54:05,E104,,completed
T0001558,MAIN,2026-06-28T12:30:16,E101,C0314,completed
T0001559,MAIN,2026-06-28T18:51:22,E101,C0172,completed
T0001560,MAIN,2026-06-28T16:29:55,E103,C0301,completed
T0001561,MAIN,2026-06-28T14:36:02,E101,C0400,completed
T0001562,MAIN,2026-06-28T14:26:34,E105,C0169,completed
T0001563,MAIN,2026-06-28T12:26:49,E106,,completed
T0001564,MAIN,2026-06-28T14:04:18,E106,,completed
T0001565,MAIN,2026-06-28T14:07:55,E102,C0274,completed
T0001566,MAIN,2026-06-28T17:23:52,E105,C0271,completed
T0001567,MAIN,2026-06-28T20:31:28,E101,C0286,completed
T0001568,MAIN,2026-06-28T09:07:52,E104,C0333,completed
T0001569,MAIN,2026-06-28T17:07:00,E102,C0359,completed
T0001570,MAIN,2026-06-28T18:37:56,E101,C0164,completed
T0001571,MAIN,2026-06-28T19:34:58,E105,,completed
T0001572,MAIN,2026-06-28T14:36:27,E103,,completed
T0001573,MAIN,2026-06-28T14:08:48,E103,,completed
T0001574,MAIN,2026-06-28T14:10:36,E105,C0290,completed
T0001575,MAIN,2026-06-28T17:49:20,E101,C0200,completed
T0001576,MAIN,2026-06-28T18:02:30,E103,C0090,completed
T0001577,MAIN,2026-06-28T09:22:59,E102,,completed
T0001578,MAIN,2026-06-28T14:10:17,E105,,completed
T0001579,MAIN,2026-06-28T14:23:09,E106,C0293,completed
T0001580,MAIN,2026-06-28T18:04:50,E102,C0381,completed
T0001581,MAIN,2026-06-28T18:29:08,E106,C0081,completed
T0001582,MAIN,2026-06-28T19:21:35,E106,C0332,completed
T0001583,MAIN,2026-06-28T16:38:29,E102,C0098,completed
T0001584,MAIN,2026-06-28T14:40:42,E102,C0231,completed
T0001585,MAIN,2026-06-28T15:28:32,E104,,completed
T0001586,MAIN,2026-06-28T14:41:07,E103,C0080,completed
T0001587,MAIN,2026-06-28T12:39:27,E102,C0079,completed
T0001588,MAIN,2026-06-28T15:02:47,E103,,completed
T0001589,MAIN,2026-06-28T13:27:47,E106,C0211,completed
T0001590,MAIN,2026-06-28T15:51:17,E103,C0167,completed
T0001591,MAIN,2026-06-28T17:41:34,E106,C0393,completed
T0001592,MAIN,2026-06-28T18:40:39,E104,,completed
T0001593,MAIN,2026-06-28T15:12:06,E101,C0275,completed
T0001594,MAIN,2026-06-28T11:16:18,E102,C0266,completed
T0001595,MAIN,2026-06-28T16:27:44,E105,C0018,completed
T0001596,MAIN,2026-06-28T13:52:23,E102,,completed
T0001597,MAIN,2026-06-28T15:33:52,E104,,completed
T0001598,MAIN,2026-06-28T15:10:48,E106,,completed
T0001599,MAIN,2026-06-28T09:44:50,E103,C0277,completed
T0001600,MAIN,2026-06-28T16:03:59,E104,C0290,completed
T0001601,MAIN,2026-06-28T13:09:16,E101,C0107,completed
T0001602,MAIN,2026-06-28T11:19:26,E104,C0176,completed
T0001603,MAIN,2026-06-28T19:46:59,E106,C0220,completed
T0001604,MAIN,2026-06-28T18:13:43,E105,C0250,completed
T0001605,MAIN,2026-06-28T19:56:15,E101,,completed
T0001606,MAIN,2026-06-28T18:02:36,E102,,completed
T0001607,MAIN,2026-06-28T14:35:42,E103,C0217,completed
T0001608,MAIN,2026-06-28T17:26:25,E106,,completed
T0001609,MAIN,2026-06-28T18:45:01,E101,,completed
T0001610,MAIN,2026-06-28T17:50:42,E104,,completed
T0001611,MAIN,2026-06-28T18:18:40,E106,,completed
T0001612,MAIN,2026-06-28T19:24:43,E103,,completed
T0001613,MAIN,2026-06-28T13:26:13,E104,,completed
T0001614,MAIN,2026-06-28T18:42:58,E105,C0166,completed
T0001615,MAIN,2026-06-28T12:35:50,E104,C0053,completed
T0001616,MAIN,2026-06-28T18:42:32,E103,C0114,completed
T0001617,MAIN,2026-06-28T12:50:05,E101,C0382,completed
T0001618,MAIN,2026-06-28T17:16:00,E101,C0302,completed
T0001619,MAIN,2026-06-28T10:32:30,E104,C0144,refunded
T0001620,MAIN,2026-06-28T19:19:26,E105,,completed
T0001621,MAIN,2026-06-28T13:50:22,E103,C0072,completed
T0001622,MAIN,2026-06-28T09:31:38,E102,C0047,completed
T0001623,MAIN,2026-06-28T12:46:40,E106,,completed
T0001624,MAIN,2026-06-28T12:09:23,E103,,completed
T0001625,MAIN,2026-06-28T18:21:13,E101,,completed
T0001626,MAIN,2026-06-28T18:57:23,E101,C0297,completed
T0001627,MAIN,2026-06-28T14:02:26,E103,C0169,completed
T0001628,MAIN,2026-06-28T12:09:41,E101,,completed
T0001629,MAIN,2026-06-28T12:13:01,E105,C0177,completed
T0001630,MAIN,2026-06-28T13:35:37,E105,C0375,completed
T0001631,MAIN,2026-06-28T19:57:19,E105,,completed
T0001632,MAIN,2026-06-28T18:57:25,E103,C0304,refunded
T0001633,MAIN,2026-06-28T11:43:39,E105,C0400,completed
T0001634,MAIN,2026-06-28T13:26:00,E103,,completed
T0001635,MAIN,2026-06-28T17:27:49,E106,C0285,completed
T0001636,MAIN,2026-06-28T11:09:19,E104,C0179,completed
T0001637,MAIN,2026-06-28T14:04:25,E103,C0015,completed
T0001638,MAIN,2026-06-28T17:10:17,E105,,completed
T0001639,MAIN,2026-06-28T16:25:11,E104,C0090,completed
T0001640,MAIN,2026-06-28T17:11:17,E103,C0336,completed
T0001641,MAIN,2026-06-28T13:46:30,E105,C0268,completed
T0001642,MAIN,2026-06-28T14:30:09,E105,C0125,completed
T0001643,MAIN,2026-06-28T19:09:50,E101,,completed
T0001644,MAIN,2026-06-29T16:59:58,E103,C0157,completed
T0001645,MAIN,2026-06-29T17:24:37,E101,,completed
T0001646,MAIN,2026-06-29T19:48:37,E101,C0079,completed
T0001647,MAIN,2026-06-29T18:55:44,E103,C0120,completed
T0001648,MAIN,2026-06-29T16:49:36,E103,,completed
T0001649,MAIN,2026-06-29T13:15:49,E102,C0027,completed
T0001650,MAIN,2026-06-29T14:53:42,E102,C0127,completed
T0001651,MAIN,2026-06-29T20:25:40,E106,C0138,completed
T0001652,MAIN,2026-06-29T20:16:54,E102,C0047,completed
T0001653,MAIN,2026-06-29T19:56:12,E105,C0114,completed
T0001654,MAIN,2026-06-29T17:35:37,E101,,completed
T0001655,MAIN,2026-06-29T14:57:04,E104,C0375,completed
T0001656,MAIN,2026-06-29T13:46:44,E101,C0081,completed
T0001657,MAIN,2026-06-29T16:41:24,E105,C0366,completed
T0001658,MAIN,2026-06-29T14:59:42,E104,,completed
T0001659,MAIN,2026-06-29T13:13:43,E105,C0380,completed
T0001660,MAIN,2026-06-29T15:03:13,E102,C0019,completed
T0001661,MAIN,2026-06-29T12:47:49,E104,C0359,completed
T0001662,MAIN,2026-06-29T14:32:45,E106,C0229,refunded
T0001663,MAIN,2026-06-29T15:27:23,E103,C0161,completed
T0001664,MAIN,2026-06-29T19:13:21,E106,C0267,voided
T0001665,MAIN,2026-06-29T14:02:28,E102,C0141,completed
T0001666,MAIN,2026-06-29T13:17:24,E106,,completed
T0001667,MAIN,2026-06-29T20:55:01,E104,,completed
T0001668,MAIN,2026-06-29T17:09:46,E103,,completed
T0001669,MAIN,2026-06-29T19:21:25,E104,,completed
T0001670,MAIN,2026-06-29T15:30:57,E104,C0214,completed
T0001671,MAIN,2026-06-29T17:46:59,E106,C0084,completed
T0001672,MAIN,2026-06-29T19:28:10,E102,C0211,completed
T0001673,MAIN,2026-06-29T18:25:30,E103,C0084,completed
T0001674,MAIN,2026-06-29T15:58:47,E103,C0290,completed
T0001675,MAIN,2026-06-29T19:05:43,E104,C0128,completed
T0001676,MAIN,2026-06-29T14:21:02,E102,C0111,completed
T0001677,MAIN,2026-06-29T13:12:33,E103,C0390,completed
T0001678,MAIN,2026-06-29T20:55:33,E106,C0215,completed
T0001679,MAIN,2026-06-29T13:17:16,E103,C0315,completed
T0001680,MAIN,2026-06-29T19:39:43,E101,,completed
T0001681,MAIN,2026-06-29T17:41:11,E104,C0351,completed
T0001682,MAIN,2026-06-29T14:47:35,E106,,completed
T0001683,MAIN,2026-06-29T15:32:19,E105,C0337,completed
T0001684,MAIN,2026-06-29T12:29:07,E101,,completed
T0001685,MAIN,2026-06-29T12:54:15,E104,,completed
T0001686,MAIN,2026-06-29T17:43:12,E105,C0194,completed
T0001687,MAIN,2026-06-29T18:08:48,E106,C0077,completed
T0001688,MAIN,2026-06-29T12:30:28,E101,C0064,completed
T0001689,MAIN,2026-06-29T09:29:27,E104,C0163,completed
T0001690,MAIN,2026-06-29T18:51:01,E101,C0052,completed
T0001691,MAIN,2026-06-29T17:37:46,E103,C0118,completed
T0001692,MAIN,2026-06-29T19:42:55,E103,C0220,completed
T0001693,MAIN,2026-06-29T16:56:40,E102,,completed
T0001694,MAIN,2026-06-29T18:00:19,E105,C0363,completed
T0001695,MAIN,2026-06-29T20:41:34,E103,C0390,completed
T0001696,MAIN,2026-06-29T16:06:53,E103,C0178,completed
T0001697,MAIN,2026-06-29T16:39:21,E106,C0377,completed
T0001698,MAIN,2026-06-29T17:28:46,E105,C0239,completed
T0001699,MAIN,2026-06-29T19:09:03,E103,,completed
T0001700,MAIN,2026-06-29T18:18:09,E106,,completed
T0001701,MAIN,2026-06-29T14:01:23,E106,C0095,completed
T0001702,MAIN,2026-06-29T18:32:46,E105,C0282,completed
T0001703,MAIN,2026-06-29T13:54:15,E101,,refunded
T0001704,MAIN,2026-06-29T13:08:38,E104,C0363,completed
T0001705,MAIN,2026-06-29T17:13:21,E101,C0023,completed
T0001706,MAIN,2026-06-29T14:48:15,E103,C0237,completed
T0001707,MAIN,2026-06-29T18:19:03,E102,C0005,completed
T0001708,MAIN,2026-06-29T17:08:24,E101,C0384,completed
T0001709,MAIN,2026-06-29T18:45:13,E102,,completed
T0001710,MAIN,2026-06-29T10:22:44,E106,C0208,completed
T0001711,MAIN,2026-06-29T11:57:38,E105,C0199,completed
T0001712,MAIN,2026-06-29T15:41:07,E102,C0060,completed
T0001713,MAIN,2026-06-29T17:31:27,E101,C0211,completed
T0001714,MAIN,2026-06-29T17:15:28,E106,,completed
T0001715,MAIN,2026-06-29T17:14:55,E105,C0355,completed
T0001716,MAIN,2026-06-29T19:11:00,E106,C0390,completed
T0001717,MAIN,2026-06-29T16:49:22,E102,C0248,completed
T0001718,MAIN,2026-06-29T19:31:19,E106,C0237,completed
T0001719,MAIN,2026-06-29T20:26:24,E104,C0337,completed
T0001720,MAIN,2026-06-29T14:38:14,E104,,completed
T0001721,MAIN,2026-06-29T17:35:23,E105,,completed
T0001722,MAIN,2026-06-29T16:50:29,E103,C0167,completed
T0001723,MAIN,2026-06-29T18:06:54,E104,,completed
T0001724,MAIN,2026-06-29T18:08:49,E101,C0150,completed
T0001725,MAIN,2026-06-29T16:56:56,E102,C0235,completed
T0001726,MAIN,2026-06-29T16:03:08,E102,C0247,completed
T0001727,MAIN,2026-06-29T19:18:31,E102,C0120,completed
T0001728,MAIN,2026-06-29T17:52:29,E104,,completed
T0001729,MAIN,2026-06-29T11:19:03,E104,C0342,completed
T0001730,MAIN,2026-06-29T15:12:56,E104,C0149,completed
T0001731,MAIN,2026-06-29T20:00:59,E105,C0224,completed
T0001732,MAIN,2026-06-30T15:41:02,E106,C0364,completed
T0001733,MAIN,2026-06-30T13:59:16,E104,C0295,completed
T0001734,MAIN,2026-06-30T10:48:55,E106,,completed
T0001735,MAIN,2026-06-30T19:33:24,E105,C0111,completed
T0001736,MAIN,2026-06-30T18:06:22,E103,C0092,completed
T0001737,MAIN,2026-06-30T18:08:18,E103,,completed
T0001738,MAIN,2026-06-30T09:09:00,E101,C0007,completed
T0001739,MAIN,2026-06-30T12:22:22,E101,C0193,completed
T0001740,MAIN,2026-06-30T11:55:59,E106,C0098,completed
T0001741,MAIN,2026-06-30T13:22:12,E105,,completed
T0001742,MAIN,2026-06-30T12:37:10,E104,C0022,completed
T0001743,MAIN,2026-06-30T17:29:08,E102,C0150,completed
T0001744,MAIN,2026-06-30T10:05:50,E101,C0209,completed
T0001745,MAIN,2026-06-30T12:32:59,E101,C0274,completed
T0001746,MAIN,2026-06-30T14:10:12,E106,,completed
T0001747,MAIN,2026-06-30T18:32:08,E103,C0069,voided
T0001748,MAIN,2026-06-30T16:58:39,E102,C0114,completed
T0001749,MAIN,2026-06-30T14:04:35,E101,C0397,refunded
T0001750,MAIN,2026-06-30T11:15:55,E103,,completed
T0001751,MAIN,2026-06-30T20:32:44,E104,C0213,completed
T0001752,MAIN,2026-06-30T14:19:47,E103,C0358,completed
T0001753,MAIN,2026-06-30T16:51:38,E102,C0241,completed
T0001754,MAIN,2026-06-30T20:52:25,E101,C0305,completed
T0001755,MAIN,2026-06-30T14:26:50,E103,,completed
T0001756,MAIN,2026-06-30T17:39:49,E102,,completed
T0001757,MAIN,2026-06-30T13:24:11,E106,C0062,completed
T0001758,MAIN,2026-06-30T09:56:22,E103,C0149,completed
T0001759,MAIN,2026-06-30T12:03:50,E106,,completed
T0001760,MAIN,2026-06-30T13:19:03,E104,C0018,completed
T0001761,MAIN,2026-06-30T18:13:25,E106,C0329,completed
T0001762,MAIN,2026-06-30T12:07:20,E105,C0008,completed
T0001763,MAIN,2026-06-30T10:02:59,E105,C0293,completed
T0001764,MAIN,2026-06-30T10:22:18,E105,C0270,completed
T0001765,MAIN,2026-06-30T11:02:46,E104,C0254,completed
T0001766,MAIN,2026-06-30T17:36:43,E102,,completed
T0001767,MAIN,2026-06-30T13:06:00,E105,,completed
T0001768,MAIN,2026-06-30T18:40:01,E102,C0343,completed
T0001769,MAIN,2026-06-30T17:07:37,E103,C0033,completed
T0001770,MAIN,2026-06-30T16:26:47,E106,,completed
T0001771,MAIN,2026-06-30T13:36:14,E104,C0062,completed
T0001772,MAIN,2026-06-30T20:52:07,E106,,completed
T0001773,MAIN,2026-06-30T18:39:40,E104,C0008,completed
T0001774,MAIN,2026-06-30T15:00:55,E103,,completed
T0001775,MAIN,2026-06-30T11:28:34,E105,C0039,completed
T0001776,MAIN,2026-06-30T11:45:23,E101,C0198,completed
T0001777,MAIN,2026-06-30T15:02:34,E105,C0016,completed
T0001778,MAIN,2026-06-30T20:27:07,E106,,completed
T0001779,MAIN,2026-06-30T11:48:57,E105,C0400,voided
T0001780,MAIN,2026-06-30T16:39:28,E104,C0182,completed
T0001781,MAIN,2026-06-30T12:22:09,E102,C0250,completed
T0001782,MAIN,2026-06-30T10:53:26,E103,C0221,completed
T0001783,MAIN,2026-06-30T19:05:06,E103,,completed
T0001784,MAIN,2026-06-30T16:22:47,E106,,completed
T0001785,MAIN,2026-06-30T17:31:58,E106,C0219,completed
T0001786,MAIN,2026-06-30T14:24:04,E105,C0175,completed
T0001787,MAIN,2026-06-30T19:36:23,E101,C0161,voided
T0001788,MAIN,2026-06-30T14:31:48,E106,C0036,completed
T0001789,MAIN,2026-06-30T19:32:42,E105,C0280,completed
T0001790,MAIN,2026-06-30T11:19:07,E105,C0344,completed
T0001791,MAIN,2026-06-30T20:10:14,E101,C0137,completed
T0001792,MAIN,2026-06-30T14:15:36,E104,C0095,completed
T0001793,MAIN,2026-06-30T12:29:25,E104,C0269,completed
T0001794,MAIN,2026-06-30T13:23:05,E101,C0241,completed
T0001795,MAIN,2026-06-30T11:04:03,E101,C0195,completed
T0001796,MAIN,2026-06-30T16:35:35,E103,C0244,completed
T0001797,MAIN,2026-06-30T16:29:38,E103,C0218,completed
T0001798,MAIN,2026-06-30T10:51:40,E102,C0023,completed
T0001799,MAIN,2026-06-30T12:06:02,E103,C0287,completed
T0001800,MAIN,2026-06-30T14:49:42,E103,,completed
T0001801,MAIN,2026-06-30T13:29:21,E105,C0307,completed
T0001802,MAIN,2026-06-30T10:20:33,E104,C0292,completed
T0001803,MAIN,2026-06-30T17:06:14,E106,C0094,completed
T0001804,MAIN,2026-06-30T19:24:31,E105,C0190,completed
T0001805,MAIN,2026-06-30T11:00:50,E106,C0032,completed
T0001806,MAIN,2026-06-30T10:37:37,E102,C0136,completed
T0001807,MAIN,2026-06-30T12:12:19,E102,C0184,completed
T0001808,MAIN,2026-06-30T19:43:46,E104,,completed
T0001809,MAIN,2026-06-30T12:55:46,E105,C0081,completed
T0001810,MAIN,2026-06-30T15:18:05,E102,,completed
T0001811,MAIN,2026-06-30T11:15:17,E104,C0168,completed
T0001812,MAIN,2026-06-30T18:04:53,E104,C0213,completed
T0001813,MAIN,2026-06-30T18:41:07,E104,C0057,completed
T0001814,MAIN,2026-06-30T13:22:56,E102,C0271,completed
T0001815,MAIN,2026-06-30T13:11:20,E103,,completed
T0001816,MAIN,2026-06-30T12:50:02,E102,C0029,completed
T0001817,MAIN,2026-06-30T14:56:08,E105,,refunded
T0001818,MAIN,2026-06-30T16:12:05,E101,C0198,completed
T0001819,MAIN,2026-06-30T16:05:38,E102,,completed
T0001820,MAIN,2026-06-30T16:12:06,E104,C0324,completed
T0001821,MAIN,2026-07-01T12:53:23,E105,C0318,completed
T0001822,MAIN,2026-07-01T09:53:33,E105,C0164,completed
T0001823,MAIN,2026-07-01T18:56:33,E104,C0389,completed
T0001824,MAIN,2026-07-01T16:49:16,E103,C0335,completed
T0001825,MAIN,2026-07-01T09:58:18,E105,,completed
T0001826,MAIN,2026-07-01T16:48:24,E103,C0168,completed
T0001827,MAIN,2026-07-01T10:45:42,E103,,completed
T0001828,MAIN,2026-07-01T09:22:47,E101,C0343,completed
T0001829,MAIN,2026-07-01T17:07:37,E102,C0271,refunded
T0001830,MAIN,2026-07-01T13:09:03,E103,C0318,completed
T0001831,MAIN,2026-07-01T10:35:59,E102,C0059,completed
T0001832,MAIN,2026-07-01T16:55:22,E105,,completed
T0001833,MAIN,2026-07-01T20:26:25,E101,C0192,completed
T0001834,MAIN,2026-07-01T17:12:10,E102,C0233,voided
T0001835,MAIN,2026-07-01T12:44:35,E103,,completed
T0001836,MAIN,2026-07-01T11:42:33,E102,C0377,completed
T0001837,MAIN,2026-07-01T17:56:00,E106,C0386,completed
T0001838,MAIN,2026-07-01T11:47:37,E104,,completed
T0001839,MAIN,2026-07-01T14:34:02,E106,,completed
T0001840,MAIN,2026-07-01T14:57:45,E106,,completed
T0001841,MAIN,2026-07-01T19:25:17,E104,,completed
T0001842,MAIN,2026-07-01T14:32:14,E103,C0355,completed
T0001843,MAIN,2026-07-01T19:39:46,E104,C0089,completed
T0001844,MAIN,2026-07-01T10:48:24,E102,C0244,completed
T0001845,MAIN,2026-07-01T20:39:30,E101,C0253,completed
T0001846,MAIN,2026-07-01T13:04:08,E104,C0390,completed
T0001847,MAIN,2026-07-01T18:50:34,E103,,completed
T0001848,MAIN,2026-07-01T16:09:38,E106,C0187,completed
T0001849,MAIN,2026-07-01T16:01:30,E101,,completed
T0001850,MAIN,2026-07-01T13:06:16,E102,C0192,completed
T0001851,MAIN,2026-07-01T14:14:57,E103,C0347,completed
T0001852,MAIN,2026-07-01T16:39:55,E103,C0216,completed
T0001853,MAIN,2026-07-01T10:03:23,E106,C0393,completed
T0001854,MAIN,2026-07-01T10:10:39,E104,C0140,completed
T0001855,MAIN,2026-07-01T15:19:12,E105,C0203,completed
T0001856,MAIN,2026-07-01T10:21:25,E103,,completed
T0001857,MAIN,2026-07-01T12:25:34,E104,,completed
T0001858,MAIN,2026-07-01T17:08:50,E103,C0116,completed
T0001859,MAIN,2026-07-01T18:42:03,E104,,completed
T0001860,MAIN,2026-07-01T16:12:10,E102,C0270,completed
T0001861,MAIN,2026-07-01T13:40:06,E102,,completed
T0001862,MAIN,2026-07-01T10:24:52,E105,C0387,completed
T0001863,MAIN,2026-07-01T10:09:35,E101,,completed
T0001864,MAIN,2026-07-01T13:59:33,E101,C0016,completed
T0001865,MAIN,2026-07-01T11:09:03,E102,,completed
T0001866,MAIN,2026-07-01T18:51:29,E101,,completed
T0001867,MAIN,2026-07-01T20:49:41,E105,,completed
T0001868,MAIN,2026-07-01T20:21:40,E102,C0295,completed
T0001869,MAIN,2026-07-01T13:13:57,E106,C0016,completed
T0001870,MAIN,2026-07-01T13:58:16,E106,C0043,completed
T0001871,MAIN,2026-07-01T17:21:02,E104,,completed
T0001872,MAIN,2026-07-01T19:52:53,E105,C0085,completed
T0001873,MAIN,2026-07-01T14:48:07,E101,C0332,completed
T0001874,MAIN,2026-07-01T11:22:58,E106,,completed
T0001875,MAIN,2026-07-01T16:54:36,E105,C0171,completed
T0001876,MAIN,2026-07-01T09:29:46,E104,C0311,completed
T0001877,MAIN,2026-07-01T10:03:06,E102,C0061,completed
T0001878,MAIN,2026-07-01T09:30:45,E105,C0398,completed
T0001879,MAIN,2026-07-01T17:20:01,E101,C0397,completed
T0001880,MAIN,2026-07-01T10:19:33,E102,C0229,completed
T0001881,MAIN,2026-07-01T10:58:32,E102,C0367,completed
T0001882,MAIN,2026-07-01T12:02:35,E102,,completed
T0001883,MAIN,2026-07-01T14:44:07,E106,,completed
T0001884,MAIN,2026-07-01T18:40:37,E104,C0073,completed
T0001885,MAIN,2026-07-01T19:48:08,E103,C0357,completed
T0001886,MAIN,2026-07-01T11:53:30,E103,,completed
T0001887,MAIN,2026-07-01T10:41:35,E105,C0036,completed
T0001888,MAIN,2026-07-01T19:28:21,E101,C0352,completed
T0001889,MAIN,2026-07-01T10:19:18,E105,,completed
T0001890,MAIN,2026-07-01T13:00:23,E102,C0361,completed
T0001891,MAIN,2026-07-01T19:18:36,E102,C0368,completed
T0001892,MAIN,2026-07-01T18:51:46,E103,,completed
T0001893,MAIN,2026-07-01T10:55:09,E101,C0137,completed
T0001894,MAIN,2026-07-01T18:18:56,E103,,completed
T0001895,MAIN,2026-07-01T19:15:45,E106,C0331,refunded
T0001896,MAIN,2026-07-01T12:40:28,E106,,completed
T0001897,MAIN,2026-07-01T12:23:50,E105,C0342,completed
T0001898,MAIN,2026-07-01T19:11:30,E103,C0128,completed
T0001899,MAIN,2026-07-01T13:51:41,E101,C0032,completed
T0001900,MAIN,2026-07-01T16:22:05,E101,,completed
T0001901,MAIN,2026-07-01T17:01:18,E106,C0319,completed
T0001902,MAIN,2026-07-01T19:34:24,E102,,completed
T0001903,MAIN,2026-07-02T18:15:57,E102,C0154,completed
T0001904,MAIN,2026-07-02T13:10:58,E104,C0285,completed
T0001905,MAIN,2026-07-02T18:49:08,E104,C0187,completed
T0001906,MAIN,2026-07-02T12:59:18,E102,C0109,completed
T0001907,MAIN,2026-07-02T14:17:06,E103,C0253,completed
T0001908,MAIN,2026-07-02T18:25:05,E101,,completed
T0001909,MAIN,2026-07-02T14:36:15,E105,C0176,completed
T0001910,MAIN,2026-07-02T11:01:37,E106,C0267,completed
T0001911,MAIN,2026-07-02T13:52:29,E104,,completed
T0001912,MAIN,2026-07-02T13:15:48,E105,C0099,completed
T0001913,MAIN,2026-07-02T17:09:18,E103,,completed
T0001914,MAIN,2026-07-02T12:35:55,E105,C0189,completed
T0001915,MAIN,2026-07-02T12:24:36,E105,C0245,completed
T0001916,MAIN,2026-07-02T12:31:18,E103,C0400,completed
T0001917,MAIN,2026-07-02T18:37:18,E102,C0159,completed
T0001918,MAIN,2026-07-02T19:38:08,E106,C0128,completed
T0001919,MAIN,2026-07-02T10:55:23,E105,,completed
T0001920,MAIN,2026-07-02T10:17:46,E104,,completed
T0001921,MAIN,2026-07-02T19:14:08,E103,,completed
T0001922,MAIN,2026-07-02T10:57:25,E104,C0158,completed
T0001923,MAIN,2026-07-02T14:54:09,E103,C0384,completed
T0001924,MAIN,2026-07-02T11:48:01,E103,C0112,completed
T0001925,MAIN,2026-07-02T18:27:40,E103,C0238,completed
T0001926,MAIN,2026-07-02T12:28:47,E104,C0300,completed
T0001927,MAIN,2026-07-02T12:15:29,E102,C0084,refunded
T0001928,MAIN,2026-07-02T13:40:56,E105,C0352,completed
T0001929,MAIN,2026-07-02T20:24:08,E106,C0039,completed
T0001930,MAIN,2026-07-02T19:07:30,E106,C0270,completed
T0001931,MAIN,2026-07-02T13:23:18,E105,C0052,completed
T0001932,MAIN,2026-07-02T19:23:21,E105,,completed
T0001933,MAIN,2026-07-02T10:03:24,E105,,completed
T0001934,MAIN,2026-07-02T17:21:55,E102,C0082,completed
T0001935,MAIN,2026-07-02T13:27:22,E101,C0367,completed
T0001936,MAIN,2026-07-02T18:44:41,E101,C0376,completed
T0001937,MAIN,2026-07-02T19:21:57,E102,C0031,completed
T0001938,MAIN,2026-07-02T13:12:28,E103,C0113,completed
T0001939,MAIN,2026-07-02T16:36:42,E101,C0198,refunded
T0001940,MAIN,2026-07-02T17:10:26,E104,C0163,completed
T0001941,MAIN,2026-07-02T11:11:38,E103,C0380,completed
T0001942,MAIN,2026-07-02T17:26:57,E105,C0255,completed
T0001943,MAIN,2026-07-02T12:30:46,E104,,completed
T0001944,MAIN,2026-07-02T16:20:33,E105,,completed
T0001945,MAIN,2026-07-02T18:42:44,E105,C0287,refunded
T0001946,MAIN,2026-07-02T11:40:40,E101,,completed
T0001947,MAIN,2026-07-02T20:49:46,E101,C0141,completed
T0001948,MAIN,2026-07-02T11:24:22,E104,C0220,completed
T0001949,MAIN,2026-07-02T14:01:09,E102,,completed
T0001950,MAIN,2026-07-02T17:13:53,E105,,completed
T0001951,MAIN,2026-07-02T11:19:03,E101,C0096,completed
T0001952,MAIN,2026-07-02T16:01:16,E105,,completed
T0001953,MAIN,2026-07-02T14:40:46,E103,C0081,completed
T0001954,MAIN,2026-07-02T17:46:39,E106,,completed
T0001955,MAIN,2026-07-02T11:48:33,E102,C0283,completed
T0001956,MAIN,2026-07-02T18:09:42,E101,,completed
T0001957,MAIN,2026-07-02T11:20:06,E105,,completed
T0001958,MAIN,2026-07-02T18:17:44,E104,C0060,completed
T0001959,MAIN,2026-07-02T14:57:31,E105,C0047,completed
T0001960,MAIN,2026-07-02T17:21:34,E102,C0247,completed
T0001961,MAIN,2026-07-02T14:27:27,E104,C0066,completed
T0001962,MAIN,2026-07-02T19:12:18,E106,C0048,completed
T0001963,MAIN,2026-07-02T18:08:38,E104,,completed
T0001964,MAIN,2026-07-02T11:05:04,E104,,completed
T0001965,MAIN,2026-07-02T12:13:55,E103,C0114,completed
T0001966,MAIN,2026-07-02T13:19:52,E106,C0264,completed
T0001967,MAIN,2026-07-02T18:21:12,E101,C0249,completed
T0001968,MAIN,2026-07-02T12:13:03,E104,C0375,completed
T0001969,MAIN,2026-07-02T13:14:13,E104,C0120,completed
T0001970,MAIN,2026-07-02T16:08:44,E106,,voided
T0001971,MAIN,2026-07-02T17:42:33,E103,,completed
T0001972,MAIN,2026-07-02T12:55:19,E105,C0260,completed
T0001973,MAIN,2026-07-02T20:38:36,E103,,completed
T0001974,MAIN,2026-07-02T18:02:29,E102,C0363,completed
T0001975,MAIN,2026-07-02T16:21:11,E101,,completed
T0001976,MAIN,2026-07-02T12:42:12,E103,C0334,completed
T0001977,MAIN,2026-07-02T10:15:56,E106,C0168,completed
T0001978,MAIN,2026-07-02T10:38:53,E101,C0400,completed
T0001979,MAIN,2026-07-02T15:33:01,E103,,completed
T0001980,MAIN,2026-07-02T20:42:16,E103,,completed
T0001981,MAIN,2026-07-02T16:44:55,E103,C0061,completed
T0001982,MAIN,2026-07-02T09:47:28,E106,,completed
T0001983,MAIN,2026-07-02T09:23:22,E104,C0056,completed
T0001984,MAIN,2026-07-02T18:31:26,E103,,completed
T0001985,MAIN,2026-07-02T16:02:30,E104,C0148,completed
T0001986,MAIN,2026-07-02T14:59:22,E103,,completed
T0001987,MAIN,2026-07-02T13:03:00,E101,C0309,completed
T0001988,MAIN,2026-07-02T17:25:12,E103,C0087,completed
T0001989,MAIN,2026-07-02T15:26:39,E106,C0113,completed
T0001990,MAIN,2026-07-02T12:51:59,E101,,completed
T0001991,MAIN,2026-07-02T17:51:21,E103,,completed
T0001992,MAIN,2026-07-02T17:49:54,E104,C0212,completed
T0001993,MAIN,2026-07-02T12:04:59,E102,,refunded
T0001994,MAIN,2026-07-02T14:46:02,E104,C0215,completed
T0001995,MAIN,2026-07-02T17:06:27,E105,C0244,completed
T0001996,MAIN,2026-07-02T16:47:55,E105,,completed
T0001997,MAIN,2026-07-02T13:06:01,E104,C0059,completed
T0001998,MAIN,2026-07-02T13:26:39,E103,C0334,completed
T0001999,MAIN,2026-07-02T13:08:40,E104,C0368,completed
T0002000,MAIN,2026-07-02T14:48:42,E104,C0052,completed
T0002001,MAIN,2026-07-02T17:05:37,E101,C0030,completed
T0002002,MAIN,2026-07-02T18:37:45,E105,,refunded
T0002003,MAIN,2026-07-03T12:46:57,E101,C0049,completed
T0002004,MAIN,2026-07-03T17:02:44,E105,C0057,completed
T0002005,MAIN,2026-07-03T18:20:33,E106,C0378,completed
T0002006,MAIN,2026-07-03T16:37:50,E102,C0144,completed
T0002007,MAIN,2026-07-03T17:22:27,E103,C0242,completed
T0002008,MAIN,2026-07-03T16:27:14,E105,,completed
T0002009,MAIN,2026-07-03T16:20:33,E104,C0220,completed
T0002010,MAIN,2026-07-03T12:39:35,E101,,completed
T0002011,MAIN,2026-07-03T19:39:20,E101,C0397,completed
T0002012,MAIN,2026-07-03T18:36:21,E105,C0318,completed
T0002013,MAIN,2026-07-03T17:12:24,E105,C0286,completed
T0002014,MAIN,2026-07-03T19:21:03,E103,C0208,completed
T0002015,MAIN,2026-07-03T18:18:23,E106,C0336,completed
T0002016,MAIN,2026-07-03T12:36:15,E102,C0299,completed
T0002017,MAIN,2026-07-03T17:35:37,E102,C0236,completed
T0002018,MAIN,2026-07-03T18:12:16,E101,C0136,completed
T0002019,MAIN,2026-07-03T12:11:04,E104,,completed
T0002020,MAIN,2026-07-03T18:02:05,E101,,completed
T0002021,MAIN,2026-07-03T16:59:24,E101,C0060,completed
T0002022,MAIN,2026-07-03T13:32:54,E106,C0167,completed
T0002023,MAIN,2026-07-03T09:09:12,E101,C0372,completed
T0002024,MAIN,2026-07-03T12:17:21,E101,C0142,completed
T0002025,MAIN,2026-07-03T19:07:23,E104,,completed
T0002026,MAIN,2026-07-03T17:15:44,E102,C0017,completed
T0002027,MAIN,2026-07-03T18:29:13,E106,C0033,refunded
T0002028,MAIN,2026-07-03T18:28:21,E102,C0128,completed
T0002029,MAIN,2026-07-03T11:59:22,E102,,completed
T0002030,MAIN,2026-07-03T14:29:00,E101,C0059,completed
T0002031,MAIN,2026-07-03T14:22:55,E101,C0294,completed
T0002032,MAIN,2026-07-03T13:24:40,E103,C0285,completed
T0002033,MAIN,2026-07-03T16:03:46,E105,C0186,completed
T0002034,MAIN,2026-07-03T18:01:33,E104,C0234,completed
T0002035,MAIN,2026-07-03T12:53:38,E101,C0126,completed
T0002036,MAIN,2026-07-03T16:54:49,E105,,completed
T0002037,MAIN,2026-07-03T15:51:44,E103,C0199,completed
T0002038,MAIN,2026-07-03T09:36:19,E105,,completed
T0002039,MAIN,2026-07-03T20:40:25,E105,,completed
T0002040,MAIN,2026-07-03T19:05:00,E103,C0337,completed
T0002041,MAIN,2026-07-03T16:06:27,E104,C0334,completed
T0002042,MAIN,2026-07-03T12:31:29,E102,C0180,completed
T0002043,MAIN,2026-07-03T12:00:17,E104,,completed
T0002044,MAIN,2026-07-03T18:10:03,E101,C0289,completed
T0002045,MAIN,2026-07-03T19:54:13,E101,C0118,completed
T0002046,MAIN,2026-07-03T19:17:30,E103,C0189,completed
T0002047,MAIN,2026-07-03T12:35:25,E106,,completed
T0002048,MAIN,2026-07-03T16:15:20,E103,C0225,completed
T0002049,MAIN,2026-07-03T09:29:30,E105,C0360,refunded
T0002050,MAIN,2026-07-03T16:30:36,E102,C0056,completed
T0002051,MAIN,2026-07-03T19:56:35,E106,C0384,completed
T0002052,MAIN,2026-07-03T09:26:22,E106,,completed
T0002053,MAIN,2026-07-03T17:05:08,E101,,completed
T0002054,MAIN,2026-07-03T12:45:50,E103,,completed
T0002055,MAIN,2026-07-03T18:18:15,E106,,completed
T0002056,MAIN,2026-07-03T12:06:38,E101,C0067,completed
T0002057,MAIN,2026-07-03T13:22:52,E105,C0293,completed
T0002058,MAIN,2026-07-03T17:51:15,E104,C0143,completed
T0002059,MAIN,2026-07-03T18:58:24,E104,,completed
T0002060,MAIN,2026-07-03T12:56:46,E102,,completed
T0002061,MAIN,2026-07-03T14:39:55,E106,C0293,completed
T0002062,MAIN,2026-07-03T20:05:25,E106,,completed
T0002063,MAIN,2026-07-03T16:19:06,E101,C0247,completed
T0002064,MAIN,2026-07-03T18:24:10,E104,C0102,completed
T0002065,MAIN,2026-07-03T16:05:15,E105,C0139,completed
T0002066,MAIN,2026-07-03T18:58:53,E103,,completed
T0002067,MAIN,2026-07-03T20:17:20,E106,C0308,completed
T0002068,MAIN,2026-07-03T16:10:58,E105,,completed
T0002069,MAIN,2026-07-03T20:01:11,E106,,completed
T0002070,MAIN,2026-07-03T14:26:33,E102,,completed
T0002071,MAIN,2026-07-03T11:25:24,E105,C0286,completed
T0002072,MAIN,2026-07-03T15:41:20,E101,C0293,completed
T0002073,MAIN,2026-07-03T19:52:58,E103,C0118,completed
T0002074,MAIN,2026-07-03T18:59:52,E104,,completed
T0002075,MAIN,2026-07-03T18:00:30,E105,C0135,completed
T0002076,MAIN,2026-07-03T10:20:54,E105,C0273,completed
T0002077,MAIN,2026-07-03T11:24:05,E103,C0348,completed
T0002078,MAIN,2026-07-03T09:18:59,E103,,completed
T0002079,MAIN,2026-07-03T14:18:39,E102,C0033,completed
T0002080,MAIN,2026-07-03T12:27:23,E101,,completed
T0002081,MAIN,2026-07-03T13:05:28,E103,C0007,completed
T0002082,MAIN,2026-07-03T18:15:57,E101,C0260,completed
T0002083,MAIN,2026-07-03T11:02:48,E106,C0033,completed
T0002084,MAIN,2026-07-03T11:42:04,E106,C0328,completed
T0002085,MAIN,2026-07-03T16:18:50,E105,C0089,completed
T0002086,MAIN,2026-07-03T12:35:18,E102,C0346,completed
T0002087,MAIN,2026-07-03T09:24:13,E103,C0143,completed
T0002088,MAIN,2026-07-03T15:41:53,E102,C0089,completed
T0002089,MAIN,2026-07-03T17:54:35,E106,C0260,completed
T0002090,MAIN,2026-07-03T15:32:53,E103,,completed
T0002091,MAIN,2026-07-03T17:20:07,E103,C0194,completed
T0002092,MAIN,2026-07-03T15:10:55,E101,C0146,completed
T0002093,MAIN,2026-07-03T17:13:25,E104,C0016,completed
T0002094,MAIN,2026-07-03T19:36:18,E103,C0050,completed
T0002095,MAIN,2026-07-03T15:59:54,E102,C0277,completed
T0002096,MAIN,2026-07-03T12:23:38,E105,,completed
T0002097,MAIN,2026-07-03T10:53:25,E106,C0132,completed
T0002098,MAIN,2026-07-03T10:41:34,E104,,completed
T0002099,MAIN,2026-07-03T19:32:23,E102,,completed
T0002100,MAIN,2026-07-03T18:54:45,E105,,completed
T0002101,MAIN,2026-07-03T18:51:02,E103,C0378,completed
T0002102,MAIN,2026-07-03T14:21:06,E105,C0214,completed
T0002103,MAIN,2026-07-03T10:10:19,E103,C0137,completed
T0002104,MAIN,2026-07-03T16:59:18,E106,C0197,completed
T0002105,MAIN,2026-07-03T14:21:07,E106,,completed
T0002106,MAIN,2026-07-03T17:03:56,E102,,completed
T0002107,MAIN,2026-07-03T18:28:44,E101,C0131,completed
T0002108,MAIN,2026-07-03T15:40:50,E105,C0050,completed
T0002109,MAIN,2026-07-03T13:44:39,E106,C0377,completed
T0002110,MAIN,2026-07-03T17:44:53,E102,,completed
T0002111,MAIN,2026-07-03T15:52:39,E106,,completed
T0002112,MAIN,2026-07-03T11:26:49,E102,C0340,completed
T0002113,MAIN,2026-07-03T09:03:06,E102,,completed
T0002114,MAIN,2026-07-04T15:13:15,E101,,completed
T0002115,MAIN,2026-07-04T09:58:55,E101,C0146,completed
T0002116,MAIN,2026-07-04T16:16:46,E106,,completed
T0002117,MAIN,2026-07-04T12:16:33,E103,C0012,completed
T0002118,MAIN,2026-07-04T17:14:51,E102,C0220,completed
T0002119,MAIN,2026-07-04T18:56:58,E101,C0353,completed
T0002120,MAIN,2026-07-04T13:45:57,E105,,completed
T0002121,MAIN,2026-07-04T11:55:51,E105,C0382,completed
T0002122,MAIN,2026-07-04T18:26:51,E101,C0238,completed
T0002123,MAIN,2026-07-04T19:24:39,E103,C0078,completed
T0002124,MAIN,2026-07-04T11:22:07,E103,C0029,completed
T0002125,MAIN,2026-07-04T18:55:54,E104,C0136,completed
T0002126,MAIN,2026-07-04T19:11:06,E103,,completed
T0002127,MAIN,2026-07-04T09:22:47,E103,,completed
T0002128,MAIN,2026-07-04T11:55:52,E104,C0013,completed
T0002129,MAIN,2026-07-04T14:28:38,E105,C0045,completed
T0002130,MAIN,2026-07-04T18:01:52,E101,,completed
T0002131,MAIN,2026-07-04T12:07:03,E104,C0221,completed
T0002132,MAIN,2026-07-04T10:48:32,E104,,completed
T0002133,MAIN,2026-07-04T17:29:24,E104,C0288,completed
T0002134,MAIN,2026-07-04T12:46:32,E105,C0344,completed
T0002135,MAIN,2026-07-04T15:54:18,E105,,completed
T0002136,MAIN,2026-07-04T14:38:21,E104,C0057,completed
T0002137,MAIN,2026-07-04T17:28:36,E103,C0057,completed
T0002138,MAIN,2026-07-04T17:35:35,E106,C0272,completed
T0002139,MAIN,2026-07-04T15:38:05,E103,,completed
T0002140,MAIN,2026-07-04T17:54:57,E105,C0187,completed
T0002141,MAIN,2026-07-04T13:27:34,E101,,completed
T0002142,MAIN,2026-07-04T18:36:38,E103,,completed
T0002143,MAIN,2026-07-04T19:47:49,E105,C0004,completed
T0002144,MAIN,2026-07-04T18:13:11,E106,C0146,completed
T0002145,MAIN,2026-07-04T14:14:12,E104,C0308,completed
T0002146,MAIN,2026-07-04T15:29:27,E102,C0323,completed
T0002147,MAIN,2026-07-04T14:41:50,E105,,completed
T0002148,MAIN,2026-07-04T13:20:27,E101,,completed
T0002149,MAIN,2026-07-04T10:57:08,E102,,completed
T0002150,MAIN,2026-07-04T11:22:25,E106,C0020,completed
T0002151,MAIN,2026-07-04T16:59:12,E101,C0094,completed
T0002152,MAIN,2026-07-04T17:50:20,E102,C0264,completed
T0002153,MAIN,2026-07-04T17:41:04,E106,C0242,completed
T0002154,MAIN,2026-07-04T16:51:08,E104,C0235,completed
T0002155,MAIN,2026-07-04T13:19:42,E106,C0204,completed
T0002156,MAIN,2026-07-04T17:38:05,E102,C0194,completed
T0002157,MAIN,2026-07-04T17:38:57,E102,C0162,completed
T0002158,MAIN,2026-07-04T15:20:38,E104,C0050,completed
T0002159,MAIN,2026-07-04T16:55:26,E103,C0106,completed
T0002160,MAIN,2026-07-04T09:39:23,E104,C0058,completed
T0002161,MAIN,2026-07-04T17:50:04,E101,C0321,completed
T0002162,MAIN,2026-07-04T19:10:48,E102,,completed
T0002163,MAIN,2026-07-04T16:09:14,E102,C0290,completed
T0002164,MAIN,2026-07-04T14:34:21,E103,C0012,completed
T0002165,MAIN,2026-07-04T13:54:36,E101,C0359,completed
T0002166,MAIN,2026-07-04T18:20:55,E104,,completed
T0002167,MAIN,2026-07-04T20:08:31,E101,,completed
T0002168,MAIN,2026-07-04T17:24:45,E105,C0173,completed
T0002169,MAIN,2026-07-04T17:33:58,E102,C0303,completed
T0002170,MAIN,2026-07-04T14:53:56,E103,C0345,completed
T0002171,MAIN,2026-07-04T11:36:20,E103,,completed
T0002172,MAIN,2026-07-04T12:36:24,E101,C0044,completed
T0002173,MAIN,2026-07-04T19:37:23,E106,C0180,completed
T0002174,MAIN,2026-07-04T11:48:36,E102,C0067,completed
T0002175,MAIN,2026-07-04T12:50:55,E102,C0337,completed
T0002176,MAIN,2026-07-04T18:53:59,E105,C0269,completed
T0002177,MAIN,2026-07-04T17:57:45,E105,C0027,completed
T0002178,MAIN,2026-07-04T18:48:00,E103,C0349,completed
T0002179,MAIN,2026-07-04T15:02:02,E103,,completed
T0002180,MAIN,2026-07-04T09:18:14,E105,,completed
T0002181,MAIN,2026-07-04T15:11:26,E105,,refunded
T0002182,MAIN,2026-07-04T20:20:28,E104,C0379,completed
T0002183,MAIN,2026-07-04T12:36:17,E101,,completed
T0002184,MAIN,2026-07-04T16:23:32,E103,C0107,completed
T0002185,MAIN,2026-07-04T13:20:44,E102,C0180,completed
T0002186,MAIN,2026-07-04T10:12:34,E104,C0285,completed
T0002187,MAIN,2026-07-04T14:16:46,E103,,completed
T0002188,MAIN,2026-07-04T11:08:29,E106,C0201,completed
T0002189,MAIN,2026-07-04T20:06:36,E103,,completed
T0002190,MAIN,2026-07-04T15:18:40,E104,C0036,completed
T0002191,MAIN,2026-07-04T13:28:04,E106,,completed
T0002192,MAIN,2026-07-04T16:09:19,E104,,completed
T0002193,MAIN,2026-07-04T13:53:37,E103,C0170,completed
T0002194,MAIN,2026-07-04T13:03:44,E101,C0085,completed
T0002195,MAIN,2026-07-04T12:25:10,E105,C0158,completed
T0002196,MAIN,2026-07-04T14:45:46,E102,C0059,completed
T0002197,MAIN,2026-07-04T19:42:57,E104,,completed
T0002198,MAIN,2026-07-04T17:48:58,E103,C0146,completed
T0002199,MAIN,2026-07-04T11:37:32,E105,C0152,completed
T0002200,MAIN,2026-07-04T19:32:33,E102,C0133,completed
T0002201,MAIN,2026-07-04T20:31:29,E104,,completed
T0002202,MAIN,2026-07-04T14:01:41,E104,C0168,completed
T0002203,MAIN,2026-07-04T13:20:12,E105,C0049,completed
T0002204,MAIN,2026-07-04T14:02:36,E106,C0300,completed
T0002205,MAIN,2026-07-04T11:58:22,E102,C0291,completed
T0002206,MAIN,2026-07-04T16:34:33,E101,,completed
T0002207,MAIN,2026-07-04T16:38:39,E103,C0350,completed
T0002208,MAIN,2026-07-04T10:42:20,E103,,completed
T0002209,MAIN,2026-07-04T13:23:07,E105,C0310,completed
T0002210,MAIN,2026-07-04T10:01:26,E104,,completed
T0002211,MAIN,2026-07-04T17:44:39,E101,C0145,completed
T0002212,MAIN,2026-07-04T14:21:15,E101,C0075,completed
T0002213,MAIN,2026-07-04T14:55:47,E105,C0234,completed
T0002214,MAIN,2026-07-04T10:21:45,E104,C0108,completed
T0002215,MAIN,2026-07-04T18:12:39,E105,C0253,completed
T0002216,MAIN,2026-07-04T15:43:01,E104,C0298,completed
T0002217,MAIN,2026-07-04T18:20:26,E106,,completed
T0002218,MAIN,2026-07-04T18:25:05,E104,C0011,completed
T0002219,MAIN,2026-07-04T16:37:30,E106,C0198,completed
T0002220,MAIN,2026-07-04T18:43:18,E106,C0070,completed
T0002221,MAIN,2026-07-04T17:03:14,E104,C0137,completed
T0002222,MAIN,2026-07-04T12:29:18,E105,,completed
T0002223,MAIN,2026-07-04T13:40:12,E104,,completed
T0002224,MAIN,2026-07-04T09:34:22,E105,C0030,completed
T0002225,MAIN,2026-07-04T15:51:09,E102,C0358,completed
T0002226,MAIN,2026-07-04T14:14:52,E101,,completed
T0002227,MAIN,2026-07-04T20:09:18,E101,C0323,completed
T0002228,MAIN,2026-07-04T20:56:55,E106,,completed
T0002229,MAIN,2026-07-04T15:27:44,E106,C0280,completed
T0002230,MAIN,2026-07-04T12:07:09,E106,,completed
T0002231,MAIN,2026-07-04T18:30:28,E105,,completed
T0002232,MAIN,2026-07-04T17:29:27,E102,C0385,completed
T0002233,MAIN,2026-07-04T14:30:03,E106,,completed
T0002234,MAIN,2026-07-04T12:17:50,E101,,completed
T0002235,MAIN,2026-07-04T10:05:30,E102,C0186,completed
T0002236,MAIN,2026-07-04T09:36:03,E103,C0300,completed
T0002237,MAIN,2026-07-04T19:19:27,E102,,completed
T0002238,MAIN,2026-07-04T17:55:47,E103,,completed
T0002239,MAIN,2026-07-04T09:16:41,E103,C0173,completed
T0002240,MAIN,2026-07-04T11:25:04,E103,C0340,completed
T0002241,MAIN,2026-07-04T19:09:42,E106,C0306,completed
T0002242,MAIN,2026-07-04T11:54:38,E106,C0011,completed
T0002243,MAIN,2026-07-04T13:50:30,E105,,completed
T0002244,MAIN,2026-07-04T16:25:30,E102,,completed
T0002245,MAIN,2026-07-04T10:55:39,E105,C0034,completed
T0002246,MAIN,2026-07-04T20:44:11,E103,C0044,completed
T0002247,MAIN,2026-07-04T13:09:26,E103,C0250,completed
T0002248,MAIN,2026-07-04T15:46:55,E103,C0256,completed
T0002249,MAIN,2026-07-04T18:22:03,E101,C0167,completed
T0002250,MAIN,2026-07-04T11:41:37,E101,C0124,completed
T0002251,MAIN,2026-07-04T18:58:42,E101,C0206,completed
T0002252,MAIN,2026-07-04T17:31:55,E104,C0102,completed
T0002253,MAIN,2026-07-04T18:30:58,E103,,completed
T0002254,MAIN,2026-07-04T14:04:19,E101,,completed
T0002255,MAIN,2026-07-04T18:50:15,E105,C0282,completed
T0002256,MAIN,2026-07-04T17:31:21,E104,C0159,completed
T0002257,MAIN,2026-07-04T13:53:11,E106,C0177,completed
T0002258,MAIN,2026-07-04T15:09:01,E103,,completed
T0002259,MAIN,2026-07-04T18:38:59,E101,,completed
T0002260,MAIN,2026-07-04T16:48:52,E104,,completed
T0002261,MAIN,2026-07-04T12:44:57,E105,,completed
T0002262,MAIN,2026-07-04T13:27:58,E105,C0189,completed
T0002263,MAIN,2026-07-04T14:43:55,E103,,completed
T0002264,MAIN,2026-07-04T20:10:10,E104,C0160,completed
T0002265,MAIN,2026-07-04T12:01:18,E103,C0164,completed
T0002266,MAIN,2026-07-04T16:31:33,E102,,completed
T0002267,MAIN,2026-07-04T14:59:10,E104,C0022,completed
T0002268,MAIN,2026-07-04T10:31:18,E103,,completed
T0002269,MAIN,2026-07-04T18:48:34,E104,C0065,completed
T0002270,MAIN,2026-07-04T18:15:34,E103,C0332,completed
T0002271,MAIN,2026-07-04T16:03:58,E101,C0038,completed
T0002272,MAIN,2026-07-04T18:04:03,E104,C0285,completed
T0002273,MAIN,2026-07-04T18:25:10,E105,C0146,completed
T0002274,MAIN,2026-07-04T11:46:07,E106,C0197,completed
T0002275,MAIN,2026-07-04T13:29:26,E106,C0013,completed
T0002276,MAIN,2026-07-04T10:21:11,E101,,completed
T0002277,MAIN,2026-07-04T12:11:41,E102,C0173,refunded
T0002278,MAIN,2026-07-04T18:54:06,E102,C0052,completed
T0002279,MAIN,2026-07-04T19:23:16,E101,,completed
T0002280,MAIN,2026-07-04T12:26:17,E104,C0048,completed
T0002281,MAIN,2026-07-04T12:27:26,E103,,completed
T0002282,MAIN,2026-07-04T14:36:52,E101,C0239,completed
T0002283,MAIN,2026-07-04T19:49:00,E105,C0313,completed
T0002284,MAIN,2026-07-04T15:12:21,E104,C0221,completed
T0002285,MAIN,2026-07-04T18:44:50,E102,C0375,completed
T0002286,MAIN,2026-07-04T11:24:36,E106,,completed
T0002287,MAIN,2026-07-04T18:58:59,E106,C0204,completed
T0002288,MAIN,2026-07-04T16:09:12,E105,C0340,completed
T0002289,MAIN,2026-07-04T11:22:35,E105,C0217,completed
T0002290,MAIN,2026-07-04T13:32:42,E101,C0108,completed
T0002291,MAIN,2026-07-04T16:52:51,E104,C0259,completed
T0002292,MAIN,2026-07-04T13:58:55,E102,C0284,completed
T0002293,MAIN,2026-07-04T18:52:58,E101,,completed
T0002294,MAIN,2026-07-04T13:13:00,E103,C0096,completed
T0002295,MAIN,2026-07-04T20:26:22,E102,C0280,completed
T0002296,MAIN,2026-07-04T19:48:43,E106,C0115,completed
T0002297,MAIN,2026-07-04T10:47:52,E104,,completed
T0002298,MAIN,2026-07-04T16:58:53,E105,C0258,completed
T0002299,MAIN,2026-07-04T11:56:12,E103,C0143,completed
T0002300,MAIN,2026-07-04T20:05:46,E102,,completed
T0002301,MAIN,2026-07-04T18:07:50,E103,,completed
T0002302,MAIN,2026-07-05T14:13:00,E101,C0068,completed
T0002303,MAIN,2026-07-05T15:51:40,E103,,completed
T0002304,MAIN,2026-07-05T11:43:04,E102,C0117,completed
T0002305,MAIN,2026-07-05T17:14:51,E101,C0304,completed
T0002306,MAIN,2026-07-05T11:30:44,E101,,completed
T0002307,MAIN,2026-07-05T18:15:03,E104,C0157,completed
T0002308,MAIN,2026-07-05T16:09:47,E103,,completed
T0002309,MAIN,2026-07-05T12:27:24,E102,,completed
T0002310,MAIN,2026-07-05T18:58:34,E101,,completed
T0002311,MAIN,2026-07-05T12:15:54,E104,C0391,completed
T0002312,MAIN,2026-07-05T12:14:33,E104,C0205,completed
T0002313,MAIN,2026-07-05T11:52:22,E105,C0264,completed
T0002314,MAIN,2026-07-05T14:27:43,E101,,completed
T0002315,MAIN,2026-07-05T15:56:32,E103,C0225,completed
T0002316,MAIN,2026-07-05T19:56:10,E102,,completed
T0002317,MAIN,2026-07-05T09:07:09,E103,C0220,completed
T0002318,MAIN,2026-07-05T19:04:22,E106,C0367,completed
T0002319,MAIN,2026-07-05T15:29:12,E105,C0277,completed
T0002320,MAIN,2026-07-05T12:51:40,E104,C0050,completed
T0002321,MAIN,2026-07-05T14:12:56,E102,C0394,completed
T0002322,MAIN,2026-07-05T11:27:08,E102,,completed
T0002323,MAIN,2026-07-05T16:42:05,E101,,completed
T0002324,MAIN,2026-07-05T13:55:58,E104,,completed
T0002325,MAIN,2026-07-05T20:21:03,E101,C0301,completed
T0002326,MAIN,2026-07-05T15:43:48,E101,C0240,completed
T0002327,MAIN,2026-07-05T12:41:41,E101,,completed
T0002328,MAIN,2026-07-05T11:43:16,E104,C0244,completed
T0002329,MAIN,2026-07-05T16:44:16,E101,C0258,completed
T0002330,MAIN,2026-07-05T18:14:32,E106,C0266,refunded
T0002331,MAIN,2026-07-05T18:10:23,E103,C0066,completed
T0002332,MAIN,2026-07-05T18:20:12,E105,C0105,completed
T0002333,MAIN,2026-07-05T12:34:29,E102,,completed
T0002334,MAIN,2026-07-05T19:43:38,E104,,completed
T0002335,MAIN,2026-07-05T14:11:13,E106,C0047,completed
T0002336,MAIN,2026-07-05T19:38:23,E106,,completed
T0002337,MAIN,2026-07-05T10:44:57,E102,,completed
T0002338,MAIN,2026-07-05T13:32:22,E106,C0304,completed
T0002339,MAIN,2026-07-05T14:45:29,E103,C0111,completed
T0002340,MAIN,2026-07-05T14:13:38,E102,C0044,completed
T0002341,MAIN,2026-07-05T17:57:12,E105,C0308,completed
T0002342,MAIN,2026-07-05T20:13:18,E106,,completed
T0002343,MAIN,2026-07-05T19:21:05,E104,C0251,completed
T0002344,MAIN,2026-07-05T16:08:47,E104,,completed
T0002345,MAIN,2026-07-05T13:40:24,E103,C0228,completed
T0002346,MAIN,2026-07-05T13:38:08,E106,C0322,completed
T0002347,MAIN,2026-07-05T17:56:36,E101,C0113,completed
T0002348,MAIN,2026-07-05T11:51:23,E102,C0245,completed
T0002349,MAIN,2026-07-05T11:55:06,E104,,completed
T0002350,MAIN,2026-07-05T19:09:10,E105,C0256,completed
T0002351,MAIN,2026-07-05T18:43:02,E106,,refunded
T0002352,MAIN,2026-07-05T15:10:04,E102,C0309,completed
T0002353,MAIN,2026-07-05T18:13:20,E106,C0063,completed
T0002354,MAIN,2026-07-05T16:27:20,E106,C0194,completed
T0002355,MAIN,2026-07-05T10:00:21,E104,C0012,completed
T0002356,MAIN,2026-07-05T13:13:30,E101,,completed
T0002357,MAIN,2026-07-05T20:40:35,E104,C0257,completed
T0002358,MAIN,2026-07-05T10:38:54,E104,C0291,completed
T0002359,MAIN,2026-07-05T20:08:54,E104,C0357,completed
T0002360,MAIN,2026-07-05T19:05:26,E103,C0136,completed
T0002361,MAIN,2026-07-05T14:12:45,E103,C0190,completed
T0002362,MAIN,2026-07-05T18:39:24,E104,,completed
T0002363,MAIN,2026-07-05T13:26:50,E101,C0389,completed
T0002364,MAIN,2026-07-05T13:47:29,E104,C0132,completed
T0002365,MAIN,2026-07-05T18:56:32,E104,C0014,completed
T0002366,MAIN,2026-07-05T14:04:23,E102,C0311,completed
T0002367,MAIN,2026-07-05T17:45:23,E103,C0028,completed
T0002368,MAIN,2026-07-05T12:55:33,E104,C0128,completed
T0002369,MAIN,2026-07-05T15:34:29,E104,,completed
T0002370,MAIN,2026-07-05T13:28:27,E103,C0260,completed
T0002371,MAIN,2026-07-05T10:42:54,E104,,completed
T0002372,MAIN,2026-07-05T18:35:34,E101,C0335,completed
T0002373,MAIN,2026-07-05T13:12:31,E106,C0062,completed
T0002374,MAIN,2026-07-05T19:30:39,E104,C0335,completed
T0002375,MAIN,2026-07-05T09:57:47,E101,C0229,completed
T0002376,MAIN,2026-07-05T15:13:31,E103,C0223,completed
T0002377,MAIN,2026-07-05T13:23:52,E106,,completed
T0002378,MAIN,2026-07-05T16:48:54,E103,,completed
T0002379,MAIN,2026-07-05T09:31:15,E106,,completed
T0002380,MAIN,2026-07-05T20:20:41,E106,,completed
T0002381,MAIN,2026-07-05T12:06:27,E102,,voided
T0002382,MAIN,2026-07-05T14:41:25,E101,,completed
T0002383,MAIN,2026-07-05T14:24:52,E105,,completed
T0002384,MAIN,2026-07-05T15:40:23,E106,,completed
T0002385,MAIN,2026-07-05T16:01:33,E104,,completed
T0002386,MAIN,2026-07-05T16:10:54,E102,,completed
T0002387,MAIN,2026-07-05T12:28:38,E104,,completed
T0002388,MAIN,2026-07-05T14:42:36,E105,,completed
T0002389,MAIN,2026-07-05T18:54:53,E101,C0331,completed
T0002390,MAIN,2026-07-05T16:59:46,E103,,completed
T0002391,MAIN,2026-07-05T13:29:03,E103,C0217,completed
T0002392,MAIN,2026-07-05T12:46:06,E105,C0217,completed
T0002393,MAIN,2026-07-05T14:44:12,E104,C0104,completed
T0002394,MAIN,2026-07-05T12:15:19,E103,C0172,completed
T0002395,MAIN,2026-07-05T12:29:16,E102,C0066,completed
T0002396,MAIN,2026-07-05T09:46:32,E102,C0217,completed
T0002397,MAIN,2026-07-05T16:09:04,E104,C0092,completed
T0002398,MAIN,2026-07-05T11:56:52,E102,C0040,completed
T0002399,MAIN,2026-07-05T10:33:43,E105,C0022,completed
T0002400,MAIN,2026-07-06T10:25:45,E106,C0106,completed
T0002401,MAIN,2026-07-06T10:02:19,E106,,completed
T0002402,MAIN,2026-07-06T18:48:50,E106,C0218,completed
T0002403,MAIN,2026-07-06T11:41:17,E103,C0327,completed
T0002404,MAIN,2026-07-06T13:58:18,E103,C0338,completed
T0002405,MAIN,2026-07-06T13:11:45,E101,C0112,completed
T0002406,MAIN,2026-07-06T11:35:04,E105,C0320,completed
T0002407,MAIN,2026-07-06T17:14:59,E104,C0026,completed
T0002408,MAIN,2026-07-06T18:30:29,E103,C0056,completed
T0002409,MAIN,2026-07-06T18:54:15,E101,C0249,completed
T0002410,MAIN,2026-07-06T11:54:07,E106,C0266,completed
T0002411,MAIN,2026-07-06T16:08:04,E102,C0055,completed
T0002412,MAIN,2026-07-06T12:04:15,E105,,completed
T0002413,MAIN,2026-07-06T16:37:43,E101,C0333,completed
T0002414,MAIN,2026-07-06T12:09:55,E105,C0369,completed
T0002415,MAIN,2026-07-06T18:43:02,E101,C0149,completed
T0002416,MAIN,2026-07-06T17:26:42,E105,,completed
T0002417,MAIN,2026-07-06T18:21:21,E101,,completed
T0002418,MAIN,2026-07-06T12:11:20,E101,,completed
T0002419,MAIN,2026-07-06T13:02:18,E101,,completed
T0002420,MAIN,2026-07-06T16:00:54,E106,,completed
T0002421,MAIN,2026-07-06T13:52:21,E105,C0048,completed
T0002422,MAIN,2026-07-06T12:31:20,E101,C0232,completed
T0002423,MAIN,2026-07-06T15:57:04,E102,,completed
T0002424,MAIN,2026-07-06T18:01:39,E103,C0283,completed
T0002425,MAIN,2026-07-06T13:33:59,E105,C0345,completed
T0002426,MAIN,2026-07-06T13:03:43,E102,C0287,completed
T0002427,MAIN,2026-07-06T17:14:31,E102,C0031,completed
T0002428,MAIN,2026-07-06T12:56:59,E102,C0076,completed
T0002429,MAIN,2026-07-06T19:10:02,E106,C0313,completed
T0002430,MAIN,2026-07-06T18:48:31,E104,C0151,completed
T0002431,MAIN,2026-07-06T10:56:13,E103,C0363,completed
T0002432,MAIN,2026-07-06T14:46:05,E102,C0226,completed
T0002433,MAIN,2026-07-06T18:41:59,E102,,completed
T0002434,MAIN,2026-07-06T12:15:39,E105,C0215,completed
T0002435,MAIN,2026-07-06T13:56:33,E106,,completed
T0002436,MAIN,2026-07-06T16:15:52,E105,C0399,completed
T0002437,MAIN,2026-07-06T18:42:57,E105,C0064,completed
T0002438,MAIN,2026-07-06T14:23:26,E104,C0201,completed
T0002439,MAIN,2026-07-06T18:46:48,E104,,completed
T0002440,MAIN,2026-07-06T10:57:11,E104,,completed
T0002441,MAIN,2026-07-06T18:28:56,E103,,completed
T0002442,MAIN,2026-07-06T17:54:38,E103,,completed
T0002443,MAIN,2026-07-06T18:09:03,E104,C0203,completed
T0002444,MAIN,2026-07-06T20:59:59,E105,C0068,completed
T0002445,MAIN,2026-07-06T11:29:33,E105,C0023,completed
T0002446,MAIN,2026-07-06T14:13:09,E102,,completed
T0002447,MAIN,2026-07-06T18:28:29,E106,,completed
T0002448,MAIN,2026-07-06T12:37:47,E101,C0284,completed
T0002449,MAIN,2026-07-06T09:05:40,E101,C0387,completed
T0002450,MAIN,2026-07-06T18:03:29,E101,C0025,completed
T0002451,MAIN,2026-07-06T11:01:16,E102,C0134,completed
T0002452,MAIN,2026-07-06T10:54:58,E104,C0386,completed
T0002453,MAIN,2026-07-06T19:34:48,E101,C0236,completed
T0002454,MAIN,2026-07-06T16:01:22,E106,C0245,completed
T0002455,MAIN,2026-07-06T18:51:50,E106,C0314,completed
T0002456,MAIN,2026-07-06T14:38:55,E106,C0391,completed
T0002457,MAIN,2026-07-06T16:46:42,E102,C0315,completed
T0002458,MAIN,2026-07-06T12:10:30,E104,C0107,completed
T0002459,MAIN,2026-07-06T12:44:58,E102,C0195,completed
T0002460,MAIN,2026-07-06T10:05:17,E106,,completed
T0002461,MAIN,2026-07-06T19:44:40,E101,,completed
T0002462,MAIN,2026-07-06T20:39:55,E106,C0022,refunded
T0002463,MAIN,2026-07-06T18:36:18,E106,C0222,completed
T0002464,MAIN,2026-07-06T12:38:49,E104,C0038,completed
T0002465,MAIN,2026-07-06T16:51:13,E101,C0134,completed
T0002466,MAIN,2026-07-06T15:24:12,E106,C0145,completed
T0002467,MAIN,2026-07-06T20:27:29,E102,C0056,completed
T0002468,MAIN,2026-07-06T17:56:36,E101,C0272,completed
T0002469,MAIN,2026-07-06T16:32:14,E105,C0275,completed
T0002470,MAIN,2026-07-06T19:17:34,E102,,refunded
T0002471,MAIN,2026-07-06T17:56:31,E101,,completed
T0002472,MAIN,2026-07-06T14:40:10,E103,C0049,completed
T0002473,MAIN,2026-07-06T12:49:22,E102,,completed
T0002474,MAIN,2026-07-06T12:48:52,E103,C0233,completed
T0002475,MAIN,2026-07-06T11:57:52,E105,C0130,completed
T0002476,MAIN,2026-07-06T15:30:38,E103,C0059,completed
T0002477,MAIN,2026-07-06T14:40:11,E101,C0062,completed
T0002478,MAIN,2026-07-06T17:55:22,E104,C0057,completed
T0002479,MAIN,2026-07-06T19:18:35,E104,,completed
T0002480,MAIN,2026-07-06T17:07:06,E103,,completed
T0002481,MAIN,2026-07-06T18:08:56,E102,,completed
T0002482,MAIN,2026-07-06T19:36:09,E106,C0256,completed
T0002483,MAIN,2026-07-06T18:08:18,E103,,completed
T0002484,MAIN,2026-07-06T18:19:57,E101,,refunded
T0002485,MAIN,2026-07-06T14:57:55,E105,,completed
T0002486,MAIN,2026-07-06T16:19:16,E104,C0338,completed
T0002487,MAIN,2026-07-06T12:10:21,E104,C0001,completed
T0002488,MAIN,2026-07-06T16:26:17,E102,,completed
T0002489,MAIN,2026-07-06T14:56:33,E101,C0304,completed
T0002490,MAIN,2026-07-07T10:01:31,E106,C0249,completed
T0002491,MAIN,2026-07-07T10:05:01,E106,,completed
T0002492,MAIN,2026-07-07T18:33:14,E106,,completed
T0002493,MAIN,2026-07-07T14:37:56,E102,C0036,completed
T0002494,MAIN,2026-07-07T14:40:44,E101,C0214,completed
T0002495,MAIN,2026-07-07T12:11:52,E105,C0357,completed
T0002496,MAIN,2026-07-07T10:49:44,E104,C0229,completed
T0002497,MAIN,2026-07-07T20:12:34,E103,,completed
T0002498,MAIN,2026-07-07T11:14:38,E106,C0073,completed
T0002499,MAIN,2026-07-07T12:35:59,E106,C0089,completed
T0002500,MAIN,2026-07-07T19:49:10,E102,C0379,completed
T0002501,MAIN,2026-07-07T18:47:33,E106,C0078,completed
T0002502,MAIN,2026-07-07T11:05:59,E105,C0324,completed
T0002503,MAIN,2026-07-07T12:34:25,E101,,completed
T0002504,MAIN,2026-07-07T19:04:31,E101,C0320,completed
T0002505,MAIN,2026-07-07T19:16:32,E103,C0140,completed
T0002506,MAIN,2026-07-07T20:59:52,E104,C0153,completed
T0002507,MAIN,2026-07-07T10:03:28,E102,C0198,completed
T0002508,MAIN,2026-07-07T15:14:18,E105,,completed
T0002509,MAIN,2026-07-07T15:59:02,E106,,completed
T0002510,MAIN,2026-07-07T19:14:28,E103,,completed
T0002511,MAIN,2026-07-07T20:16:49,E102,,completed
T0002512,MAIN,2026-07-07T18:13:55,E102,C0152,completed
T0002513,MAIN,2026-07-07T11:45:28,E102,C0046,completed
T0002514,MAIN,2026-07-07T10:35:21,E106,C0079,completed
T0002515,MAIN,2026-07-07T20:52:58,E103,C0047,completed
T0002516,MAIN,2026-07-07T12:20:16,E106,C0214,completed
T0002517,MAIN,2026-07-07T18:49:49,E106,C0130,completed
T0002518,MAIN,2026-07-07T12:33:21,E101,C0229,completed
T0002519,MAIN,2026-07-07T12:26:27,E102,,completed
T0002520,MAIN,2026-07-07T13:53:44,E103,C0115,completed
T0002521,MAIN,2026-07-07T19:11:22,E104,C0249,completed
T0002522,MAIN,2026-07-07T14:10:47,E104,C0176,completed
T0002523,MAIN,2026-07-07T09:13:34,E101,C0315,completed
T0002524,MAIN,2026-07-07T11:25:05,E101,C0199,completed
T0002525,MAIN,2026-07-07T17:07:32,E103,C0159,completed
T0002526,MAIN,2026-07-07T12:06:54,E101,C0341,completed
T0002527,MAIN,2026-07-07T13:03:33,E106,C0141,completed
T0002528,MAIN,2026-07-07T11:41:17,E101,C0007,completed
T0002529,MAIN,2026-07-07T12:22:33,E105,,completed
T0002530,MAIN,2026-07-07T17:36:53,E104,,completed
T0002531,MAIN,2026-07-07T13:36:35,E101,,completed
T0002532,MAIN,2026-07-07T16:23:28,E105,C0350,completed
T0002533,MAIN,2026-07-07T12:59:15,E102,C0384,completed
T0002534,MAIN,2026-07-07T17:53:27,E103,,completed
T0002535,MAIN,2026-07-07T17:48:30,E105,C0333,voided
T0002536,MAIN,2026-07-07T11:38:01,E102,C0377,completed
T0002537,MAIN,2026-07-07T15:41:25,E104,,completed
T0002538,MAIN,2026-07-07T12:33:17,E103,C0397,completed
T0002539,MAIN,2026-07-07T13:41:53,E105,,completed
T0002540,MAIN,2026-07-07T19:54:14,E106,C0188,completed
T0002541,MAIN,2026-07-07T19:27:40,E104,C0192,completed
T0002542,MAIN,2026-07-07T18:06:48,E101,C0373,completed
T0002543,MAIN,2026-07-07T09:26:36,E103,C0046,completed
T0002544,MAIN,2026-07-07T10:18:50,E101,C0088,completed
T0002545,MAIN,2026-07-07T19:22:53,E102,,refunded
T0002546,MAIN,2026-07-07T19:13:17,E106,C0172,completed
T0002547,MAIN,2026-07-07T19:21:01,E101,C0080,completed
T0002548,MAIN,2026-07-07T17:21:15,E103,,completed
T0002549,MAIN,2026-07-07T13:24:13,E101,C0009,completed
T0002550,MAIN,2026-07-07T20:26:59,E105,,completed
T0002551,MAIN,2026-07-07T19:49:18,E104,C0064,completed
T0002552,MAIN,2026-07-07T17:31:30,E102,C0035,completed
T0002553,MAIN,2026-07-07T17:50:45,E105,C0178,completed
T0002554,MAIN,2026-07-08T11:30:44,E102,,completed
T0002555,MAIN,2026-07-08T14:47:22,E106,C0337,refunded
T0002556,MAIN,2026-07-08T17:47:06,E102,C0378,completed
T0002557,MAIN,2026-07-08T20:40:47,E102,C0205,completed
T0002558,MAIN,2026-07-08T14:57:54,E105,C0103,completed
T0002559,MAIN,2026-07-08T19:07:18,E106,,completed
T0002560,MAIN,2026-07-08T13:31:22,E102,C0373,completed
T0002561,MAIN,2026-07-08T20:29:13,E106,C0074,completed
T0002562,MAIN,2026-07-08T15:35:58,E106,C0377,completed
T0002563,MAIN,2026-07-08T14:25:33,E105,,completed
T0002564,MAIN,2026-07-08T10:50:11,E103,C0037,completed
T0002565,MAIN,2026-07-08T11:36:17,E104,C0358,voided
T0002566,MAIN,2026-07-08T18:12:29,E102,C0040,completed
T0002567,MAIN,2026-07-08T18:31:26,E102,,completed
T0002568,MAIN,2026-07-08T18:01:00,E105,C0278,completed
T0002569,MAIN,2026-07-08T14:17:25,E104,C0228,completed
T0002570,MAIN,2026-07-08T15:16:40,E104,,completed
T0002571,MAIN,2026-07-08T19:14:29,E103,C0065,voided
T0002572,MAIN,2026-07-08T13:38:47,E103,C0098,completed
T0002573,MAIN,2026-07-08T09:21:20,E102,C0252,completed
T0002574,MAIN,2026-07-08T14:44:14,E104,C0091,completed
T0002575,MAIN,2026-07-08T10:02:42,E101,C0117,completed
T0002576,MAIN,2026-07-08T19:50:07,E102,C0044,completed
T0002577,MAIN,2026-07-08T15:56:48,E105,,completed
T0002578,MAIN,2026-07-08T18:53:46,E101,C0367,completed
T0002579,MAIN,2026-07-08T11:42:43,E101,C0126,completed
T0002580,MAIN,2026-07-08T19:02:03,E103,C0331,completed
T0002581,MAIN,2026-07-08T20:07:30,E104,,completed
T0002582,MAIN,2026-07-08T13:04:07,E104,C0194,completed
T0002583,MAIN,2026-07-08T14:46:51,E103,,completed
T0002584,MAIN,2026-07-08T11:58:37,E102,,completed
T0002585,MAIN,2026-07-08T12:56:02,E105,C0048,completed
T0002586,MAIN,2026-07-08T16:06:56,E105,,completed
T0002587,MAIN,2026-07-08T20:09:48,E103,C0349,completed
T0002588,MAIN,2026-07-08T16:43:10,E104,C0346,completed
T0002589,MAIN,2026-07-08T09:53:42,E103,,completed
T0002590,MAIN,2026-07-08T17:29:27,E103,,completed
T0002591,MAIN,2026-07-08T18:13:06,E101,C0341,completed
T0002592,MAIN,2026-07-08T13:37:56,E101,C0103,completed
T0002593,MAIN,2026-07-08T15:26:46,E104,,voided
T0002594,MAIN,2026-07-08T12:50:42,E105,C0268,completed
T0002595,MAIN,2026-07-08T10:27:24,E105,,completed
T0002596,MAIN,2026-07-08T11:24:48,E103,C0021,completed
T0002597,MAIN,2026-07-08T19:36:48,E106,C0394,completed
T0002598,MAIN,2026-07-08T09:22:44,E104,C0254,completed
T0002599,MAIN,2026-07-08T17:26:12,E101,C0235,completed
T0002600,MAIN,2026-07-08T15:16:13,E106,,completed
T0002601,MAIN,2026-07-08T12:36:22,E101,C0254,completed
T0002602,MAIN,2026-07-08T19:43:30,E101,C0280,completed
T0002603,MAIN,2026-07-08T12:32:43,E103,C0006,completed
T0002604,MAIN,2026-07-08T17:40:18,E105,C0092,completed
T0002605,MAIN,2026-07-08T17:59:58,E101,,completed
T0002606,MAIN,2026-07-08T11:39:24,E106,,completed
T0002607,MAIN,2026-07-08T18:42:38,E103,C0270,completed
T0002608,MAIN,2026-07-08T17:03:41,E105,C0112,completed
T0002609,MAIN,2026-07-08T12:15:05,E104,C0100,completed
T0002610,MAIN,2026-07-08T14:18:55,E103,,completed
T0002611,MAIN,2026-07-08T19:35:03,E103,,completed
T0002612,MAIN,2026-07-08T18:41:46,E102,C0376,completed
T0002613,MAIN,2026-07-08T16:10:48,E104,C0394,completed
T0002614,MAIN,2026-07-08T09:04:59,E105,C0158,completed
T0002615,MAIN,2026-07-08T11:02:32,E106,C0050,completed
T0002616,MAIN,2026-07-08T19:52:24,E104,,completed
T0002617,MAIN,2026-07-08T15:49:44,E106,,refunded
T0002618,MAIN,2026-07-08T15:13:47,E102,,completed
T0002619,MAIN,2026-07-08T15:40:05,E104,,completed
T0002620,MAIN,2026-07-08T15:32:52,E103,C0231,completed
T0002621,MAIN,2026-07-08T17:27:38,E105,C0379,completed
T0002622,MAIN,2026-07-08T15:46:16,E101,,completed
T0002623,MAIN,2026-07-08T18:52:15,E106,C0120,completed
T0002624,MAIN,2026-07-08T16:33:32,E101,,voided
T0002625,MAIN,2026-07-08T13:35:09,E101,C0077,completed
T0002626,MAIN,2026-07-08T16:36:18,E101,C0141,completed
T0002627,MAIN,2026-07-08T18:25:39,E105,C0007,completed
T0002628,MAIN,2026-07-08T20:54:18,E101,C0322,completed
T0002629,MAIN,2026-07-08T14:16:02,E102,C0304,completed
T0002630,MAIN,2026-07-08T16:38:59,E103,C0195,completed
T0002631,MAIN,2026-07-08T17:53:48,E101,C0085,completed
T0002632,MAIN,2026-07-08T19:25:25,E105,C0004,completed
T0002633,MAIN,2026-07-08T11:16:24,E101,C0034,completed
T0002634,MAIN,2026-07-08T17:30:24,E106,C0153,completed
T0002635,MAIN,2026-07-08T17:04:35,E106,,completed
T0002636,MAIN,2026-07-08T19:57:18,E103,C0015,completed
T0002637,MAIN,2026-07-08T13:50:35,E103,,completed
T0002638,MAIN,2026-07-08T18:56:02,E104,C0098,completed
T0002639,MAIN,2026-07-08T12:00:21,E102,C0339,completed
T0002640,MAIN,2026-07-08T16:23:08,E104,,voided
T0002641,MAIN,2026-07-08T18:42:45,E103,C0383,completed
T0002642,MAIN,2026-07-08T17:20:10,E101,C0272,completed
T0002643,MAIN,2026-07-08T16:25:35,E106,C0089,completed
T0002644,MAIN,2026-07-08T16:59:49,E104,C0382,completed
T0002645,MAIN,2026-07-08T12:05:24,E102,C0195,completed
T0002646,MAIN,2026-07-09T17:04:05,E101,C0298,completed
T0002647,MAIN,2026-07-09T14:12:55,E104,C0387,voided
T0002648,MAIN,2026-07-09T11:10:26,E101,C0337,completed
T0002649,MAIN,2026-07-09T11:51:33,E103,C0115,completed
T0002650,MAIN,2026-07-09T10:51:30,E103,,completed
T0002651,MAIN,2026-07-09T14:24:22,E103,C0130,voided
T0002652,MAIN,2026-07-09T09:15:12,E102,C0352,completed
T0002653,MAIN,2026-07-09T17:00:00,E102,C0245,completed
T0002654,MAIN,2026-07-09T19:12:32,E105,C0331,completed
T0002655,MAIN,2026-07-09T11:01:01,E105,,completed
T0002656,MAIN,2026-07-09T15:32:08,E103,C0088,completed
T0002657,MAIN,2026-07-09T16:03:32,E105,C0344,completed
T0002658,MAIN,2026-07-09T14:22:44,E104,C0104,completed
T0002659,MAIN,2026-07-09T13:57:35,E103,C0074,completed
T0002660,MAIN,2026-07-09T12:27:59,E103,C0205,completed
T0002661,MAIN,2026-07-09T11:42:34,E105,C0284,completed
T0002662,MAIN,2026-07-09T15:02:18,E103,C0184,completed
T0002663,MAIN,2026-07-09T12:46:00,E106,,completed
T0002664,MAIN,2026-07-09T19:32:39,E102,C0382,completed
T0002665,MAIN,2026-07-09T17:18:10,E102,C0372,completed
T0002666,MAIN,2026-07-09T14:44:06,E103,,completed
T0002667,MAIN,2026-07-09T20:55:16,E104,,completed
T0002668,MAIN,2026-07-09T09:35:28,E106,,completed
T0002669,MAIN,2026-07-09T18:14:25,E101,,completed
T0002670,MAIN,2026-07-09T10:06:31,E101,,completed
T0002671,MAIN,2026-07-09T20:37:31,E106,C0108,completed
T0002672,MAIN,2026-07-09T16:31:34,E102,,completed
T0002673,MAIN,2026-07-09T16:22:29,E104,C0216,completed
T0002674,MAIN,2026-07-09T19:47:44,E102,,completed
T0002675,MAIN,2026-07-09T10:16:28,E102,C0130,completed
T0002676,MAIN,2026-07-09T20:59:20,E102,C0378,completed
T0002677,MAIN,2026-07-09T14:03:06,E106,C0354,completed
T0002678,MAIN,2026-07-09T15:13:00,E106,C0292,completed
T0002679,MAIN,2026-07-09T15:04:18,E105,C0301,refunded
T0002680,MAIN,2026-07-09T15:41:24,E101,,completed
T0002681,MAIN,2026-07-09T13:14:41,E101,C0039,completed
T0002682,MAIN,2026-07-09T17:35:32,E106,C0296,completed
T0002683,MAIN,2026-07-09T15:50:58,E106,C0328,completed
T0002684,MAIN,2026-07-09T18:43:06,E105,C0068,completed
T0002685,MAIN,2026-07-09T18:40:26,E103,C0322,completed
T0002686,MAIN,2026-07-09T19:41:57,E104,C0189,completed
T0002687,MAIN,2026-07-09T16:02:27,E106,C0268,completed
T0002688,MAIN,2026-07-09T18:01:27,E101,C0045,completed
T0002689,MAIN,2026-07-09T16:07:26,E105,C0176,completed
T0002690,MAIN,2026-07-09T10:13:19,E105,C0117,completed
T0002691,MAIN,2026-07-09T19:33:39,E104,C0267,completed
T0002692,MAIN,2026-07-09T19:54:15,E106,C0190,completed
T0002693,MAIN,2026-07-09T18:38:17,E102,C0213,completed
T0002694,MAIN,2026-07-09T20:03:23,E106,C0078,completed
T0002695,MAIN,2026-07-09T09:45:20,E105,C0153,completed
T0002696,MAIN,2026-07-09T12:06:08,E102,C0078,completed
T0002697,MAIN,2026-07-09T18:15:55,E106,C0156,completed
T0002698,MAIN,2026-07-09T19:42:37,E106,C0169,completed
T0002699,MAIN,2026-07-09T12:31:53,E102,,completed
T0002700,MAIN,2026-07-09T13:17:02,E103,C0164,completed
T0002701,MAIN,2026-07-09T10:40:08,E103,C0146,completed
T0002702,MAIN,2026-07-09T13:58:51,E106,C0084,completed
T0002703,MAIN,2026-07-09T20:31:59,E103,,completed
T0002704,MAIN,2026-07-09T18:50:18,E103,C0020,completed
T0002705,MAIN,2026-07-09T19:53:55,E104,,completed
T0002706,MAIN,2026-07-09T19:15:16,E101,C0043,completed
T0002707,MAIN,2026-07-09T11:29:17,E105,C0378,completed
T0002708,MAIN,2026-07-09T16:57:56,E102,C0387,completed
T0002709,MAIN,2026-07-09T19:15:15,E104,C0183,completed
T0002710,MAIN,2026-07-09T09:49:12,E105,,completed
T0002711,MAIN,2026-07-09T10:44:16,E106,C0306,completed
T0002712,MAIN,2026-07-09T12:11:37,E101,C0092,completed
T0002713,MAIN,2026-07-09T18:25:50,E102,C0229,completed
T0002714,MAIN,2026-07-09T19:10:32,E106,C0203,completed
T0002715,MAIN,2026-07-09T13:35:22,E106,C0260,completed
T0002716,MAIN,2026-07-09T14:50:25,E104,C0351,completed
T0002717,MAIN,2026-07-09T13:57:41,E106,,completed
T0002718,MAIN,2026-07-09T19:57:04,E102,C0246,completed
T0002719,MAIN,2026-07-09T20:06:58,E105,C0193,completed
T0002720,MAIN,2026-07-09T10:35:51,E103,,completed
T0002721,MAIN,2026-07-09T14:00:41,E106,,completed
T0002722,MAIN,2026-07-09T18:46:02,E103,C0020,completed
T0002723,MAIN,2026-07-09T16:23:29,E106,C0364,completed
T0002724,MAIN,2026-07-09T19:10:08,E105,C0265,completed
T0002725,MAIN,2026-07-09T13:15:05,E101,,completed
T0002726,MAIN,2026-07-09T15:12:55,E105,,completed
T0002727,MAIN,2026-07-09T12:04:14,E102,C0064,completed
T0002728,MAIN,2026-07-09T19:24:53,E101,C0376,completed
T0002729,MAIN,2026-07-09T12:51:58,E102,C0251,completed
T0002730,MAIN,2026-07-09T16:54:05,E101,C0011,completed
T0002731,MAIN,2026-07-09T19:12:15,E105,C0006,completed
T0002732,MAIN,2026-07-09T18:40:33,E105,,completed
T0002733,MAIN,2026-07-09T18:40:01,E106,C0203,completed
T0002734,MAIN,2026-07-09T14:23:50,E101,,completed
T0002735,MAIN,2026-07-09T17:23:22,E102,,completed
T0002736,MAIN,2026-07-09T13:47:54,E101,C0382,completed
T0002737,MAIN,2026-07-09T19:56:14,E105,C0131,completed
T0002738,MAIN,2026-07-09T11:44:33,E101,C0238,completed
T0002739,MAIN,2026-07-09T13:20:54,E106,,completed
T0002740,MAIN,2026-07-09T19:37:28,E103,C0174,completed
T0002741,MAIN,2026-07-09T12:30:34,E104,C0169,completed
T0002742,MAIN,2026-07-09T16:37:47,E102,C0051,completed
T0002743,MAIN,2026-07-10T18:01:31,E105,C0377,completed
T0002744,MAIN,2026-07-10T12:09:01,E103,,completed
T0002745,MAIN,2026-07-10T19:42:51,E102,C0259,completed
T0002746,MAIN,2026-07-10T14:47:32,E101,,refunded
T0002747,MAIN,2026-07-10T17:11:13,E103,C0196,completed
T0002748,MAIN,2026-07-10T13:57:53,E103,C0092,completed
T0002749,MAIN,2026-07-10T12:51:44,E103,C0096,completed
T0002750,MAIN,2026-07-10T19:05:53,E106,C0277,completed
T0002751,MAIN,2026-07-10T19:26:46,E102,C0010,completed
T0002752,MAIN,2026-07-10T16:31:28,E102,C0177,completed
T0002753,MAIN,2026-07-10T13:24:31,E105,,completed
T0002754,MAIN,2026-07-10T16:31:20,E106,C0047,completed
T0002755,MAIN,2026-07-10T17:35:57,E103,C0106,completed
T0002756,MAIN,2026-07-10T19:54:44,E103,,voided
T0002757,MAIN,2026-07-10T14:27:12,E103,,completed
T0002758,MAIN,2026-07-10T19:49:33,E102,C0146,completed
T0002759,MAIN,2026-07-10T17:15:30,E105,,completed
T0002760,MAIN,2026-07-10T20:35:18,E103,C0400,completed
T0002761,MAIN,2026-07-10T18:20:31,E102,,completed
T0002762,MAIN,2026-07-10T13:17:19,E106,,completed
T0002763,MAIN,2026-07-10T18:30:57,E102,,completed
T0002764,MAIN,2026-07-10T11:13:06,E102,C0151,completed
T0002765,MAIN,2026-07-10T10:05:00,E105,C0085,completed
T0002766,MAIN,2026-07-10T18:52:00,E103,C0008,completed
T0002767,MAIN,2026-07-10T11:10:07,E106,C0182,completed
T0002768,MAIN,2026-07-10T19:04:44,E103,C0137,completed
T0002769,MAIN,2026-07-10T18:16:20,E102,C0117,completed
T0002770,MAIN,2026-07-10T09:15:41,E103,C0062,completed
T0002771,MAIN,2026-07-10T16:41:22,E105,,completed
T0002772,MAIN,2026-07-10T15:38:42,E103,,completed
T0002773,MAIN,2026-07-10T15:23:57,E104,C0214,completed
T0002774,MAIN,2026-07-10T13:46:44,E101,C0384,completed
T0002775,MAIN,2026-07-10T11:02:10,E105,C0218,completed
T0002776,MAIN,2026-07-10T15:33:08,E101,C0225,completed
T0002777,MAIN,2026-07-10T15:16:54,E101,C0291,completed
T0002778,MAIN,2026-07-10T19:34:52,E104,,completed
T0002779,MAIN,2026-07-10T16:03:56,E105,C0016,completed
T0002780,MAIN,2026-07-10T14:01:03,E102,C0168,completed
T0002781,MAIN,2026-07-10T18:23:16,E105,C0209,completed
T0002782,MAIN,2026-07-10T19:23:42,E105,C0366,completed
T0002783,MAIN,2026-07-10T14:01:04,E102,C0040,completed
T0002784,MAIN,2026-07-10T17:46:15,E101,C0272,completed
T0002785,MAIN,2026-07-10T14:37:33,E101,C0074,completed
T0002786,MAIN,2026-07-10T14:28:24,E101,,completed
T0002787,MAIN,2026-07-10T16:03:22,E105,C0012,completed
T0002788,MAIN,2026-07-10T17:30:49,E106,C0327,completed
T0002789,MAIN,2026-07-10T19:35:19,E101,C0202,completed
T0002790,MAIN,2026-07-10T16:10:36,E104,C0338,completed
T0002791,MAIN,2026-07-10T15:31:02,E101,C0022,completed
T0002792,MAIN,2026-07-10T13:24:29,E102,C0327,completed
T0002793,MAIN,2026-07-10T16:02:27,E101,C0331,completed
T0002794,MAIN,2026-07-10T12:05:47,E103,C0300,completed
T0002795,MAIN,2026-07-10T13:05:08,E104,C0114,completed
T0002796,MAIN,2026-07-10T17:17:19,E106,C0210,completed
T0002797,MAIN,2026-07-10T09:44:46,E105,,completed
T0002798,MAIN,2026-07-10T12:14:14,E102,C0265,completed
T0002799,MAIN,2026-07-10T17:28:10,E104,,completed
T0002800,MAIN,2026-07-10T10:26:55,E101,C0123,completed
T0002801,MAIN,2026-07-10T16:15:53,E101,,completed
T0002802,MAIN,2026-07-10T14:52:39,E106,,completed
T0002803,MAIN,2026-07-10T15:47:57,E106,C0098,completed
T0002804,MAIN,2026-07-10T12:11:20,E103,C0121,completed
T0002805,MAIN,2026-07-10T18:04:07,E103,C0396,completed
T0002806,MAIN,2026-07-10T17:34:19,E103,C0322,completed
T0002807,MAIN,2026-07-10T17:44:34,E104,C0392,completed
T0002808,MAIN,2026-07-10T13:11:03,E102,,completed
T0002809,MAIN,2026-07-10T19:06:08,E102,C0166,completed
T0002810,MAIN,2026-07-10T12:40:41,E101,,completed
T0002811,MAIN,2026-07-10T09:13:35,E103,,completed
T0002812,MAIN,2026-07-10T11:32:10,E105,,completed
T0002813,MAIN,2026-07-10T15:46:25,E101,C0368,completed
T0002814,MAIN,2026-07-10T10:45:55,E104,C0042,completed
T0002815,MAIN,2026-07-10T14:18:03,E104,,completed
T0002816,MAIN,2026-07-10T12:43:34,E104,C0122,completed
T0002817,MAIN,2026-07-10T18:06:32,E106,C0231,completed
T0002818,MAIN,2026-07-10T18:47:41,E104,,completed
T0002819,MAIN,2026-07-10T15:36:25,E105,C0030,completed
T0002820,MAIN,2026-07-10T19:47:22,E101,,completed
T0002821,MAIN,2026-07-10T17:07:28,E101,C0280,completed
T0002822,MAIN,2026-07-10T15:49:13,E105,,completed
T0002823,MAIN,2026-07-10T11:07:27,E101,C0316,completed
T0002824,MAIN,2026-07-10T18:32:48,E104,C0249,completed
T0002825,MAIN,2026-07-10T16:13:36,E105,C0154,completed
T0002826,MAIN,2026-07-10T12:37:43,E102,C0053,completed
T0002827,MAIN,2026-07-10T17:30:10,E102,,completed
T0002828,MAIN,2026-07-10T11:52:28,E106,C0364,completed
T0002829,MAIN,2026-07-10T17:51:00,E101,C0038,completed
T0002830,MAIN,2026-07-10T11:13:53,E104,C0137,completed
T0002831,MAIN,2026-07-10T14:30:12,E106,C0215,completed
T0002832,MAIN,2026-07-10T13:39:06,E106,C0035,completed
T0002833,MAIN,2026-07-10T18:36:00,E105,C0099,completed
T0002834,MAIN,2026-07-10T11:26:07,E104,,completed
T0002835,MAIN,2026-07-10T18:10:42,E104,C0176,completed
T0002836,MAIN,2026-07-10T19:13:14,E102,C0388,voided
T0002837,MAIN,2026-07-10T12:09:50,E103,,completed
T0002838,MAIN,2026-07-10T11:12:28,E104,C0152,completed
T0002839,MAIN,2026-07-10T11:16:50,E102,C0072,completed
T0002840,MAIN,2026-07-10T13:11:34,E103,C0309,completed
T0002841,MAIN,2026-07-10T17:13:30,E103,,completed
T0002842,MAIN,2026-07-10T10:47:21,E105,C0067,completed
T0002843,MAIN,2026-07-10T18:10:29,E102,C0080,completed
T0002844,MAIN,2026-07-10T14:13:55,E101,,refunded
T0002845,MAIN,2026-07-10T11:26:00,E103,,completed
T0002846,MAIN,2026-07-10T15:02:48,E103,C0146,completed
T0002847,MAIN,2026-07-10T19:39:49,E103,C0266,completed
T0002848,MAIN,2026-07-10T15:52:12,E102,,completed
T0002849,MAIN,2026-07-10T13:05:40,E101,C0400,completed
T0002850,MAIN,2026-07-10T14:13:43,E101,C0256,completed
T0002851,MAIN,2026-07-10T15:49:55,E102,C0274,completed
T0002852,MAIN,2026-07-10T18:50:25,E104,C0399,completed
T0002853,MAIN,2026-07-10T15:39:02,E102,C0249,completed
T0002854,MAIN,2026-07-10T20:48:57,E103,C0035,completed
T0002855,MAIN,2026-07-10T14:33:25,E105,C0244,completed
T0002856,MAIN,2026-07-10T17:36:06,E105,C0103,completed
T0002857,MAIN,2026-07-10T19:52:32,E103,C0223,completed
T0002858,MAIN,2026-07-10T18:07:00,E102,C0016,completed
T0002859,MAIN,2026-07-10T20:14:46,E105,C0099,completed
T0002860,MAIN,2026-07-10T16:44:08,E106,,completed
T0002861,MAIN,2026-07-10T18:18:15,E102,,completed
T0002862,MAIN,2026-07-10T16:22:08,E106,C0266,completed
T0002863,MAIN,2026-07-10T17:26:01,E101,C0275,completed
T0002864,MAIN,2026-07-10T18:18:35,E106,C0212,completed
T0002865,MAIN,2026-07-10T14:55:15,E104,,completed
T0002866,MAIN,2026-07-10T15:53:55,E105,C0193,completed
T0002867,MAIN,2026-07-10T19:14:31,E106,C0297,completed
T0002868,MAIN,2026-07-10T18:19:44,E101,,completed
T0002869,MAIN,2026-07-10T18:13:36,E105,,completed
T0002870,MAIN,2026-07-10T13:49:35,E104,,completed
T0002871,MAIN,2026-07-10T18:13:00,E102,C0210,completed
T0002872,MAIN,2026-07-10T17:08:19,E104,,completed
T0002873,MAIN,2026-07-10T12:34:34,E102,C0387,completed
T0002874,MAIN,2026-07-10T10:04:23,E101,C0384,completed
T0002875,MAIN,2026-07-10T16:21:36,E103,C0189,completed
T0002876,MAIN,2026-07-10T14:30:00,E104,C0313,completed
T0002877,MAIN,2026-07-10T18:37:16,E101,C0228,completed
T0002878,MAIN,2026-07-10T11:33:53,E101,C0177,completed
T0002879,MAIN,2026-07-10T18:53:19,E106,,completed
T0002880,MAIN,2026-07-10T17:40:37,E104,,completed
T0002881,MAIN,2026-07-10T15:24:56,E101,,completed
T0002882,MAIN,2026-07-10T18:45:17,E106,C0138,completed
T0002883,MAIN,2026-07-10T19:03:25,E102,C0283,completed
T0002884,MAIN,2026-07-11T13:54:30,E106,,completed
T0002885,MAIN,2026-07-11T14:42:09,E102,C0066,completed
T0002886,MAIN,2026-07-11T16:03:32,E105,C0260,completed
T0002887,MAIN,2026-07-11T12:39:06,E103,,completed
T0002888,MAIN,2026-07-11T19:56:09,E105,,completed
T0002889,MAIN,2026-07-11T18:47:02,E101,,completed
T0002890,MAIN,2026-07-11T10:28:43,E104,C0009,completed
T0002891,MAIN,2026-07-11T11:10:50,E104,C0158,completed
T0002892,MAIN,2026-07-11T16:38:30,E102,C0055,completed
T0002893,MAIN,2026-07-11T20:09:31,E103,C0279,completed
T0002894,MAIN,2026-07-11T16:53:17,E103,C0053,completed
T0002895,MAIN,2026-07-11T15:23:28,E103,,completed
T0002896,MAIN,2026-07-11T18:43:13,E103,C0003,completed
T0002897,MAIN,2026-07-11T18:24:26,E103,C0014,completed
T0002898,MAIN,2026-07-11T18:41:31,E101,C0001,completed
T0002899,MAIN,2026-07-11T17:25:16,E101,C0252,completed
T0002900,MAIN,2026-07-11T10:54:53,E101,,completed
T0002901,MAIN,2026-07-11T19:20:18,E104,C0284,completed
T0002902,MAIN,2026-07-11T13:09:09,E104,,completed
T0002903,MAIN,2026-07-11T17:53:32,E101,,completed
T0002904,MAIN,2026-07-11T17:21:50,E101,C0339,completed
T0002905,MAIN,2026-07-11T18:37:21,E104,C0013,completed
T0002906,MAIN,2026-07-11T15:03:28,E103,C0245,completed
T0002907,MAIN,2026-07-11T11:34:58,E105,,completed
T0002908,MAIN,2026-07-11T12:46:13,E102,C0339,completed
T0002909,MAIN,2026-07-11T12:16:10,E104,C0018,voided
T0002910,MAIN,2026-07-11T15:07:34,E105,C0271,completed
T0002911,MAIN,2026-07-11T18:57:56,E104,,completed
T0002912,MAIN,2026-07-11T17:22:03,E104,,completed
T0002913,MAIN,2026-07-11T18:42:35,E104,,completed
T0002914,MAIN,2026-07-11T10:39:30,E106,C0011,completed
T0002915,MAIN,2026-07-11T09:59:56,E106,C0111,completed
T0002916,MAIN,2026-07-11T19:51:23,E105,C0282,completed
T0002917,MAIN,2026-07-11T17:56:55,E102,C0062,completed
T0002918,MAIN,2026-07-11T11:25:36,E102,,completed
T0002919,MAIN,2026-07-11T12:54:39,E106,C0155,completed
T0002920,MAIN,2026-07-11T14:53:06,E104,,completed
T0002921,MAIN,2026-07-11T14:18:21,E104,,completed
T0002922,MAIN,2026-07-11T14:26:02,E103,C0072,completed
T0002923,MAIN,2026-07-11T14:46:21,E106,C0253,completed
T0002924,MAIN,2026-07-11T15:23:36,E101,C0133,completed
T0002925,MAIN,2026-07-11T13:27:39,E101,C0368,completed
T0002926,MAIN,2026-07-11T14:09:43,E101,C0115,completed
T0002927,MAIN,2026-07-11T11:10:57,E103,C0336,completed
T0002928,MAIN,2026-07-11T11:31:30,E101,C0304,completed
T0002929,MAIN,2026-07-11T20:24:43,E106,,completed
T0002930,MAIN,2026-07-11T14:41:25,E103,,completed
T0002931,MAIN,2026-07-11T11:36:21,E103,C0320,completed
T0002932,MAIN,2026-07-11T20:52:58,E105,C0320,completed
T0002933,MAIN,2026-07-11T19:22:06,E104,C0168,completed
T0002934,MAIN,2026-07-11T14:59:52,E106,C0312,completed
T0002935,MAIN,2026-07-11T16:44:43,E103,C0128,completed
T0002936,MAIN,2026-07-11T12:06:14,E103,,refunded
T0002937,MAIN,2026-07-11T17:42:35,E104,C0377,completed
T0002938,MAIN,2026-07-11T12:49:48,E103,C0336,completed
T0002939,MAIN,2026-07-11T14:21:05,E104,C0004,completed
T0002940,MAIN,2026-07-11T11:24:34,E102,,completed
T0002941,MAIN,2026-07-11T18:37:03,E103,C0121,completed
T0002942,MAIN,2026-07-11T17:15:00,E105,,completed
T0002943,MAIN,2026-07-11T14:13:57,E104,C0378,completed
T0002944,MAIN,2026-07-11T16:34:16,E102,,completed
T0002945,MAIN,2026-07-11T16:06:08,E103,C0168,completed
T0002946,MAIN,2026-07-11T12:50:37,E102,C0355,completed
T0002947,MAIN,2026-07-11T16:00:08,E103,C0227,completed
T0002948,MAIN,2026-07-11T11:45:59,E101,C0086,completed
T0002949,MAIN,2026-07-11T10:11:14,E105,,completed
T0002950,MAIN,2026-07-11T12:14:36,E103,C0107,completed
T0002951,MAIN,2026-07-11T14:48:52,E103,,completed
T0002952,MAIN,2026-07-11T13:18:58,E105,C0188,completed
T0002953,MAIN,2026-07-11T11:59:40,E101,C0300,completed
T0002954,MAIN,2026-07-11T17:16:02,E103,C0168,completed
T0002955,MAIN,2026-07-11T17:41:46,E102,C0134,completed
T0002956,MAIN,2026-07-11T14:47:48,E106,C0016,completed
T0002957,MAIN,2026-07-11T16:01:02,E104,,completed
T0002958,MAIN,2026-07-11T11:33:59,E106,,completed
T0002959,MAIN,2026-07-11T19:04:39,E106,C0139,completed
T0002960,MAIN,2026-07-11T17:22:09,E104,C0121,completed
T0002961,MAIN,2026-07-11T12:29:52,E106,,completed
T0002962,MAIN,2026-07-11T17:21:39,E104,C0009,completed
T0002963,MAIN,2026-07-11T20:33:45,E101,,completed
T0002964,MAIN,2026-07-11T19:59:14,E103,C0207,completed
T0002965,MAIN,2026-07-11T16:39:17,E101,C0192,completed
T0002966,MAIN,2026-07-11T16:51:24,E104,C0304,completed
T0002967,MAIN,2026-07-11T19:34:34,E106,C0004,completed
T0002968,MAIN,2026-07-11T18:19:26,E102,C0092,completed
T0002969,MAIN,2026-07-11T10:04:08,E102,C0125,completed
T0002970,MAIN,2026-07-11T13:30:58,E103,C0219,completed
T0002971,MAIN,2026-07-11T16:03:24,E102,,completed
T0002972,MAIN,2026-07-11T16:30:14,E104,,completed
T0002973,MAIN,2026-07-11T13:33:46,E101,C0364,completed
T0002974,MAIN,2026-07-11T18:50:08,E102,,completed
T0002975,MAIN,2026-07-11T18:20:01,E105,C0283,completed
T0002976,MAIN,2026-07-11T14:06:13,E104,,completed
T0002977,MAIN,2026-07-11T17:08:12,E105,C0325,completed
T0002978,MAIN,2026-07-11T11:07:53,E104,C0290,completed
T0002979,MAIN,2026-07-11T16:01:02,E101,C0038,completed
T0002980,MAIN,2026-07-11T19:43:18,E106,C0283,completed
T0002981,MAIN,2026-07-11T17:30:29,E105,C0226,completed
T0002982,MAIN,2026-07-11T13:34:12,E103,,completed
T0002983,MAIN,2026-07-11T16:46:53,E103,C0313,completed
T0002984,MAIN,2026-07-11T09:20:36,E106,C0381,completed
T0002985,MAIN,2026-07-11T18:12:57,E102,C0196,completed
T0002986,MAIN,2026-07-11T12:16:01,E105,,completed
T0002987,MAIN,2026-07-11T13:08:03,E103,C0200,completed
T0002988,MAIN,2026-07-11T17:11:34,E105,C0311,completed
T0002989,MAIN,2026-07-11T15:47:57,E101,C0399,completed
T0002990,MAIN,2026-07-11T12:22:01,E103,,completed
T0002991,MAIN,2026-07-11T17:37:48,E106,C0036,completed
T0002992,MAIN,2026-07-11T18:38:17,E105,C0134,completed
T0002993,MAIN,2026-07-11T16:24:59,E105,C0001,completed
T0002994,MAIN,2026-07-11T16:39:50,E105,,completed
T0002995,MAIN,2026-07-11T11:13:27,E103,C0203,completed
T0002996,MAIN,2026-07-11T19:07:21,E106,C0165,completed
T0002997,MAIN,2026-07-11T16:09:07,E105,,completed
T0002998,MAIN,2026-07-11T16:13:15,E102,,completed
T0002999,MAIN,2026-07-11T15:53:01,E101,C0274,completed
T0003000,MAIN,2026-07-11T10:28:35,E103,C0309,completed
T0003001,MAIN,2026-07-11T18:30:33,E105,,completed
T0003002,MAIN,2026-07-11T10:24:58,E102,C0180,completed
T0003003,MAIN,2026-07-11T16:38:39,E106,,completed
T0003004,MAIN,2026-07-11T17:48:33,E106,C0235,completed
T0003005,MAIN,2026-07-11T19:35:22,E101,C0311,completed
T0003006,MAIN,2026-07-11T14:52:50,E104,C0170,completed
T0003007,MAIN,2026-07-11T18:15:01,E105,,completed
T0003008,MAIN,2026-07-11T12:07:15,E102,,completed
T0003009,MAIN,2026-07-11T16:47:41,E106,,completed
T0003010,MAIN,2026-07-11T15:30:51,E106,C0346,completed
T0003011,MAIN,2026-07-11T15:32:42,E101,C0199,completed
T0003012,MAIN,2026-07-11T18:20:48,E105,C0022,completed
T0003013,MAIN,2026-07-11T16:42:08,E104,C0391,completed
T0003014,MAIN,2026-07-11T17:31:35,E105,C0085,completed
T0003015,MAIN,2026-07-11T13:38:41,E104,C0044,completed
T0003016,MAIN,2026-07-11T18:37:19,E103,C0210,completed
T0003017,MAIN,2026-07-11T17:43:07,E101,,completed
T0003018,MAIN,2026-07-11T12:10:01,E101,C0282,completed
T0003019,MAIN,2026-07-11T12:36:31,E104,C0082,refunded
T0003020,MAIN,2026-07-11T15:42:02,E104,C0104,completed
T0003021,MAIN,2026-07-11T20:37:42,E106,,completed
T0003022,MAIN,2026-07-11T12:30:00,E105,,completed
T0003023,MAIN,2026-07-11T17:08:35,E105,C0017,completed
T0003024,MAIN,2026-07-12T18:48:02,E104,C0255,completed
T0003025,MAIN,2026-07-12T19:09:51,E106,C0078,completed
T0003026,MAIN,2026-07-12T17:51:16,E101,C0066,completed
T0003027,MAIN,2026-07-12T12:30:10,E103,C0395,completed
T0003028,MAIN,2026-07-12T19:54:18,E106,C0318,completed
T0003029,MAIN,2026-07-12T18:53:26,E102,,completed
T0003030,MAIN,2026-07-12T11:39:03,E103,,completed
T0003031,MAIN,2026-07-12T13:23:01,E105,C0225,completed
T0003032,MAIN,2026-07-12T11:50:06,E102,,completed
T0003033,MAIN,2026-07-12T15:27:23,E105,C0294,completed
T0003034,MAIN,2026-07-12T18:50:16,E106,C0194,completed
T0003035,MAIN,2026-07-12T19:45:49,E101,,completed
T0003036,MAIN,2026-07-12T10:59:51,E102,,completed
T0003037,MAIN,2026-07-12T12:19:42,E106,,completed
T0003038,MAIN,2026-07-12T10:32:23,E104,C0323,completed
T0003039,MAIN,2026-07-12T20:07:50,E103,,completed
T0003040,MAIN,2026-07-12T13:01:23,E101,C0135,completed
T0003041,MAIN,2026-07-12T19:27:05,E106,C0310,completed
T0003042,MAIN,2026-07-12T19:56:17,E104,C0373,completed
T0003043,MAIN,2026-07-12T17:17:46,E104,C0305,completed
T0003044,MAIN,2026-07-12T17:19:38,E102,C0170,completed
T0003045,MAIN,2026-07-12T15:08:04,E102,C0375,completed
T0003046,MAIN,2026-07-12T18:16:57,E105,C0358,completed
T0003047,MAIN,2026-07-12T12:20:46,E104,C0128,refunded
T0003048,MAIN,2026-07-12T19:52:44,E102,C0040,completed
T0003049,MAIN,2026-07-12T12:04:56,E106,,completed
T0003050,MAIN,2026-07-12T17:30:34,E102,C0342,completed
T0003051,MAIN,2026-07-12T16:51:57,E104,C0119,completed
T0003052,MAIN,2026-07-12T11:15:29,E104,C0038,completed
T0003053,MAIN,2026-07-12T18:45:01,E104,C0053,completed
T0003054,MAIN,2026-07-12T12:44:43,E103,,completed
T0003055,MAIN,2026-07-12T09:19:46,E106,,completed
T0003056,MAIN,2026-07-12T18:23:31,E101,C0385,completed
T0003057,MAIN,2026-07-12T19:11:23,E101,C0112,completed
T0003058,MAIN,2026-07-12T16:11:03,E101,,completed
T0003059,MAIN,2026-07-12T19:26:58,E102,C0004,completed
T0003060,MAIN,2026-07-12T20:19:26,E106,C0042,completed
T0003061,MAIN,2026-07-12T19:38:29,E106,,completed
T0003062,MAIN,2026-07-12T09:10:29,E103,,completed
T0003063,MAIN,2026-07-12T12:33:46,E104,C0167,completed
T0003064,MAIN,2026-07-12T19:57:08,E104,C0291,completed
T0003065,MAIN,2026-07-12T10:51:50,E105,,completed
T0003066,MAIN,2026-07-12T10:53:13,E106,C0074,completed
T0003067,MAIN,2026-07-12T13:13:10,E106,,completed
T0003068,MAIN,2026-07-12T17:47:00,E103,,completed
T0003069,MAIN,2026-07-12T18:46:21,E103,C0164,completed
T0003070,MAIN,2026-07-12T11:30:00,E105,C0306,completed
T0003071,MAIN,2026-07-12T11:39:20,E105,C0377,completed
T0003072,MAIN,2026-07-12T20:57:33,E105,C0062,completed
T0003073,MAIN,2026-07-12T14:07:42,E101,,refunded
T0003074,MAIN,2026-07-12T16:09:51,E105,,completed
T0003075,MAIN,2026-07-12T19:55:21,E101,C0228,completed
T0003076,MAIN,2026-07-12T17:19:28,E101,C0068,completed
T0003077,MAIN,2026-07-12T20:38:31,E102,,completed
T0003078,MAIN,2026-07-12T17:39:51,E105,C0134,completed
T0003079,MAIN,2026-07-12T20:20:13,E106,C0008,completed
T0003080,MAIN,2026-07-12T14:35:34,E102,C0295,completed
T0003081,MAIN,2026-07-12T18:54:01,E106,C0329,completed
T0003082,MAIN,2026-07-12T09:22:34,E104,,completed
T0003083,MAIN,2026-07-12T16:10:49,E106,,completed
T0003084,MAIN,2026-07-12T14:29:27,E102,C0155,completed
T0003085,MAIN,2026-07-12T13:52:10,E103,C0176,completed
T0003086,MAIN,2026-07-12T14:37:28,E106,C0150,completed
T0003087,MAIN,2026-07-12T14:29:42,E106,C0130,completed
T0003088,MAIN,2026-07-12T13:43:55,E104,C0084,completed
T0003089,MAIN,2026-07-12T11:35:08,E106,C0002,completed
T0003090,MAIN,2026-07-12T17:01:16,E101,C0182,completed
T0003091,MAIN,2026-07-12T16:08:11,E103,C0177,completed
T0003092,MAIN,2026-07-12T15:42:05,E105,,completed
T0003093,MAIN,2026-07-12T14:51:14,E105,,completed
T0003094,MAIN,2026-07-12T10:23:10,E106,,completed
T0003095,MAIN,2026-07-12T18:28:16,E103,C0195,completed
T0003096,MAIN,2026-07-12T17:27:05,E105,,completed
T0003097,MAIN,2026-07-12T15:12:24,E106,C0169,completed
T0003098,MAIN,2026-07-12T16:52:34,E103,,completed
T0003099,MAIN,2026-07-12T15:57:08,E105,C0320,completed
T0003100,MAIN,2026-07-12T12:28:44,E106,,completed
T0003101,MAIN,2026-07-12T18:56:44,E103,C0173,completed
T0003102,MAIN,2026-07-12T19:36:35,E105,,completed
T0003103,MAIN,2026-07-12T15:22:54,E101,C0147,completed
T0003104,MAIN,2026-07-12T14:10:27,E103,C0324,completed
T0003105,MAIN,2026-07-12T17:02:47,E104,,completed
T0003106,MAIN,2026-07-12T17:04:30,E101,C0319,completed
T0003107,MAIN,2026-07-12T14:08:17,E103,C0167,completed
T0003108,MAIN,2026-07-12T17:45:20,E102,,completed
T0003109,MAIN,2026-07-12T13:37:44,E103,C0367,completed
T0003110,MAIN,2026-07-12T18:01:07,E103,C0250,completed
T0003111,MAIN,2026-07-12T19:31:10,E101,,completed
T0003112,MAIN,2026-07-12T12:20:31,E105,,completed
T0003113,MAIN,2026-07-12T13:13:14,E101,C0285,completed
T0003114,MAIN,2026-07-12T19:42:53,E106,,completed
T0003115,MAIN,2026-07-12T19:01:42,E105,,completed
T0003116,MAIN,2026-07-12T14:53:50,E105,C0099,completed
T0003117,MAIN,2026-07-12T19:31:11,E103,C0287,completed
T0003118,MAIN,2026-07-12T15:09:04,E102,C0286,completed
T0003119,MAIN,2026-07-12T20:09:20,E106,C0120,completed
T0003120,MAIN,2026-07-12T14:31:02,E101,C0333,refunded
T0003121,MAIN,2026-07-12T15:36:48,E102,C0061,completed
T0003122,MAIN,2026-07-12T12:42:33,E101,,completed
T0003123,MAIN,2026-07-12T12:28:14,E101,,completed
T0003124,MAIN,2026-07-12T11:54:50,E106,C0369,completed
T0003125,MAIN,2026-07-12T19:24:42,E102,C0227,completed
T0003126,MAIN,2026-07-12T11:55:26,E102,C0141,completed
T0003127,MAIN,2026-07-12T16:15:25,E103,C0189,completed
T0003128,MAIN,2026-07-12T18:48:23,E102,C0150,completed
T0003129,MAIN,2026-07-12T17:53:40,E104,,completed
T0003130,MAIN,2026-07-12T10:33:12,E102,C0027,completed
T0003131,MAIN,2026-07-12T16:13:55,E102,C0057,completed
T0003132,MAIN,2026-07-12T14:23:37,E102,,completed
T0003133,MAIN,2026-07-12T13:55:47,E104,,completed
T0003134,MAIN,2026-07-12T18:29:20,E106,C0258,completed
T0003135,MAIN,2026-07-12T12:41:23,E104,C0300,completed
T0003136,MAIN,2026-07-12T12:20:02,E103,C0194,completed
T0003137,MAIN,2026-07-12T17:50:55,E104,C0163,completed
T0003138,MAIN,2026-07-12T12:45:38,E102,,completed
T0003139,MAIN,2026-07-13T18:15:14,E106,C0133,completed
T0003140,MAIN,2026-07-13T13:25:13,E103,C0294,completed
T0003141,MAIN,2026-07-13T11:29:14,E102,C0300,completed
T0003142,MAIN,2026-07-13T10:19:08,E106,C0108,completed
T0003143,MAIN,2026-07-13T17:28:48,E106,C0019,completed
T0003144,MAIN,2026-07-13T10:12:00,E105,C0107,completed
T0003145,MAIN,2026-07-13T13:36:57,E102,,completed
T0003146,MAIN,2026-07-13T14:12:55,E104,,completed
T0003147,MAIN,2026-07-13T17:44:13,E105,,completed
T0003148,MAIN,2026-07-13T13:46:34,E106,,completed
T0003149,MAIN,2026-07-13T13:18:40,E106,,completed
T0003150,MAIN,2026-07-13T16:10:16,E103,,completed
T0003151,MAIN,2026-07-13T13:26:16,E104,,completed
T0003152,MAIN,2026-07-13T18:57:22,E102,C0305,completed
T0003153,MAIN,2026-07-13T13:17:20,E106,,completed
T0003154,MAIN,2026-07-13T17:52:03,E105,C0215,completed
T0003155,MAIN,2026-07-13T09:54:27,E102,C0143,completed
T0003156,MAIN,2026-07-13T18:35:18,E101,C0205,completed
T0003157,MAIN,2026-07-13T13:37:50,E104,,completed
T0003158,MAIN,2026-07-13T12:43:51,E101,,refunded
T0003159,MAIN,2026-07-13T19:04:04,E104,,completed
T0003160,MAIN,2026-07-13T17:37:41,E103,C0252,completed
T0003161,MAIN,2026-07-13T10:13:56,E102,,completed
T0003162,MAIN,2026-07-13T12:10:56,E105,,completed
T0003163,MAIN,2026-07-13T13:49:25,E102,C0368,completed
T0003164,MAIN,2026-07-13T19:37:30,E103,,completed
T0003165,MAIN,2026-07-13T14:09:26,E103,,completed
T0003166,MAIN,2026-07-13T19:43:28,E103,C0400,completed
T0003167,MAIN,2026-07-13T17:21:01,E101,C0349,completed
T0003168,MAIN,2026-07-13T13:18:31,E104,C0211,completed
T0003169,MAIN,2026-07-13T10:16:35,E105,C0354,completed
T0003170,MAIN,2026-07-13T12:31:42,E103,C0274,completed
T0003171,MAIN,2026-07-13T18:51:59,E102,C0368,refunded
T0003172,MAIN,2026-07-13T19:10:59,E104,C0025,completed
T0003173,MAIN,2026-07-13T14:08:50,E103,C0186,completed
T0003174,MAIN,2026-07-13T11:34:09,E103,C0182,completed
T0003175,MAIN,2026-07-13T12:23:57,E105,C0089,completed
T0003176,MAIN,2026-07-13T19:33:10,E103,C0364,completed
T0003177,MAIN,2026-07-13T13:14:56,E103,C0258,completed
T0003178,MAIN,2026-07-13T15:49:26,E104,,completed
T0003179,MAIN,2026-07-13T20:23:04,E102,,completed
T0003180,MAIN,2026-07-13T19:20:39,E102,C0256,completed
T0003181,MAIN,2026-07-13T14:45:43,E104,C0324,completed
T0003182,MAIN,2026-07-13T11:53:55,E101,C0361,completed
T0003183,MAIN,2026-07-13T18:28:55,E106,,completed
T0003184,MAIN,2026-07-13T17:23:32,E104,C0234,completed
T0003185,MAIN,2026-07-13T13:18:26,E106,C0383,completed
T0003186,MAIN,2026-07-13T14:39:27,E104,C0279,completed
T0003187,MAIN,2026-07-13T14:54:45,E103,,completed
T0003188,MAIN,2026-07-13T19:01:27,E103,,completed
T0003189,MAIN,2026-07-13T12:13:00,E103,C0245,completed
T0003190,MAIN,2026-07-13T15:46:36,E104,,completed
T0003191,MAIN,2026-07-13T13:52:26,E102,C0208,completed
T0003192,MAIN,2026-07-13T17:20:09,E103,,completed
T0003193,MAIN,2026-07-13T11:31:59,E106,,completed
T0003194,MAIN,2026-07-13T11:39:02,E103,C0130,completed
T0003195,MAIN,2026-07-13T09:35:41,E101,C0236,completed
T0003196,MAIN,2026-07-13T11:26:33,E106,C0390,completed
T0003197,MAIN,2026-07-13T17:25:33,E101,C0287,completed
T0003198,MAIN,2026-07-13T18:52:46,E106,C0396,completed
T0003199,MAIN,2026-07-13T18:32:29,E106,,completed
T0003200,MAIN,2026-07-13T13:22:10,E102,C0304,completed
T0003201,MAIN,2026-07-13T17:49:36,E106,C0278,completed
T0003202,MAIN,2026-07-13T17:09:32,E103,C0326,completed
T0003203,MAIN,2026-07-13T09:16:06,E102,C0172,completed
T0003204,MAIN,2026-07-13T12:06:00,E101,,completed
T0003205,MAIN,2026-07-13T11:59:57,E104,C0102,completed
T0003206,MAIN,2026-07-13T15:23:01,E104,,completed
T0003207,MAIN,2026-07-13T16:25:34,E103,C0170,completed
T0003208,MAIN,2026-07-13T09:47:02,E105,C0248,completed
T0003209,MAIN,2026-07-13T19:02:08,E101,C0219,completed
T0003210,MAIN,2026-07-13T12:23:56,E102,C0168,completed
T0003211,MAIN,2026-07-13T14:07:25,E102,,completed
T0003212,MAIN,2026-07-13T14:13:37,E102,C0259,completed
T0003213,MAIN,2026-07-13T13:02:49,E105,,completed
T0003214,MAIN,2026-07-13T13:45:24,E104,C0011,completed
T0003215,MAIN,2026-07-13T09:49:50,E105,C0308,completed
T0003216,MAIN,2026-07-13T18:23:39,E102,,completed
T0003217,MAIN,2026-07-13T18:43:45,E106,C0024,completed
T0003218,MAIN,2026-07-13T11:30:11,E102,C0386,completed
T0003219,MAIN,2026-07-13T10:07:49,E101,,completed
T0003220,MAIN,2026-07-13T12:57:21,E103,C0334,refunded
T0003221,MAIN,2026-07-13T18:01:20,E105,C0118,completed
T0003222,MAIN,2026-07-13T10:30:32,E102,C0022,completed
T0003223,MAIN,2026-07-14T15:51:14,E105,C0374,completed
T0003224,MAIN,2026-07-14T13:08:49,E103,C0009,completed
T0003225,MAIN,2026-07-14T12:50:55,E105,C0259,completed
T0003226,MAIN,2026-07-14T14:35:46,E104,C0256,completed
T0003227,MAIN,2026-07-14T18:17:50,E103,C0080,completed
T0003228,MAIN,2026-07-14T18:06:10,E105,C0283,completed
T0003229,MAIN,2026-07-14T10:28:16,E101,C0224,completed
T0003230,MAIN,2026-07-14T12:36:51,E103,,completed
T0003231,MAIN,2026-07-14T12:33:55,E102,,completed
T0003232,MAIN,2026-07-14T16:05:42,E105,C0259,refunded
T0003233,MAIN,2026-07-14T16:13:18,E105,C0380,completed
T0003234,MAIN,2026-07-14T13:30:30,E105,,completed
T0003235,MAIN,2026-07-14T12:46:23,E101,C0284,completed
T0003236,MAIN,2026-07-14T19:10:15,E101,C0167,completed
T0003237,MAIN,2026-07-14T18:16:31,E103,C0387,completed
T0003238,MAIN,2026-07-14T11:23:06,E106,C0129,completed
T0003239,MAIN,2026-07-14T19:24:30,E101,,completed
T0003240,MAIN,2026-07-14T11:36:22,E105,,completed
T0003241,MAIN,2026-07-14T18:55:38,E101,C0212,completed
T0003242,MAIN,2026-07-14T11:36:41,E104,C0157,completed
T0003243,MAIN,2026-07-14T16:54:52,E101,,completed
T0003244,MAIN,2026-07-14T12:18:41,E103,,completed
T0003245,MAIN,2026-07-14T17:21:57,E105,,completed
T0003246,MAIN,2026-07-14T16:03:35,E103,,completed
T0003247,MAIN,2026-07-14T20:57:12,E103,C0143,completed
T0003248,MAIN,2026-07-14T20:42:13,E104,C0294,completed
T0003249,MAIN,2026-07-14T16:09:06,E105,,completed
T0003250,MAIN,2026-07-14T18:56:41,E105,C0196,completed
T0003251,MAIN,2026-07-14T17:08:01,E105,,completed
T0003252,MAIN,2026-07-14T11:40:27,E102,C0332,completed
T0003253,MAIN,2026-07-14T13:18:09,E103,C0281,completed
T0003254,MAIN,2026-07-14T10:15:24,E105,,completed
T0003255,MAIN,2026-07-14T09:06:44,E104,C0367,completed
T0003256,MAIN,2026-07-14T11:41:01,E103,,completed
T0003257,MAIN,2026-07-14T17:19:46,E101,C0222,completed
T0003258,MAIN,2026-07-14T20:05:39,E103,C0217,completed
T0003259,MAIN,2026-07-14T19:05:44,E104,C0205,completed
T0003260,MAIN,2026-07-14T11:19:56,E105,C0380,completed
T0003261,MAIN,2026-07-14T14:01:19,E101,C0359,completed
T0003262,MAIN,2026-07-14T16:03:57,E102,C0369,completed
T0003263,MAIN,2026-07-14T14:11:18,E103,C0129,completed
T0003264,MAIN,2026-07-14T17:45:02,E102,,completed
T0003265,MAIN,2026-07-14T20:17:18,E101,C0365,completed
T0003266,MAIN,2026-07-14T12:42:36,E103,C0283,completed
T0003267,MAIN,2026-07-14T13:42:47,E104,,completed
T0003268,MAIN,2026-07-14T16:45:34,E102,C0398,completed
T0003269,MAIN,2026-07-14T19:57:20,E104,C0198,completed
T0003270,MAIN,2026-07-14T16:41:21,E105,C0213,completed
T0003271,MAIN,2026-07-14T17:35:14,E106,C0121,completed
T0003272,MAIN,2026-07-15T14:43:21,E101,C0260,completed
T0003273,MAIN,2026-07-15T13:37:10,E102,C0257,completed
T0003274,MAIN,2026-07-15T16:53:54,E102,C0212,completed
T0003275,MAIN,2026-07-15T11:42:05,E104,C0141,completed
T0003276,MAIN,2026-07-15T20:43:07,E103,,completed
T0003277,MAIN,2026-07-15T10:09:34,E102,C0006,completed
T0003278,MAIN,2026-07-15T12:35:59,E106,C0368,voided
T0003279,MAIN,2026-07-15T18:47:51,E104,C0093,completed
T0003280,MAIN,2026-07-15T11:40:36,E105,C0207,completed
T0003281,MAIN,2026-07-15T12:44:03,E103,C0058,completed
T0003282,MAIN,2026-07-15T12:49:40,E105,,completed
T0003283,MAIN,2026-07-15T10:27:44,E106,C0026,completed
T0003284,MAIN,2026-07-15T10:38:43,E104,C0059,completed
T0003285,MAIN,2026-07-15T13:28:23,E102,C0123,completed
T0003286,MAIN,2026-07-15T13:30:13,E101,C0390,completed
T0003287,MAIN,2026-07-15T14:36:58,E105,C0155,completed
T0003288,MAIN,2026-07-15T16:27:34,E101,C0197,completed
T0003289,MAIN,2026-07-15T20:48:13,E105,,completed
T0003290,MAIN,2026-07-15T14:10:51,E103,C0351,completed
T0003291,MAIN,2026-07-15T12:42:13,E102,C0026,completed
T0003292,MAIN,2026-07-15T13:23:16,E103,C0095,completed
T0003293,MAIN,2026-07-15T18:34:58,E104,C0040,completed
T0003294,MAIN,2026-07-15T15:45:35,E102,C0205,completed
T0003295,MAIN,2026-07-15T20:45:18,E103,C0318,completed
T0003296,MAIN,2026-07-15T16:13:57,E102,C0135,completed
T0003297,MAIN,2026-07-15T13:33:41,E103,C0131,completed
T0003298,MAIN,2026-07-15T12:06:50,E102,C0354,completed
T0003299,MAIN,2026-07-15T20:04:55,E102,C0134,completed
T0003300,MAIN,2026-07-15T14:05:34,E102,C0239,completed
T0003301,MAIN,2026-07-15T16:20:28,E106,,completed
T0003302,MAIN,2026-07-15T18:34:37,E103,,completed
T0003303,MAIN,2026-07-15T12:16:45,E101,,completed
T0003304,MAIN,2026-07-15T10:58:15,E103,C0339,completed
T0003305,MAIN,2026-07-15T15:31:13,E102,C0055,completed
T0003306,MAIN,2026-07-15T18:20:03,E102,,completed
T0003307,MAIN,2026-07-15T20:59:15,E106,C0276,completed
T0003308,MAIN,2026-07-15T16:51:17,E101,C0055,completed
T0003309,MAIN,2026-07-15T17:06:15,E101,C0128,completed
T0003310,MAIN,2026-07-15T15:56:10,E101,,completed
T0003311,MAIN,2026-07-15T11:59:08,E103,,completed
T0003312,MAIN,2026-07-15T17:03:18,E103,,completed
T0003313,MAIN,2026-07-15T09:58:14,E104,C0270,completed
T0003314,MAIN,2026-07-15T19:01:56,E103,C0179,completed
T0003315,MAIN,2026-07-15T10:50:34,E104,,completed
T0003316,MAIN,2026-07-15T09:03:20,E101,,completed
T0003317,MAIN,2026-07-15T15:26:56,E105,C0164,completed
T0003318,MAIN,2026-07-15T16:26:00,E104,C0087,completed
T0003319,MAIN,2026-07-15T16:45:36,E103,C0222,completed
T0003320,MAIN,2026-07-15T11:00:03,E106,C0027,completed
T0003321,MAIN,2026-07-15T13:36:25,E106,C0399,completed
T0003322,MAIN,2026-07-15T15:43:32,E103,C0364,completed
T0003323,MAIN,2026-07-15T15:13:45,E103,C0127,completed
T0003324,MAIN,2026-07-15T16:29:30,E105,,completed
T0003325,MAIN,2026-07-15T19:30:35,E106,C0111,completed
T0003326,MAIN,2026-07-15T15:44:05,E101,C0308,completed
T0003327,MAIN,2026-07-15T13:09:20,E104,C0292,completed
T0003328,MAIN,2026-07-15T14:21:11,E105,C0135,completed
T0003329,MAIN,2026-07-15T11:15:20,E103,C0030,completed
T0003330,MAIN,2026-07-15T16:30:23,E102,C0031,completed
T0003331,MAIN,2026-07-15T19:08:24,E104,C0148,completed
T0003332,MAIN,2026-07-15T19:50:48,E101,C0106,completed
T0003333,MAIN,2026-07-15T17:06:36,E103,,completed
T0003334,MAIN,2026-07-15T16:31:03,E103,C0075,completed
T0003335,MAIN,2026-07-15T11:54:36,E106,C0168,completed
T0003336,MAIN,2026-07-15T09:25:02,E101,C0110,completed
T0003337,MAIN,2026-07-15T18:18:34,E105,,completed
T0003338,MAIN,2026-07-15T16:19:23,E106,C0184,completed
T0003339,MAIN,2026-07-15T19:31:23,E101,C0128,completed
T0003340,MAIN,2026-07-15T17:59:33,E105,C0302,completed
T0003341,MAIN,2026-07-15T14:43:20,E104,C0340,completed
T0003342,MAIN,2026-07-15T19:19:16,E104,C0329,refunded
T0003343,MAIN,2026-07-15T13:57:15,E106,,completed
T0003344,MAIN,2026-07-15T14:09:04,E104,C0265,completed
T0003345,MAIN,2026-07-15T16:46:33,E103,,completed
T0003346,MAIN,2026-07-15T17:07:19,E101,,completed
T0003347,MAIN,2026-07-15T16:08:08,E102,C0270,completed
T0003348,MAIN,2026-07-15T18:47:03,E104,,completed
T0003349,MAIN,2026-07-15T14:55:47,E105,,completed
T0003350,MAIN,2026-07-15T11:28:09,E102,,completed
T0003351,MAIN,2026-07-15T17:02:24,E106,,completed
T0003352,MAIN,2026-07-15T13:46:27,E101,C0383,completed
T0003353,MAIN,2026-07-15T11:09:06,E101,C0047,refunded
T0003354,MAIN,2026-07-15T18:37:10,E101,,completed
T0003355,MAIN,2026-07-15T12:40:24,E105,C0260,completed
T0003356,MAIN,2026-07-15T18:00:06,E104,C0323,completed
T0003357,MAIN,2026-07-15T13:45:43,E105,C0004,completed
T0003358,MAIN,2026-07-15T19:42:29,E103,,completed
T0003359,MAIN,2026-07-15T13:35:37,E101,,completed
T0003360,MAIN,2026-07-15T20:31:22,E104,,completed
T0003361,MAIN,2026-07-15T19:25:42,E103,,completed
T0003362,MAIN,2026-07-15T16:02:36,E106,,completed
T0003363,MAIN,2026-07-15T13:02:36,E103,,completed
T0003364,MAIN,2026-07-15T14:02:29,E102,C0014,completed
T0003365,MAIN,2026-07-15T19:18:18,E106,,completed
T0003366,MAIN,2026-07-16T14:48:34,E106,C0368,completed
T0003367,MAIN,2026-07-16T13:24:24,E105,C0117,refunded
T0003368,MAIN,2026-07-16T16:28:06,E104,C0288,completed
T0003369,MAIN,2026-07-16T18:10:25,E104,C0022,completed
T0003370,MAIN,2026-07-16T18:25:38,E106,C0121,completed
T0003371,MAIN,2026-07-16T16:35:19,E105,C0109,completed
T0003372,MAIN,2026-07-16T18:19:44,E103,,completed
T0003373,MAIN,2026-07-16T13:04:56,E102,C0085,completed
T0003374,MAIN,2026-07-16T10:51:09,E104,C0159,completed
T0003375,MAIN,2026-07-16T18:59:03,E104,C0036,completed
T0003376,MAIN,2026-07-16T14:40:37,E104,C0228,completed
T0003377,MAIN,2026-07-16T16:08:31,E102,C0175,completed
T0003378,MAIN,2026-07-16T16:30:10,E104,C0385,completed
T0003379,MAIN,2026-07-16T18:21:02,E105,C0392,completed
T0003380,MAIN,2026-07-16T18:36:14,E102,C0165,completed
T0003381,MAIN,2026-07-16T13:26:05,E105,,completed
T0003382,MAIN,2026-07-16T19:25:01,E103,C0367,completed
T0003383,MAIN,2026-07-16T09:08:32,E103,,completed
T0003384,MAIN,2026-07-16T15:18:30,E103,C0346,completed
T0003385,MAIN,2026-07-16T10:28:55,E103,C0390,completed
T0003386,MAIN,2026-07-16T10:12:38,E103,C0162,completed
T0003387,MAIN,2026-07-16T18:33:22,E105,C0301,completed
T0003388,MAIN,2026-07-16T12:05:27,E103,C0180,completed
T0003389,MAIN,2026-07-16T11:30:49,E105,C0226,completed
T0003390,MAIN,2026-07-16T10:58:04,E105,C0275,completed
T0003391,MAIN,2026-07-16T16:32:09,E101,C0276,completed
T0003392,MAIN,2026-07-16T13:27:58,E103,C0392,completed
T0003393,MAIN,2026-07-16T14:56:27,E103,C0321,completed
T0003394,MAIN,2026-07-16T20:03:43,E105,C0348,completed
T0003395,MAIN,2026-07-16T12:49:56,E105,,completed
T0003396,MAIN,2026-07-16T11:02:40,E101,C0323,completed
T0003397,MAIN,2026-07-16T13:18:29,E102,C0055,completed
T0003398,MAIN,2026-07-16T20:10:33,E102,C0178,completed
T0003399,MAIN,2026-07-16T15:09:14,E101,C0209,completed
T0003400,MAIN,2026-07-16T11:12:34,E104,,completed
T0003401,MAIN,2026-07-16T10:17:26,E105,C0364,completed
T0003402,MAIN,2026-07-16T11:36:24,E103,C0152,completed
T0003403,MAIN,2026-07-16T18:47:59,E103,C0058,completed
T0003404,MAIN,2026-07-16T15:39:41,E106,C0099,completed
T0003405,MAIN,2026-07-16T13:22:53,E104,C0019,completed
T0003406,MAIN,2026-07-16T15:24:13,E101,C0138,completed
T0003407,MAIN,2026-07-16T12:12:45,E105,,completed
T0003408,MAIN,2026-07-16T17:33:57,E101,C0040,completed
T0003409,MAIN,2026-07-16T12:45:52,E104,C0064,completed
T0003410,MAIN,2026-07-16T11:28:30,E105,C0109,completed
T0003411,MAIN,2026-07-16T15:45:49,E106,,completed
T0003412,MAIN,2026-07-16T12:44:36,E106,,completed
T0003413,MAIN,2026-07-16T16:03:51,E104,C0098,completed
T0003414,MAIN,2026-07-16T11:19:47,E103,C0285,completed
T0003415,MAIN,2026-07-16T12:37:33,E103,C0201,completed
T0003416,MAIN,2026-07-16T12:21:15,E105,C0393,completed
T0003417,MAIN,2026-07-16T09:37:12,E105,C0344,completed
T0003418,MAIN,2026-07-16T12:52:47,E106,,completed
T0003419,MAIN,2026-07-16T17:37:00,E105,C0250,completed
T0003420,MAIN,2026-07-16T13:50:58,E104,C0118,refunded
T0003421,MAIN,2026-07-16T19:15:48,E106,,completed
T0003422,MAIN,2026-07-16T17:00:28,E101,C0318,completed
T0003423,MAIN,2026-07-16T12:58:40,E104,C0174,completed
T0003424,MAIN,2026-07-16T14:23:47,E106,C0080,completed
T0003425,MAIN,2026-07-16T17:45:09,E101,C0317,completed
T0003426,MAIN,2026-07-16T19:21:30,E103,C0101,completed
T0003427,MAIN,2026-07-16T10:57:18,E101,C0068,completed
T0003428,MAIN,2026-07-16T17:14:00,E101,C0153,completed
T0003429,MAIN,2026-07-16T14:45:14,E106,C0048,completed
T0003430,MAIN,2026-07-16T15:07:38,E101,C0342,completed
T0003431,MAIN,2026-07-16T10:13:39,E101,C0326,completed
T0003432,MAIN,2026-07-16T11:33:57,E101,C0395,completed
T0003433,MAIN,2026-07-16T19:37:47,E101,C0293,completed
T0003434,MAIN,2026-07-16T19:51:52,E103,C0167,completed
T0003435,MAIN,2026-07-16T11:21:12,E102,,completed
T0003436,MAIN,2026-07-16T13:08:53,E101,,completed
T0003437,MAIN,2026-07-16T14:05:25,E103,,completed
T0003438,MAIN,2026-07-16T16:15:32,E105,C0390,completed
T0003439,MAIN,2026-07-16T19:10:09,E101,,completed
T0003440,MAIN,2026-07-16T20:10:51,E104,C0364,completed
T0003441,MAIN,2026-07-16T14:39:48,E104,,completed
T0003442,MAIN,2026-07-16T18:36:53,E104,,completed
T0003443,MAIN,2026-07-16T20:29:41,E106,C0385,completed
T0003444,MAIN,2026-07-16T16:49:50,E105,C0316,completed
T0003445,MAIN,2026-07-16T16:57:32,E101,C0261,completed
T0003446,MAIN,2026-07-16T13:28:55,E103,C0371,completed
T0003447,MAIN,2026-07-16T11:08:46,E104,C0114,completed
T0003448,MAIN,2026-07-16T17:54:36,E102,,completed
T0003449,MAIN,2026-07-16T11:25:10,E106,C0149,completed
T0003450,MAIN,2026-07-16T13:50:28,E105,C0280,completed
T0003451,MAIN,2026-07-16T15:56:14,E105,C0061,completed
T0003452,MAIN,2026-07-16T10:15:54,E105,C0190,completed
T0003453,MAIN,2026-07-16T17:10:16,E104,,refunded
T0003454,MAIN,2026-07-16T14:14:00,E105,,completed
T0003455,MAIN,2026-07-16T12:56:11,E104,C0239,completed
T0003456,MAIN,2026-07-16T11:23:24,E101,,completed
T0003457,MAIN,2026-07-16T18:36:05,E103,C0162,completed
T0003458,MAIN,2026-07-16T14:24:42,E106,,completed
T0003459,MAIN,2026-07-16T13:53:03,E106,C0345,completed
T0003460,MAIN,2026-07-16T20:15:35,E106,C0081,completed
T0003461,MAIN,2026-07-16T14:14:32,E106,C0213,completed
T0003462,MAIN,2026-07-16T20:16:51,E103,,completed
T0003463,MAIN,2026-07-16T18:01:55,E104,,completed
T0003464,MAIN,2026-07-16T14:24:17,E103,C0171,completed
T0003465,MAIN,2026-07-16T19:55:50,E103,C0375,completed
T0003466,MAIN,2026-07-16T20:31:20,E106,,completed
T0003467,MAIN,2026-07-16T19:52:03,E104,C0286,completed
T0003468,MAIN,2026-07-16T11:40:38,E102,C0324,completed
T0003469,MAIN,2026-07-17T19:03:34,E101,,completed
T0003470,MAIN,2026-07-17T13:09:58,E103,C0135,completed
T0003471,MAIN,2026-07-17T12:15:22,E105,C0229,completed
T0003472,MAIN,2026-07-17T16:06:22,E103,,completed
T0003473,MAIN,2026-07-17T11:05:46,E104,C0162,completed
T0003474,MAIN,2026-07-17T18:26:20,E104,C0343,completed
T0003475,MAIN,2026-07-17T17:26:31,E104,C0344,completed
T0003476,MAIN,2026-07-17T10:20:25,E102,C0171,completed
T0003477,MAIN,2026-07-17T19:15:04,E106,C0394,completed
T0003478,MAIN,2026-07-17T10:23:43,E101,C0360,completed
T0003479,MAIN,2026-07-17T13:44:38,E106,C0234,completed
T0003480,MAIN,2026-07-17T12:55:21,E104,C0034,completed
T0003481,MAIN,2026-07-17T16:44:25,E103,C0052,completed
T0003482,MAIN,2026-07-17T19:21:33,E101,,completed
T0003483,MAIN,2026-07-17T18:47:03,E104,C0074,completed
T0003484,MAIN,2026-07-17T13:23:19,E106,,completed
T0003485,MAIN,2026-07-17T20:12:38,E106,C0180,completed
T0003486,MAIN,2026-07-17T16:16:47,E102,,completed
T0003487,MAIN,2026-07-17T14:26:00,E103,,completed
T0003488,MAIN,2026-07-17T13:48:55,E103,,completed
T0003489,MAIN,2026-07-17T18:09:55,E104,,completed
T0003490,MAIN,2026-07-17T17:20:10,E103,,completed
T0003491,MAIN,2026-07-17T19:11:11,E105,C0173,completed
T0003492,MAIN,2026-07-17T18:08:39,E102,C0387,completed
T0003493,MAIN,2026-07-17T19:50:43,E102,,completed
T0003494,MAIN,2026-07-17T18:13:35,E105,C0372,completed
T0003495,MAIN,2026-07-17T10:13:49,E103,C0064,completed
T0003496,MAIN,2026-07-17T17:36:49,E102,,completed
T0003497,MAIN,2026-07-17T19:47:33,E101,C0293,completed
T0003498,MAIN,2026-07-17T17:22:50,E106,,completed
T0003499,MAIN,2026-07-17T18:09:31,E104,C0085,completed
T0003500,MAIN,2026-07-17T18:39:39,E105,C0265,completed
T0003501,MAIN,2026-07-17T13:36:40,E106,C0306,completed
T0003502,MAIN,2026-07-17T11:09:48,E104,,completed
T0003503,MAIN,2026-07-17T16:47:12,E103,C0004,completed
T0003504,MAIN,2026-07-17T16:17:22,E102,,completed
T0003505,MAIN,2026-07-17T20:37:15,E105,C0230,completed
T0003506,MAIN,2026-07-17T10:38:32,E102,,completed
T0003507,MAIN,2026-07-17T16:26:39,E106,,completed
T0003508,MAIN,2026-07-17T15:57:54,E104,C0398,completed
T0003509,MAIN,2026-07-17T13:49:06,E104,C0061,completed
T0003510,MAIN,2026-07-17T13:31:55,E104,C0142,completed
T0003511,MAIN,2026-07-17T16:34:20,E101,C0274,completed
T0003512,MAIN,2026-07-17T13:59:37,E103,C0131,completed
T0003513,MAIN,2026-07-17T16:14:38,E105,,completed
T0003514,MAIN,2026-07-17T12:41:50,E102,,completed
T0003515,MAIN,2026-07-17T18:52:44,E106,,completed
T0003516,MAIN,2026-07-17T16:10:48,E105,C0060,completed
T0003517,MAIN,2026-07-17T09:03:31,E103,C0348,completed
T0003518,MAIN,2026-07-17T15:55:23,E104,C0235,completed
T0003519,MAIN,2026-07-17T13:22:24,E102,C0259,completed
T0003520,MAIN,2026-07-17T17:23:14,E103,,completed
T0003521,MAIN,2026-07-17T13:51:08,E102,C0397,completed
T0003522,MAIN,2026-07-17T11:33:23,E102,C0068,completed
T0003523,MAIN,2026-07-17T12:42:25,E106,C0078,completed
T0003524,MAIN,2026-07-17T10:05:23,E104,C0037,completed
T0003525,MAIN,2026-07-17T18:34:46,E103,C0321,completed
T0003526,MAIN,2026-07-17T10:05:05,E104,C0396,completed
T0003527,MAIN,2026-07-17T14:28:18,E102,C0291,completed
T0003528,MAIN,2026-07-17T12:44:37,E103,C0289,completed
T0003529,MAIN,2026-07-17T17:16:18,E102,C0248,completed
T0003530,MAIN,2026-07-17T11:31:51,E101,C0045,completed
T0003531,MAIN,2026-07-17T18:57:50,E102,C0143,completed
T0003532,MAIN,2026-07-17T18:01:52,E104,C0358,completed
T0003533,MAIN,2026-07-17T12:21:24,E101,C0054,completed
T0003534,MAIN,2026-07-17T14:34:48,E104,C0266,completed
T0003535,MAIN,2026-07-17T13:43:08,E106,,completed
T0003536,MAIN,2026-07-17T15:59:38,E101,C0259,completed
T0003537,MAIN,2026-07-17T15:18:07,E106,C0020,completed
T0003538,MAIN,2026-07-17T14:00:24,E102,,voided
T0003539,MAIN,2026-07-17T19:39:36,E102,C0120,completed
T0003540,MAIN,2026-07-17T15:25:10,E103,C0016,completed
T0003541,MAIN,2026-07-17T14:29:28,E106,C0330,completed
T0003542,MAIN,2026-07-17T14:33:59,E104,C0138,completed
T0003543,MAIN,2026-07-17T14:34:22,E102,C0318,completed
T0003544,MAIN,2026-07-17T18:47:31,E105,C0064,refunded
T0003545,MAIN,2026-07-17T16:38:37,E105,C0052,completed
T0003546,MAIN,2026-07-17T13:52:07,E106,C0205,completed
T0003547,MAIN,2026-07-17T18:16:21,E101,,completed
T0003548,MAIN,2026-07-17T12:10:37,E106,,completed
T0003549,MAIN,2026-07-17T18:12:28,E103,C0173,completed
T0003550,MAIN,2026-07-17T12:31:16,E105,C0303,completed
T0003551,MAIN,2026-07-17T19:19:45,E106,C0130,completed
T0003552,MAIN,2026-07-17T14:29:21,E104,C0337,completed
T0003553,MAIN,2026-07-17T10:10:41,E103,C0120,completed
T0003554,MAIN,2026-07-17T11:38:29,E104,C0175,completed
T0003555,MAIN,2026-07-17T17:05:34,E102,,completed
T0003556,MAIN,2026-07-17T11:08:18,E106,,completed
T0003557,MAIN,2026-07-17T14:10:44,E103,C0194,completed
T0003558,MAIN,2026-07-17T20:02:29,E101,,completed
T0003559,MAIN,2026-07-17T19:58:05,E105,,completed
T0003560,MAIN,2026-07-17T15:51:51,E102,C0336,completed
T0003561,MAIN,2026-07-17T16:34:57,E106,C0253,completed
T0003562,MAIN,2026-07-17T09:48:37,E106,C0382,refunded
T0003563,MAIN,2026-07-17T16:20:43,E103,C0119,completed
T0003564,MAIN,2026-07-17T19:27:20,E105,C0030,completed
T0003565,MAIN,2026-07-17T11:14:12,E106,,completed
T0003566,MAIN,2026-07-17T20:14:05,E106,,completed
T0003567,MAIN,2026-07-17T15:13:46,E101,C0250,completed
T0003568,MAIN,2026-07-17T13:20:28,E106,,completed
T0003569,MAIN,2026-07-17T19:43:28,E103,C0356,completed
T0003570,MAIN,2026-07-17T09:46:14,E105,,completed
T0003571,MAIN,2026-07-17T18:13:50,E105,,completed
T0003572,MAIN,2026-07-17T10:44:41,E103,,completed
T0003573,MAIN,2026-07-17T16:10:36,E101,C0083,completed
T0003574,MAIN,2026-07-17T14:03:32,E101,,completed
T0003575,MAIN,2026-07-17T18:01:22,E102,,completed
T0003576,MAIN,2026-07-17T16:44:28,E103,C0193,completed
T0003577,MAIN,2026-07-17T20:21:10,E104,,completed
T0003578,MAIN,2026-07-17T18:35:01,E106,,completed
T0003579,MAIN,2026-07-17T17:41:40,E101,C0212,completed
T0003580,MAIN,2026-07-17T12:37:19,E103,,completed
T0003581,MAIN,2026-07-17T19:55:40,E101,C0138,completed
T0003582,MAIN,2026-07-17T13:43:10,E102,,completed
T0003583,MAIN,2026-07-17T14:52:51,E106,C0221,completed
T0003584,MAIN,2026-07-17T19:24:21,E106,,completed
T0003585,MAIN,2026-07-17T14:34:28,E103,C0227,completed
T0003586,MAIN,2026-07-17T20:31:29,E103,C0122,completed
T0003587,MAIN,2026-07-17T13:56:15,E101,C0318,completed
T0003588,MAIN,2026-07-17T11:54:48,E104,C0040,completed
T0003589,MAIN,2026-07-17T11:28:32,E106,,completed
T0003590,MAIN,2026-07-17T09:46:06,E103,C0390,completed
T0003591,MAIN,2026-07-17T17:54:48,E106,C0247,completed
T0003592,MAIN,2026-07-17T18:35:05,E106,C0349,completed
T0003593,MAIN,2026-07-17T09:32:50,E103,,completed
T0003594,MAIN,2026-07-17T17:39:37,E103,C0045,completed
T0003595,MAIN,2026-07-18T17:01:13,E104,C0157,completed
T0003596,MAIN,2026-07-18T11:32:52,E103,C0271,completed
T0003597,MAIN,2026-07-18T16:09:08,E104,C0315,completed
T0003598,MAIN,2026-07-18T16:27:47,E103,,completed
T0003599,MAIN,2026-07-18T16:53:17,E102,C0329,completed
T0003600,MAIN,2026-07-18T18:11:08,E103,,completed
T0003601,MAIN,2026-07-18T14:22:20,E104,C0391,completed
T0003602,MAIN,2026-07-18T20:51:24,E103,C0179,completed
T0003603,MAIN,2026-07-18T18:14:10,E104,C0210,completed
T0003604,MAIN,2026-07-18T15:49:14,E104,C0157,completed
T0003605,MAIN,2026-07-18T15:15:21,E102,,completed
T0003606,MAIN,2026-07-18T17:22:16,E103,C0059,completed
T0003607,MAIN,2026-07-18T12:04:24,E106,,completed
T0003608,MAIN,2026-07-18T15:16:06,E101,,completed
T0003609,MAIN,2026-07-18T18:05:27,E106,C0147,completed
T0003610,MAIN,2026-07-18T20:40:26,E102,C0043,completed
T0003611,MAIN,2026-07-18T16:51:59,E101,C0333,completed
T0003612,MAIN,2026-07-18T17:18:00,E106,C0100,completed
T0003613,MAIN,2026-07-18T17:40:36,E103,C0311,completed
T0003614,MAIN,2026-07-18T17:03:56,E101,,completed
T0003615,MAIN,2026-07-18T17:41:15,E101,,completed
T0003616,MAIN,2026-07-18T20:33:53,E101,,completed
T0003617,MAIN,2026-07-18T13:02:12,E106,C0279,completed
T0003618,MAIN,2026-07-18T17:27:53,E105,,completed
T0003619,MAIN,2026-07-18T11:21:42,E103,C0157,completed
T0003620,MAIN,2026-07-18T18:57:58,E102,C0090,completed
T0003621,MAIN,2026-07-18T18:21:14,E101,C0021,completed
T0003622,MAIN,2026-07-18T16:52:52,E105,,completed
T0003623,MAIN,2026-07-18T11:01:48,E102,,completed
T0003624,MAIN,2026-07-18T11:15:38,E106,C0211,completed
T0003625,MAIN,2026-07-18T12:13:39,E103,,completed
T0003626,MAIN,2026-07-18T10:36:24,E102,C0154,refunded
T0003627,MAIN,2026-07-18T12:13:10,E105,C0396,completed
T0003628,MAIN,2026-07-18T13:05:49,E105,C0063,completed
T0003629,MAIN,2026-07-18T19:45:57,E106,C0145,refunded
T0003630,MAIN,2026-07-18T19:08:33,E103,C0385,completed
T0003631,MAIN,2026-07-18T14:22:13,E105,C0217,completed
T0003632,MAIN,2026-07-18T16:06:07,E106,C0110,completed
T0003633,MAIN,2026-07-18T16:53:54,E103,C0349,completed
T0003634,MAIN,2026-07-18T18:59:01,E105,C0181,completed
T0003635,MAIN,2026-07-18T17:37:12,E103,,completed
T0003636,MAIN,2026-07-18T10:32:43,E105,C0036,completed
T0003637,MAIN,2026-07-18T16:08:48,E102,C0099,completed
T0003638,MAIN,2026-07-18T18:54:40,E101,C0209,completed
T0003639,MAIN,2026-07-18T20:45:23,E106,C0297,completed
T0003640,MAIN,2026-07-18T17:14:27,E106,,voided
T0003641,MAIN,2026-07-18T10:55:41,E105,C0204,completed
T0003642,MAIN,2026-07-18T19:25:00,E105,C0076,completed
T0003643,MAIN,2026-07-18T14:25:00,E105,,completed
T0003644,MAIN,2026-07-18T18:06:29,E103,C0143,completed
T0003645,MAIN,2026-07-18T19:32:44,E104,C0282,completed
T0003646,MAIN,2026-07-18T15:20:03,E105,C0356,completed
T0003647,MAIN,2026-07-18T20:41:47,E103,,completed
T0003648,MAIN,2026-07-18T19:00:05,E103,,voided
T0003649,MAIN,2026-07-18T11:11:04,E106,C0171,completed
T0003650,MAIN,2026-07-18T11:50:57,E104,C0206,completed
T0003651,MAIN,2026-07-18T09:55:09,E103,,completed
T0003652,MAIN,2026-07-18T19:09:34,E106,C0369,completed
T0003653,MAIN,2026-07-18T19:11:23,E106,,completed
T0003654,MAIN,2026-07-18T13:27:42,E101,C0156,completed
T0003655,MAIN,2026-07-18T17:08:19,E106,C0269,completed
T0003656,MAIN,2026-07-18T11:37:11,E102,C0252,completed
T0003657,MAIN,2026-07-18T19:57:40,E101,,completed
T0003658,MAIN,2026-07-18T18:19:15,E103,C0010,completed
T0003659,MAIN,2026-07-18T16:47:51,E105,C0282,completed
T0003660,MAIN,2026-07-18T10:23:41,E104,C0203,completed
T0003661,MAIN,2026-07-18T13:45:36,E104,C0348,completed
T0003662,MAIN,2026-07-18T15:33:28,E102,C0016,completed
T0003663,MAIN,2026-07-18T11:47:08,E102,C0087,completed
T0003664,MAIN,2026-07-18T16:56:59,E102,C0323,refunded
T0003665,MAIN,2026-07-18T18:49:19,E105,C0351,completed
T0003666,MAIN,2026-07-18T17:44:43,E101,,completed
T0003667,MAIN,2026-07-18T17:30:04,E104,C0113,completed
T0003668,MAIN,2026-07-18T17:38:25,E101,,completed
T0003669,MAIN,2026-07-18T19:54:06,E105,C0255,completed
T0003670,MAIN,2026-07-18T09:07:53,E103,C0317,completed
T0003671,MAIN,2026-07-18T19:19:00,E105,,completed
T0003672,MAIN,2026-07-18T19:56:22,E102,,completed
T0003673,MAIN,2026-07-18T17:12:40,E103,C0073,completed
T0003674,MAIN,2026-07-18T13:38:45,E103,C0391,completed
T0003675,MAIN,2026-07-18T13:07:50,E105,C0040,completed
T0003676,MAIN,2026-07-18T11:54:06,E105,C0176,completed
T0003677,MAIN,2026-07-18T14:53:46,E106,C0360,completed
T0003678,MAIN,2026-07-18T10:39:46,E104,,completed
T0003679,MAIN,2026-07-18T17:02:04,E101,,completed
T0003680,MAIN,2026-07-18T19:10:23,E104,C0296,completed
T0003681,MAIN,2026-07-18T12:43:28,E101,C0367,completed
T0003682,MAIN,2026-07-18T19:33:26,E101,,completed
T0003683,MAIN,2026-07-18T11:56:23,E103,C0030,completed
T0003684,MAIN,2026-07-18T20:20:37,E101,,completed
T0003685,MAIN,2026-07-18T18:12:12,E103,C0246,completed
T0003686,MAIN,2026-07-18T16:12:36,E103,C0239,completed
T0003687,MAIN,2026-07-18T17:05:28,E105,C0396,completed
T0003688,MAIN,2026-07-18T18:27:27,E103,C0253,completed
T0003689,MAIN,2026-07-18T14:38:39,E101,C0267,completed
T0003690,MAIN,2026-07-18T16:22:17,E102,C0256,completed
T0003691,MAIN,2026-07-18T10:26:15,E101,C0181,completed
T0003692,MAIN,2026-07-18T11:25:41,E101,C0120,completed
T0003693,MAIN,2026-07-18T19:36:07,E105,,completed
T0003694,MAIN,2026-07-18T12:09:38,E102,,completed
T0003695,MAIN,2026-07-18T19:54:06,E101,C0139,completed
T0003696,MAIN,2026-07-18T18:29:34,E103,C0268,completed
T0003697,MAIN,2026-07-18T15:07:23,E101,C0125,completed
T0003698,MAIN,2026-07-18T16:19:40,E105,C0002,completed
T0003699,MAIN,2026-07-18T11:59:42,E105,C0193,completed
T0003700,MAIN,2026-07-18T20:36:46,E102,,completed
T0003701,MAIN,2026-07-18T12:54:37,E101,C0244,completed
T0003702,MAIN,2026-07-18T19:10:53,E103,,completed
T0003703,MAIN,2026-07-18T13:24:35,E106,C0033,completed
T0003704,MAIN,2026-07-18T16:07:10,E103,,completed
T0003705,MAIN,2026-07-18T12:15:02,E101,C0184,completed
T0003706,MAIN,2026-07-18T13:44:09,E102,C0068,completed
T0003707,MAIN,2026-07-18T14:27:39,E103,C0189,completed
T0003708,MAIN,2026-07-18T17:11:18,E102,C0036,completed
T0003709,MAIN,2026-07-18T17:13:14,E102,C0396,completed
T0003710,MAIN,2026-07-18T14:24:49,E103,C0149,completed
T0003711,MAIN,2026-07-18T17:31:45,E101,C0111,completed
T0003712,MAIN,2026-07-18T19:58:00,E103,,completed
T0003713,MAIN,2026-07-18T14:38:14,E105,,completed
T0003714,MAIN,2026-07-18T19:44:17,E106,,completed
T0003715,MAIN,2026-07-18T16:59:09,E105,C0314,completed
T0003716,MAIN,2026-07-18T20:16:13,E105,C0391,completed
T0003717,MAIN,2026-07-18T18:56:27,E102,C0103,completed
T0003718,MAIN,2026-07-18T16:01:48,E105,C0071,completed
T0003719,MAIN,2026-07-18T13:00:24,E101,C0172,completed
T0003720,MAIN,2026-07-18T12:56:56,E104,C0095,completed
T0003721,MAIN,2026-07-18T16:40:25,E104,C0248,completed
T0003722,MAIN,2026-07-18T15:43:11,E104,C0007,completed
T0003723,MAIN,2026-07-18T18:03:17,E101,C0111,completed
T0003724,MAIN,2026-07-18T09:17:37,E104,C0036,completed
T0003725,MAIN,2026-07-18T17:44:50,E103,C0099,completed
T0003726,MAIN,2026-07-18T19:32:15,E106,C0187,completed
T0003727,MAIN,2026-07-18T13:13:34,E105,C0041,completed
T0003728,MAIN,2026-07-18T14:53:29,E104,,completed
T0003729,MAIN,2026-07-18T10:17:41,E103,C0380,completed
T0003730,MAIN,2026-07-18T12:36:55,E106,C0283,completed
T0003731,MAIN,2026-07-18T15:09:42,E103,,completed
T0003732,MAIN,2026-07-18T18:33:33,E102,,completed
T0003733,MAIN,2026-07-18T18:00:35,E104,C0181,completed
T0003734,MAIN,2026-07-18T13:59:37,E104,,completed
T0003735,MAIN,2026-07-18T13:37:33,E105,C0361,completed
T0003736,MAIN,2026-07-18T15:14:37,E106,C0147,completed
T0003737,MAIN,2026-07-18T17:23:30,E105,C0387,completed
T0003738,MAIN,2026-07-18T16:04:51,E104,C0123,refunded
T0003739,MAIN,2026-07-18T19:27:09,E104,C0134,completed
T0003740,MAIN,2026-07-19T15:50:07,E101,C0008,completed
T0003741,MAIN,2026-07-19T12:01:52,E102,,completed
T0003742,MAIN,2026-07-19T17:38:44,E101,,completed
T0003743,MAIN,2026-07-19T15:55:09,E103,C0246,completed
T0003744,MAIN,2026-07-19T15:42:09,E102,C0237,completed
T0003745,MAIN,2026-07-19T18:25:31,E102,C0005,completed
T0003746,MAIN,2026-07-19T19:36:40,E106,C0240,completed
T0003747,MAIN,2026-07-19T17:25:43,E106,,completed
T0003748,MAIN,2026-07-19T18:16:15,E102,C0086,completed
T0003749,MAIN,2026-07-19T18:31:42,E102,C0045,completed
T0003750,MAIN,2026-07-19T18:09:11,E101,C0357,completed
T0003751,MAIN,2026-07-19T20:58:16,E104,,completed
T0003752,MAIN,2026-07-19T17:23:03,E101,C0311,completed
T0003753,MAIN,2026-07-19T12:55:44,E104,C0242,completed
T0003754,MAIN,2026-07-19T11:39:26,E102,C0197,completed
T0003755,MAIN,2026-07-19T13:21:23,E103,C0143,completed
T0003756,MAIN,2026-07-19T12:26:54,E106,C0348,completed
T0003757,MAIN,2026-07-19T18:09:41,E104,C0220,completed
T0003758,MAIN,2026-07-19T11:59:25,E103,C0168,completed
T0003759,MAIN,2026-07-19T14:37:35,E104,C0336,completed
T0003760,MAIN,2026-07-19T15:37:58,E106,,completed
T0003761,MAIN,2026-07-19T12:30:54,E102,,completed
T0003762,MAIN,2026-07-19T11:46:26,E102,C0187,completed
T0003763,MAIN,2026-07-19T10:59:45,E102,,completed
T0003764,MAIN,2026-07-19T16:07:39,E101,,completed
T0003765,MAIN,2026-07-19T14:51:07,E106,C0135,completed
T0003766,MAIN,2026-07-19T18:55:28,E106,C0347,completed
T0003767,MAIN,2026-07-19T17:27:09,E102,C0140,completed
T0003768,MAIN,2026-07-19T13:49:56,E102,,completed
T0003769,MAIN,2026-07-19T13:03:15,E104,,completed
T0003770,MAIN,2026-07-19T15:51:53,E101,C0140,completed
T0003771,MAIN,2026-07-19T16:44:33,E103,C0343,completed
T0003772,MAIN,2026-07-19T18:40:45,E103,C0229,completed
T0003773,MAIN,2026-07-19T13:45:52,E102,,completed
T0003774,MAIN,2026-07-19T14:47:24,E105,C0073,completed
T0003775,MAIN,2026-07-19T15:35:08,E106,C0393,completed
T0003776,MAIN,2026-07-19T12:25:49,E104,,completed
T0003777,MAIN,2026-07-19T15:44:31,E102,C0137,completed
T0003778,MAIN,2026-07-19T15:21:28,E103,C0033,completed
T0003779,MAIN,2026-07-19T17:34:34,E103,C0315,completed
T0003780,MAIN,2026-07-19T18:50:38,E104,C0135,completed
T0003781,MAIN,2026-07-19T19:11:47,E101,,completed
T0003782,MAIN,2026-07-19T09:50:59,E102,,completed
T0003783,MAIN,2026-07-19T11:03:11,E102,C0248,completed
T0003784,MAIN,2026-07-19T11:06:23,E105,C0377,completed
T0003785,MAIN,2026-07-19T09:20:46,E103,,completed
T0003786,MAIN,2026-07-19T12:01:33,E104,,completed
T0003787,MAIN,2026-07-19T11:57:37,E101,C0135,completed
T0003788,MAIN,2026-07-19T09:04:21,E104,C0093,completed
T0003789,MAIN,2026-07-19T20:08:30,E101,,completed
T0003790,MAIN,2026-07-19T12:38:43,E106,C0282,completed
T0003791,MAIN,2026-07-19T18:38:43,E103,C0012,completed
T0003792,MAIN,2026-07-19T17:39:08,E102,C0301,completed
T0003793,MAIN,2026-07-19T18:16:46,E102,C0216,completed
T0003794,MAIN,2026-07-19T20:52:24,E105,C0063,completed
T0003795,MAIN,2026-07-19T14:58:32,E105,C0123,completed
T0003796,MAIN,2026-07-19T14:17:20,E103,C0156,completed
T0003797,MAIN,2026-07-19T18:27:43,E106,C0159,completed
T0003798,MAIN,2026-07-19T16:04:17,E106,C0209,completed
T0003799,MAIN,2026-07-19T10:44:16,E102,C0045,completed
T0003800,MAIN,2026-07-19T15:44:09,E103,,completed
T0003801,MAIN,2026-07-19T16:34:59,E102,C0194,completed
T0003802,MAIN,2026-07-19T12:43:09,E103,C0129,completed
T0003803,MAIN,2026-07-19T16:36:52,E105,C0211,completed
T0003804,MAIN,2026-07-19T16:15:00,E103,C0201,completed
T0003805,MAIN,2026-07-19T14:30:30,E102,C0208,completed
T0003806,MAIN,2026-07-19T20:35:15,E105,C0186,completed
T0003807,MAIN,2026-07-19T17:47:49,E104,C0374,completed
T0003808,MAIN,2026-07-19T11:08:27,E102,C0317,completed
T0003809,MAIN,2026-07-19T17:33:05,E102,C0369,completed
T0003810,MAIN,2026-07-19T16:05:18,E101,C0234,completed
T0003811,MAIN,2026-07-19T11:03:22,E101,C0105,completed
T0003812,MAIN,2026-07-19T12:04:32,E103,C0117,completed
T0003813,MAIN,2026-07-19T10:45:32,E102,,completed
T0003814,MAIN,2026-07-19T12:24:42,E102,C0389,completed
T0003815,MAIN,2026-07-19T15:12:02,E104,,completed
T0003816,MAIN,2026-07-19T14:19:00,E101,C0306,completed
T0003817,MAIN,2026-07-19T12:19:52,E105,C0076,completed
T0003818,MAIN,2026-07-19T13:34:26,E103,C0193,completed
T0003819,MAIN,2026-07-19T16:51:51,E105,C0297,completed
T0003820,MAIN,2026-07-19T16:31:03,E105,C0029,completed
T0003821,MAIN,2026-07-19T14:57:11,E101,C0377,completed
T0003822,MAIN,2026-07-19T18:27:37,E101,C0270,completed
T0003823,MAIN,2026-07-19T19:40:42,E102,C0207,completed
T0003824,MAIN,2026-07-19T20:27:30,E106,,completed
T0003825,MAIN,2026-07-19T09:07:11,E102,,refunded
T0003826,MAIN,2026-07-19T10:35:35,E101,,completed
T0003827,MAIN,2026-07-19T14:03:04,E102,C0312,completed
T0003828,MAIN,2026-07-19T18:02:09,E102,C0220,completed
T0003829,MAIN,2026-07-19T13:32:46,E104,C0345,completed
T0003830,MAIN,2026-07-19T12:58:44,E106,C0110,completed
T0003831,MAIN,2026-07-19T13:44:10,E103,C0275,completed
T0003832,MAIN,2026-07-19T13:17:19,E105,C0167,completed
T0003833,MAIN,2026-07-19T16:45:35,E104,C0037,completed
T0003834,MAIN,2026-07-19T15:20:37,E102,C0130,completed
T0003835,MAIN,2026-07-19T18:15:52,E104,C0331,completed
T0003836,MAIN,2026-07-19T09:56:46,E106,C0334,completed
T0003837,MAIN,2026-07-19T20:13:21,E105,C0089,completed
T0003838,MAIN,2026-07-19T18:23:48,E102,,completed
T0003839,MAIN,2026-07-19T19:35:35,E104,C0112,completed
T0003840,MAIN,2026-07-19T14:05:22,E101,,completed
T0003841,MAIN,2026-07-19T15:54:27,E106,C0395,completed
T0003842,MAIN,2026-07-19T18:17:29,E103,,completed
T0003843,MAIN,2026-07-19T17:47:30,E102,,completed
T0003844,MAIN,2026-07-19T09:46:34,E104,C0328,completed
T0003845,MAIN,2026-07-20T12:37:15,E104,C0238,completed
T0003846,MAIN,2026-07-20T19:25:39,E105,C0207,completed
T0003847,MAIN,2026-07-20T19:59:30,E103,C0012,completed
T0003848,MAIN,2026-07-20T15:16:57,E101,C0381,completed
T0003849,MAIN,2026-07-20T18:53:04,E102,C0377,completed
T0003850,MAIN,2026-07-20T19:30:37,E103,C0131,completed
T0003851,MAIN,2026-07-20T13:44:39,E104,C0060,completed
T0003852,MAIN,2026-07-20T19:27:47,E103,C0201,completed
T0003853,MAIN,2026-07-20T18:27:57,E105,,completed
T0003854,MAIN,2026-07-20T17:51:56,E104,C0075,completed
T0003855,MAIN,2026-07-20T09:37:43,E104,C0213,completed
T0003856,MAIN,2026-07-20T11:20:05,E106,C0349,completed
T0003857,MAIN,2026-07-20T14:31:33,E106,,completed
T0003858,MAIN,2026-07-20T09:56:25,E102,C0058,completed
T0003859,MAIN,2026-07-20T14:38:39,E106,C0305,completed
T0003860,MAIN,2026-07-20T19:18:00,E105,C0378,completed
T0003861,MAIN,2026-07-20T11:55:55,E105,C0361,completed
T0003862,MAIN,2026-07-20T13:22:19,E105,C0214,completed
T0003863,MAIN,2026-07-20T11:28:54,E103,C0391,completed
T0003864,MAIN,2026-07-20T17:24:12,E102,C0080,completed
T0003865,MAIN,2026-07-20T11:52:07,E105,,completed
T0003866,MAIN,2026-07-20T09:33:55,E102,C0123,completed
T0003867,MAIN,2026-07-20T13:35:08,E104,C0073,completed
T0003868,MAIN,2026-07-20T19:42:04,E101,C0202,completed
T0003869,MAIN,2026-07-20T14:18:04,E104,C0269,completed
T0003870,MAIN,2026-07-20T16:39:04,E106,C0338,completed
T0003871,MAIN,2026-07-20T19:13:14,E103,C0194,completed
T0003872,MAIN,2026-07-20T19:54:47,E102,C0271,refunded
T0003873,MAIN,2026-07-20T13:56:05,E103,C0104,completed
T0003874,MAIN,2026-07-20T17:21:03,E103,C0355,completed
T0003875,MAIN,2026-07-20T11:54:38,E106,C0093,completed
T0003876,MAIN,2026-07-20T16:57:55,E101,C0394,completed
T0003877,MAIN,2026-07-20T15:17:21,E105,C0041,completed
T0003878,MAIN,2026-07-20T16:04:25,E103,C0078,completed
T0003879,MAIN,2026-07-20T12:32:04,E105,C0185,completed
T0003880,MAIN,2026-07-20T10:54:18,E106,,completed
T0003881,MAIN,2026-07-20T10:11:45,E101,,completed
T0003882,MAIN,2026-07-20T10:24:55,E101,C0276,completed
T0003883,MAIN,2026-07-20T16:39:02,E105,C0317,completed
T0003884,MAIN,2026-07-20T15:46:58,E102,,completed
T0003885,MAIN,2026-07-20T13:41:00,E106,C0371,completed
T0003886,MAIN,2026-07-20T17:43:07,E101,C0268,completed
T0003887,MAIN,2026-07-20T16:12:16,E106,,completed
T0003888,MAIN,2026-07-20T14:17:45,E105,C0073,completed
T0003889,MAIN,2026-07-20T18:09:37,E104,,completed
T0003890,MAIN,2026-07-20T20:52:12,E103,,completed
T0003891,MAIN,2026-07-20T11:56:28,E101,C0044,completed
T0003892,MAIN,2026-07-20T14:51:22,E104,,completed
T0003893,MAIN,2026-07-20T12:30:42,E106,C0075,completed
T0003894,MAIN,2026-07-20T13:08:37,E106,C0266,completed
T0003895,MAIN,2026-07-20T09:44:47,E104,,completed
T0003896,MAIN,2026-07-20T12:27:05,E103,,completed
T0003897,MAIN,2026-07-20T13:31:33,E104,C0269,completed
T0003898,MAIN,2026-07-20T18:11:39,E101,C0142,completed
T0003899,MAIN,2026-07-20T16:09:20,E106,C0194,completed
T0003900,MAIN,2026-07-20T17:22:57,E101,C0293,completed
T0003901,MAIN,2026-07-20T16:26:05,E104,C0259,completed
T0003902,MAIN,2026-07-20T20:07:57,E104,C0366,completed
T0003903,MAIN,2026-07-20T20:36:36,E103,C0119,completed
T0003904,MAIN,2026-07-20T16:04:56,E102,C0133,completed
T0003905,MAIN,2026-07-20T20:50:30,E106,C0289,completed
T0003906,MAIN,2026-07-20T17:00:00,E102,C0037,completed
T0003907,MAIN,2026-07-20T18:47:48,E102,C0268,completed
T0003908,MAIN,2026-07-20T13:41:08,E105,C0109,completed
T0003909,MAIN,2026-07-20T13:02:13,E106,C0305,completed
T0003910,MAIN,2026-07-20T14:15:34,E101,C0195,completed
T0003911,MAIN,2026-07-20T18:43:55,E101,C0170,completed
T0003912,MAIN,2026-07-20T10:16:26,E106,,completed
T0003913,MAIN,2026-07-20T17:17:44,E106,C0145,completed
T0003914,MAIN,2026-07-20T19:47:48,E103,,completed
T0003915,MAIN,2026-07-20T12:04:35,E106,,completed
T0003916,MAIN,2026-07-20T10:50:42,E101,,completed
T0003917,MAIN,2026-07-20T18:22:48,E106,,completed
T0003918,MAIN,2026-07-20T18:01:07,E105,,completed
T0003919,MAIN,2026-07-20T18:07:14,E103,,completed
T0003920,MAIN,2026-07-20T10:01:22,E103,C0073,completed
T0003921,MAIN,2026-07-20T13:11:20,E102,C0134,completed
T0003922,MAIN,2026-07-20T10:17:14,E104,C0206,completed
T0003923,MAIN,2026-07-20T17:05:33,E106,C0308,completed
T0003924,MAIN,2026-07-20T19:54:22,E105,C0210,completed
T0003925,MAIN,2026-07-20T12:20:07,E105,C0317,completed
T0003926,MAIN,2026-07-20T09:39:26,E104,,completed
T0003927,MAIN,2026-07-20T09:19:12,E105,C0168,completed
T0003928,MAIN,2026-07-20T09:27:56,E102,,completed
T0003929,MAIN,2026-07-20T15:39:06,E101,C0128,completed
T0003930,MAIN,2026-07-20T11:45:57,E105,,completed
T0003931,MAIN,2026-07-20T14:44:08,E105,C0121,completed
T0003932,MAIN,2026-07-20T15:59:47,E102,C0137,completed
T0003933,MAIN,2026-07-20T14:03:08,E102,C0293,completed
T0003934,MAIN,2026-07-20T13:26:38,E106,C0250,completed
T0003935,MAIN,2026-07-20T18:56:07,E104,C0206,completed
T0003936,MAIN,2026-07-20T12:56:52,E104,,completed
T0003937,MAIN,2026-07-20T19:04:59,E105,C0124,completed
T0003938,MAIN,2026-07-21T10:44:28,E105,,completed
T0003939,MAIN,2026-07-21T13:44:02,E103,C0362,completed
T0003940,MAIN,2026-07-21T13:59:52,E103,,completed
T0003941,MAIN,2026-07-21T18:44:27,E103,C0305,completed
T0003942,MAIN,2026-07-21T11:53:21,E104,C0394,completed
T0003943,MAIN,2026-07-21T10:18:31,E105,,completed
T0003944,MAIN,2026-07-21T18:53:43,E106,,completed
T0003945,MAIN,2026-07-21T19:16:17,E106,,completed
T0003946,MAIN,2026-07-21T14:44:32,E102,,completed
T0003947,MAIN,2026-07-21T14:59:54,E105,C0322,completed
T0003948,MAIN,2026-07-21T15:06:59,E106,C0132,completed
T0003949,MAIN,2026-07-21T12:58:39,E105,C0259,completed
T0003950,MAIN,2026-07-21T18:35:31,E102,C0237,completed
T0003951,MAIN,2026-07-21T17:44:57,E104,C0136,completed
T0003952,MAIN,2026-07-21T17:45:45,E104,C0330,completed
T0003953,MAIN,2026-07-21T17:51:52,E105,C0047,completed
T0003954,MAIN,2026-07-21T14:20:30,E105,C0123,completed
T0003955,MAIN,2026-07-21T16:52:23,E101,,completed
T0003956,MAIN,2026-07-21T16:27:43,E105,C0204,completed
T0003957,MAIN,2026-07-21T11:55:53,E105,,completed
T0003958,MAIN,2026-07-21T10:32:28,E105,C0136,completed
T0003959,MAIN,2026-07-21T18:01:50,E101,,completed
T0003960,MAIN,2026-07-21T19:59:30,E101,C0372,completed
T0003961,MAIN,2026-07-21T19:39:18,E103,C0263,completed
T0003962,MAIN,2026-07-21T18:05:26,E105,C0246,completed
T0003963,MAIN,2026-07-21T18:16:18,E103,,completed
T0003964,MAIN,2026-07-21T15:37:01,E104,C0342,completed
T0003965,MAIN,2026-07-21T10:23:15,E105,,completed
T0003966,MAIN,2026-07-21T13:37:47,E103,C0396,completed
T0003967,MAIN,2026-07-21T12:06:19,E105,,completed
T0003968,MAIN,2026-07-21T13:19:02,E104,,completed
T0003969,MAIN,2026-07-21T12:38:39,E101,C0023,completed
T0003970,MAIN,2026-07-21T14:26:24,E106,C0003,completed
T0003971,MAIN,2026-07-21T11:42:58,E103,C0346,completed
T0003972,MAIN,2026-07-21T12:15:02,E101,C0083,completed
T0003973,MAIN,2026-07-21T13:11:09,E106,C0388,completed
T0003974,MAIN,2026-07-21T20:49:12,E106,C0289,completed
T0003975,MAIN,2026-07-21T15:43:08,E102,,completed
T0003976,MAIN,2026-07-21T13:06:33,E104,C0130,completed
T0003977,MAIN,2026-07-21T14:35:34,E104,C0208,completed
T0003978,MAIN,2026-07-21T18:55:04,E103,C0129,completed
T0003979,MAIN,2026-07-21T10:58:22,E106,,completed
T0003980,MAIN,2026-07-21T13:54:08,E104,,completed
T0003981,MAIN,2026-07-21T13:58:21,E102,C0002,completed
T0003982,MAIN,2026-07-21T19:45:20,E105,C0126,completed
T0003983,MAIN,2026-07-21T19:25:29,E102,C0334,completed
T0003984,MAIN,2026-07-21T19:03:57,E105,C0128,completed
T0003985,MAIN,2026-07-21T19:03:05,E106,C0050,completed
T0003986,MAIN,2026-07-21T11:48:08,E103,C0205,completed
T0003987,MAIN,2026-07-21T14:53:05,E101,,completed
T0003988,MAIN,2026-07-21T18:49:11,E106,C0380,completed
T0003989,MAIN,2026-07-21T15:37:53,E105,,completed
T0003990,MAIN,2026-07-21T19:07:03,E103,C0101,completed
T0003991,MAIN,2026-07-21T19:05:05,E106,C0395,completed
T0003992,MAIN,2026-07-21T14:21:50,E101,C0002,completed
T0003993,MAIN,2026-07-21T19:52:49,E105,C0152,completed
T0003994,MAIN,2026-07-21T18:59:11,E101,C0002,completed
T0003995,MAIN,2026-07-21T18:22:08,E102,,refunded
T0003996,MAIN,2026-07-21T14:38:19,E102,C0191,completed
T0003997,MAIN,2026-07-21T12:23:10,E106,C0252,completed
T0003998,MAIN,2026-07-21T10:18:13,E103,,completed
T0003999,MAIN,2026-07-21T20:13:22,E104,,completed
T0004000,MAIN,2026-07-21T13:38:09,E106,C0175,completed
T0004001,MAIN,2026-07-21T09:28:47,E103,C0114,completed
T0004002,MAIN,2026-07-21T09:32:56,E102,,completed
T0004003,MAIN,2026-07-21T10:36:35,E106,C0357,completed
T0004004,MAIN,2026-07-21T13:41:31,E101,C0232,completed
T0004005,MAIN,2026-07-21T17:25:31,E106,C0388,completed
T0004006,MAIN,2026-07-21T20:24:29,E104,C0017,refunded
T0004007,MAIN,2026-07-21T14:54:26,E104,,completed
T0004008,MAIN,2026-07-21T19:51:27,E102,C0193,completed
T0004009,MAIN,2026-07-21T18:29:14,E102,C0121,completed
T0004010,MAIN,2026-07-21T18:49:56,E104,C0300,completed
T0004011,MAIN,2026-07-21T16:07:28,E106,C0067,completed
T0004012,MAIN,2026-07-22T20:14:07,E101,,completed
T0004013,MAIN,2026-07-22T13:01:33,E103,,completed
T0004014,MAIN,2026-07-22T17:59:05,E105,C0102,completed
T0004015,MAIN,2026-07-22T12:20:51,E104,C0273,completed
T0004016,MAIN,2026-07-22T15:38:59,E106,C0288,completed
T0004017,MAIN,2026-07-22T20:30:45,E106,,completed
T0004018,MAIN,2026-07-22T16:21:13,E105,C0320,completed
T0004019,MAIN,2026-07-22T17:46:31,E101,C0082,completed
T0004020,MAIN,2026-07-22T14:59:17,E102,,completed
T0004021,MAIN,2026-07-22T11:15:21,E105,C0374,completed
T0004022,MAIN,2026-07-22T20:29:27,E105,C0007,completed
T0004023,MAIN,2026-07-22T14:25:04,E104,C0141,completed
T0004024,MAIN,2026-07-22T20:02:43,E102,C0076,completed
T0004025,MAIN,2026-07-22T18:54:14,E104,,completed
T0004026,MAIN,2026-07-22T14:28:34,E101,C0266,completed
T0004027,MAIN,2026-07-22T19:20:25,E104,C0396,completed
T0004028,MAIN,2026-07-22T17:18:14,E103,C0257,completed
T0004029,MAIN,2026-07-22T10:46:07,E105,C0332,completed
T0004030,MAIN,2026-07-22T15:23:15,E103,C0163,completed
T0004031,MAIN,2026-07-22T16:56:38,E106,C0118,completed
T0004032,MAIN,2026-07-22T11:06:56,E106,C0218,completed
T0004033,MAIN,2026-07-22T12:49:24,E105,,completed
T0004034,MAIN,2026-07-22T14:31:00,E101,,completed
T0004035,MAIN,2026-07-22T16:52:52,E106,C0343,completed
T0004036,MAIN,2026-07-22T18:33:44,E105,,completed
T0004037,MAIN,2026-07-22T14:25:55,E105,C0313,completed
T0004038,MAIN,2026-07-22T13:10:49,E106,C0337,completed
T0004039,MAIN,2026-07-22T17:23:33,E101,,completed
T0004040,MAIN,2026-07-22T12:07:54,E105,,completed
T0004041,MAIN,2026-07-22T19:02:22,E102,,completed
T0004042,MAIN,2026-07-22T16:42:49,E104,C0188,completed
T0004043,MAIN,2026-07-22T20:05:13,E101,C0270,completed
T0004044,MAIN,2026-07-22T13:30:28,E102,C0157,completed
T0004045,MAIN,2026-07-22T15:14:33,E106,C0147,completed
T0004046,MAIN,2026-07-22T12:23:00,E104,C0119,completed
T0004047,MAIN,2026-07-22T18:40:41,E104,C0049,completed
T0004048,MAIN,2026-07-22T13:24:43,E103,C0287,completed
T0004049,MAIN,2026-07-22T14:18:14,E102,C0347,completed
T0004050,MAIN,2026-07-22T17:11:55,E106,C0170,completed
T0004051,MAIN,2026-07-22T17:52:46,E102,C0054,completed
T0004052,MAIN,2026-07-22T20:32:21,E104,C0051,completed
T0004053,MAIN,2026-07-22T16:46:44,E105,,completed
T0004054,MAIN,2026-07-22T13:44:47,E103,C0230,completed
T0004055,MAIN,2026-07-22T18:27:47,E102,C0046,completed
T0004056,MAIN,2026-07-22T15:54:54,E105,C0156,completed
T0004057,MAIN,2026-07-22T20:39:05,E102,C0350,completed
T0004058,MAIN,2026-07-22T15:27:33,E101,,completed
T0004059,MAIN,2026-07-22T13:08:12,E101,,completed
T0004060,MAIN,2026-07-22T13:16:29,E104,C0215,completed
T0004061,MAIN,2026-07-22T16:37:23,E101,C0219,completed
T0004062,MAIN,2026-07-22T14:30:32,E103,C0013,completed
T0004063,MAIN,2026-07-22T14:53:56,E106,C0057,completed
T0004064,MAIN,2026-07-22T18:54:40,E104,C0195,completed
T0004065,MAIN,2026-07-22T20:54:54,E103,C0169,completed
T0004066,MAIN,2026-07-22T16:01:13,E103,C0230,completed
T0004067,MAIN,2026-07-22T17:44:13,E104,C0134,completed
T0004068,MAIN,2026-07-22T10:27:48,E102,,completed
T0004069,MAIN,2026-07-22T19:07:12,E106,C0369,completed
T0004070,MAIN,2026-07-22T18:02:36,E101,C0271,completed
T0004071,MAIN,2026-07-22T16:03:48,E105,C0159,completed
T0004072,MAIN,2026-07-22T11:37:17,E106,C0293,completed
T0004073,MAIN,2026-07-22T12:21:31,E104,,completed
T0004074,MAIN,2026-07-22T13:51:17,E105,,completed
T0004075,MAIN,2026-07-22T17:37:07,E104,C0243,completed
T0004076,MAIN,2026-07-22T17:56:10,E103,,completed
T0004077,MAIN,2026-07-22T10:37:52,E106,C0062,completed
T0004078,MAIN,2026-07-22T20:42:36,E103,,completed
T0004079,MAIN,2026-07-22T18:57:07,E103,C0387,completed
T0004080,MAIN,2026-07-22T14:59:55,E104,C0050,completed
T0004081,MAIN,2026-07-22T17:16:06,E105,C0375,completed
T0004082,MAIN,2026-07-22T15:34:41,E105,,refunded
T0004083,MAIN,2026-07-22T14:06:26,E101,C0033,completed
T0004084,MAIN,2026-07-22T16:07:42,E102,C0327,completed
T0004085,MAIN,2026-07-22T12:38:53,E102,,completed
T0004086,MAIN,2026-07-22T17:21:24,E105,,completed
T0004087,MAIN,2026-07-22T19:09:47,E104,C0023,completed
T0004088,MAIN,2026-07-22T14:13:34,E106,,completed
T0004089,MAIN,2026-07-22T11:36:51,E101,C0064,completed
T0004090,MAIN,2026-07-22T10:27:22,E106,,completed
T0004091,MAIN,2026-07-22T15:20:14,E104,C0046,completed
T0004092,MAIN,2026-07-22T13:33:21,E103,,completed
T0004093,MAIN,2026-07-22T13:12:59,E102,C0324,completed
T0004094,MAIN,2026-07-22T20:10:51,E105,,completed
T0004095,MAIN,2026-07-22T16:54:32,E104,C0033,completed
T0004096,MAIN,2026-07-22T16:52:42,E102,,completed
T0004097,MAIN,2026-07-23T10:08:26,E103,C0222,completed
T0004098,MAIN,2026-07-23T14:11:55,E106,C0048,completed
T0004099,MAIN,2026-07-23T13:09:39,E106,C0141,completed
T0004100,MAIN,2026-07-23T12:53:23,E104,,completed
T0004101,MAIN,2026-07-23T19:39:21,E106,C0387,completed
T0004102,MAIN,2026-07-23T12:05:49,E104,C0064,completed
T0004103,MAIN,2026-07-23T18:16:03,E102,C0243,completed
T0004104,MAIN,2026-07-23T13:05:03,E101,C0140,completed
T0004105,MAIN,2026-07-23T13:54:38,E105,,completed
T0004106,MAIN,2026-07-23T17:02:29,E105,C0332,completed
T0004107,MAIN,2026-07-23T15:22:35,E106,,completed
T0004108,MAIN,2026-07-23T11:15:51,E102,C0023,completed
T0004109,MAIN,2026-07-23T16:04:01,E103,C0116,completed
T0004110,MAIN,2026-07-23T11:03:38,E102,C0340,completed
T0004111,MAIN,2026-07-23T13:34:12,E102,C0229,completed
T0004112,MAIN,2026-07-23T18:34:46,E102,C0201,completed
T0004113,MAIN,2026-07-23T17:00:33,E105,,completed
T0004114,MAIN,2026-07-23T13:38:52,E105,,completed
T0004115,MAIN,2026-07-23T10:01:00,E104,C0223,completed
T0004116,MAIN,2026-07-23T12:08:01,E104,,completed
T0004117,MAIN,2026-07-23T14:07:26,E103,,completed
T0004118,MAIN,2026-07-23T14:57:26,E101,C0358,completed
T0004119,MAIN,2026-07-23T12:01:48,E104,C0028,completed
T0004120,MAIN,2026-07-23T11:18:11,E102,C0083,completed
T0004121,MAIN,2026-07-23T09:20:26,E105,C0216,completed
T0004122,MAIN,2026-07-23T19:25:25,E104,C0072,completed
T0004123,MAIN,2026-07-23T18:50:13,E105,,completed
T0004124,MAIN,2026-07-23T19:08:47,E103,C0183,completed
T0004125,MAIN,2026-07-23T13:25:17,E106,C0374,completed
T0004126,MAIN,2026-07-23T18:45:23,E105,C0262,completed
T0004127,MAIN,2026-07-23T12:42:11,E104,C0140,completed
T0004128,MAIN,2026-07-23T12:09:58,E105,C0347,completed
T0004129,MAIN,2026-07-23T14:21:56,E105,,completed
T0004130,MAIN,2026-07-23T14:18:18,E102,C0143,completed
T0004131,MAIN,2026-07-23T09:26:20,E106,C0245,completed
T0004132,MAIN,2026-07-23T17:18:08,E105,C0037,completed
T0004133,MAIN,2026-07-23T20:48:53,E102,C0134,completed
T0004134,MAIN,2026-07-23T11:01:59,E104,C0168,completed
T0004135,MAIN,2026-07-23T12:01:23,E103,C0177,completed
T0004136,MAIN,2026-07-23T13:26:06,E102,C0216,completed
T0004137,MAIN,2026-07-23T19:31:20,E103,C0132,completed
T0004138,MAIN,2026-07-23T12:05:23,E102,C0195,completed
T0004139,MAIN,2026-07-23T12:43:06,E101,,completed
T0004140,MAIN,2026-07-23T13:35:17,E105,C0210,completed
T0004141,MAIN,2026-07-23T20:20:51,E103,,completed
T0004142,MAIN,2026-07-23T19:11:41,E102,,completed
T0004143,MAIN,2026-07-23T17:25:15,E102,C0072,completed
T0004144,MAIN,2026-07-23T15:10:16,E102,C0071,completed
T0004145,MAIN,2026-07-23T17:28:01,E101,,completed
T0004146,MAIN,2026-07-23T09:17:36,E103,,completed
T0004147,MAIN,2026-07-23T14:15:03,E106,C0137,completed
T0004148,MAIN,2026-07-23T12:35:52,E102,C0044,completed
T0004149,MAIN,2026-07-23T15:34:40,E103,C0336,completed
T0004150,MAIN,2026-07-23T14:49:30,E102,C0400,completed
T0004151,MAIN,2026-07-23T10:00:44,E102,C0156,completed
T0004152,MAIN,2026-07-23T20:59:48,E102,C0043,completed
T0004153,MAIN,2026-07-23T11:54:44,E105,C0135,completed
T0004154,MAIN,2026-07-23T09:26:17,E106,C0311,completed
T0004155,MAIN,2026-07-23T16:58:44,E104,C0322,completed
T0004156,MAIN,2026-07-23T20:13:26,E103,C0110,completed
T0004157,MAIN,2026-07-23T14:35:02,E104,,completed
T0004158,MAIN,2026-07-23T19:28:22,E103,C0331,completed
T0004159,MAIN,2026-07-23T16:44:22,E104,C0376,completed
T0004160,MAIN,2026-07-23T13:50:35,E101,C0022,completed
T0004161,MAIN,2026-07-23T17:54:44,E102,C0322,completed
T0004162,MAIN,2026-07-23T12:28:25,E101,C0327,completed
T0004163,MAIN,2026-07-23T14:59:52,E102,C0362,completed
T0004164,MAIN,2026-07-23T19:18:39,E105,C0152,completed
T0004165,MAIN,2026-07-23T11:01:53,E105,,completed
T0004166,MAIN,2026-07-23T15:42:17,E103,C0306,completed
T0004167,MAIN,2026-07-23T14:17:58,E104,,completed
T0004168,MAIN,2026-07-23T18:58:56,E105,C0097,completed
T0004169,MAIN,2026-07-23T16:15:34,E103,,completed
T0004170,MAIN,2026-07-23T18:33:47,E102,C0005,completed
T0004171,MAIN,2026-07-23T11:32:42,E105,C0093,completed
T0004172,MAIN,2026-07-23T14:01:42,E106,,completed
T0004173,MAIN,2026-07-23T18:09:58,E105,C0035,completed
T0004174,MAIN,2026-07-23T18:54:57,E102,C0332,completed
T0004175,MAIN,2026-07-23T11:25:03,E104,,completed
T0004176,MAIN,2026-07-23T18:00:12,E105,C0154,completed
T0004177,MAIN,2026-07-23T16:10:44,E102,C0333,completed
T0004178,MAIN,2026-07-23T17:03:36,E103,C0283,completed
T0004179,MAIN,2026-07-23T18:35:07,E106,,completed
T0004180,MAIN,2026-07-23T15:50:58,E103,C0345,completed
T0004181,MAIN,2026-07-23T18:37:49,E104,,completed
T0004182,MAIN,2026-07-23T13:15:25,E105,C0222,completed
T0004183,MAIN,2026-07-23T11:34:02,E104,C0115,completed
T0004184,MAIN,2026-07-23T14:01:03,E104,C0161,completed
T0004185,MAIN,2026-07-23T19:48:01,E102,,completed
T0004186,MAIN,2026-07-23T19:53:18,E103,C0155,completed
T0004187,MAIN,2026-07-23T16:16:25,E105,,completed
T0004188,MAIN,2026-07-23T12:44:18,E102,,completed
T0004189,MAIN,2026-07-23T15:11:34,E103,C0308,completed
T0004190,MAIN,2026-07-23T16:13:22,E105,,completed
T0004191,MAIN,2026-07-23T14:31:29,E103,C0005,completed
T0004192,MAIN,2026-07-23T17:30:17,E101,,completed
T0004193,MAIN,2026-07-23T13:42:21,E103,C0351,completed
T0004194,MAIN,2026-07-23T17:57:08,E104,C0030,completed
T0004195,MAIN,2026-07-23T14:54:33,E103,C0356,completed
T0004196,MAIN,2026-07-23T13:07:16,E106,C0316,completed
T0004197,MAIN,2026-07-23T10:08:25,E103,C0381,completed
T0004198,MAIN,2026-07-23T17:12:39,E105,C0183,completed
T0004199,MAIN,2026-07-23T18:39:50,E105,C0329,completed
T0004200,MAIN,2026-07-23T18:58:20,E105,C0154,completed
T0004201,MAIN,2026-07-23T18:29:27,E105,C0238,completed
T0004202,MAIN,2026-07-23T16:00:51,E101,C0038,completed
T0004203,MAIN,2026-07-24T14:47:41,E103,C0215,completed
T0004204,MAIN,2026-07-24T20:37:52,E106,C0117,completed
T0004205,MAIN,2026-07-24T18:31:07,E104,C0144,completed
T0004206,MAIN,2026-07-24T11:39:37,E104,C0393,completed
T0004207,MAIN,2026-07-24T18:04:32,E101,,completed
T0004208,MAIN,2026-07-24T12:53:37,E106,C0324,completed
T0004209,MAIN,2026-07-24T18:45:19,E105,,completed
T0004210,MAIN,2026-07-24T15:44:24,E106,,completed
T0004211,MAIN,2026-07-24T15:07:53,E102,,completed
T0004212,MAIN,2026-07-24T14:09:13,E103,,completed
T0004213,MAIN,2026-07-24T18:07:38,E103,,completed
T0004214,MAIN,2026-07-24T10:48:23,E102,,completed
T0004215,MAIN,2026-07-24T13:31:31,E104,C0298,completed
T0004216,MAIN,2026-07-24T18:40:51,E102,C0338,completed
T0004217,MAIN,2026-07-24T11:57:53,E104,C0052,completed
T0004218,MAIN,2026-07-24T16:38:46,E101,C0284,completed
T0004219,MAIN,2026-07-24T20:01:36,E101,C0002,completed
T0004220,MAIN,2026-07-24T11:07:44,E103,C0139,completed
T0004221,MAIN,2026-07-24T15:54:54,E104,C0387,completed
T0004222,MAIN,2026-07-24T20:40:51,E101,C0014,completed
T0004223,MAIN,2026-07-24T14:02:12,E105,C0396,completed
T0004224,MAIN,2026-07-24T17:16:07,E102,,completed
T0004225,MAIN,2026-07-24T13:52:09,E101,C0001,completed
T0004226,MAIN,2026-07-24T19:22:07,E101,,completed
T0004227,MAIN,2026-07-24T10:27:25,E104,,completed
T0004228,MAIN,2026-07-24T19:00:36,E104,,completed
T0004229,MAIN,2026-07-24T16:48:06,E101,C0054,completed
T0004230,MAIN,2026-07-24T18:54:02,E101,,completed
T0004231,MAIN,2026-07-24T15:33:42,E105,C0235,completed
T0004232,MAIN,2026-07-24T19:04:40,E103,C0095,completed
T0004233,MAIN,2026-07-24T20:33:20,E101,C0084,completed
T0004234,MAIN,2026-07-24T20:00:45,E104,,completed
T0004235,MAIN,2026-07-24T20:47:10,E101,C0232,completed
T0004236,MAIN,2026-07-24T16:48:37,E102,,completed
T0004237,MAIN,2026-07-24T18:14:43,E104,C0142,completed
T0004238,MAIN,2026-07-24T16:11:04,E104,,completed
T0004239,MAIN,2026-07-24T12:53:29,E105,C0018,completed
T0004240,MAIN,2026-07-24T18:30:54,E106,,completed
T0004241,MAIN,2026-07-24T14:54:11,E105,C0254,completed
T0004242,MAIN,2026-07-24T09:00:06,E103,,completed
T0004243,MAIN,2026-07-24T12:10:22,E103,C0394,completed
T0004244,MAIN,2026-07-24T14:04:10,E105,C0168,completed
T0004245,MAIN,2026-07-24T11:34:12,E104,C0040,completed
T0004246,MAIN,2026-07-24T13:41:18,E103,,completed
T0004247,MAIN,2026-07-24T14:23:46,E105,C0055,completed
T0004248,MAIN,2026-07-24T10:46:15,E105,,completed
T0004249,MAIN,2026-07-24T09:19:20,E104,C0123,completed
T0004250,MAIN,2026-07-24T09:26:44,E102,,completed
T0004251,MAIN,2026-07-24T13:20:41,E101,,completed
T0004252,MAIN,2026-07-24T11:19:22,E106,,completed
T0004253,MAIN,2026-07-24T16:32:35,E106,,completed
T0004254,MAIN,2026-07-24T11:18:10,E102,C0294,completed
T0004255,MAIN,2026-07-24T16:52:59,E101,C0277,completed
T0004256,MAIN,2026-07-24T14:19:40,E103,C0140,completed
T0004257,MAIN,2026-07-24T12:39:38,E101,C0033,completed
T0004258,MAIN,2026-07-24T14:47:00,E101,,completed
T0004259,MAIN,2026-07-24T13:15:02,E106,C0193,completed
T0004260,MAIN,2026-07-24T13:59:32,E104,C0132,completed
T0004261,MAIN,2026-07-24T13:50:47,E103,,completed
T0004262,MAIN,2026-07-24T18:30:37,E103,C0238,completed
T0004263,MAIN,2026-07-24T17:55:50,E101,C0114,completed
T0004264,MAIN,2026-07-24T18:56:45,E105,,completed
T0004265,MAIN,2026-07-24T16:05:50,E104,C0274,completed
T0004266,MAIN,2026-07-24T11:58:13,E105,C0378,completed
T0004267,MAIN,2026-07-24T13:50:06,E103,C0245,completed
T0004268,MAIN,2026-07-24T12:05:53,E105,C0299,completed
T0004269,MAIN,2026-07-24T12:34:03,E105,C0134,completed
T0004270,MAIN,2026-07-24T18:26:39,E102,C0058,completed
T0004271,MAIN,2026-07-24T17:33:24,E105,C0249,completed
T0004272,MAIN,2026-07-24T12:08:07,E104,C0381,completed
T0004273,MAIN,2026-07-24T12:19:59,E102,C0253,completed
T0004274,MAIN,2026-07-24T11:13:25,E106,C0115,completed
T0004275,MAIN,2026-07-24T12:09:36,E106,,completed
T0004276,MAIN,2026-07-24T13:40:48,E104,C0011,completed
T0004277,MAIN,2026-07-24T16:47:58,E106,C0191,completed
T0004278,MAIN,2026-07-24T18:46:22,E103,C0173,completed
T0004279,MAIN,2026-07-24T12:27:15,E106,,completed
T0004280,MAIN,2026-07-24T19:14:38,E101,,completed
T0004281,MAIN,2026-07-24T19:36:59,E102,C0370,completed
T0004282,MAIN,2026-07-24T14:20:39,E104,,completed
T0004283,MAIN,2026-07-24T14:58:39,E104,,completed
T0004284,MAIN,2026-07-24T11:27:36,E102,C0013,completed
T0004285,MAIN,2026-07-24T18:14:29,E104,C0395,completed
T0004286,MAIN,2026-07-24T15:59:50,E103,C0090,completed
T0004287,MAIN,2026-07-24T18:17:24,E103,,completed
T0004288,MAIN,2026-07-24T16:27:53,E104,,completed
T0004289,MAIN,2026-07-24T09:35:21,E103,,completed
T0004290,MAIN,2026-07-24T18:51:50,E104,C0221,completed
T0004291,MAIN,2026-07-24T16:18:23,E105,,completed
T0004292,MAIN,2026-07-24T15:31:55,E102,C0349,completed
T0004293,MAIN,2026-07-24T11:20:10,E106,,completed
T0004294,MAIN,2026-07-24T16:06:52,E104,C0361,completed
T0004295,MAIN,2026-07-24T11:37:53,E104,,completed
T0004296,MAIN,2026-07-24T20:30:42,E106,C0058,completed
T0004297,MAIN,2026-07-24T12:00:37,E103,C0225,completed
T0004298,MAIN,2026-07-24T20:32:52,E104,C0170,completed
T0004299,MAIN,2026-07-24T12:19:20,E101,C0290,completed
T0004300,MAIN,2026-07-24T13:43:02,E102,,completed
T0004301,MAIN,2026-07-24T17:40:39,E103,,completed
T0004302,MAIN,2026-07-24T17:39:27,E106,C0104,completed
T0004303,MAIN,2026-07-24T18:24:04,E104,,completed
T0004304,MAIN,2026-07-24T14:16:06,E102,C0335,completed
T0004305,MAIN,2026-07-24T18:05:29,E101,C0044,completed
T0004306,MAIN,2026-07-24T19:13:42,E102,C0252,completed
T0004307,MAIN,2026-07-24T13:18:20,E105,,completed
T0004308,MAIN,2026-07-24T18:00:15,E101,C0291,completed
T0004309,MAIN,2026-07-24T17:09:47,E106,,completed
T0004310,MAIN,2026-07-24T15:14:04,E104,,completed
T0004311,MAIN,2026-07-24T10:39:26,E102,C0141,completed
T0004312,MAIN,2026-07-24T12:29:17,E102,,completed
T0004313,MAIN,2026-07-24T17:32:26,E103,C0242,completed
T0004314,MAIN,2026-07-24T17:31:20,E103,C0394,completed
T0004315,MAIN,2026-07-24T12:38:22,E101,C0340,completed
T0004316,MAIN,2026-07-24T10:40:28,E105,C0338,completed
T0004317,MAIN,2026-07-24T10:07:56,E102,C0065,completed
T0004318,MAIN,2026-07-24T17:22:46,E105,C0046,completed
T0004319,MAIN,2026-07-24T13:04:46,E105,C0001,completed
T0004320,MAIN,2026-07-24T11:11:06,E104,C0041,completed
T0004321,MAIN,2026-07-24T17:57:28,E103,C0133,completed
T0004322,MAIN,2026-07-24T12:42:55,E102,C0262,completed
T0004323,MAIN,2026-07-24T11:41:05,E103,,completed
T0004324,MAIN,2026-07-24T19:32:35,E101,,completed
T0004325,MAIN,2026-07-24T10:48:13,E103,,completed
T0004326,MAIN,2026-07-24T17:07:37,E103,C0056,completed
T0004327,MAIN,2026-07-24T14:52:55,E105,C0231,completed
T0004328,MAIN,2026-07-24T11:55:49,E102,,completed
T0004329,MAIN,2026-07-24T18:07:37,E102,C0014,completed
T0004330,MAIN,2026-07-24T09:35:36,E105,,completed
T0004331,MAIN,2026-07-24T18:11:50,E104,C0054,completed
T0004332,MAIN,2026-07-24T18:23:30,E104,C0027,completed
T0004333,MAIN,2026-07-24T14:37:58,E101,C0365,completed
T0004334,MAIN,2026-07-24T13:02:16,E102,C0211,completed
T0004335,MAIN,2026-07-24T09:29:14,E103,C0221,completed
T0004336,MAIN,2026-07-24T14:35:58,E106,C0205,completed
T0004337,MAIN,2026-07-25T20:14:26,E102,C0017,completed
T0004338,MAIN,2026-07-25T10:49:57,E106,C0262,completed
T0004339,MAIN,2026-07-25T11:15:04,E102,,completed
T0004340,MAIN,2026-07-25T11:41:48,E101,C0158,completed
T0004341,MAIN,2026-07-25T20:15:44,E105,,completed
T0004342,MAIN,2026-07-25T09:15:53,E102,C0342,completed
T0004343,MAIN,2026-07-25T13:38:45,E106,,completed
T0004344,MAIN,2026-07-25T18:32:43,E104,C0335,completed
T0004345,MAIN,2026-07-25T20:54:41,E103,,completed
T0004346,MAIN,2026-07-25T17:37:59,E102,C0269,completed
T0004347,MAIN,2026-07-25T18:07:25,E102,C0166,completed
T0004348,MAIN,2026-07-25T11:08:41,E102,,completed
T0004349,MAIN,2026-07-25T13:53:16,E102,,completed
T0004350,MAIN,2026-07-25T17:01:39,E103,C0121,completed
T0004351,MAIN,2026-07-25T13:31:56,E105,C0384,completed
T0004352,MAIN,2026-07-25T18:29:19,E105,C0397,completed
T0004353,MAIN,2026-07-25T12:26:34,E103,,completed
T0004354,MAIN,2026-07-25T10:45:39,E103,C0311,completed
T0004355,MAIN,2026-07-25T11:10:38,E103,C0100,completed
T0004356,MAIN,2026-07-25T18:18:33,E102,C0313,completed
T0004357,MAIN,2026-07-25T13:37:25,E104,C0135,completed
T0004358,MAIN,2026-07-25T13:49:52,E104,,completed
T0004359,MAIN,2026-07-25T18:21:12,E101,C0321,completed
T0004360,MAIN,2026-07-25T18:42:54,E101,C0393,completed
T0004361,MAIN,2026-07-25T17:51:25,E102,,completed
T0004362,MAIN,2026-07-25T20:15:13,E103,C0146,completed
T0004363,MAIN,2026-07-25T13:48:04,E102,,completed
T0004364,MAIN,2026-07-25T13:46:16,E106,C0210,completed
T0004365,MAIN,2026-07-25T11:51:48,E106,C0173,completed
T0004366,MAIN,2026-07-25T11:07:11,E106,C0268,completed
T0004367,MAIN,2026-07-25T20:47:18,E106,,completed
T0004368,MAIN,2026-07-25T10:07:41,E101,C0160,completed
T0004369,MAIN,2026-07-25T13:42:38,E102,C0247,completed
T0004370,MAIN,2026-07-25T18:36:34,E104,C0238,completed
T0004371,MAIN,2026-07-25T19:14:39,E105,C0097,completed
T0004372,MAIN,2026-07-25T17:58:53,E106,C0389,completed
T0004373,MAIN,2026-07-25T12:03:50,E106,C0160,completed
T0004374,MAIN,2026-07-25T20:20:20,E104,,completed
T0004375,MAIN,2026-07-25T20:29:08,E106,C0136,completed
T0004376,MAIN,2026-07-25T20:22:14,E101,C0008,completed
T0004377,MAIN,2026-07-25T18:33:25,E106,,completed
T0004378,MAIN,2026-07-25T20:21:34,E102,C0205,completed
T0004379,MAIN,2026-07-25T12:24:34,E101,C0024,completed
T0004380,MAIN,2026-07-25T12:48:59,E105,,completed
T0004381,MAIN,2026-07-25T11:06:41,E103,C0015,completed
T0004382,MAIN,2026-07-25T11:07:14,E101,,completed
T0004383,MAIN,2026-07-25T12:05:04,E106,C0385,completed
T0004384,MAIN,2026-07-25T13:55:17,E101,C0079,completed
T0004385,MAIN,2026-07-25T18:04:00,E103,C0390,completed
T0004386,MAIN,2026-07-25T13:18:20,E105,C0111,voided
T0004387,MAIN,2026-07-25T18:28:26,E102,C0397,completed
T0004388,MAIN,2026-07-25T10:43:48,E102,C0012,voided
T0004389,MAIN,2026-07-25T13:38:53,E102,,completed
T0004390,MAIN,2026-07-25T11:18:02,E102,,completed
T0004391,MAIN,2026-07-25T12:40:44,E106,,completed
T0004392,MAIN,2026-07-25T19:32:20,E102,,completed
T0004393,MAIN,2026-07-25T18:25:34,E106,,completed
T0004394,MAIN,2026-07-25T13:08:21,E103,,completed
T0004395,MAIN,2026-07-25T09:37:23,E101,,completed
T0004396,MAIN,2026-07-25T18:34:00,E103,C0145,completed
T0004397,MAIN,2026-07-25T10:01:09,E103,C0063,completed
T0004398,MAIN,2026-07-25T17:51:42,E105,C0104,completed
T0004399,MAIN,2026-07-25T10:42:28,E106,C0101,completed
T0004400,MAIN,2026-07-25T10:12:07,E103,,completed
T0004401,MAIN,2026-07-25T13:17:57,E103,C0061,completed
T0004402,MAIN,2026-07-25T20:45:21,E101,C0086,completed
T0004403,MAIN,2026-07-25T10:21:56,E102,C0055,completed
T0004404,MAIN,2026-07-25T17:52:32,E104,C0308,completed
T0004405,MAIN,2026-07-25T17:29:22,E106,,completed
T0004406,MAIN,2026-07-25T11:41:57,E105,,completed
T0004407,MAIN,2026-07-25T18:02:56,E103,,completed
T0004408,MAIN,2026-07-25T18:24:18,E102,C0210,completed
T0004409,MAIN,2026-07-25T11:59:15,E106,C0298,completed
T0004410,MAIN,2026-07-25T19:54:27,E103,C0290,completed
T0004411,MAIN,2026-07-25T12:22:18,E102,C0124,completed
T0004412,MAIN,2026-07-25T20:59:47,E102,C0255,completed
T0004413,MAIN,2026-07-25T11:01:41,E103,C0244,refunded
T0004414,MAIN,2026-07-25T13:18:15,E103,,completed
T0004415,MAIN,2026-07-25T12:46:51,E101,,completed
T0004416,MAIN,2026-07-25T17:57:06,E101,,completed
T0004417,MAIN,2026-07-25T09:37:10,E103,C0263,completed
T0004418,MAIN,2026-07-25T17:41:14,E103,,completed
T0004419,MAIN,2026-07-25T18:44:45,E106,C0003,completed
T0004420,MAIN,2026-07-25T17:28:49,E104,C0097,completed
T0004421,MAIN,2026-07-25T12:17:13,E101,,completed
T0004422,MAIN,2026-07-25T13:30:03,E104,C0347,completed
T0004423,MAIN,2026-07-25T17:32:50,E102,C0024,completed
T0004424,MAIN,2026-07-25T13:01:09,E102,,completed
T0004425,MAIN,2026-07-25T11:07:23,E101,C0163,completed
T0004426,MAIN,2026-07-25T13:08:06,E101,C0350,completed
T0004427,MAIN,2026-07-25T18:17:38,E106,C0292,completed
T0004428,MAIN,2026-07-25T12:30:01,E106,C0363,completed
T0004429,MAIN,2026-07-25T10:14:28,E106,C0218,completed
T0004430,MAIN,2026-07-25T17:30:33,E105,,completed
T0004431,MAIN,2026-07-25T19:16:21,E101,C0094,completed
T0004432,MAIN,2026-07-25T11:49:43,E101,C0332,completed
T0004433,MAIN,2026-07-25T09:43:23,E101,C0346,completed
T0004434,MAIN,2026-07-25T10:14:58,E101,C0170,completed
T0004435,MAIN,2026-07-25T17:20:13,E104,C0113,completed
T0004436,MAIN,2026-07-25T13:02:42,E106,C0297,completed
T0004437,MAIN,2026-07-25T18:27:06,E101,C0342,completed
T0004438,MAIN,2026-07-25T17:29:14,E103,,completed
T0004439,MAIN,2026-07-25T19:58:54,E106,C0209,completed
T0004440,MAIN,2026-07-25T20:24:57,E104,C0378,completed
T0004441,MAIN,2026-07-25T20:00:36,E106,C0289,completed
T0004442,MAIN,2026-07-25T11:50:02,E103,C0051,completed
T0004443,MAIN,2026-07-25T17:06:20,E106,,completed
T0004444,MAIN,2026-07-25T17:07:58,E104,C0153,completed
T0004445,MAIN,2026-07-25T20:03:57,E106,,completed
T0004446,MAIN,2026-07-26T10:42:49,E103,C0026,completed
T0004447,MAIN,2026-07-26T19:06:18,E104,C0224,completed
T0004448,MAIN,2026-07-26T13:04:45,E105,C0194,completed
T0004449,MAIN,2026-07-26T12:05:24,E101,C0345,completed
T0004450,MAIN,2026-07-26T10:30:04,E103,C0398,completed
T0004451,MAIN,2026-07-26T13:44:54,E103,C0387,completed
T0004452,MAIN,2026-07-26T19:46:15,E106,,completed
T0004453,MAIN,2026-07-26T16:50:41,E103,,completed
T0004454,MAIN,2026-07-26T13:04:12,E105,,completed
T0004455,MAIN,2026-07-26T19:49:30,E103,C0304,completed
T0004456,MAIN,2026-07-26T15:42:44,E102,C0256,completed
T0004457,MAIN,2026-07-26T11:14:09,E106,C0319,completed
T0004458,MAIN,2026-07-26T20:55:56,E104,,completed
T0004459,MAIN,2026-07-26T14:43:38,E102,C0200,completed
T0004460,MAIN,2026-07-26T17:42:49,E105,,completed
T0004461,MAIN,2026-07-26T13:37:52,E104,C0392,completed
T0004462,MAIN,2026-07-26T12:33:03,E101,,completed
T0004463,MAIN,2026-07-26T18:14:10,E104,C0098,completed
T0004464,MAIN,2026-07-26T19:51:15,E104,C0198,completed
T0004465,MAIN,2026-07-26T15:56:06,E101,,completed
T0004466,MAIN,2026-07-26T16:42:01,E105,C0346,completed
T0004467,MAIN,2026-07-26T20:51:08,E103,C0067,completed
T0004468,MAIN,2026-07-26T11:13:21,E105,C0388,completed
T0004469,MAIN,2026-07-26T13:21:25,E105,,completed
T0004470,MAIN,2026-07-26T19:49:08,E103,,completed
T0004471,MAIN,2026-07-26T17:07:04,E105,,completed
T0004472,MAIN,2026-07-26T10:34:40,E101,C0015,completed
T0004473,MAIN,2026-07-26T17:16:19,E104,C0282,completed
T0004474,MAIN,2026-07-26T12:48:54,E101,C0079,completed
T0004475,MAIN,2026-07-26T15:26:47,E104,C0067,completed
T0004476,MAIN,2026-07-26T18:25:28,E105,C0210,completed
T0004477,MAIN,2026-07-26T16:48:47,E102,,completed
T0004478,MAIN,2026-07-26T12:11:12,E106,C0260,completed
T0004479,MAIN,2026-07-26T11:32:19,E103,,completed
T0004480,MAIN,2026-07-26T16:22:45,E105,,completed
T0004481,MAIN,2026-07-26T14:15:27,E106,,completed
T0004482,MAIN,2026-07-26T12:30:51,E105,,completed
T0004483,MAIN,2026-07-26T11:01:40,E106,C0314,completed
T0004484,MAIN,2026-07-26T14:43:57,E102,C0076,completed
T0004485,MAIN,2026-07-26T18:43:38,E104,,completed
T0004486,MAIN,2026-07-26T13:44:46,E105,C0287,completed
T0004487,MAIN,2026-07-26T16:44:43,E106,C0063,completed
T0004488,MAIN,2026-07-26T09:26:40,E105,C0241,completed
T0004489,MAIN,2026-07-26T13:47:14,E106,,completed
T0004490,MAIN,2026-07-26T18:34:39,E104,C0222,completed
T0004491,MAIN,2026-07-26T12:08:56,E101,,completed
T0004492,MAIN,2026-07-26T12:22:52,E104,C0024,completed
T0004493,MAIN,2026-07-26T16:48:15,E105,C0320,completed
T0004494,MAIN,2026-07-26T18:53:31,E103,C0138,completed
T0004495,MAIN,2026-07-26T13:23:39,E104,C0109,completed
T0004496,MAIN,2026-07-26T12:23:24,E102,,completed
T0004497,MAIN,2026-07-26T17:50:12,E102,,completed
T0004498,MAIN,2026-07-26T15:59:02,E106,C0076,completed
T0004499,MAIN,2026-07-26T12:51:47,E106,,completed
T0004500,MAIN,2026-07-26T10:03:51,E102,C0030,completed
T0004501,MAIN,2026-07-26T14:58:24,E106,C0160,completed
T0004502,MAIN,2026-07-26T10:47:19,E101,C0399,completed
T0004503,MAIN,2026-07-26T18:43:02,E103,C0278,completed
T0004504,MAIN,2026-07-26T14:07:54,E103,,completed
T0004505,MAIN,2026-07-26T10:20:21,E101,C0229,completed
T0004506,MAIN,2026-07-26T11:01:32,E106,C0336,completed
T0004507,MAIN,2026-07-26T13:34:40,E103,C0089,completed
T0004508,MAIN,2026-07-26T13:37:27,E104,,completed
T0004509,MAIN,2026-07-26T18:15:29,E106,C0139,completed
T0004510,MAIN,2026-07-26T20:01:16,E101,C0153,completed
T0004511,MAIN,2026-07-26T18:33:34,E103,C0369,completed
T0004512,MAIN,2026-07-26T14:14:34,E102,,completed
T0004513,MAIN,2026-07-26T17:00:24,E102,C0279,completed
T0004514,MAIN,2026-07-26T11:06:53,E102,,completed
T0004515,MAIN,2026-07-26T16:13:48,E106,,completed
T0004516,MAIN,2026-07-26T09:49:57,E104,C0321,completed
T0004517,MAIN,2026-07-26T17:52:00,E102,C0259,completed
T0004518,MAIN,2026-07-26T17:18:27,E105,C0254,completed
T0004519,MAIN,2026-07-26T10:47:18,E102,C0141,completed
T0004520,MAIN,2026-07-26T19:48:11,E105,C0063,completed
T0004521,MAIN,2026-07-26T20:17:13,E103,C0352,completed
T0004522,MAIN,2026-07-26T15:00:45,E103,,completed
T0004523,MAIN,2026-07-26T13:23:57,E103,C0186,completed
T0004524,MAIN,2026-07-26T17:05:47,E103,C0278,completed
T0004525,MAIN,2026-07-26T16:53:54,E105,C0222,completed
T0004526,MAIN,2026-07-26T13:41:53,E105,C0239,completed
T0004527,MAIN,2026-07-26T15:22:37,E101,C0322,completed
T0004528,MAIN,2026-07-26T15:27:48,E101,C0155,completed
T0004529,MAIN,2026-07-26T20:11:00,E105,,completed
T0004530,MAIN,2026-07-26T20:27:08,E102,C0062,completed
T0004531,MAIN,2026-07-26T14:12:20,E101,C0400,completed
T0004532,MAIN,2026-07-26T14:45:54,E104,C0098,completed
T0004533,MAIN,2026-07-26T20:37:09,E101,C0266,completed
T0004534,MAIN,2026-07-26T11:15:07,E103,C0151,completed
T0004535,MAIN,2026-07-26T17:51:36,E102,C0026,completed
T0004536,MAIN,2026-07-26T13:48:29,E102,C0063,completed
T0004537,MAIN,2026-07-26T10:12:29,E106,C0149,completed
T0004538,MAIN,2026-07-26T11:26:03,E102,C0057,completed
T0004539,MAIN,2026-07-26T15:25:51,E102,,completed
T0004540,MAIN,2026-07-26T17:48:44,E106,C0086,completed
T0004541,MAIN,2026-07-26T18:20:16,E105,C0057,completed
T0004542,MAIN,2026-07-26T18:23:09,E103,,completed
T0004543,MAIN,2026-07-26T15:24:11,E103,C0386,completed
T0004544,MAIN,2026-07-26T18:28:05,E103,C0058,completed
T0004545,MAIN,2026-07-26T18:58:58,E105,,completed
T0004546,MAIN,2026-07-26T12:32:38,E102,C0288,completed
T0004547,MAIN,2026-07-26T19:48:05,E104,C0028,completed
T0004548,MAIN,2026-07-26T18:31:29,E103,C0127,completed
T0004549,MAIN,2026-07-26T11:46:02,E102,C0124,completed
T0004550,MAIN,2026-07-26T12:44:06,E104,C0146,completed
T0004551,MAIN,2026-07-26T11:24:08,E101,C0171,completed
T0004552,MAIN,2026-07-27T13:47:35,E106,,completed
T0004553,MAIN,2026-07-27T13:30:13,E101,,completed
T0004554,MAIN,2026-07-27T14:23:03,E105,C0246,completed
T0004555,MAIN,2026-07-27T14:42:23,E101,,completed
T0004556,MAIN,2026-07-27T18:17:55,E101,,completed
T0004557,MAIN,2026-07-27T19:34:19,E106,C0102,completed
T0004558,MAIN,2026-07-27T13:34:35,E105,,completed
T0004559,MAIN,2026-07-27T10:32:26,E104,C0242,completed
T0004560,MAIN,2026-07-27T10:02:46,E106,C0263,refunded
T0004561,MAIN,2026-07-27T15:15:09,E105,C0342,completed
T0004562,MAIN,2026-07-27T19:08:13,E104,C0320,completed
T0004563,MAIN,2026-07-27T16:51:18,E103,C0399,completed
T0004564,MAIN,2026-07-27T09:37:32,E102,C0281,completed
T0004565,MAIN,2026-07-27T20:50:22,E102,C0115,completed
T0004566,MAIN,2026-07-27T17:36:34,E103,,completed
T0004567,MAIN,2026-07-27T14:45:37,E103,C0258,completed
T0004568,MAIN,2026-07-27T14:53:02,E105,C0309,completed
T0004569,MAIN,2026-07-27T18:25:07,E106,,completed
T0004570,MAIN,2026-07-27T16:22:15,E102,C0169,completed
T0004571,MAIN,2026-07-27T19:10:43,E105,C0159,completed
T0004572,MAIN,2026-07-27T14:56:02,E102,,completed
T0004573,MAIN,2026-07-27T17:39:52,E103,C0001,completed
T0004574,MAIN,2026-07-27T18:27:15,E103,C0221,completed
T0004575,MAIN,2026-07-27T11:28:10,E105,C0292,completed
T0004576,MAIN,2026-07-27T12:01:06,E102,C0149,completed
T0004577,MAIN,2026-07-27T12:25:17,E104,C0341,completed
T0004578,MAIN,2026-07-27T18:21:39,E104,C0330,completed
T0004579,MAIN,2026-07-27T17:03:18,E102,,completed
T0004580,MAIN,2026-07-27T18:51:39,E101,C0229,completed
T0004581,MAIN,2026-07-27T12:58:08,E105,C0157,completed
T0004582,MAIN,2026-07-27T17:04:58,E102,,completed
T0004583,MAIN,2026-07-27T13:11:25,E104,,completed
T0004584,MAIN,2026-07-27T16:12:55,E106,C0248,completed
T0004585,MAIN,2026-07-27T19:57:14,E104,C0062,voided
T0004586,MAIN,2026-07-27T12:26:03,E101,C0172,completed
T0004587,MAIN,2026-07-27T15:26:08,E106,C0132,completed
T0004588,MAIN,2026-07-27T16:10:53,E105,C0388,completed
T0004589,MAIN,2026-07-27T16:15:45,E101,C0326,completed
T0004590,MAIN,2026-07-27T15:29:22,E101,,completed
T0004591,MAIN,2026-07-27T15:20:58,E105,C0319,completed
T0004592,MAIN,2026-07-27T18:42:17,E102,C0021,completed
T0004593,MAIN,2026-07-27T18:42:25,E101,,completed
T0004594,MAIN,2026-07-27T11:25:34,E104,C0128,completed
T0004595,MAIN,2026-07-27T16:11:25,E102,C0304,completed
T0004596,MAIN,2026-07-27T17:00:26,E106,,completed
T0004597,MAIN,2026-07-27T09:38:33,E101,,completed
T0004598,MAIN,2026-07-27T16:33:15,E101,C0195,completed
T0004599,MAIN,2026-07-27T17:55:06,E102,,completed
T0004600,MAIN,2026-07-27T19:06:21,E104,C0106,completed
T0004601,MAIN,2026-07-27T20:25:52,E101,C0069,completed
T0004602,MAIN,2026-07-27T15:39:35,E101,C0127,refunded
T0004603,MAIN,2026-07-27T17:23:37,E101,C0351,completed
T0004604,MAIN,2026-07-27T18:55:26,E103,C0319,completed
T0004605,MAIN,2026-07-27T15:48:09,E105,C0174,completed
T0004606,MAIN,2026-07-27T12:19:09,E104,C0128,completed
T0004607,MAIN,2026-07-27T17:41:11,E104,,completed
T0004608,MAIN,2026-07-27T12:20:00,E105,C0329,completed
T0004609,MAIN,2026-07-27T19:21:27,E103,C0231,completed
T0004610,MAIN,2026-07-27T11:48:01,E103,C0139,completed
T0004611,MAIN,2026-07-27T09:27:00,E106,C0116,completed
T0004612,MAIN,2026-07-27T11:01:24,E106,C0071,completed
T0004613,MAIN,2026-07-27T16:18:46,E103,C0036,completed
T0004614,MAIN,2026-07-27T13:34:33,E104,,completed
T0004615,MAIN,2026-07-27T11:14:21,E102,C0348,completed
T0004616,MAIN,2026-07-27T12:29:44,E106,C0271,refunded
T0004617,MAIN,2026-07-27T12:20:10,E101,C0103,completed
T0004618,MAIN,2026-07-27T14:50:44,E104,C0126,completed
T0004619,MAIN,2026-07-27T10:12:55,E105,,completed
T0004620,MAIN,2026-07-27T19:45:31,E101,,completed
T0004621,MAIN,2026-07-27T13:18:11,E102,,completed
T0004622,MAIN,2026-07-27T09:15:09,E103,C0166,completed
T0004623,MAIN,2026-07-27T14:19:00,E105,,completed
T0004624,MAIN,2026-07-27T15:40:25,E104,,completed
T0004625,MAIN,2026-07-27T11:29:32,E105,C0052,completed
T0004626,MAIN,2026-07-27T11:22:40,E101,C0339,completed
T0004627,MAIN,2026-07-27T17:18:51,E105,C0138,completed
T0004628,MAIN,2026-07-27T13:39:08,E102,,completed
T0004629,MAIN,2026-07-27T17:52:23,E106,C0087,completed
T0004630,MAIN,2026-07-27T17:50:41,E102,C0262,completed
T0004631,MAIN,2026-07-27T13:58:15,E104,,completed
T0004632,MAIN,2026-07-27T09:06:09,E103,C0218,completed
T0004633,MAIN,2026-07-27T12:36:10,E106,C0291,completed
T0004634,MAIN,2026-07-27T10:50:20,E101,,completed
T0004635,MAIN,2026-07-27T19:46:44,E105,,completed
T0004636,MAIN,2026-07-27T15:05:30,E102,C0217,completed
T0004637,MAIN,2026-07-27T16:42:07,E101,C0114,completed
T0004638,MAIN,2026-07-28T17:37:57,E104,C0072,completed
T0004639,MAIN,2026-07-28T14:12:43,E101,C0121,completed
T0004640,MAIN,2026-07-28T20:14:35,E104,,completed
T0004641,MAIN,2026-07-28T11:20:06,E102,C0131,completed
T0004642,MAIN,2026-07-28T20:10:56,E105,C0309,completed
T0004643,MAIN,2026-07-28T18:44:34,E104,C0190,completed
T0004644,MAIN,2026-07-28T14:10:30,E101,C0163,completed
T0004645,MAIN,2026-07-28T14:21:49,E103,C0335,completed
T0004646,MAIN,2026-07-28T18:08:37,E106,C0214,completed
T0004647,MAIN,2026-07-28T20:58:34,E104,C0089,completed
T0004648,MAIN,2026-07-28T13:28:35,E104,,completed
T0004649,MAIN,2026-07-28T12:53:43,E106,C0053,completed
T0004650,MAIN,2026-07-28T13:26:07,E105,C0383,completed
T0004651,MAIN,2026-07-28T18:27:59,E103,C0012,completed
T0004652,MAIN,2026-07-28T14:47:54,E106,C0379,completed
T0004653,MAIN,2026-07-28T10:37:23,E102,,completed
T0004654,MAIN,2026-07-28T12:02:12,E106,C0106,completed
T0004655,MAIN,2026-07-28T14:11:14,E102,C0396,completed
T0004656,MAIN,2026-07-28T18:30:58,E103,C0004,completed
T0004657,MAIN,2026-07-28T16:47:56,E101,C0231,completed
T0004658,MAIN,2026-07-28T17:58:44,E106,C0190,completed
T0004659,MAIN,2026-07-28T12:26:09,E101,C0132,completed
T0004660,MAIN,2026-07-28T12:30:58,E101,C0328,completed
T0004661,MAIN,2026-07-28T15:18:01,E103,C0010,completed
T0004662,MAIN,2026-07-28T09:15:01,E104,C0007,voided
T0004663,MAIN,2026-07-28T12:27:09,E101,C0122,completed
T0004664,MAIN,2026-07-28T10:46:09,E101,C0010,completed
T0004665,MAIN,2026-07-28T13:36:39,E103,C0142,completed
T0004666,MAIN,2026-07-28T15:58:51,E106,C0319,completed
T0004667,MAIN,2026-07-28T17:13:47,E104,,completed
T0004668,MAIN,2026-07-28T20:02:35,E102,C0020,completed
T0004669,MAIN,2026-07-28T14:57:37,E101,C0288,completed
T0004670,MAIN,2026-07-28T20:50:48,E102,C0312,completed
T0004671,MAIN,2026-07-28T11:49:34,E103,C0324,completed
T0004672,MAIN,2026-07-28T16:34:55,E103,C0349,completed
T0004673,MAIN,2026-07-28T11:05:14,E102,C0082,completed
T0004674,MAIN,2026-07-28T16:31:34,E103,C0072,completed
T0004675,MAIN,2026-07-28T12:17:31,E102,,completed
T0004676,MAIN,2026-07-28T11:14:19,E104,,completed
T0004677,MAIN,2026-07-28T09:15:00,E101,C0223,completed
T0004678,MAIN,2026-07-28T15:29:01,E105,,completed
T0004679,MAIN,2026-07-28T18:11:33,E104,C0326,completed
T0004680,MAIN,2026-07-28T16:02:11,E103,C0028,completed
T0004681,MAIN,2026-07-28T15:12:16,E104,C0228,completed
T0004682,MAIN,2026-07-28T17:26:43,E102,C0103,completed
T0004683,MAIN,2026-07-28T15:48:36,E102,C0342,completed
T0004684,MAIN,2026-07-28T18:05:47,E106,,voided
T0004685,MAIN,2026-07-28T18:51:02,E101,C0162,completed
T0004686,MAIN,2026-07-28T17:13:41,E103,,completed
T0004687,MAIN,2026-07-28T11:06:12,E102,,completed
T0004688,MAIN,2026-07-28T09:57:31,E102,,completed
T0004689,MAIN,2026-07-28T10:49:50,E105,C0199,completed
T0004690,MAIN,2026-07-28T14:32:21,E104,C0049,completed
T0004691,MAIN,2026-07-28T13:39:47,E101,,completed
T0004692,MAIN,2026-07-28T11:29:09,E101,,completed
T0004693,MAIN,2026-07-28T13:25:03,E103,C0219,completed
T0004694,MAIN,2026-07-28T20:49:28,E103,,completed
T0004695,MAIN,2026-07-28T17:11:47,E106,,completed
T0004696,MAIN,2026-07-28T18:40:24,E105,C0082,completed
T0004697,MAIN,2026-07-28T20:19:03,E106,,completed
T0004698,MAIN,2026-07-28T18:27:34,E105,C0186,completed
T0004699,MAIN,2026-07-28T11:33:37,E102,,completed
T0004700,MAIN,2026-07-28T10:14:14,E104,C0144,completed
T0004701,MAIN,2026-07-28T18:08:12,E105,C0398,completed
T0004702,MAIN,2026-07-28T19:23:10,E102,,completed
T0004703,MAIN,2026-07-28T19:48:22,E104,,completed
T0004704,MAIN,2026-07-28T16:23:03,E103,,completed
T0004705,MAIN,2026-07-28T18:49:53,E102,C0011,completed
T0004706,MAIN,2026-07-28T18:52:43,E105,C0092,completed
T0004707,MAIN,2026-07-28T16:51:01,E105,C0190,completed
T0004708,MAIN,2026-07-28T15:37:43,E101,C0335,completed
T0004709,MAIN,2026-07-28T12:09:54,E105,,completed
T0004710,MAIN,2026-07-28T13:28:04,E105,C0233,completed
T0004711,MAIN,2026-07-28T13:42:02,E106,C0026,completed
T0004712,MAIN,2026-07-28T15:58:24,E103,C0114,completed
T0004713,MAIN,2026-07-29T17:04:01,E101,C0169,completed
T0004714,MAIN,2026-07-29T18:29:01,E101,C0052,completed
T0004715,MAIN,2026-07-29T15:13:21,E106,,completed
T0004716,MAIN,2026-07-29T16:33:21,E105,C0073,completed
T0004717,MAIN,2026-07-29T16:27:00,E102,C0296,completed
T0004718,MAIN,2026-07-29T13:44:39,E106,C0222,completed
T0004719,MAIN,2026-07-29T12:07:33,E101,C0127,completed
T0004720,MAIN,2026-07-29T14:41:50,E105,C0237,completed
T0004721,MAIN,2026-07-29T11:55:18,E104,C0382,completed
T0004722,MAIN,2026-07-29T17:56:58,E105,C0359,completed
T0004723,MAIN,2026-07-29T14:00:06,E106,,completed
T0004724,MAIN,2026-07-29T12:58:39,E105,C0224,completed
T0004725,MAIN,2026-07-29T18:27:38,E101,C0089,completed
T0004726,MAIN,2026-07-29T13:23:16,E104,,completed
T0004727,MAIN,2026-07-29T19:31:25,E104,C0145,completed
T0004728,MAIN,2026-07-29T13:08:27,E101,,completed
T0004729,MAIN,2026-07-29T17:09:11,E101,C0248,completed
T0004730,MAIN,2026-07-29T18:45:44,E104,C0190,completed
T0004731,MAIN,2026-07-29T19:35:02,E102,,completed
T0004732,MAIN,2026-07-29T17:35:13,E105,C0054,completed
T0004733,MAIN,2026-07-29T18:55:34,E103,C0045,completed
T0004734,MAIN,2026-07-29T19:55:01,E105,,completed
T0004735,MAIN,2026-07-29T12:13:52,E105,C0025,completed
T0004736,MAIN,2026-07-29T19:28:33,E106,C0283,completed
T0004737,MAIN,2026-07-29T20:21:48,E103,,completed
T0004738,MAIN,2026-07-29T11:35:44,E103,C0339,completed
T0004739,MAIN,2026-07-29T11:26:59,E105,C0147,completed
T0004740,MAIN,2026-07-29T20:05:42,E103,C0065,completed
T0004741,MAIN,2026-07-29T11:05:27,E103,,completed
T0004742,MAIN,2026-07-29T18:04:14,E104,C0287,completed
T0004743,MAIN,2026-07-29T13:09:22,E103,C0088,completed
T0004744,MAIN,2026-07-29T16:44:46,E105,,completed
T0004745,MAIN,2026-07-29T17:55:58,E101,C0070,completed
T0004746,MAIN,2026-07-29T10:55:45,E101,C0117,completed
T0004747,MAIN,2026-07-29T11:24:08,E104,C0355,completed
T0004748,MAIN,2026-07-29T17:29:16,E103,C0041,completed
T0004749,MAIN,2026-07-29T09:41:41,E102,,completed
T0004750,MAIN,2026-07-29T14:16:25,E106,C0351,completed
T0004751,MAIN,2026-07-29T13:09:38,E102,C0147,completed
T0004752,MAIN,2026-07-29T18:34:24,E101,,completed
T0004753,MAIN,2026-07-29T19:12:15,E103,C0099,completed
T0004754,MAIN,2026-07-29T14:32:36,E105,C0026,completed
T0004755,MAIN,2026-07-29T17:23:21,E102,,completed
T0004756,MAIN,2026-07-29T17:36:49,E105,C0302,completed
T0004757,MAIN,2026-07-29T18:36:09,E102,C0047,completed
T0004758,MAIN,2026-07-29T11:40:34,E101,C0380,refunded
T0004759,MAIN,2026-07-29T16:17:23,E102,,completed
T0004760,MAIN,2026-07-29T13:21:51,E104,C0095,completed
T0004761,MAIN,2026-07-29T12:00:08,E105,,completed
T0004762,MAIN,2026-07-29T18:58:45,E106,C0048,completed
T0004763,MAIN,2026-07-29T12:43:30,E106,C0189,completed
T0004764,MAIN,2026-07-29T09:46:55,E103,C0164,completed
T0004765,MAIN,2026-07-29T18:26:52,E106,,completed
T0004766,MAIN,2026-07-29T20:44:32,E102,C0067,completed
T0004767,MAIN,2026-07-29T12:01:11,E101,C0122,completed
T0004768,MAIN,2026-07-29T18:24:44,E106,,completed
T0004769,MAIN,2026-07-29T19:03:39,E104,,completed
T0004770,MAIN,2026-07-29T13:40:17,E101,,completed
T0004771,MAIN,2026-07-29T09:39:01,E102,C0118,completed
T0004772,MAIN,2026-07-29T13:06:32,E101,,completed
T0004773,MAIN,2026-07-29T10:16:25,E103,C0270,completed
T0004774,MAIN,2026-07-29T12:57:06,E103,,completed
T0004775,MAIN,2026-07-29T18:42:33,E106,,completed
T0004776,MAIN,2026-07-29T17:22:50,E104,,completed
T0004777,MAIN,2026-07-29T20:32:48,E102,C0077,completed
T0004778,MAIN,2026-07-29T17:26:33,E103,C0094,completed
T0004779,MAIN,2026-07-29T20:44:17,E104,C0222,completed
T0004780,MAIN,2026-07-29T18:51:43,E104,C0318,completed
T0004781,MAIN,2026-07-29T18:31:34,E104,C0380,completed
T0004782,MAIN,2026-07-29T13:07:00,E106,,completed
T0004783,MAIN,2026-07-29T13:12:03,E102,C0366,completed
T0004784,MAIN,2026-07-29T12:01:40,E105,C0007,completed
T0004785,MAIN,2026-07-29T19:58:55,E106,C0267,completed
T0004786,MAIN,2026-07-29T13:25:03,E106,C0206,completed
T0004787,MAIN,2026-07-29T13:53:23,E101,C0138,completed
T0004788,MAIN,2026-07-29T18:15:20,E105,C0175,completed
T0004789,MAIN,2026-07-29T16:08:28,E105,,completed
T0004790,MAIN,2026-07-29T19:05:45,E105,C0260,completed
T0004791,MAIN,2026-07-29T13:10:19,E106,C0296,completed
T0004792,MAIN,2026-07-29T17:59:04,E101,,completed
T0004793,MAIN,2026-07-29T18:57:12,E106,C0318,completed
T0004794,MAIN,2026-07-29T10:40:56,E101,C0001,completed
T0004795,MAIN,2026-07-29T12:35:26,E103,,completed
T0004796,MAIN,2026-07-29T12:12:56,E102,C0250,completed
T0004797,MAIN,2026-07-29T16:47:05,E105,C0291,completed
T0004798,MAIN,2026-07-29T11:10:32,E105,C0318,completed
T0004799,MAIN,2026-07-29T18:45:04,E104,C0121,completed
T0004800,MAIN,2026-07-29T16:12:37,E102,C0345,completed
T0004801,MAIN,2026-07-29T20:56:41,E103,C0006,completed
T0004802,MAIN,2026-07-29T16:15:14,E102,C0106,completed
T0004803,MAIN,2026-07-29T20:06:48,E105,,completed
T0004804,MAIN,2026-07-29T15:56:33,E102,,completed
T0004805,MAIN,2026-07-29T14:50:38,E101,C0261,voided
T0004806,MAIN,2026-07-29T19:45:41,E102,,completed
T0004807,MAIN,2026-07-29T18:12:39,E101,,completed
T0004808,MAIN,2026-07-29T12:39:03,E106,C0201,completed
T0004809,MAIN,2026-07-29T16:33:18,E102,,completed
T0004810,MAIN,2026-07-29T14:28:41,E103,C0248,completed
T0004811,MAIN,2026-07-29T19:25:41,E102,,completed
T0004812,MAIN,2026-07-29T15:24:10,E102,C0107,completed
T0004813,MAIN,2026-07-29T19:40:20,E106,C0101,completed
T0004814,MAIN,2026-07-30T16:31:50,E105,,completed
T0004815,MAIN,2026-07-30T11:46:12,E104,C0228,completed
T0004816,MAIN,2026-07-30T13:46:48,E105,C0236,completed
T0004817,MAIN,2026-07-30T12:12:10,E104,,refunded
T0004818,MAIN,2026-07-30T18:03:11,E106,C0063,completed
T0004819,MAIN,2026-07-30T17:09:42,E104,C0026,completed
T0004820,MAIN,2026-07-30T10:58:51,E104,,completed
T0004821,MAIN,2026-07-30T13:34:14,E105,,completed
T0004822,MAIN,2026-07-30T17:48:32,E101,C0116,completed
T0004823,MAIN,2026-07-30T19:15:32,E103,C0393,completed
T0004824,MAIN,2026-07-30T10:19:15,E104,C0291,completed
T0004825,MAIN,2026-07-30T13:37:42,E105,,completed
T0004826,MAIN,2026-07-30T15:25:50,E106,,refunded
T0004827,MAIN,2026-07-30T13:17:13,E104,,completed
T0004828,MAIN,2026-07-30T13:24:00,E105,C0001,completed
T0004829,MAIN,2026-07-30T17:50:56,E106,,completed
T0004830,MAIN,2026-07-30T16:54:35,E102,C0052,completed
T0004831,MAIN,2026-07-30T15:35:57,E102,C0169,completed
T0004832,MAIN,2026-07-30T13:20:02,E103,C0354,completed
T0004833,MAIN,2026-07-30T17:48:57,E106,C0258,completed
T0004834,MAIN,2026-07-30T16:19:53,E104,,completed
T0004835,MAIN,2026-07-30T13:24:18,E105,C0342,completed
T0004836,MAIN,2026-07-30T13:14:37,E104,C0257,completed
T0004837,MAIN,2026-07-30T18:38:11,E106,C0120,completed
T0004838,MAIN,2026-07-30T11:21:30,E104,C0085,completed
T0004839,MAIN,2026-07-30T09:21:53,E103,C0357,completed
T0004840,MAIN,2026-07-30T18:59:32,E106,,completed
T0004841,MAIN,2026-07-30T16:54:41,E101,C0172,completed
T0004842,MAIN,2026-07-30T16:42:33,E103,C0036,completed
T0004843,MAIN,2026-07-30T12:15:08,E106,C0195,completed
T0004844,MAIN,2026-07-30T13:07:18,E105,C0271,completed
T0004845,MAIN,2026-07-30T17:58:08,E101,,completed
T0004846,MAIN,2026-07-30T12:35:08,E105,,completed
T0004847,MAIN,2026-07-30T12:13:04,E103,,completed
T0004848,MAIN,2026-07-30T15:58:45,E105,C0343,completed
T0004849,MAIN,2026-07-30T14:47:18,E104,C0019,completed
T0004850,MAIN,2026-07-30T16:35:54,E106,C0393,voided
T0004851,MAIN,2026-07-30T14:57:18,E101,,completed
T0004852,MAIN,2026-07-30T18:09:35,E101,C0210,completed
T0004853,MAIN,2026-07-30T12:26:59,E104,C0233,completed
T0004854,MAIN,2026-07-30T20:05:49,E105,C0024,completed
T0004855,MAIN,2026-07-30T18:48:24,E101,C0255,completed
T0004856,MAIN,2026-07-30T15:45:08,E106,C0095,completed
T0004857,MAIN,2026-07-30T11:29:46,E101,C0264,completed
T0004858,MAIN,2026-07-30T09:35:04,E103,C0265,completed
T0004859,MAIN,2026-07-30T17:56:28,E101,C0187,completed
T0004860,MAIN,2026-07-30T12:06:32,E102,,completed
T0004861,MAIN,2026-07-30T14:32:34,E102,C0195,completed
T0004862,MAIN,2026-07-30T12:39:44,E102,C0166,completed
T0004863,MAIN,2026-07-30T13:12:50,E105,,completed
T0004864,MAIN,2026-07-30T13:22:09,E101,,completed
T0004865,MAIN,2026-07-30T18:23:22,E104,C0127,completed
T0004866,MAIN,2026-07-30T14:49:01,E102,C0373,completed
T0004867,MAIN,2026-07-30T17:39:02,E104,,completed
T0004868,MAIN,2026-07-30T18:16:22,E101,C0312,completed
T0004869,MAIN,2026-07-30T20:28:47,E103,C0225,completed
T0004870,MAIN,2026-07-30T17:24:18,E106,,completed
T0004871,MAIN,2026-07-30T18:57:54,E102,,completed
T0004872,MAIN,2026-07-30T20:44:10,E102,C0029,completed
T0004873,MAIN,2026-07-30T18:29:52,E101,,completed
T0004874,MAIN,2026-07-30T11:19:43,E106,,completed
T0004875,MAIN,2026-07-30T10:06:33,E105,C0072,completed
T0004876,MAIN,2026-07-30T18:56:51,E102,,completed
T0004877,MAIN,2026-07-30T17:23:31,E104,,completed
T0004878,MAIN,2026-07-30T19:28:46,E101,C0005,completed
T0004879,MAIN,2026-07-30T19:11:57,E105,,completed
T0004880,MAIN,2026-07-30T14:56:11,E105,C0332,completed
T0004881,MAIN,2026-07-30T13:24:36,E101,C0039,completed
T0004882,MAIN,2026-07-30T19:03:26,E105,C0187,completed
T0004883,MAIN,2026-07-30T18:23:53,E105,,completed
T0004884,MAIN,2026-07-30T15:45:54,E103,C0148,completed
T0004885,MAIN,2026-07-30T20:24:58,E104,C0333,completed
T0004886,MAIN,2026-07-30T18:11:15,E105,C0077,completed
T0004887,MAIN,2026-07-30T14:51:39,E105,,completed
T0004888,MAIN,2026-07-30T11:24:16,E106,,completed
T0004889,MAIN,2026-07-30T13:24:25,E103,,completed
T0004890,MAIN,2026-07-30T16:21:02,E104,C0307,completed
T0004891,MAIN,2026-07-30T16:31:40,E103,,completed
T0004892,MAIN,2026-07-30T20:18:17,E101,,completed
T0004893,MAIN,2026-07-30T15:01:19,E105,C0395,completed
T0004894,MAIN,2026-07-30T15:53:16,E104,C0295,completed
T0004895,MAIN,2026-07-30T17:19:02,E102,C0301,completed
T0004896,MAIN,2026-07-30T16:44:38,E102,,completed
T0004897,MAIN,2026-07-30T12:44:16,E101,C0185,completed
T0004898,MAIN,2026-07-30T18:36:49,E104,,completed
T0004899,MAIN,2026-07-30T20:34:54,E104,C0370,completed
T0004900,MAIN,2026-07-30T16:29:26,E103,C0281,completed
T0004901,MAIN,2026-07-30T15:28:50,E103,C0174,completed
T0004902,MAIN,2026-07-30T13:27:01,E102,,completed
T0004903,MAIN,2026-07-30T18:33:57,E101,,completed
T0004904,MAIN,2026-07-30T17:07:57,E106,C0136,completed
T0004905,MAIN,2026-07-30T19:59:31,E105,C0185,completed
T0004906,MAIN,2026-07-30T14:34:29,E105,C0034,completed
T0004907,MAIN,2026-07-30T19:08:33,E105,,completed
T0004908,MAIN,2026-07-30T13:00:37,E105,C0026,completed
T0004909,MAIN,2026-07-30T18:36:39,E101,C0021,completed
T0004910,MAIN,2026-07-30T18:20:06,E102,,completed
T0004911,MAIN,2026-07-30T18:45:54,E106,,completed
T0004912,MAIN,2026-07-30T13:56:25,E101,C0382,completed
T0004913,MAIN,2026-07-30T17:28:49,E102,,completed
T0004914,MAIN,2026-07-30T12:36:17,E102,C0325,completed
T0004915,MAIN,2026-07-30T13:58:18,E105,C0286,completed
T0004916,MAIN,2026-07-30T17:47:47,E105,C0364,completed
T0004917,MAIN,2026-07-30T12:00:50,E101,C0038,completed
T0004918,MAIN,2026-07-30T19:43:13,E104,C0278,completed
T0004919,MAIN,2026-07-30T15:56:05,E106,C0199,completed
T0004920,MAIN,2026-07-30T17:00:17,E106,,completed
T0004921,MAIN,2026-07-31T12:19:05,E103,C0175,completed
T0004922,MAIN,2026-07-31T09:59:21,E106,C0302,completed
T0004923,MAIN,2026-07-31T18:04:29,E104,C0360,completed
T0004924,MAIN,2026-07-31T19:52:00,E102,,completed
T0004925,MAIN,2026-07-31T12:15:47,E102,C0155,completed
T0004926,MAIN,2026-07-31T17:13:39,E102,C0135,completed
T0004927,MAIN,2026-07-31T14:52:25,E102,C0154,completed
T0004928,MAIN,2026-07-31T14:43:08,E102,C0146,completed
T0004929,MAIN,2026-07-31T14:44:13,E102,C0161,completed
T0004930,MAIN,2026-07-31T20:41:19,E102,C0028,completed
T0004931,MAIN,2026-07-31T09:58:56,E103,C0089,completed
T0004932,MAIN,2026-07-31T20:36:33,E104,C0260,completed
T0004933,MAIN,2026-07-31T18:51:04,E101,,completed
T0004934,MAIN,2026-07-31T16:45:45,E105,C0347,completed
T0004935,MAIN,2026-07-31T14:17:25,E103,,completed
T0004936,MAIN,2026-07-31T18:19:21,E106,C0384,completed
T0004937,MAIN,2026-07-31T16:04:18,E101,C0197,completed
T0004938,MAIN,2026-07-31T17:01:11,E105,,completed
T0004939,MAIN,2026-07-31T13:33:24,E103,C0232,completed
T0004940,MAIN,2026-07-31T13:09:31,E103,C0217,completed
T0004941,MAIN,2026-07-31T17:40:24,E103,C0088,completed
T0004942,MAIN,2026-07-31T11:54:49,E104,C0238,completed
T0004943,MAIN,2026-07-31T15:50:36,E104,,completed
T0004944,MAIN,2026-07-31T16:42:32,E106,C0341,completed
T0004945,MAIN,2026-07-31T16:56:46,E102,C0131,completed
T0004946,MAIN,2026-07-31T12:01:10,E106,C0155,completed
T0004947,MAIN,2026-07-31T13:00:51,E101,C0047,completed
T0004948,MAIN,2026-07-31T18:04:23,E101,,completed
T0004949,MAIN,2026-07-31T18:14:42,E105,C0262,completed
T0004950,MAIN,2026-07-31T18:38:56,E103,C0251,completed
T0004951,MAIN,2026-07-31T17:26:07,E102,C0267,completed
T0004952,MAIN,2026-07-31T20:37:03,E103,C0108,completed
T0004953,MAIN,2026-07-31T19:00:52,E101,C0040,completed
T0004954,MAIN,2026-07-31T19:00:28,E105,,refunded
T0004955,MAIN,2026-07-31T17:32:23,E103,C0194,completed
T0004956,MAIN,2026-07-31T12:58:21,E105,C0391,completed
T0004957,MAIN,2026-07-31T10:55:15,E102,C0397,completed
T0004958,MAIN,2026-07-31T14:03:15,E104,C0025,completed
T0004959,MAIN,2026-07-31T13:53:42,E102,C0305,completed
T0004960,MAIN,2026-07-31T18:27:19,E103,C0322,completed
T0004961,MAIN,2026-07-31T19:31:03,E102,C0354,completed
T0004962,MAIN,2026-07-31T13:22:30,E105,,completed
T0004963,MAIN,2026-07-31T16:51:38,E102,C0048,completed
T0004964,MAIN,2026-07-31T09:39:36,E102,C0197,completed
T0004965,MAIN,2026-07-31T12:41:44,E106,,completed
T0004966,MAIN,2026-07-31T13:09:00,E106,C0016,completed
T0004967,MAIN,2026-07-31T12:11:30,E101,C0126,completed
T0004968,MAIN,2026-07-31T11:04:22,E101,C0278,completed
T0004969,MAIN,2026-07-31T13:02:07,E105,,completed
T0004970,MAIN,2026-07-31T15:57:38,E103,,completed
T0004971,MAIN,2026-07-31T19:47:13,E103,,completed
T0004972,MAIN,2026-07-31T12:21:42,E103,C0229,completed
T0004973,MAIN,2026-07-31T18:43:17,E101,,completed
T0004974,MAIN,2026-07-31T19:31:12,E103,,completed
T0004975,MAIN,2026-07-31T16:52:49,E106,,completed
T0004976,MAIN,2026-07-31T18:57:19,E101,,completed
T0004977,MAIN,2026-07-31T17:37:39,E106,C0376,completed
T0004978,MAIN,2026-07-31T18:06:37,E103,C0222,completed
T0004979,MAIN,2026-07-31T10:21:08,E101,C0317,completed
T0004980,MAIN,2026-07-31T13:56:30,E106,,completed
T0004981,MAIN,2026-07-31T14:39:55,E105,C0262,completed
T0004982,MAIN,2026-07-31T11:25:06,E102,C0060,completed
T0004983,MAIN,2026-07-31T19:16:20,E101,C0108,completed
T0004984,MAIN,2026-07-31T11:11:01,E106,C0157,completed
T0004985,MAIN,2026-07-31T12:23:41,E105,,completed
T0004986,MAIN,2026-07-31T12:08:05,E103,,completed
T0004987,MAIN,2026-07-31T19:32:30,E104,C0148,completed
T0004988,MAIN,2026-07-31T11:11:11,E103,,completed
T0004989,MAIN,2026-07-31T15:38:35,E102,,completed
T0004990,MAIN,2026-07-31T17:41:52,E101,C0005,completed
T0004991,MAIN,2026-07-31T09:24:33,E106,C0107,completed
T0004992,MAIN,2026-07-31T13:13:31,E105,,completed
T0004993,MAIN,2026-07-31T17:14:31,E105,,completed
T0004994,MAIN,2026-07-31T13:23:50,E104,,completed
T0004995,MAIN,2026-07-31T20:30:16,E102,C0184,completed
T0004996,MAIN,2026-07-31T12:05:18,E105,C0062,completed
T0004997,MAIN,2026-07-31T16:41:52,E101,C0008,completed
T0004998,MAIN,2026-07-31T13:20:19,E103,,completed
T0004999,MAIN,2026-07-31T13:45:53,E105,C0037,completed
T0005000,MAIN,2026-07-31T19:13:11,E106,C0315,completed
T0005001,MAIN,2026-07-31T13:43:13,E104,C0322,completed
T0005002,MAIN,2026-07-31T18:47:47,E102,,completed
T0005003,MAIN,2026-07-31T19:41:37,E103,C0198,completed
T0005004,MAIN,2026-07-31T17:26:02,E101,,completed
T0005005,MAIN,2026-07-31T11:17:27,E101,C0239,completed
T0005006,MAIN,2026-07-31T20:48:39,E105,C0397,completed
T0005007,MAIN,2026-07-31T10:29:29,E106,C0352,completed
T0005008,MAIN,2026-07-31T12:27:18,E104,,completed
T0005009,MAIN,2026-07-31T10:24:39,E103,C0199,completed
T0005010,MAIN,2026-07-31T17:41:19,E102,C0311,completed
T0005011,MAIN,2026-07-31T14:16:32,E104,C0265,completed
T0005012,MAIN,2026-07-31T13:40:43,E104,C0256,completed
T0005013,MAIN,2026-07-31T20:22:02,E103,C0137,completed
T0005014,MAIN,2026-07-31T17:17:58,E106,C0015,completed
T0005015,MAIN,2026-07-31T13:53:26,E103,C0124,completed
T0005016,MAIN,2026-07-31T19:27:41,E105,C0211,completed
T0005017,MAIN,2026-07-31T13:28:29,E105,C0329,completed
T0005018,MAIN,2026-07-31T15:02:00,E105,,completed
T0005019,MAIN,2026-07-31T11:33:17,E102,C0169,completed
T0005020,MAIN,2026-07-31T19:48:26,E102,C0336,completed
T0005021,MAIN,2026-07-31T20:36:00,E101,C0321,completed
T0005022,MAIN,2026-07-31T09:30:37,E104,C0147,completed
T0005023,MAIN,2026-07-31T19:56:05,E101,C0020,completed
T0005024,MAIN,2026-07-31T13:57:29,E103,C0242,completed
T0005025,MAIN,2026-07-31T09:34:30,E103,C0129,completed
T0005026,MAIN,2026-07-31T12:15:41,E106,C0290,completed
T0005027,MAIN,2026-07-31T19:10:34,E106,C0206,completed
T0005028,MAIN,2026-07-31T15:47:38,E105,C0141,completed
T0005029,MAIN,2026-07-31T13:28:51,E101,C0217,completed
T0005030,MAIN,2026-07-31T18:26:31,E103,,completed
T0005031,MAIN,2026-07-31T15:33:20,E101,,completed
T0005032,MAIN,2026-07-31T09:52:57,E104,,completed
T0005033,MAIN,2026-07-31T17:09:41,E106,C0331,completed
T0005034,MAIN,2026-07-31T17:13:33,E105,C0021,completed
T0005035,MAIN,2026-07-31T19:35:12,E102,C0295,completed
T0005036,MAIN,2026-07-31T18:42:19,E103,C0066,completed
T0005037,MAIN,2026-07-31T18:12:57,E104,C0122,completed
T0005038,MAIN,2026-07-31T12:16:59,E106,,completed
T0005039,MAIN,2026-07-31T16:06:00,E106,C0172,completed
T0005040,MAIN,2026-07-31T12:07:08,E104,C0306,completed
T0005041,MAIN,2026-07-31T19:43:22,E105,C0237,completed
T0005042,MAIN,2026-07-31T13:31:02,E102,C0033,completed
T0005043,MAIN,2026-07-31T18:42:28,E105,,completed
T0005044,MAIN,2026-07-31T10:49:19,E101,C0181,completed
T0005045,MAIN,2026-07-31T12:23:25,E102,C0153,completed
T0005046,MAIN,2026-07-31T17:31:48,E104,C0100,voided
T0005047,MAIN,2026-07-31T16:49:51,E105,,completed
T0005048,MAIN,2026-07-31T17:34:57,E103,C0232,completed
T0005049,MAIN,2026-07-31T18:48:05,E106,,completed
T0005050,MAIN,2026-07-31T17:55:05,E103,C0019,completed
T0005051,MAIN,2026-07-31T18:45:07,E101,C0237,completed
T0005052,MAIN,2026-07-31T17:11:51,E104,C0205,completed
T0005053,MAIN,2026-07-31T15:49:15,E103,,completed
T0005054,MAIN,2026-07-31T19:09:32,E103,C0368,completed
T0005055,MAIN,2026-07-31T16:19:45,E103,,completed
T0005056,MAIN,2026-07-31T14:32:13,E105,C0216,completed
T0005057,MAIN,2026-07-31T18:36:54,E106,C0082,completed
T0005058,MAIN,2026-07-31T16:35:05,E106,C0313,completed
T0005059,MAIN,2026-07-31T11:15:31,E106,,completed
T0005060,MAIN,2026-07-31T10:36:07,E105,,completed
T0005061,MAIN,2026-08-01T19:15:01,E102,C0124,completed
T0005062,MAIN,2026-08-01T15:44:09,E104,C0223,completed
T0005063,MAIN,2026-08-01T14:03:19,E102,C0086,completed
T0005064,MAIN,2026-08-01T09:47:28,E102,C0259,completed
T0005065,MAIN,2026-08-01T15:56:45,E104,C0242,completed
T0005066,MAIN,2026-08-01T16:37:36,E103,C0025,completed
T0005067,MAIN,2026-08-01T14:09:16,E101,C0182,completed
T0005068,MAIN,2026-08-01T16:22:56,E106,C0047,completed
T0005069,MAIN,2026-08-01T12:21:36,E106,C0084,completed
T0005070,MAIN,2026-08-01T19:22:25,E102,C0037,completed
T0005071,MAIN,2026-08-01T09:14:18,E106,C0388,completed
T0005072,MAIN,2026-08-01T19:34:58,E102,,completed
T0005073,MAIN,2026-08-01T16:14:20,E106,C0204,completed
T0005074,MAIN,2026-08-01T18:46:47,E105,C0045,completed
T0005075,MAIN,2026-08-01T15:42:26,E104,C0083,completed
T0005076,MAIN,2026-08-01T15:28:38,E103,C0289,completed
T0005077,MAIN,2026-08-01T13:45:39,E104,C0293,completed
T0005078,MAIN,2026-08-01T14:08:14,E102,C0362,completed
T0005079,MAIN,2026-08-01T12:57:31,E101,C0395,completed
T0005080,MAIN,2026-08-01T12:20:11,E106,C0311,completed
T0005081,MAIN,2026-08-01T19:03:15,E104,C0304,completed
T0005082,MAIN,2026-08-01T18:27:24,E102,C0183,completed
T0005083,MAIN,2026-08-01T18:14:38,E101,,completed
T0005084,MAIN,2026-08-01T13:04:26,E102,C0161,completed
T0005085,MAIN,2026-08-01T11:18:50,E102,C0360,completed
T0005086,MAIN,2026-08-01T09:50:08,E104,C0011,completed
T0005087,MAIN,2026-08-01T18:20:34,E106,C0271,completed
T0005088,MAIN,2026-08-01T11:56:00,E102,C0185,completed
T0005089,MAIN,2026-08-01T20:38:58,E106,C0258,completed
T0005090,MAIN,2026-08-01T14:35:05,E104,C0012,completed
T0005091,MAIN,2026-08-01T18:09:15,E105,C0062,completed
T0005092,MAIN,2026-08-01T09:22:16,E101,,completed
T0005093,MAIN,2026-08-01T16:46:02,E103,C0394,completed
T0005094,MAIN,2026-08-01T12:43:38,E106,,completed
T0005095,MAIN,2026-08-01T12:18:43,E103,,completed
T0005096,MAIN,2026-08-01T16:13:26,E106,C0175,completed
T0005097,MAIN,2026-08-01T17:29:01,E106,,completed
T0005098,MAIN,2026-08-01T18:50:08,E106,C0033,completed
T0005099,MAIN,2026-08-01T12:12:24,E102,,completed
T0005100,MAIN,2026-08-01T18:24:40,E105,,completed
T0005101,MAIN,2026-08-01T15:08:21,E101,,completed
T0005102,MAIN,2026-08-01T10:54:36,E104,C0367,completed
T0005103,MAIN,2026-08-01T18:00:29,E106,C0339,completed
T0005104,MAIN,2026-08-01T09:27:26,E103,,completed
T0005105,MAIN,2026-08-01T14:47:03,E105,,completed
T0005106,MAIN,2026-08-01T09:20:31,E101,C0054,completed
T0005107,MAIN,2026-08-01T17:45:50,E105,C0156,completed
T0005108,MAIN,2026-08-01T18:48:07,E105,C0174,completed
T0005109,MAIN,2026-08-01T15:05:15,E103,C0226,completed
T0005110,MAIN,2026-08-01T10:32:00,E104,C0073,refunded
T0005111,MAIN,2026-08-01T12:17:52,E102,,completed
T0005112,MAIN,2026-08-01T16:44:07,E102,C0256,completed
T0005113,MAIN,2026-08-01T18:56:13,E105,C0208,completed
T0005114,MAIN,2026-08-01T10:53:54,E103,C0189,completed
T0005115,MAIN,2026-08-01T19:47:33,E102,,completed
T0005116,MAIN,2026-08-01T17:13:11,E101,C0381,completed
T0005117,MAIN,2026-08-01T14:12:44,E102,,completed
T0005118,MAIN,2026-08-01T10:33:18,E101,,completed
T0005119,MAIN,2026-08-01T18:22:22,E102,C0129,completed
T0005120,MAIN,2026-08-01T19:32:20,E103,C0021,completed
T0005121,MAIN,2026-08-01T13:54:19,E104,C0075,completed
T0005122,MAIN,2026-08-01T14:59:00,E102,C0314,completed
T0005123,MAIN,2026-08-01T09:07:19,E103,,completed
T0005124,MAIN,2026-08-01T11:27:22,E104,C0201,completed
T0005125,MAIN,2026-08-01T14:56:33,E106,C0206,completed
T0005126,MAIN,2026-08-01T11:24:39,E105,C0183,completed
T0005127,MAIN,2026-08-01T16:36:19,E106,,completed
T0005128,MAIN,2026-08-01T18:08:04,E105,C0147,completed
T0005129,MAIN,2026-08-01T19:14:41,E106,,completed
T0005130,MAIN,2026-08-01T20:00:49,E103,C0168,completed
T0005131,MAIN,2026-08-01T12:34:41,E105,,completed
T0005132,MAIN,2026-08-01T11:04:56,E101,,completed
T0005133,MAIN,2026-08-01T18:41:08,E106,,completed
T0005134,MAIN,2026-08-01T17:28:54,E102,C0110,completed
T0005135,MAIN,2026-08-01T19:07:57,E105,C0098,completed
T0005136,MAIN,2026-08-01T15:50:32,E102,,completed
T0005137,MAIN,2026-08-01T16:36:52,E103,C0193,completed
T0005138,MAIN,2026-08-01T10:47:13,E106,C0208,completed
T0005139,MAIN,2026-08-01T13:32:04,E105,C0116,completed
T0005140,MAIN,2026-08-01T18:13:40,E101,C0164,completed
T0005141,MAIN,2026-08-01T19:38:29,E102,C0362,completed
T0005142,MAIN,2026-08-01T19:58:04,E103,C0017,completed
T0005143,MAIN,2026-08-01T20:02:24,E104,C0249,completed
T0005144,MAIN,2026-08-01T15:02:54,E101,C0154,completed
T0005145,MAIN,2026-08-01T12:32:32,E103,C0378,completed
T0005146,MAIN,2026-08-01T10:35:44,E104,,completed
T0005147,MAIN,2026-08-01T18:57:35,E101,,completed
T0005148,MAIN,2026-08-01T17:13:41,E104,,completed
T0005149,MAIN,2026-08-01T09:17:17,E106,C0209,completed
T0005150,MAIN,2026-08-01T11:34:40,E103,C0140,completed
T0005151,MAIN,2026-08-01T16:37:16,E106,,completed
T0005152,MAIN,2026-08-01T13:59:54,E104,,completed
T0005153,MAIN,2026-08-01T17:01:28,E104,,completed
T0005154,MAIN,2026-08-01T14:49:55,E103,C0306,completed
T0005155,MAIN,2026-08-01T16:08:28,E105,,completed
T0005156,MAIN,2026-08-01T11:09:14,E106,C0092,completed
T0005157,MAIN,2026-08-01T18:31:35,E105,C0188,completed
T0005158,MAIN,2026-08-01T16:42:47,E103,C0167,completed
T0005159,MAIN,2026-08-01T13:51:10,E103,C0113,completed
T0005160,MAIN,2026-08-01T17:34:20,E106,C0090,completed
T0005161,MAIN,2026-08-01T12:30:00,E103,C0217,completed
T0005162,MAIN,2026-08-01T20:51:48,E106,,completed
T0005163,MAIN,2026-08-01T16:46:34,E103,C0339,completed
T0005164,MAIN,2026-08-01T16:44:21,E103,,completed
T0005165,MAIN,2026-08-01T11:05:41,E102,C0350,completed
T0005166,MAIN,2026-08-01T14:53:15,E105,,completed
T0005167,MAIN,2026-08-01T16:55:32,E105,C0234,completed
T0005168,MAIN,2026-08-01T19:57:18,E104,,completed
T0005169,MAIN,2026-08-01T09:26:31,E102,C0130,completed
T0005170,MAIN,2026-08-01T20:11:05,E104,C0132,completed
T0005171,MAIN,2026-08-01T11:40:43,E102,C0153,completed
T0005172,MAIN,2026-08-01T13:38:48,E101,C0331,completed
T0005173,MAIN,2026-08-01T17:28:07,E105,,completed
T0005174,MAIN,2026-08-01T09:42:53,E106,C0383,completed
T0005175,MAIN,2026-08-01T15:26:57,E102,C0115,completed
T0005176,MAIN,2026-08-01T18:05:28,E103,C0311,completed
T0005177,MAIN,2026-08-01T10:16:57,E105,C0201,completed
T0005178,MAIN,2026-08-01T18:19:00,E103,,completed
T0005179,MAIN,2026-08-01T18:21:11,E101,C0332,completed
T0005180,MAIN,2026-08-01T15:40:08,E105,,completed
T0005181,MAIN,2026-08-01T10:31:47,E105,C0358,completed
T0005182,MAIN,2026-08-01T16:37:30,E104,,completed
T0005183,MAIN,2026-08-01T20:26:53,E103,C0307,completed
T0005184,MAIN,2026-08-01T14:04:36,E104,C0301,completed
T0005185,MAIN,2026-08-01T10:22:38,E102,C0157,completed
T0005186,MAIN,2026-08-01T13:45:03,E106,C0320,completed
T0005187,MAIN,2026-08-01T13:35:00,E102,,completed
T0005188,MAIN,2026-08-01T11:20:14,E106,C0331,completed
T0005189,MAIN,2026-08-01T11:00:49,E105,C0277,completed
T0005190,MAIN,2026-08-01T17:02:40,E103,C0388,completed
T0005191,MAIN,2026-08-01T19:39:38,E103,C0300,completed
T0005192,MAIN,2026-08-01T11:05:43,E106,C0229,completed
T0005193,MAIN,2026-08-01T20:01:12,E104,C0284,completed
T0005194,MAIN,2026-08-01T15:35:23,E102,,completed
T0005195,MAIN,2026-08-01T18:09:55,E102,,completed
T0005196,MAIN,2026-08-01T16:27:59,E102,,completed
T0005197,MAIN,2026-08-01T11:21:53,E105,,completed
T0005198,MAIN,2026-08-01T15:42:02,E103,C0149,completed
T0005199,MAIN,2026-08-01T17:39:07,E102,C0259,completed
T0005200,MAIN,2026-08-01T16:23:22,E106,C0268,completed
T0005201,MAIN,2026-08-01T13:23:50,E104,C0027,completed
T0005202,MAIN,2026-08-01T17:03:32,E101,C0017,completed
T0005203,MAIN,2026-08-01T19:10:32,E101,C0273,completed
T0005204,MAIN,2026-08-01T19:04:20,E105,,completed
T0005205,MAIN,2026-08-01T13:40:25,E106,,completed
T0005206,MAIN,2026-08-01T15:06:06,E101,C0190,completed
T0005207,MAIN,2026-08-01T15:03:02,E105,,completed
T0005208,MAIN,2026-08-01T09:50:06,E106,C0158,completed
T0005209,MAIN,2026-08-02T11:53:33,E102,C0090,completed
T0005210,MAIN,2026-08-02T15:28:23,E106,,completed
T0005211,MAIN,2026-08-02T17:21:48,E105,C0097,completed
T0005212,MAIN,2026-08-02T18:00:53,E101,,completed
T0005213,MAIN,2026-08-02T18:57:09,E101,C0209,completed
T0005214,MAIN,2026-08-02T17:17:25,E106,,completed
T0005215,MAIN,2026-08-02T14:37:02,E106,,completed
T0005216,MAIN,2026-08-02T09:44:34,E106,,completed
T0005217,MAIN,2026-08-02T11:07:15,E106,C0271,completed
T0005218,MAIN,2026-08-02T17:10:10,E104,,completed
T0005219,MAIN,2026-08-02T16:22:17,E105,C0158,completed
T0005220,MAIN,2026-08-02T17:33:50,E105,C0202,completed
T0005221,MAIN,2026-08-02T17:53:16,E104,,completed
T0005222,MAIN,2026-08-02T18:57:48,E102,,completed
T0005223,MAIN,2026-08-02T11:36:16,E104,C0268,completed
T0005224,MAIN,2026-08-02T15:47:52,E104,C0294,completed
T0005225,MAIN,2026-08-02T17:04:45,E105,,completed
T0005226,MAIN,2026-08-02T20:43:47,E102,,completed
T0005227,MAIN,2026-08-02T17:41:58,E102,C0160,completed
T0005228,MAIN,2026-08-02T11:56:22,E106,,completed
T0005229,MAIN,2026-08-02T11:48:37,E104,,completed
T0005230,MAIN,2026-08-02T15:15:43,E102,C0190,completed
T0005231,MAIN,2026-08-02T16:23:51,E104,C0151,completed
T0005232,MAIN,2026-08-02T19:49:54,E101,,completed
T0005233,MAIN,2026-08-02T14:35:49,E103,C0166,completed
T0005234,MAIN,2026-08-02T18:19:09,E102,,completed
T0005235,MAIN,2026-08-02T19:30:48,E103,C0297,completed
T0005236,MAIN,2026-08-02T12:21:32,E106,C0270,completed
T0005237,MAIN,2026-08-02T19:27:37,E103,,completed
T0005238,MAIN,2026-08-02T14:25:54,E104,C0200,completed
T0005239,MAIN,2026-08-02T18:01:47,E101,C0363,completed
T0005240,MAIN,2026-08-02T15:47:09,E102,,completed
T0005241,MAIN,2026-08-02T13:03:00,E103,,completed
T0005242,MAIN,2026-08-02T14:19:47,E103,,completed
T0005243,MAIN,2026-08-02T15:49:13,E104,C0198,completed
T0005244,MAIN,2026-08-02T17:51:23,E102,C0014,completed
T0005245,MAIN,2026-08-02T12:53:51,E104,C0309,completed
T0005246,MAIN,2026-08-02T19:30:29,E101,C0398,completed
T0005247,MAIN,2026-08-02T14:49:01,E101,C0047,completed
T0005248,MAIN,2026-08-02T13:17:02,E102,C0187,completed
T0005249,MAIN,2026-08-02T09:15:00,E103,C0312,completed
T0005250,MAIN,2026-08-02T18:23:10,E106,,completed
T0005251,MAIN,2026-08-02T11:00:15,E106,C0389,completed
T0005252,MAIN,2026-08-02T15:20:57,E106,C0087,completed
T0005253,MAIN,2026-08-02T16:11:08,E103,,completed
T0005254,MAIN,2026-08-02T14:03:55,E101,C0062,completed
T0005255,MAIN,2026-08-02T16:39:40,E101,C0154,completed
T0005256,MAIN,2026-08-02T17:41:45,E101,C0065,completed
T0005257,MAIN,2026-08-02T14:06:39,E101,C0366,completed
T0005258,MAIN,2026-08-02T11:32:21,E103,,completed
T0005259,MAIN,2026-08-02T13:06:41,E103,C0073,completed
T0005260,MAIN,2026-08-02T15:32:38,E103,C0048,completed
T0005261,MAIN,2026-08-02T11:55:59,E102,C0202,completed
T0005262,MAIN,2026-08-02T09:28:22,E106,C0355,completed
T0005263,MAIN,2026-08-02T12:30:12,E104,C0261,completed
T0005264,MAIN,2026-08-02T14:22:41,E102,C0272,completed
T0005265,MAIN,2026-08-02T18:36:27,E102,C0304,completed
T0005266,MAIN,2026-08-02T16:40:27,E103,C0287,completed
T0005267,MAIN,2026-08-02T19:08:06,E103,,completed
T0005268,MAIN,2026-08-02T09:07:47,E102,C0148,completed
T0005269,MAIN,2026-08-02T12:31:30,E101,C0230,completed
T0005270,MAIN,2026-08-02T12:14:34,E102,,completed
T0005271,MAIN,2026-08-02T11:52:22,E104,C0175,completed
T0005272,MAIN,2026-08-02T19:33:03,E106,,completed
T0005273,MAIN,2026-08-02T20:07:27,E105,C0121,refunded
T0005274,MAIN,2026-08-02T17:09:38,E101,C0176,completed
T0005275,MAIN,2026-08-02T13:26:20,E101,,completed
T0005276,MAIN,2026-08-02T13:34:18,E103,,completed
T0005277,MAIN,2026-08-02T17:13:29,E105,C0363,completed
T0005278,MAIN,2026-08-02T16:49:21,E105,,completed
T0005279,MAIN,2026-08-02T09:12:07,E104,,completed
T0005280,MAIN,2026-08-02T14:57:32,E103,C0357,completed
T0005281,MAIN,2026-08-02T11:41:18,E101,C0065,completed
T0005282,MAIN,2026-08-02T09:56:07,E102,C0085,completed
T0005283,MAIN,2026-08-02T14:12:44,E101,C0285,completed
T0005284,MAIN,2026-08-02T18:25:30,E101,,completed
T0005285,MAIN,2026-08-02T14:22:21,E103,C0341,completed
T0005286,MAIN,2026-08-02T11:53:25,E106,C0329,completed
T0005287,MAIN,2026-08-02T15:03:44,E103,,completed
T0005288,MAIN,2026-08-02T18:16:06,E104,,completed
T0005289,MAIN,2026-08-02T10:18:03,E103,,completed
T0005290,MAIN,2026-08-02T20:06:43,E102,C0001,completed
T0005291,MAIN,2026-08-02T13:59:22,E101,,completed
T0005292,MAIN,2026-08-02T15:06:42,E106,C0241,completed
T0005293,MAIN,2026-08-02T12:49:07,E101,,completed
T0005294,MAIN,2026-08-02T16:12:05,E104,C0245,completed
T0005295,MAIN,2026-08-02T13:41:43,E102,C0277,completed
T0005296,MAIN,2026-08-02T10:47:02,E104,,completed
T0005297,MAIN,2026-08-02T18:33:09,E102,C0267,completed
T0005298,MAIN,2026-08-03T12:15:02,E106,C0195,completed
T0005299,MAIN,2026-08-03T15:01:35,E102,C0394,completed
T0005300,MAIN,2026-08-03T20:13:36,E106,,completed
T0005301,MAIN,2026-08-03T17:21:26,E105,C0003,completed
T0005302,MAIN,2026-08-03T15:44:38,E106,C0367,completed
T0005303,MAIN,2026-08-03T11:22:19,E102,C0397,completed
T0005304,MAIN,2026-08-03T12:58:41,E105,C0363,completed
T0005305,MAIN,2026-08-03T19:06:22,E102,C0387,completed
T0005306,MAIN,2026-08-03T14:56:24,E105,C0355,completed
T0005307,MAIN,2026-08-03T15:24:29,E102,C0299,completed
T0005308,MAIN,2026-08-03T17:35:56,E104,C0001,completed
T0005309,MAIN,2026-08-03T13:46:53,E105,C0390,completed
T0005310,MAIN,2026-08-03T16:24:06,E101,,completed
T0005311,MAIN,2026-08-03T12:07:10,E105,C0315,completed
T0005312,MAIN,2026-08-03T15:13:33,E104,,completed
T0005313,MAIN,2026-08-03T13:43:34,E106,,completed
T0005314,MAIN,2026-08-03T12:34:16,E103,C0067,completed
T0005315,MAIN,2026-08-03T18:30:20,E101,C0201,completed
T0005316,MAIN,2026-08-03T10:34:07,E104,C0162,completed
T0005317,MAIN,2026-08-03T16:51:45,E103,C0083,completed
T0005318,MAIN,2026-08-03T13:04:59,E105,C0217,completed
T0005319,MAIN,2026-08-03T16:16:52,E106,,completed
T0005320,MAIN,2026-08-03T15:51:46,E105,,completed
T0005321,MAIN,2026-08-03T19:46:13,E103,C0390,completed
T0005322,MAIN,2026-08-03T11:21:24,E104,,completed
T0005323,MAIN,2026-08-03T14:16:11,E103,,completed
T0005324,MAIN,2026-08-03T12:02:33,E105,C0280,completed
T0005325,MAIN,2026-08-03T13:26:49,E103,,completed
T0005326,MAIN,2026-08-03T14:24:17,E106,C0220,completed
T0005327,MAIN,2026-08-03T10:18:34,E101,,completed
T0005328,MAIN,2026-08-03T15:29:41,E103,,completed
T0005329,MAIN,2026-08-03T18:57:24,E101,C0023,completed
T0005330,MAIN,2026-08-03T17:05:44,E102,C0082,completed
T0005331,MAIN,2026-08-03T12:39:48,E103,,completed
T0005332,MAIN,2026-08-03T10:22:04,E105,C0085,completed
T0005333,MAIN,2026-08-03T14:20:09,E104,,completed
T0005334,MAIN,2026-08-03T15:18:11,E101,C0088,completed
T0005335,MAIN,2026-08-03T15:34:30,E101,C0159,completed
T0005336,MAIN,2026-08-03T10:57:42,E101,C0143,completed
T0005337,MAIN,2026-08-03T14:40:44,E104,C0181,completed
T0005338,MAIN,2026-08-03T14:41:02,E102,C0239,completed
T0005339,MAIN,2026-08-03T17:39:01,E102,C0027,completed
T0005340,MAIN,2026-08-03T17:38:53,E103,C0034,completed
T0005341,MAIN,2026-08-03T18:00:25,E102,,completed
T0005342,MAIN,2026-08-03T13:18:49,E102,C0253,completed
T0005343,MAIN,2026-08-03T17:42:47,E106,C0004,completed
T0005344,MAIN,2026-08-03T14:11:31,E102,C0165,completed
T0005345,MAIN,2026-08-03T17:16:22,E105,C0052,completed
T0005346,MAIN,2026-08-03T12:31:04,E106,C0163,completed
T0005347,MAIN,2026-08-03T16:41:12,E103,C0067,completed
T0005348,MAIN,2026-08-03T17:15:25,E105,C0239,completed
T0005349,MAIN,2026-08-03T15:40:09,E103,,completed
T0005350,MAIN,2026-08-03T16:57:40,E105,C0118,completed
T0005351,MAIN,2026-08-03T19:36:24,E106,C0344,completed
T0005352,MAIN,2026-08-03T14:23:10,E101,C0358,completed
T0005353,MAIN,2026-08-03T11:42:00,E102,,completed
T0005354,MAIN,2026-08-03T14:38:12,E104,C0303,completed
T0005355,MAIN,2026-08-03T11:45:47,E102,C0316,completed
T0005356,MAIN,2026-08-03T11:22:03,E105,,completed
T0005357,MAIN,2026-08-03T15:50:30,E106,C0108,completed
T0005358,MAIN,2026-08-03T19:59:08,E101,,completed
T0005359,MAIN,2026-08-03T14:47:36,E103,C0204,completed
T0005360,MAIN,2026-08-03T12:56:52,E101,C0225,voided
T0005361,MAIN,2026-08-03T20:54:31,E103,C0249,completed
T0005362,MAIN,2026-08-03T20:17:10,E103,C0288,completed
T0005363,MAIN,2026-08-03T15:21:54,E102,C0155,completed
T0005364,MAIN,2026-08-03T18:51:25,E102,C0105,completed
T0005365,MAIN,2026-08-03T12:02:08,E101,C0134,completed
T0005366,MAIN,2026-08-03T15:34:45,E101,C0380,completed
T0005367,MAIN,2026-08-03T12:23:45,E106,C0175,completed
T0005368,MAIN,2026-08-03T18:40:38,E103,,completed
T0005369,MAIN,2026-08-03T09:13:46,E106,C0238,completed
T0005370,MAIN,2026-08-03T19:49:20,E101,C0284,completed
T0005371,MAIN,2026-08-03T17:08:27,E104,C0015,voided
T0005372,MAIN,2026-08-03T17:57:58,E102,C0047,completed
T0005373,MAIN,2026-08-03T11:12:08,E102,,completed
T0005374,MAIN,2026-08-03T20:28:05,E103,C0306,completed
T0005375,MAIN,2026-08-03T18:17:37,E101,,completed
T0005376,MAIN,2026-08-03T18:49:08,E106,C0224,completed
T0005377,MAIN,2026-08-03T12:52:10,E106,,completed
T0005378,MAIN,2026-08-03T14:07:06,E105,C0218,completed
T0005379,MAIN,2026-08-03T19:03:02,E103,C0047,completed
T0005380,MAIN,2026-08-03T14:28:30,E101,,completed
T0005381,MAIN,2026-08-03T12:37:26,E101,C0102,completed
T0005382,MAIN,2026-08-03T09:22:04,E102,,completed
T0005383,MAIN,2026-08-03T19:24:23,E106,C0358,completed
T0005384,MAIN,2026-08-03T18:11:33,E103,C0179,completed
T0005385,MAIN,2026-08-03T13:08:09,E103,C0004,completed
T0005386,MAIN,2026-08-03T17:16:28,E104,C0228,completed
T0005387,MAIN,2026-08-03T09:06:28,E103,,completed
T0005388,MAIN,2026-08-03T14:09:32,E102,C0269,completed
T0005389,MAIN,2026-08-03T17:28:08,E105,C0167,completed
T0005390,MAIN,2026-08-03T12:59:20,E105,C0235,completed
T0005391,MAIN,2026-08-04T13:31:23,E102,C0054,completed
T0005392,MAIN,2026-08-04T10:19:28,E104,C0041,completed
T0005393,MAIN,2026-08-04T17:16:16,E103,,completed
T0005394,MAIN,2026-08-04T11:59:13,E101,,completed
T0005395,MAIN,2026-08-04T15:23:38,E106,C0050,completed
T0005396,MAIN,2026-08-04T17:14:59,E105,C0295,completed
T0005397,MAIN,2026-08-04T15:39:08,E105,C0002,completed
T0005398,MAIN,2026-08-04T12:43:17,E102,,completed
T0005399,MAIN,2026-08-04T18:39:17,E106,C0050,completed
T0005400,MAIN,2026-08-04T18:32:55,E103,C0125,completed
T0005401,MAIN,2026-08-04T19:55:15,E101,,completed
T0005402,MAIN,2026-08-04T09:51:05,E101,C0044,completed
T0005403,MAIN,2026-08-04T19:02:58,E103,C0038,completed
T0005404,MAIN,2026-08-04T16:57:34,E104,,completed
T0005405,MAIN,2026-08-04T19:21:37,E106,,completed
T0005406,MAIN,2026-08-04T18:08:47,E105,,completed
T0005407,MAIN,2026-08-04T18:20:40,E104,C0210,completed
T0005408,MAIN,2026-08-04T18:06:43,E106,C0018,completed
T0005409,MAIN,2026-08-04T11:12:53,E102,C0283,completed
T0005410,MAIN,2026-08-04T16:07:51,E106,,completed
T0005411,MAIN,2026-08-04T15:18:02,E106,C0102,completed
T0005412,MAIN,2026-08-04T19:41:48,E101,C0375,completed
T0005413,MAIN,2026-08-04T15:32:26,E102,,completed
T0005414,MAIN,2026-08-04T20:21:37,E106,C0275,completed
T0005415,MAIN,2026-08-04T13:06:50,E101,,completed
T0005416,MAIN,2026-08-04T17:29:23,E101,C0377,completed
T0005417,MAIN,2026-08-04T16:20:02,E103,C0371,completed
T0005418,MAIN,2026-08-04T09:52:50,E102,,completed
T0005419,MAIN,2026-08-04T18:28:43,E101,,completed
T0005420,MAIN,2026-08-04T15:07:40,E103,,completed
T0005421,MAIN,2026-08-04T18:45:47,E104,,completed
T0005422,MAIN,2026-08-04T16:51:42,E106,C0105,completed
T0005423,MAIN,2026-08-04T13:13:46,E106,C0082,completed
T0005424,MAIN,2026-08-04T19:25:06,E101,,completed
T0005425,MAIN,2026-08-04T10:34:11,E106,C0073,completed
T0005426,MAIN,2026-08-04T19:35:14,E102,C0343,completed
T0005427,MAIN,2026-08-04T12:29:23,E104,C0238,completed
T0005428,MAIN,2026-08-04T13:06:24,E101,,completed
T0005429,MAIN,2026-08-04T20:21:03,E106,C0160,completed
T0005430,MAIN,2026-08-04T18:18:50,E103,C0372,completed
T0005431,MAIN,2026-08-04T17:12:46,E103,,completed
T0005432,MAIN,2026-08-04T17:45:05,E105,C0210,completed
T0005433,MAIN,2026-08-04T15:37:25,E106,C0236,completed
T0005434,MAIN,2026-08-04T15:44:15,E101,C0393,completed
T0005435,MAIN,2026-08-04T13:31:53,E102,,completed
T0005436,MAIN,2026-08-04T13:31:50,E106,,completed
T0005437,MAIN,2026-08-04T14:59:47,E106,C0385,completed
T0005438,MAIN,2026-08-04T19:06:16,E101,C0212,completed
T0005439,MAIN,2026-08-04T18:18:32,E106,C0339,completed
T0005440,MAIN,2026-08-04T12:42:17,E102,C0219,completed
T0005441,MAIN,2026-08-04T12:29:50,E104,C0290,completed
T0005442,MAIN,2026-08-04T15:44:09,E102,C0301,completed
T0005443,MAIN,2026-08-05T19:17:48,E101,C0079,completed
T0005444,MAIN,2026-08-05T16:35:17,E104,,completed
T0005445,MAIN,2026-08-05T15:40:59,E101,,completed
T0005446,MAIN,2026-08-05T17:47:35,E104,C0072,completed
T0005447,MAIN,2026-08-05T16:33:45,E106,C0391,completed
T0005448,MAIN,2026-08-05T12:44:01,E105,C0238,completed
T0005449,MAIN,2026-08-05T10:56:59,E101,C0343,completed
T0005450,MAIN,2026-08-05T11:54:04,E105,C0153,completed
T0005451,MAIN,2026-08-05T16:06:36,E106,C0364,completed
T0005452,MAIN,2026-08-05T15:39:50,E102,,completed
T0005453,MAIN,2026-08-05T19:17:20,E105,C0274,completed
T0005454,MAIN,2026-08-05T17:06:50,E105,C0329,completed
T0005455,MAIN,2026-08-05T13:44:07,E103,C0365,completed
T0005456,MAIN,2026-08-05T17:53:31,E106,C0342,completed
T0005457,MAIN,2026-08-05T16:18:33,E106,C0089,completed
T0005458,MAIN,2026-08-05T18:42:04,E103,C0177,completed
T0005459,MAIN,2026-08-05T12:36:24,E105,C0054,completed
T0005460,MAIN,2026-08-05T11:34:14,E106,C0352,completed
T0005461,MAIN,2026-08-05T18:44:42,E103,,completed
T0005462,MAIN,2026-08-05T11:22:35,E105,C0211,completed
T0005463,MAIN,2026-08-05T15:31:13,E106,C0122,completed
T0005464,MAIN,2026-08-05T11:40:13,E103,,completed
T0005465,MAIN,2026-08-05T16:50:02,E105,C0239,completed
T0005466,MAIN,2026-08-05T18:53:29,E102,C0381,completed
T0005467,MAIN,2026-08-05T18:35:34,E106,,completed
T0005468,MAIN,2026-08-05T20:13:03,E105,C0324,completed
T0005469,MAIN,2026-08-05T14:05:47,E101,,completed
T0005470,MAIN,2026-08-05T12:12:32,E102,C0101,completed
T0005471,MAIN,2026-08-05T11:41:03,E101,C0369,completed
T0005472,MAIN,2026-08-05T20:40:36,E102,C0339,completed
T0005473,MAIN,2026-08-05T18:35:27,E101,C0017,completed
T0005474,MAIN,2026-08-05T12:40:34,E105,C0398,completed
T0005475,MAIN,2026-08-05T17:36:19,E101,,completed
T0005476,MAIN,2026-08-05T20:49:33,E105,C0133,completed
T0005477,MAIN,2026-08-05T18:28:11,E104,C0103,completed
T0005478,MAIN,2026-08-05T18:17:17,E101,C0275,completed
T0005479,MAIN,2026-08-05T16:18:11,E106,C0380,completed
T0005480,MAIN,2026-08-05T18:39:26,E106,,completed
T0005481,MAIN,2026-08-05T18:23:16,E105,,completed
T0005482,MAIN,2026-08-05T17:55:02,E102,C0044,completed
T0005483,MAIN,2026-08-05T10:16:16,E102,C0171,completed
T0005484,MAIN,2026-08-05T20:17:11,E104,C0060,completed
T0005485,MAIN,2026-08-05T11:43:50,E104,C0186,completed
T0005486,MAIN,2026-08-05T16:40:06,E106,C0192,completed
T0005487,MAIN,2026-08-05T09:25:33,E101,C0250,completed
T0005488,MAIN,2026-08-05T15:55:36,E103,C0146,completed
T0005489,MAIN,2026-08-05T17:31:02,E101,,completed
T0005490,MAIN,2026-08-05T19:35:35,E105,C0100,completed
T0005491,MAIN,2026-08-05T16:47:20,E104,C0033,completed
T0005492,MAIN,2026-08-05T09:38:57,E105,C0281,completed
T0005493,MAIN,2026-08-05T13:23:05,E102,C0190,completed
T0005494,MAIN,2026-08-05T19:30:01,E104,,completed
T0005495,MAIN,2026-08-05T19:02:14,E101,C0073,completed
T0005496,MAIN,2026-08-05T14:37:15,E102,,completed
T0005497,MAIN,2026-08-05T11:52:43,E102,C0331,completed
T0005498,MAIN,2026-08-05T12:53:23,E104,C0236,completed
T0005499,MAIN,2026-08-05T19:36:09,E105,C0182,completed
T0005500,MAIN,2026-08-05T18:23:41,E103,,refunded
T0005501,MAIN,2026-08-05T11:34:00,E104,,completed
T0005502,MAIN,2026-08-05T17:11:20,E102,C0344,completed
T0005503,MAIN,2026-08-05T15:13:56,E101,,completed
T0005504,MAIN,2026-08-05T20:49:54,E106,C0238,completed
T0005505,MAIN,2026-08-05T18:00:46,E104,C0055,completed
T0005506,MAIN,2026-08-05T15:16:48,E102,C0160,completed
T0005507,MAIN,2026-08-05T11:01:25,E103,C0039,completed
T0005508,MAIN,2026-08-05T12:13:27,E101,C0392,completed
T0005509,MAIN,2026-08-05T14:41:14,E106,C0359,completed
T0005510,MAIN,2026-08-05T09:20:02,E106,C0312,completed
T0005511,MAIN,2026-08-05T13:53:00,E104,C0062,completed
T0005512,MAIN,2026-08-05T15:59:44,E106,C0169,completed
T0005513,MAIN,2026-08-05T13:52:15,E106,C0292,completed
T0005514,MAIN,2026-08-05T14:52:38,E104,C0214,completed
T0005515,MAIN,2026-08-05T10:32:44,E101,,completed
T0005516,MAIN,2026-08-05T18:50:04,E105,C0272,completed
T0005517,MAIN,2026-08-05T18:14:07,E104,,completed
T0005518,MAIN,2026-08-05T15:56:03,E102,C0157,completed
T0005519,MAIN,2026-08-05T14:34:56,E101,C0378,completed
T0005520,MAIN,2026-08-05T12:54:07,E106,C0155,completed
T0005521,MAIN,2026-08-05T12:19:43,E103,C0227,completed
T0005522,MAIN,2026-08-05T13:07:25,E103,C0330,refunded
T0005523,MAIN,2026-08-05T13:22:06,E101,C0206,completed
T0005524,MAIN,2026-08-05T19:56:41,E106,,completed
T0005525,MAIN,2026-08-05T16:03:59,E102,C0392,completed
T0005526,MAIN,2026-08-05T10:43:43,E105,C0001,completed
T0005527,MAIN,2026-08-05T09:21:07,E103,C0018,completed
T0005528,MAIN,2026-08-05T19:56:22,E101,C0360,completed
T0005529,MAIN,2026-08-05T14:55:48,E105,,completed
T0005530,MAIN,2026-08-05T13:30:16,E106,C0310,completed
T0005531,MAIN,2026-08-05T19:07:42,E105,C0144,completed
T0005532,MAIN,2026-08-05T17:07:55,E102,C0107,completed
T0005533,MAIN,2026-08-05T12:16:03,E103,C0261,completed
T0005534,MAIN,2026-08-05T09:08:25,E106,C0111,completed
T0005535,MAIN,2026-08-05T10:11:21,E104,,completed
T0005536,MAIN,2026-08-05T19:53:28,E105,,completed
T0005537,MAIN,2026-08-05T20:00:33,E102,,completed
T0005538,MAIN,2026-08-05T18:24:31,E105,C0389,completed
T0005539,MAIN,2026-08-05T18:24:16,E106,C0081,completed
T0005540,MAIN,2026-08-05T12:06:39,E103,C0127,completed
T0005541,MAIN,2026-08-05T11:29:50,E105,C0024,completed
T0005542,MAIN,2026-08-05T17:17:08,E104,C0135,completed
T0005543,MAIN,2026-08-05T18:53:03,E101,C0151,completed
T0005544,MAIN,2026-08-05T13:18:36,E104,C0115,completed
T0005545,MAIN,2026-08-05T15:05:51,E102,,completed
T0005546,MAIN,2026-08-05T19:48:54,E103,C0156,completed
T0005547,MAIN,2026-08-05T13:25:24,E106,C0348,completed
T0005548,MAIN,2026-08-06T15:55:37,E104,,completed
T0005549,MAIN,2026-08-06T18:44:32,E105,,completed
T0005550,MAIN,2026-08-06T18:03:39,E106,C0212,completed
T0005551,MAIN,2026-08-06T18:18:31,E102,C0273,completed
T0005552,MAIN,2026-08-06T12:44:01,E104,C0067,completed
T0005553,MAIN,2026-08-06T16:39:29,E106,C0099,completed
T0005554,MAIN,2026-08-06T14:28:55,E104,,completed
T0005555,MAIN,2026-08-06T15:30:43,E106,C0288,completed
T0005556,MAIN,2026-08-06T15:44:42,E104,C0028,completed
T0005557,MAIN,2026-08-06T18:15:25,E105,C0067,completed
T0005558,MAIN,2026-08-06T17:25:31,E105,,completed
T0005559,MAIN,2026-08-06T16:48:00,E106,,completed
T0005560,MAIN,2026-08-06T13:19:03,E106,C0344,completed
T0005561,MAIN,2026-08-06T12:00:14,E105,C0124,completed
T0005562,MAIN,2026-08-06T16:40:59,E102,C0205,completed
T0005563,MAIN,2026-08-06T18:55:28,E103,C0321,completed
T0005564,MAIN,2026-08-06T12:54:37,E101,C0169,completed
T0005565,MAIN,2026-08-06T11:27:48,E102,,completed
T0005566,MAIN,2026-08-06T14:04:15,E104,C0185,completed
T0005567,MAIN,2026-08-06T17:11:44,E104,C0377,completed
T0005568,MAIN,2026-08-06T13:35:02,E101,C0260,completed
T0005569,MAIN,2026-08-06T17:36:01,E104,C0358,completed
T0005570,MAIN,2026-08-06T20:33:48,E101,,completed
T0005571,MAIN,2026-08-06T17:29:51,E106,C0362,completed
T0005572,MAIN,2026-08-06T15:53:50,E106,,completed
T0005573,MAIN,2026-08-06T17:39:54,E103,C0124,completed
T0005574,MAIN,2026-08-06T13:48:21,E104,C0196,completed
T0005575,MAIN,2026-08-06T14:38:18,E105,C0171,completed
T0005576,MAIN,2026-08-06T17:40:22,E104,C0211,completed
T0005577,MAIN,2026-08-06T17:27:59,E101,C0104,completed
T0005578,MAIN,2026-08-06T18:36:10,E103,C0062,completed
T0005579,MAIN,2026-08-06T14:31:52,E104,,completed
T0005580,MAIN,2026-08-06T12:56:12,E102,,completed
T0005581,MAIN,2026-08-06T18:01:36,E102,C0293,completed
T0005582,MAIN,2026-08-06T19:48:52,E105,,completed
T0005583,MAIN,2026-08-06T15:06:42,E106,C0252,completed
T0005584,MAIN,2026-08-06T15:16:26,E104,,completed
T0005585,MAIN,2026-08-06T20:17:22,E101,C0309,completed
T0005586,MAIN,2026-08-06T17:41:34,E104,,completed
T0005587,MAIN,2026-08-06T12:46:23,E102,C0393,voided
T0005588,MAIN,2026-08-06T18:29:44,E104,C0010,completed
T0005589,MAIN,2026-08-06T17:41:14,E101,C0329,completed
T0005590,MAIN,2026-08-06T12:09:52,E104,C0030,completed
T0005591,MAIN,2026-08-06T14:33:42,E106,C0135,completed
T0005592,MAIN,2026-08-06T18:28:32,E101,,completed
T0005593,MAIN,2026-08-06T15:37:17,E101,C0396,completed
T0005594,MAIN,2026-08-06T14:10:47,E102,C0344,completed
T0005595,MAIN,2026-08-06T14:42:52,E105,,completed
T0005596,MAIN,2026-08-06T13:05:56,E105,C0117,completed
T0005597,MAIN,2026-08-06T18:43:25,E103,,completed
T0005598,MAIN,2026-08-06T11:29:12,E102,C0326,completed
T0005599,MAIN,2026-08-06T13:14:42,E105,C0027,completed
T0005600,MAIN,2026-08-06T15:39:37,E101,C0166,completed
T0005601,MAIN,2026-08-06T17:06:50,E106,C0202,completed
T0005602,MAIN,2026-08-06T19:23:23,E101,,completed
T0005603,MAIN,2026-08-06T14:45:52,E106,C0354,completed
T0005604,MAIN,2026-08-06T16:34:29,E102,C0278,completed
T0005605,MAIN,2026-08-06T09:15:29,E102,,completed
T0005606,MAIN,2026-08-06T13:25:25,E105,C0290,completed
T0005607,MAIN,2026-08-06T12:45:09,E101,C0015,completed
T0005608,MAIN,2026-08-06T14:28:27,E104,C0399,completed
T0005609,MAIN,2026-08-06T10:38:29,E106,C0001,completed
T0005610,MAIN,2026-08-06T16:21:18,E102,C0318,completed
T0005611,MAIN,2026-08-06T11:49:09,E104,C0045,completed
T0005612,MAIN,2026-08-06T14:00:50,E106,C0237,completed
T0005613,MAIN,2026-08-06T20:50:48,E105,C0157,completed
T0005614,MAIN,2026-08-06T14:47:53,E102,,completed
T0005615,MAIN,2026-08-06T20:44:35,E104,C0003,refunded
T0005616,MAIN,2026-08-06T18:31:24,E106,,completed
T0005617,MAIN,2026-08-06T09:43:14,E106,C0184,completed
T0005618,MAIN,2026-08-06T17:28:56,E105,C0159,completed
T0005619,MAIN,2026-08-06T18:27:37,E103,C0367,completed
T0005620,MAIN,2026-08-06T18:57:31,E105,C0124,completed
T0005621,MAIN,2026-08-06T20:26:53,E106,,completed
T0005622,MAIN,2026-08-06T11:58:49,E105,C0278,completed
T0005623,MAIN,2026-08-06T14:10:40,E105,,completed
T0005624,MAIN,2026-08-06T16:56:57,E101,,completed
T0005625,MAIN,2026-08-06T17:34:58,E105,,completed
T0005626,MAIN,2026-08-06T19:14:20,E105,C0142,completed
T0005627,MAIN,2026-08-06T15:56:01,E102,C0112,completed
T0005628,MAIN,2026-08-06T15:10:56,E106,C0147,completed
T0005629,MAIN,2026-08-06T19:22:58,E101,C0024,completed
T0005630,MAIN,2026-08-06T11:51:53,E106,,completed
T0005631,MAIN,2026-08-06T19:18:06,E101,C0176,completed
T0005632,MAIN,2026-08-06T13:38:22,E103,C0020,completed
T0005633,MAIN,2026-08-06T17:24:09,E102,,completed
T0005634,MAIN,2026-08-07T11:45:54,E105,C0357,completed
T0005635,MAIN,2026-08-07T12:57:40,E106,C0136,completed
T0005636,MAIN,2026-08-07T15:53:05,E102,C0175,completed
T0005637,MAIN,2026-08-07T13:32:05,E101,C0085,completed
T0005638,MAIN,2026-08-07T19:09:23,E104,,completed
T0005639,MAIN,2026-08-07T11:51:40,E101,C0309,completed
T0005640,MAIN,2026-08-07T18:50:11,E104,,completed
T0005641,MAIN,2026-08-07T19:53:02,E103,C0225,completed
T0005642,MAIN,2026-08-07T20:38:57,E104,C0027,completed
T0005643,MAIN,2026-08-07T15:48:58,E101,C0070,completed
T0005644,MAIN,2026-08-07T18:21:15,E102,C0377,completed
T0005645,MAIN,2026-08-07T13:13:49,E102,C0359,completed
T0005646,MAIN,2026-08-07T17:54:25,E105,C0323,completed
T0005647,MAIN,2026-08-07T13:49:28,E105,C0329,completed
T0005648,MAIN,2026-08-07T19:20:49,E101,C0213,completed
T0005649,MAIN,2026-08-07T11:02:34,E105,C0219,completed
T0005650,MAIN,2026-08-07T16:02:02,E106,C0135,completed
T0005651,MAIN,2026-08-07T13:54:34,E105,C0269,completed
T0005652,MAIN,2026-08-07T19:25:24,E102,C0356,completed
T0005653,MAIN,2026-08-07T13:45:14,E105,C0052,completed
T0005654,MAIN,2026-08-07T18:03:12,E103,C0006,completed
T0005655,MAIN,2026-08-07T17:34:05,E104,,completed
T0005656,MAIN,2026-08-07T13:04:29,E101,C0116,completed
T0005657,MAIN,2026-08-07T13:57:18,E106,C0077,refunded
T0005658,MAIN,2026-08-07T15:02:31,E104,C0223,completed
T0005659,MAIN,2026-08-07T15:18:48,E101,,completed
T0005660,MAIN,2026-08-07T18:21:39,E101,C0382,completed
T0005661,MAIN,2026-08-07T19:26:38,E105,C0399,completed
T0005662,MAIN,2026-08-07T19:15:22,E104,C0392,completed
T0005663,MAIN,2026-08-07T18:55:21,E106,C0210,completed
T0005664,MAIN,2026-08-07T16:07:31,E105,C0314,completed
T0005665,MAIN,2026-08-07T14:23:16,E102,,completed
T0005666,MAIN,2026-08-07T10:21:57,E101,C0333,completed
T0005667,MAIN,2026-08-07T20:46:26,E106,C0368,completed
T0005668,MAIN,2026-08-07T13:00:32,E102,C0273,completed
T0005669,MAIN,2026-08-07T17:27:54,E105,C0268,completed
T0005670,MAIN,2026-08-07T14:53:43,E105,,completed
T0005671,MAIN,2026-08-07T09:36:10,E106,C0164,refunded
T0005672,MAIN,2026-08-07T17:46:27,E106,,completed
T0005673,MAIN,2026-08-07T14:04:06,E105,C0013,completed
T0005674,MAIN,2026-08-07T20:14:42,E106,C0277,completed
T0005675,MAIN,2026-08-07T16:00:11,E106,C0038,completed
T0005676,MAIN,2026-08-07T20:04:03,E102,C0268,completed
T0005677,MAIN,2026-08-07T18:00:38,E104,C0104,completed
T0005678,MAIN,2026-08-07T13:51:11,E101,C0054,completed
T0005679,MAIN,2026-08-07T18:54:29,E105,C0072,completed
T0005680,MAIN,2026-08-07T18:35:29,E104,C0123,completed
T0005681,MAIN,2026-08-07T10:23:20,E103,,completed
T0005682,MAIN,2026-08-07T14:17:38,E104,C0134,completed
T0005683,MAIN,2026-08-07T18:13:26,E105,C0296,completed
T0005684,MAIN,2026-08-07T11:47:42,E103,,completed
T0005685,MAIN,2026-08-07T17:12:34,E103,C0196,completed
T0005686,MAIN,2026-08-07T12:45:56,E101,C0100,completed
T0005687,MAIN,2026-08-07T18:37:04,E101,C0249,completed
T0005688,MAIN,2026-08-07T12:08:28,E103,C0205,completed
T0005689,MAIN,2026-08-07T16:34:49,E104,C0309,completed
T0005690,MAIN,2026-08-07T09:00:52,E104,,completed
T0005691,MAIN,2026-08-07T18:13:51,E101,C0169,completed
T0005692,MAIN,2026-08-07T14:36:00,E102,C0035,completed
T0005693,MAIN,2026-08-07T16:44:21,E101,C0075,completed
T0005694,MAIN,2026-08-07T12:29:08,E106,C0240,completed
T0005695,MAIN,2026-08-07T17:20:49,E106,C0068,completed
T0005696,MAIN,2026-08-07T10:38:36,E101,C0008,completed
T0005697,MAIN,2026-08-07T16:28:55,E103,C0332,completed
T0005698,MAIN,2026-08-07T18:15:30,E102,,completed
T0005699,MAIN,2026-08-07T11:22:18,E103,C0185,completed
T0005700,MAIN,2026-08-07T19:19:21,E104,,completed
T0005701,MAIN,2026-08-07T16:32:40,E104,C0289,completed
T0005702,MAIN,2026-08-07T10:12:54,E101,C0233,completed
T0005703,MAIN,2026-08-07T20:04:19,E101,,completed
T0005704,MAIN,2026-08-07T12:03:53,E101,,completed
T0005705,MAIN,2026-08-07T14:39:35,E106,C0214,completed
T0005706,MAIN,2026-08-07T20:47:23,E105,,completed
T0005707,MAIN,2026-08-07T20:14:39,E101,C0261,completed
T0005708,MAIN,2026-08-07T17:41:17,E101,,completed
T0005709,MAIN,2026-08-07T17:09:16,E102,,completed
T0005710,MAIN,2026-08-07T15:13:18,E106,C0342,completed
T0005711,MAIN,2026-08-07T12:47:03,E103,C0207,completed
T0005712,MAIN,2026-08-07T14:05:10,E106,C0268,completed
T0005713,MAIN,2026-08-07T18:18:10,E104,,completed
T0005714,MAIN,2026-08-07T12:52:48,E101,C0196,completed
T0005715,MAIN,2026-08-07T13:00:00,E105,C0183,completed
T0005716,MAIN,2026-08-07T18:02:20,E102,,completed
T0005717,MAIN,2026-08-07T19:47:04,E102,,completed
T0005718,MAIN,2026-08-07T16:41:12,E106,C0175,completed
T0005719,MAIN,2026-08-07T12:29:30,E105,,completed
T0005720,MAIN,2026-08-07T20:01:38,E106,C0051,completed
T0005721,MAIN,2026-08-07T10:41:23,E104,C0183,completed
T0005722,MAIN,2026-08-07T19:53:20,E101,C0361,completed
T0005723,MAIN,2026-08-07T14:42:58,E103,,completed
T0005724,MAIN,2026-08-07T12:39:58,E101,C0140,completed
T0005725,MAIN,2026-08-07T16:15:03,E104,C0052,completed
T0005726,MAIN,2026-08-07T09:55:52,E101,C0018,refunded
T0005727,MAIN,2026-08-07T10:24:40,E102,,completed
T0005728,MAIN,2026-08-07T12:31:52,E106,C0058,completed
T0005729,MAIN,2026-08-07T19:41:32,E106,C0192,completed
T0005730,MAIN,2026-08-07T14:46:22,E103,,completed
T0005731,MAIN,2026-08-07T13:47:22,E104,C0130,completed
T0005732,MAIN,2026-08-07T14:49:32,E102,C0327,completed
T0005733,MAIN,2026-08-07T13:41:57,E104,C0041,completed
T0005734,MAIN,2026-08-07T16:12:56,E104,C0236,completed
T0005735,MAIN,2026-08-07T18:59:36,E101,C0179,completed
T0005736,MAIN,2026-08-07T18:39:34,E101,C0223,completed
T0005737,MAIN,2026-08-07T14:26:20,E101,C0090,completed
T0005738,MAIN,2026-08-07T13:57:49,E106,C0238,completed
T0005739,MAIN,2026-08-07T11:11:44,E102,C0303,completed
T0005740,MAIN,2026-08-07T14:31:39,E103,,completed
T0005741,MAIN,2026-08-07T17:39:21,E103,C0070,completed
T0005742,MAIN,2026-08-07T18:44:09,E105,C0148,completed
T0005743,MAIN,2026-08-07T15:18:14,E104,,completed
T0005744,MAIN,2026-08-07T18:05:13,E103,C0378,completed
T0005745,MAIN,2026-08-07T14:43:08,E105,,completed
T0005746,MAIN,2026-08-07T19:58:54,E104,,completed
T0005747,MAIN,2026-08-07T20:36:32,E106,,completed
T0005748,MAIN,2026-08-07T14:23:30,E102,C0251,completed
T0005749,MAIN,2026-08-07T19:20:32,E104,C0235,completed
T0005750,MAIN,2026-08-07T12:54:51,E102,,completed
T0005751,MAIN,2026-08-07T13:10:19,E101,,completed
T0005752,MAIN,2026-08-07T19:41:52,E105,C0273,completed
T0005753,MAIN,2026-08-07T18:21:27,E105,,completed
T0005754,MAIN,2026-08-07T20:51:19,E106,C0371,completed
T0005755,MAIN,2026-08-07T14:52:08,E106,C0361,completed
T0005756,MAIN,2026-08-07T12:01:57,E105,C0179,refunded
T0005757,MAIN,2026-08-07T19:48:48,E105,C0135,completed
T0005758,MAIN,2026-08-07T20:32:25,E101,C0271,completed
T0005759,MAIN,2026-08-07T14:19:15,E104,,completed
T0005760,MAIN,2026-08-07T18:31:28,E103,,completed
T0005761,MAIN,2026-08-07T14:35:08,E104,C0335,completed
T0005762,MAIN,2026-08-07T19:58:18,E106,,completed
T0005763,MAIN,2026-08-07T20:04:27,E106,C0099,completed
T0005764,MAIN,2026-08-08T14:33:30,E106,C0167,completed
T0005765,MAIN,2026-08-08T18:48:11,E102,C0378,completed
T0005766,MAIN,2026-08-08T16:08:02,E105,,completed
T0005767,MAIN,2026-08-08T16:36:07,E105,C0317,completed
T0005768,MAIN,2026-08-08T13:08:19,E104,C0023,completed
T0005769,MAIN,2026-08-08T12:13:30,E104,,completed
T0005770,MAIN,2026-08-08T17:57:41,E104,C0225,completed
T0005771,MAIN,2026-08-08T14:13:26,E101,C0337,completed
T0005772,MAIN,2026-08-08T12:33:06,E105,,completed
T0005773,MAIN,2026-08-08T12:15:37,E102,,completed
T0005774,MAIN,2026-08-08T20:43:25,E104,C0307,completed
T0005775,MAIN,2026-08-08T12:16:44,E102,,completed
T0005776,MAIN,2026-08-08T19:21:04,E104,C0220,completed
T0005777,MAIN,2026-08-08T14:27:24,E105,C0026,completed
T0005778,MAIN,2026-08-08T19:36:56,E102,C0388,completed
T0005779,MAIN,2026-08-08T18:48:21,E102,C0347,completed
T0005780,MAIN,2026-08-08T15:16:57,E103,C0173,completed
T0005781,MAIN,2026-08-08T18:44:51,E105,,completed
T0005782,MAIN,2026-08-08T17:56:38,E105,C0333,completed
T0005783,MAIN,2026-08-08T17:48:44,E103,,completed
T0005784,MAIN,2026-08-08T17:12:41,E104,C0264,completed
T0005785,MAIN,2026-08-08T12:59:36,E102,C0173,completed
T0005786,MAIN,2026-08-08T18:49:31,E102,,completed
T0005787,MAIN,2026-08-08T15:44:11,E103,,completed
T0005788,MAIN,2026-08-08T13:16:07,E102,,completed
T0005789,MAIN,2026-08-08T14:08:17,E106,C0257,completed
T0005790,MAIN,2026-08-08T16:22:00,E105,,completed
T0005791,MAIN,2026-08-08T13:32:01,E102,,completed
T0005792,MAIN,2026-08-08T13:58:56,E103,C0228,completed
T0005793,MAIN,2026-08-08T14:40:30,E105,,completed
T0005794,MAIN,2026-08-08T17:13:42,E105,,completed
T0005795,MAIN,2026-08-08T13:35:58,E106,C0388,completed
T0005796,MAIN,2026-08-08T18:14:28,E105,,completed
T0005797,MAIN,2026-08-08T10:52:28,E104,,completed
T0005798,MAIN,2026-08-08T17:07:56,E106,,completed
T0005799,MAIN,2026-08-08T19:00:20,E102,,completed
T0005800,MAIN,2026-08-08T17:03:06,E106,C0098,completed
T0005801,MAIN,2026-08-08T14:48:12,E101,C0109,completed
T0005802,MAIN,2026-08-08T19:28:41,E101,C0033,completed
T0005803,MAIN,2026-08-08T19:34:17,E106,C0326,completed
T0005804,MAIN,2026-08-08T18:24:55,E103,,completed
T0005805,MAIN,2026-08-08T11:27:40,E104,C0015,completed
T0005806,MAIN,2026-08-08T14:03:19,E101,C0124,completed
T0005807,MAIN,2026-08-08T13:38:36,E101,C0262,completed
T0005808,MAIN,2026-08-08T19:49:53,E103,,completed
T0005809,MAIN,2026-08-08T12:15:34,E101,C0170,completed
T0005810,MAIN,2026-08-08T19:14:27,E101,C0258,completed
T0005811,MAIN,2026-08-08T11:59:28,E102,C0100,completed
T0005812,MAIN,2026-08-08T13:24:37,E102,C0373,completed
T0005813,MAIN,2026-08-08T09:54:35,E105,C0152,refunded
T0005814,MAIN,2026-08-08T15:33:50,E103,,completed
T0005815,MAIN,2026-08-08T14:55:24,E103,,completed
T0005816,MAIN,2026-08-08T17:58:47,E105,C0181,completed
T0005817,MAIN,2026-08-08T17:39:49,E105,C0120,completed
T0005818,MAIN,2026-08-08T18:57:27,E102,C0012,completed
T0005819,MAIN,2026-08-08T14:40:48,E103,,completed
T0005820,MAIN,2026-08-08T18:28:57,E106,C0303,completed
T0005821,MAIN,2026-08-08T15:17:32,E105,C0020,completed
T0005822,MAIN,2026-08-08T12:49:37,E104,,completed
T0005823,MAIN,2026-08-08T15:32:47,E102,C0202,completed
T0005824,MAIN,2026-08-08T17:23:17,E106,C0211,completed
T0005825,MAIN,2026-08-08T19:40:07,E101,,completed
T0005826,MAIN,2026-08-08T14:06:13,E105,C0179,completed
T0005827,MAIN,2026-08-08T17:12:02,E102,C0254,completed
T0005828,MAIN,2026-08-08T16:59:49,E102,,completed
T0005829,MAIN,2026-08-08T15:15:59,E101,C0383,completed
T0005830,MAIN,2026-08-08T09:39:09,E104,C0283,completed
T0005831,MAIN,2026-08-08T11:44:44,E101,C0068,completed
T0005832,MAIN,2026-08-08T13:54:10,E106,,completed
T0005833,MAIN,2026-08-08T16:51:24,E102,C0126,completed
T0005834,MAIN,2026-08-08T11:49:47,E106,C0315,completed
T0005835,MAIN,2026-08-08T10:28:57,E102,,completed
T0005836,MAIN,2026-08-08T15:08:38,E101,,completed
T0005837,MAIN,2026-08-08T12:44:22,E103,C0091,completed
T0005838,MAIN,2026-08-08T17:34:22,E106,,completed
T0005839,MAIN,2026-08-08T11:55:12,E106,C0371,completed
T0005840,MAIN,2026-08-08T19:32:19,E105,C0320,completed
T0005841,MAIN,2026-08-08T12:13:33,E103,C0138,completed
T0005842,MAIN,2026-08-08T17:03:50,E102,C0114,completed
T0005843,MAIN,2026-08-08T16:55:19,E102,C0027,completed
T0005844,MAIN,2026-08-08T13:36:16,E103,C0095,completed
T0005845,MAIN,2026-08-08T13:56:56,E103,C0059,completed
T0005846,MAIN,2026-08-08T16:50:11,E106,C0354,completed
T0005847,MAIN,2026-08-08T12:13:56,E104,,completed
T0005848,MAIN,2026-08-08T11:16:36,E103,C0002,completed
T0005849,MAIN,2026-08-08T16:40:02,E101,,completed
T0005850,MAIN,2026-08-08T15:13:47,E105,,completed
T0005851,MAIN,2026-08-08T19:55:37,E106,C0357,completed
T0005852,MAIN,2026-08-08T12:09:47,E104,,completed
T0005853,MAIN,2026-08-08T11:46:39,E104,C0323,completed
T0005854,MAIN,2026-08-08T11:28:25,E102,C0299,completed
T0005855,MAIN,2026-08-08T09:39:55,E104,C0343,completed
T0005856,MAIN,2026-08-08T15:38:47,E103,C0258,completed
T0005857,MAIN,2026-08-08T14:45:20,E101,C0140,completed
T0005858,MAIN,2026-08-08T12:30:23,E106,C0227,completed
T0005859,MAIN,2026-08-08T11:45:34,E105,C0056,completed
T0005860,MAIN,2026-08-08T11:39:27,E104,C0036,completed
T0005861,MAIN,2026-08-08T16:21:56,E103,C0068,completed
T0005862,MAIN,2026-08-08T19:42:35,E103,C0162,completed
T0005863,MAIN,2026-08-08T18:19:18,E103,C0069,completed
T0005864,MAIN,2026-08-08T13:53:55,E101,,completed
T0005865,MAIN,2026-08-08T19:39:00,E106,C0233,completed
T0005866,MAIN,2026-08-08T19:40:27,E103,C0021,completed
T0005867,MAIN,2026-08-08T20:38:08,E105,C0271,completed
T0005868,MAIN,2026-08-08T12:20:39,E102,C0130,completed
T0005869,MAIN,2026-08-08T18:46:02,E105,C0275,completed
T0005870,MAIN,2026-08-08T10:49:59,E103,C0022,completed
T0005871,MAIN,2026-08-08T13:26:56,E102,C0359,completed
T0005872,MAIN,2026-08-08T13:27:29,E103,C0096,completed
T0005873,MAIN,2026-08-08T14:01:18,E103,,completed
T0005874,MAIN,2026-08-08T11:31:18,E102,C0086,completed
T0005875,MAIN,2026-08-08T13:16:28,E104,C0227,completed
T0005876,MAIN,2026-08-08T09:42:14,E105,C0051,completed
T0005877,MAIN,2026-08-08T14:00:59,E103,,completed
T0005878,MAIN,2026-08-08T20:42:36,E106,,completed
T0005879,MAIN,2026-08-08T12:50:16,E101,,completed
T0005880,MAIN,2026-08-08T12:09:35,E106,,completed
T0005881,MAIN,2026-08-08T14:51:18,E106,C0209,completed
T0005882,MAIN,2026-08-08T18:55:14,E105,C0116,completed
T0005883,MAIN,2026-08-08T17:01:44,E101,,completed
T0005884,MAIN,2026-08-08T17:38:29,E101,C0209,completed
T0005885,MAIN,2026-08-08T13:58:25,E105,C0086,completed
T0005886,MAIN,2026-08-08T20:06:28,E103,,completed
T0005887,MAIN,2026-08-08T16:19:05,E105,C0337,completed
T0005888,MAIN,2026-08-08T14:31:38,E104,,completed
T0005889,MAIN,2026-08-08T16:33:07,E104,,completed
T0005890,MAIN,2026-08-08T14:34:29,E106,,completed
T0005891,MAIN,2026-08-08T12:43:45,E104,C0193,completed
T0005892,MAIN,2026-08-08T13:34:21,E105,,completed
T0005893,MAIN,2026-08-08T11:39:51,E105,C0105,completed
T0005894,MAIN,2026-08-08T10:20:44,E105,C0140,completed
T0005895,MAIN,2026-08-08T20:16:39,E104,C0383,completed
T0005896,MAIN,2026-08-08T20:47:17,E102,C0233,completed
T0005897,MAIN,2026-08-08T19:23:28,E102,C0166,completed
T0005898,MAIN,2026-08-09T18:23:09,E104,C0389,completed
T0005899,MAIN,2026-08-09T16:28:07,E101,,completed
T0005900,MAIN,2026-08-09T18:10:30,E102,,completed
T0005901,MAIN,2026-08-09T14:34:12,E101,C0137,completed
T0005902,MAIN,2026-08-09T20:37:14,E101,C0320,completed
T0005903,MAIN,2026-08-09T14:29:58,E102,,completed
T0005904,MAIN,2026-08-09T13:29:56,E103,C0079,completed
T0005905,MAIN,2026-08-09T17:06:18,E101,C0182,completed
T0005906,MAIN,2026-08-09T16:21:28,E102,C0041,completed
T0005907,MAIN,2026-08-09T17:07:52,E105,,completed
T0005908,MAIN,2026-08-09T16:43:48,E102,C0038,completed
T0005909,MAIN,2026-08-09T14:38:03,E103,,completed
T0005910,MAIN,2026-08-09T09:16:37,E103,C0192,completed
T0005911,MAIN,2026-08-09T17:25:28,E105,,completed
T0005912,MAIN,2026-08-09T11:42:07,E104,C0369,completed
T0005913,MAIN,2026-08-09T17:45:30,E104,C0136,completed
T0005914,MAIN,2026-08-09T13:30:02,E101,,refunded
T0005915,MAIN,2026-08-09T20:51:59,E101,C0223,completed
T0005916,MAIN,2026-08-09T14:48:34,E104,C0128,completed
T0005917,MAIN,2026-08-09T19:05:06,E104,,completed
T0005918,MAIN,2026-08-09T11:23:18,E101,C0136,completed
T0005919,MAIN,2026-08-09T17:22:40,E106,C0234,completed
T0005920,MAIN,2026-08-09T10:28:44,E102,,completed
T0005921,MAIN,2026-08-09T12:54:13,E106,C0067,completed
T0005922,MAIN,2026-08-09T20:38:36,E102,,completed
T0005923,MAIN,2026-08-09T16:16:11,E102,C0099,completed
T0005924,MAIN,2026-08-09T19:35:43,E101,C0108,completed
T0005925,MAIN,2026-08-09T15:41:46,E106,C0108,completed
T0005926,MAIN,2026-08-09T16:24:31,E104,C0132,completed
T0005927,MAIN,2026-08-09T17:04:57,E101,C0382,completed
T0005928,MAIN,2026-08-09T15:30:49,E103,C0213,completed
T0005929,MAIN,2026-08-09T16:52:15,E104,,completed
T0005930,MAIN,2026-08-09T10:45:01,E104,,refunded
T0005931,MAIN,2026-08-09T13:23:15,E104,C0267,completed
T0005932,MAIN,2026-08-09T10:40:15,E105,C0303,completed
T0005933,MAIN,2026-08-09T09:03:45,E102,C0280,completed
T0005934,MAIN,2026-08-09T15:08:22,E101,,completed
T0005935,MAIN,2026-08-09T14:43:30,E103,C0117,completed
T0005936,MAIN,2026-08-09T19:50:52,E101,C0259,completed
T0005937,MAIN,2026-08-09T15:38:49,E103,,completed
T0005938,MAIN,2026-08-09T18:04:45,E105,,completed
T0005939,MAIN,2026-08-09T16:00:39,E103,C0196,completed
T0005940,MAIN,2026-08-09T19:25:12,E103,,completed
T0005941,MAIN,2026-08-09T18:09:59,E106,,completed
T0005942,MAIN,2026-08-09T15:43:59,E104,C0204,completed
T0005943,MAIN,2026-08-09T18:26:07,E101,C0117,completed
T0005944,MAIN,2026-08-09T19:28:02,E103,C0337,completed
T0005945,MAIN,2026-08-09T13:28:13,E101,C0300,completed
T0005946,MAIN,2026-08-09T16:03:09,E103,C0216,completed
T0005947,MAIN,2026-08-09T14:52:34,E104,C0326,completed
T0005948,MAIN,2026-08-09T20:23:17,E106,,completed
T0005949,MAIN,2026-08-09T11:25:13,E103,C0322,completed
T0005950,MAIN,2026-08-09T20:53:30,E105,C0032,completed
T0005951,MAIN,2026-08-09T14:18:07,E102,C0179,completed
T0005952,MAIN,2026-08-09T11:08:28,E103,C0069,completed
T0005953,MAIN,2026-08-09T18:17:33,E103,C0297,completed
T0005954,MAIN,2026-08-09T14:08:11,E106,,completed
T0005955,MAIN,2026-08-09T16:33:42,E103,C0243,completed
T0005956,MAIN,2026-08-09T15:47:06,E102,C0239,completed
T0005957,MAIN,2026-08-09T13:36:34,E102,C0362,completed
T0005958,MAIN,2026-08-09T15:57:02,E103,C0225,completed
T0005959,MAIN,2026-08-09T18:04:36,E103,,completed
T0005960,MAIN,2026-08-09T12:36:30,E105,C0029,completed
T0005961,MAIN,2026-08-09T16:18:27,E106,C0307,completed
T0005962,MAIN,2026-08-09T11:45:09,E102,,completed
T0005963,MAIN,2026-08-09T14:35:53,E101,,completed
T0005964,MAIN,2026-08-09T17:27:12,E101,C0360,completed
T0005965,MAIN,2026-08-09T17:49:14,E102,C0073,completed
T0005966,MAIN,2026-08-09T09:36:01,E104,C0193,completed
T0005967,MAIN,2026-08-09T09:19:45,E105,C0393,completed
T0005968,MAIN,2026-08-09T09:03:14,E101,C0240,completed
T0005969,MAIN,2026-08-09T13:48:13,E101,C0331,completed
T0005970,MAIN,2026-08-09T18:10:29,E104,,completed
T0005971,MAIN,2026-08-09T13:19:47,E104,C0349,completed
T0005972,MAIN,2026-08-09T19:41:16,E102,,completed
T0005973,MAIN,2026-08-09T17:43:52,E106,,completed
T0005974,MAIN,2026-08-09T18:55:53,E102,C0092,completed
T0005975,MAIN,2026-08-09T18:13:44,E104,,completed
T0005976,MAIN,2026-08-09T18:20:41,E105,C0179,completed
T0005977,MAIN,2026-08-09T20:15:35,E103,C0007,completed
T0005978,MAIN,2026-08-09T13:51:42,E104,C0224,completed
T0005979,MAIN,2026-08-09T19:18:42,E105,C0070,completed
T0005980,MAIN,2026-08-09T16:38:50,E103,,completed
T0005981,MAIN,2026-08-09T12:19:42,E102,,completed
T0005982,MAIN,2026-08-09T17:35:58,E101,C0024,completed
T0005983,MAIN,2026-08-09T16:13:25,E101,C0284,completed
T0005984,MAIN,2026-08-09T18:16:20,E104,,completed
T0005985,MAIN,2026-08-09T16:40:49,E105,C0120,completed
T0005986,MAIN,2026-08-09T12:07:58,E102,C0297,completed
T0005987,MAIN,2026-08-09T17:26:37,E101,C0383,completed
T0005988,MAIN,2026-08-09T14:13:50,E103,C0329,completed
T0005989,MAIN,2026-08-09T11:00:37,E101,C0191,completed
T0005990,MAIN,2026-08-09T20:20:20,E105,C0064,completed
T0005991,MAIN,2026-08-09T17:28:14,E106,,completed
T0005992,MAIN,2026-08-09T20:11:05,E105,,completed
T0005993,MAIN,2026-08-09T13:31:28,E105,,completed
T0005994,MAIN,2026-08-09T18:17:04,E104,C0042,completed
T0005995,MAIN,2026-08-09T18:28:28,E104,C0219,completed
T0005996,MAIN,2026-08-09T12:53:10,E106,C0025,completed
T0005997,MAIN,2026-08-09T16:13:30,E101,,completed
T0005998,MAIN,2026-08-10T13:58:52,E101,C0318,completed
T0005999,MAIN,2026-08-10T18:08:33,E106,C0328,completed
T0006000,MAIN,2026-08-10T17:57:16,E104,C0384,completed
T0006001,MAIN,2026-08-10T18:02:54,E103,C0356,completed
T0006002,MAIN,2026-08-10T20:08:55,E106,,completed
T0006003,MAIN,2026-08-10T11:57:00,E101,C0211,completed
T0006004,MAIN,2026-08-10T20:20:00,E102,C0361,completed
T0006005,MAIN,2026-08-10T10:38:43,E104,C0004,completed
T0006006,MAIN,2026-08-10T19:56:04,E103,C0052,completed
T0006007,MAIN,2026-08-10T19:46:21,E105,C0325,completed
T0006008,MAIN,2026-08-10T10:57:53,E102,,completed
T0006009,MAIN,2026-08-10T18:21:00,E102,C0210,completed
T0006010,MAIN,2026-08-10T18:01:33,E104,C0295,completed
T0006011,MAIN,2026-08-10T18:15:06,E101,C0080,completed
T0006012,MAIN,2026-08-10T19:13:58,E106,C0297,completed
T0006013,MAIN,2026-08-10T11:47:48,E106,,completed
T0006014,MAIN,2026-08-10T10:12:02,E105,C0168,completed
T0006015,MAIN,2026-08-10T13:23:55,E105,C0008,completed
T0006016,MAIN,2026-08-10T19:44:09,E102,,completed
T0006017,MAIN,2026-08-10T12:16:15,E106,C0206,completed
T0006018,MAIN,2026-08-10T09:09:49,E104,C0025,completed
T0006019,MAIN,2026-08-10T10:10:32,E104,,completed
T0006020,MAIN,2026-08-10T14:23:00,E103,C0065,completed
T0006021,MAIN,2026-08-10T18:27:32,E106,,completed
T0006022,MAIN,2026-08-10T16:46:31,E105,,completed
T0006023,MAIN,2026-08-10T13:34:32,E102,C0256,completed
T0006024,MAIN,2026-08-10T19:58:28,E105,C0283,completed
T0006025,MAIN,2026-08-10T10:54:11,E104,C0075,completed
T0006026,MAIN,2026-08-10T17:09:30,E102,C0038,completed
T0006027,MAIN,2026-08-10T12:46:04,E104,C0349,completed
T0006028,MAIN,2026-08-10T10:32:12,E103,C0169,completed
T0006029,MAIN,2026-08-10T12:03:19,E106,,completed
T0006030,MAIN,2026-08-10T16:05:18,E104,C0291,completed
T0006031,MAIN,2026-08-10T13:56:51,E103,C0219,completed
T0006032,MAIN,2026-08-10T15:55:14,E102,C0051,completed
T0006033,MAIN,2026-08-10T16:06:58,E105,C0357,completed
T0006034,MAIN,2026-08-10T12:59:35,E104,C0342,completed
T0006035,MAIN,2026-08-10T14:38:40,E105,C0155,completed
T0006036,MAIN,2026-08-10T14:42:29,E104,C0073,completed
T0006037,MAIN,2026-08-10T14:53:59,E105,C0209,completed
T0006038,MAIN,2026-08-10T20:29:45,E101,C0354,completed
T0006039,MAIN,2026-08-10T14:38:30,E104,C0252,completed
T0006040,MAIN,2026-08-10T12:36:30,E106,,completed
T0006041,MAIN,2026-08-10T18:13:01,E103,C0311,completed
T0006042,MAIN,2026-08-10T19:55:19,E106,,completed
T0006043,MAIN,2026-08-10T17:29:17,E101,C0109,completed
T0006044,MAIN,2026-08-10T13:58:52,E104,,completed
T0006045,MAIN,2026-08-10T12:07:09,E101,C0240,completed
T0006046,MAIN,2026-08-10T17:29:29,E106,C0276,completed
T0006047,MAIN,2026-08-10T16:56:40,E102,,completed
T0006048,MAIN,2026-08-10T11:49:16,E105,,completed
T0006049,MAIN,2026-08-10T20:21:00,E101,C0168,completed
T0006050,MAIN,2026-08-10T10:40:45,E106,,completed
T0006051,MAIN,2026-08-10T15:46:11,E101,,completed
T0006052,MAIN,2026-08-10T12:22:23,E105,C0089,completed
T0006053,MAIN,2026-08-10T15:54:47,E101,,completed
T0006054,MAIN,2026-08-10T09:22:35,E106,C0303,completed
T0006055,MAIN,2026-08-10T12:34:05,E101,C0084,completed
T0006056,MAIN,2026-08-10T16:01:32,E104,C0272,completed
T0006057,MAIN,2026-08-10T11:32:03,E104,,completed
T0006058,MAIN,2026-08-10T19:52:50,E105,,completed
T0006059,MAIN,2026-08-10T16:04:33,E104,C0287,completed
T0006060,MAIN,2026-08-10T13:28:15,E101,C0326,completed
T0006061,MAIN,2026-08-10T18:43:20,E103,C0043,completed
T0006062,MAIN,2026-08-10T18:15:59,E103,,completed
T0006063,MAIN,2026-08-10T12:27:57,E101,C0065,completed
T0006064,MAIN,2026-08-10T17:05:34,E106,C0366,completed
T0006065,MAIN,2026-08-10T18:21:41,E104,,refunded
T0006066,MAIN,2026-08-10T16:13:20,E103,C0054,completed
T0006067,MAIN,2026-08-10T12:24:19,E106,C0318,completed
T0006068,MAIN,2026-08-10T19:09:00,E104,C0278,completed
T0006069,MAIN,2026-08-10T17:14:50,E104,C0100,completed
T0006070,MAIN,2026-08-10T17:28:53,E103,,completed
T0006071,MAIN,2026-08-10T17:50:43,E102,C0159,completed
T0006072,MAIN,2026-08-10T10:57:26,E102,C0244,completed
T0006073,MAIN,2026-08-10T20:25:35,E102,,completed
T0006074,MAIN,2026-08-10T14:20:17,E105,C0318,completed
T0006075,MAIN,2026-08-10T17:40:08,E104,,completed
T0006076,MAIN,2026-08-10T13:48:07,E105,,completed
T0006077,MAIN,2026-08-10T14:20:59,E104,C0229,completed
T0006078,MAIN,2026-08-10T16:28:26,E106,C0016,completed
T0006079,MAIN,2026-08-10T16:17:35,E105,C0307,completed
T0006080,MAIN,2026-08-10T12:03:00,E103,C0202,completed
T0006081,MAIN,2026-08-10T15:35:32,E102,C0121,refunded
T0006082,MAIN,2026-08-10T16:30:22,E106,C0307,completed
T0006083,MAIN,2026-08-10T15:37:55,E103,C0359,completed
T0006084,MAIN,2026-08-10T17:14:50,E104,C0270,completed
T0006085,MAIN,2026-08-10T18:27:11,E106,,completed
T0006086,MAIN,2026-08-11T14:27:29,E101,,completed
T0006087,MAIN,2026-08-11T12:20:14,E104,C0296,completed
T0006088,MAIN,2026-08-11T20:05:48,E102,C0399,completed
T0006089,MAIN,2026-08-11T17:33:03,E103,C0266,completed
T0006090,MAIN,2026-08-11T16:14:05,E106,,completed
T0006091,MAIN,2026-08-11T16:57:21,E102,,completed
T0006092,MAIN,2026-08-11T18:56:13,E106,C0061,completed
T0006093,MAIN,2026-08-11T12:41:58,E103,,completed
T0006094,MAIN,2026-08-11T19:11:29,E106,C0248,completed
T0006095,MAIN,2026-08-11T12:42:18,E101,C0375,completed
T0006096,MAIN,2026-08-11T18:00:15,E102,,completed
T0006097,MAIN,2026-08-11T14:27:27,E104,,completed
T0006098,MAIN,2026-08-11T18:39:27,E106,,completed
T0006099,MAIN,2026-08-11T20:39:39,E101,C0322,completed
T0006100,MAIN,2026-08-11T16:33:10,E106,,completed
T0006101,MAIN,2026-08-11T15:15:51,E104,C0371,completed
T0006102,MAIN,2026-08-11T20:56:16,E101,C0058,completed
T0006103,MAIN,2026-08-11T17:34:05,E103,C0186,completed
T0006104,MAIN,2026-08-11T12:11:06,E105,C0014,completed
T0006105,MAIN,2026-08-11T20:53:53,E102,,completed
T0006106,MAIN,2026-08-11T12:03:13,E104,,completed
T0006107,MAIN,2026-08-11T16:46:41,E105,C0302,completed
T0006108,MAIN,2026-08-11T13:15:14,E103,C0285,completed
T0006109,MAIN,2026-08-11T19:38:34,E103,C0094,completed
T0006110,MAIN,2026-08-11T16:11:21,E106,C0091,completed
T0006111,MAIN,2026-08-11T12:01:05,E102,C0112,refunded
T0006112,MAIN,2026-08-11T12:28:09,E106,C0351,completed
T0006113,MAIN,2026-08-11T13:22:43,E104,,completed
T0006114,MAIN,2026-08-11T14:44:09,E106,C0343,completed
T0006115,MAIN,2026-08-11T17:53:28,E104,C0159,completed
T0006116,MAIN,2026-08-11T11:56:21,E101,C0052,completed
T0006117,MAIN,2026-08-11T18:29:06,E105,,completed
T0006118,MAIN,2026-08-11T10:46:12,E102,C0113,completed
T0006119,MAIN,2026-08-11T18:45:48,E106,C0120,completed
T0006120,MAIN,2026-08-11T17:46:57,E103,,completed
T0006121,MAIN,2026-08-11T16:20:14,E101,C0358,completed
T0006122,MAIN,2026-08-11T17:12:53,E103,,completed
T0006123,MAIN,2026-08-11T18:14:33,E103,C0052,completed
T0006124,MAIN,2026-08-11T12:56:31,E104,,completed
T0006125,MAIN,2026-08-11T20:45:18,E105,C0279,completed
T0006126,MAIN,2026-08-11T19:43:41,E102,C0353,completed
T0006127,MAIN,2026-08-11T11:59:34,E103,C0354,completed
T0006128,MAIN,2026-08-11T17:23:48,E102,,completed
T0006129,MAIN,2026-08-11T11:40:05,E106,,completed
T0006130,MAIN,2026-08-11T11:29:33,E101,,completed
T0006131,MAIN,2026-08-11T12:09:36,E103,C0216,refunded
T0006132,MAIN,2026-08-11T14:43:04,E102,,completed
T0006133,MAIN,2026-08-11T18:25:54,E101,C0196,completed
T0006134,MAIN,2026-08-11T17:29:59,E104,C0020,completed
T0006135,MAIN,2026-08-11T10:22:46,E105,C0139,completed
T0006136,MAIN,2026-08-11T16:09:14,E106,,completed
T0006137,MAIN,2026-08-11T19:27:31,E106,C0236,completed
T0006138,MAIN,2026-08-11T11:10:30,E101,C0218,completed
T0006139,MAIN,2026-08-11T19:48:39,E106,C0306,completed
T0006140,MAIN,2026-08-11T13:10:23,E104,C0264,completed
T0006141,MAIN,2026-08-11T11:59:14,E102,,completed
T0006142,MAIN,2026-08-11T14:22:47,E101,C0010,completed
T0006143,MAIN,2026-08-11T18:23:25,E106,,completed
T0006144,MAIN,2026-08-11T16:59:38,E103,C0302,completed
T0006145,MAIN,2026-08-11T18:42:12,E104,,completed
T0006146,MAIN,2026-08-11T18:46:18,E105,C0091,completed
T0006147,MAIN,2026-08-11T12:00:12,E101,C0174,completed
T0006148,MAIN,2026-08-11T13:41:34,E103,,completed
T0006149,MAIN,2026-08-11T15:14:55,E106,C0174,completed
T0006150,MAIN,2026-08-11T11:15:28,E106,C0308,completed
T0006151,MAIN,2026-08-11T16:21:45,E104,C0300,completed
T0006152,MAIN,2026-08-11T15:31:12,E106,C0134,completed
T0006153,MAIN,2026-08-11T20:42:48,E102,C0047,completed
T0006154,MAIN,2026-08-11T14:48:44,E101,C0121,completed
T0006155,MAIN,2026-08-11T14:17:20,E102,C0163,completed
T0006156,MAIN,2026-08-11T13:25:55,E102,,completed
T0006157,MAIN,2026-08-11T17:28:53,E103,,completed
T0006158,MAIN,2026-08-11T11:59:58,E104,C0014,completed
T0006159,MAIN,2026-08-11T12:06:11,E105,,completed
T0006160,MAIN,2026-08-11T12:16:49,E101,C0005,completed
T0006161,MAIN,2026-08-11T14:48:41,E101,C0018,completed
T0006162,MAIN,2026-08-11T09:33:09,E102,C0007,completed
T0006163,MAIN,2026-08-11T18:13:07,E104,,completed
T0006164,MAIN,2026-08-11T20:31:02,E101,,completed
T0006165,MAIN,2026-08-11T10:25:57,E106,C0078,refunded
T0006166,MAIN,2026-08-11T19:07:35,E102,C0065,completed
T0006167,MAIN,2026-08-11T12:27:29,E103,C0344,completed
T0006168,MAIN,2026-08-11T14:16:47,E102,C0356,completed
T0006169,MAIN,2026-08-11T14:16:20,E102,C0293,completed
T0006170,MAIN,2026-08-11T19:53:48,E106,,completed
T0006171,MAIN,2026-08-11T11:10:48,E105,,completed
T0006172,MAIN,2026-08-11T15:03:29,E104,C0016,completed
T0006173,MAIN,2026-08-11T18:02:43,E101,C0245,completed
T0006174,MAIN,2026-08-11T14:32:56,E104,,completed
T0006175,MAIN,2026-08-11T12:00:20,E105,C0010,completed
T0006176,MAIN,2026-08-11T18:44:23,E105,C0362,completed
T0006177,MAIN,2026-08-11T14:54:38,E106,,completed
T0006178,MAIN,2026-08-11T14:00:43,E106,C0132,completed
T0006179,MAIN,2026-08-11T12:42:57,E106,,completed
T0006180,MAIN,2026-08-12T13:25:31,E101,C0384,completed
T0006181,MAIN,2026-08-12T14:30:37,E105,C0255,completed
T0006182,MAIN,2026-08-12T12:40:51,E104,C0052,completed
T0006183,MAIN,2026-08-12T10:28:47,E102,,completed
T0006184,MAIN,2026-08-12T14:09:50,E102,,completed
T0006185,MAIN,2026-08-12T13:31:36,E103,C0299,completed
T0006186,MAIN,2026-08-12T12:11:25,E101,C0394,completed
T0006187,MAIN,2026-08-12T12:15:54,E104,C0152,completed
T0006188,MAIN,2026-08-12T13:34:08,E101,C0198,completed
T0006189,MAIN,2026-08-12T13:05:40,E105,C0395,completed
T0006190,MAIN,2026-08-12T12:10:28,E103,C0194,completed
T0006191,MAIN,2026-08-12T13:26:49,E105,C0155,completed
T0006192,MAIN,2026-08-13T18:35:38,E105,C0388,completed
T0006193,MAIN,2026-08-13T18:37:15,E103,C0128,completed
T0006194,MAIN,2026-08-13T13:17:59,E103,C0006,completed
T0006195,MAIN,2026-08-13T16:42:16,E101,C0248,completed
T0006196,MAIN,2026-08-13T18:17:34,E101,,completed
T0006197,MAIN,2026-08-13T16:48:06,E103,C0285,completed
T0006198,MAIN,2026-08-13T13:25:40,E103,C0276,completed
T0006199,MAIN,2026-08-13T18:05:15,E106,,completed
T0006200,MAIN,2026-08-13T18:28:55,E106,C0194,completed
T0006201,MAIN,2026-08-13T16:36:40,E104,C0278,completed
T0006202,MAIN,2026-08-13T19:47:55,E104,C0195,completed
T0006203,MAIN,2026-08-13T11:30:51,E102,C0120,completed
T0006204,MAIN,2026-08-13T13:23:51,E106,C0118,completed
T0006205,MAIN,2026-08-13T17:54:42,E105,C0055,completed
T0006206,MAIN,2026-08-13T14:10:06,E103,,completed
T0006207,MAIN,2026-08-13T17:50:38,E102,C0372,completed
T0006208,MAIN,2026-08-13T16:14:25,E104,C0283,completed
T0006209,MAIN,2026-08-13T17:49:57,E101,C0095,completed
T0006210,MAIN,2026-08-13T20:08:56,E105,C0296,completed
T0006211,MAIN,2026-08-13T18:46:44,E101,C0178,completed
T0006212,MAIN,2026-08-13T19:02:21,E102,C0067,completed
T0006213,MAIN,2026-08-13T19:22:52,E102,,completed
T0006214,MAIN,2026-08-13T17:35:40,E103,C0068,completed
T0006215,MAIN,2026-08-13T14:22:56,E103,C0062,completed
T0006216,MAIN,2026-08-13T13:20:03,E105,C0391,completed
T0006217,MAIN,2026-08-13T16:31:52,E101,C0018,completed
T0006218,MAIN,2026-08-13T16:21:37,E106,C0147,completed
T0006219,MAIN,2026-08-13T18:03:15,E101,C0308,completed
T0006220,MAIN,2026-08-13T14:52:41,E104,C0261,completed
T0006221,MAIN,2026-08-13T19:20:46,E106,C0088,completed
T0006222,MAIN,2026-08-13T13:51:57,E102,,completed
T0006223,MAIN,2026-08-13T14:04:59,E105,C0261,completed
T0006224,MAIN,2026-08-13T18:44:29,E101,C0389,completed
T0006225,MAIN,2026-08-13T16:20:29,E106,,completed
T0006226,MAIN,2026-08-13T10:04:46,E103,C0127,completed
T0006227,MAIN,2026-08-13T16:14:47,E106,,completed
T0006228,MAIN,2026-08-13T19:16:18,E105,,completed
T0006229,MAIN,2026-08-13T15:16:45,E102,C0127,completed
T0006230,MAIN,2026-08-13T13:05:29,E103,,completed
T0006231,MAIN,2026-08-13T17:05:45,E102,C0179,completed
T0006232,MAIN,2026-08-13T18:29:06,E104,,completed
T0006233,MAIN,2026-08-13T11:35:16,E102,,completed
T0006234,MAIN,2026-08-13T17:50:18,E106,C0285,completed
T0006235,MAIN,2026-08-13T17:08:15,E102,,completed
T0006236,MAIN,2026-08-13T15:46:59,E106,,completed
T0006237,MAIN,2026-08-13T11:31:06,E106,C0272,completed
T0006238,MAIN,2026-08-13T19:38:31,E101,C0384,completed
T0006239,MAIN,2026-08-13T19:30:19,E101,,completed
T0006240,MAIN,2026-08-13T13:29:35,E106,,completed
T0006241,MAIN,2026-08-13T13:19:51,E106,C0079,completed
T0006242,MAIN,2026-08-13T13:41:21,E104,C0055,completed
T0006243,MAIN,2026-08-13T17:50:49,E106,,completed
T0006244,MAIN,2026-08-13T17:49:18,E105,,completed
T0006245,MAIN,2026-08-13T10:52:04,E103,,completed
T0006246,MAIN,2026-08-13T12:15:55,E101,C0280,completed
T0006247,MAIN,2026-08-13T15:53:45,E101,C0150,completed
T0006248,MAIN,2026-08-13T19:42:15,E104,C0248,completed
T0006249,MAIN,2026-08-13T20:29:19,E101,C0209,completed
T0006250,MAIN,2026-08-13T12:00:40,E102,C0146,completed
T0006251,MAIN,2026-08-13T19:20:17,E104,C0084,completed
T0006252,MAIN,2026-08-13T15:02:53,E105,,completed
T0006253,MAIN,2026-08-13T17:17:18,E103,,completed
T0006254,MAIN,2026-08-13T17:44:02,E103,C0274,completed
T0006255,MAIN,2026-08-13T10:46:01,E102,C0349,completed
T0006256,MAIN,2026-08-13T16:57:15,E101,,completed
T0006257,MAIN,2026-08-13T12:46:28,E104,C0116,completed
T0006258,MAIN,2026-08-13T20:13:06,E101,C0151,completed
T0006259,MAIN,2026-08-13T16:13:25,E104,,completed
T0006260,MAIN,2026-08-13T18:41:57,E106,,completed
T0006261,MAIN,2026-08-13T18:01:06,E101,,completed
T0006262,MAIN,2026-08-13T18:40:22,E103,C0016,completed
T0006263,MAIN,2026-08-13T16:20:25,E106,C0364,completed
T0006264,MAIN,2026-08-13T10:51:42,E103,C0391,completed
T0006265,MAIN,2026-08-13T13:27:20,E103,,completed
T0006266,MAIN,2026-08-13T09:44:46,E104,C0236,completed
T0006267,MAIN,2026-08-13T14:02:54,E102,C0006,completed
T0006268,MAIN,2026-08-13T17:11:49,E103,C0116,completed
T0006269,MAIN,2026-08-13T17:10:55,E105,,completed
T0006270,MAIN,2026-08-13T09:28:45,E106,C0280,completed
T0006271,MAIN,2026-08-13T15:07:30,E103,C0132,completed
T0006272,MAIN,2026-08-14T12:45:46,E104,C0056,completed
T0006273,MAIN,2026-08-14T11:24:30,E102,C0143,completed
T0006274,MAIN,2026-08-14T15:24:09,E101,,completed
T0006275,MAIN,2026-08-14T12:30:17,E103,,completed
T0006276,MAIN,2026-08-14T19:16:56,E101,,completed
T0006277,MAIN,2026-08-14T14:27:09,E106,C0295,completed
T0006278,MAIN,2026-08-14T20:41:55,E101,C0259,completed
T0006279,MAIN,2026-08-14T18:39:39,E102,,completed
T0006280,MAIN,2026-08-14T16:17:10,E101,C0134,completed
T0006281,MAIN,2026-08-14T18:23:58,E106,C0249,completed
T0006282,MAIN,2026-08-14T16:21:56,E101,C0086,completed
T0006283,MAIN,2026-08-14T17:08:23,E102,,completed
T0006284,MAIN,2026-08-14T14:29:34,E102,C0122,completed
T0006285,MAIN,2026-08-14T17:25:54,E102,,completed
T0006286,MAIN,2026-08-14T20:20:26,E106,C0342,completed
T0006287,MAIN,2026-08-14T09:58:45,E105,C0196,completed
T0006288,MAIN,2026-08-14T11:29:10,E104,,completed
T0006289,MAIN,2026-08-14T10:40:12,E103,C0168,completed
T0006290,MAIN,2026-08-14T19:48:46,E104,,completed
T0006291,MAIN,2026-08-14T11:51:16,E101,C0028,completed
T0006292,MAIN,2026-08-14T18:25:39,E104,C0335,completed
T0006293,MAIN,2026-08-14T16:58:38,E103,C0351,completed
T0006294,MAIN,2026-08-14T15:45:24,E101,,completed
T0006295,MAIN,2026-08-14T15:45:35,E106,C0114,completed
T0006296,MAIN,2026-08-14T19:28:46,E101,C0005,completed
T0006297,MAIN,2026-08-14T20:36:24,E102,C0120,completed
T0006298,MAIN,2026-08-14T19:45:55,E102,C0050,completed
T0006299,MAIN,2026-08-14T18:09:53,E106,,completed
T0006300,MAIN,2026-08-14T17:15:50,E102,C0334,completed
T0006301,MAIN,2026-08-14T19:30:40,E103,,completed
T0006302,MAIN,2026-08-14T13:46:57,E104,C0364,completed
T0006303,MAIN,2026-08-14T17:51:39,E105,C0398,completed
T0006304,MAIN,2026-08-14T18:36:03,E106,,completed
T0006305,MAIN,2026-08-14T13:05:58,E102,C0120,completed
T0006306,MAIN,2026-08-14T11:31:14,E103,C0311,completed
T0006307,MAIN,2026-08-14T10:51:25,E104,C0154,completed
T0006308,MAIN,2026-08-14T16:09:33,E103,C0238,completed
T0006309,MAIN,2026-08-14T17:11:05,E105,C0148,completed
T0006310,MAIN,2026-08-14T17:15:14,E102,,completed
T0006311,MAIN,2026-08-14T17:16:42,E103,C0241,completed
T0006312,MAIN,2026-08-14T17:33:51,E103,C0364,completed
T0006313,MAIN,2026-08-14T14:16:55,E102,C0123,completed
T0006314,MAIN,2026-08-14T20:06:31,E103,C0172,completed
T0006315,MAIN,2026-08-14T15:04:13,E106,C0277,completed
T0006316,MAIN,2026-08-14T11:28:35,E105,,completed
T0006317,MAIN,2026-08-14T11:47:54,E104,C0372,completed
T0006318,MAIN,2026-08-14T13:45:00,E106,C0171,completed
T0006319,MAIN,2026-08-14T11:15:25,E105,C0384,completed
T0006320,MAIN,2026-08-14T20:43:42,E101,C0324,completed
T0006321,MAIN,2026-08-14T16:47:52,E104,C0212,completed
T0006322,MAIN,2026-08-14T17:07:22,E101,,completed
T0006323,MAIN,2026-08-14T11:28:39,E101,C0194,completed
T0006324,MAIN,2026-08-14T11:12:46,E106,C0353,completed
T0006325,MAIN,2026-08-14T11:15:44,E101,C0009,completed
T0006326,MAIN,2026-08-14T20:52:03,E102,C0100,completed
T0006327,MAIN,2026-08-14T18:51:05,E106,C0034,completed
T0006328,MAIN,2026-08-14T12:20:30,E104,C0083,completed
T0006329,MAIN,2026-08-14T20:11:23,E103,,completed
T0006330,MAIN,2026-08-14T15:02:53,E101,C0161,completed
T0006331,MAIN,2026-08-14T13:19:40,E106,,completed
T0006332,MAIN,2026-08-14T20:46:50,E104,C0208,completed
T0006333,MAIN,2026-08-14T19:58:38,E102,,completed
T0006334,MAIN,2026-08-14T13:29:37,E103,C0282,completed
T0006335,MAIN,2026-08-14T17:35:50,E103,C0295,completed
T0006336,MAIN,2026-08-14T15:54:08,E106,,completed
T0006337,MAIN,2026-08-14T16:54:49,E101,,completed
T0006338,MAIN,2026-08-14T12:06:23,E102,C0152,completed
T0006339,MAIN,2026-08-14T17:42:00,E101,,completed
T0006340,MAIN,2026-08-14T17:28:10,E103,C0292,voided
T0006341,MAIN,2026-08-14T16:08:30,E104,C0276,completed
T0006342,MAIN,2026-08-14T15:26:05,E101,C0246,completed
T0006343,MAIN,2026-08-14T16:19:51,E104,C0026,completed
T0006344,MAIN,2026-08-14T18:34:16,E105,C0072,completed
T0006345,MAIN,2026-08-14T19:50:28,E103,C0113,completed
T0006346,MAIN,2026-08-14T14:22:37,E102,C0129,completed
T0006347,MAIN,2026-08-14T12:48:54,E102,C0395,completed
T0006348,MAIN,2026-08-14T09:48:40,E101,C0021,completed
T0006349,MAIN,2026-08-14T14:18:35,E104,C0221,voided
T0006350,MAIN,2026-08-14T15:45:52,E104,C0187,completed
T0006351,MAIN,2026-08-14T17:56:32,E106,C0325,completed
T0006352,MAIN,2026-08-14T12:01:49,E105,C0346,completed
T0006353,MAIN,2026-08-14T19:43:32,E102,C0005,completed
T0006354,MAIN,2026-08-14T18:12:39,E102,C0064,completed
T0006355,MAIN,2026-08-14T13:23:15,E103,C0303,completed
T0006356,MAIN,2026-08-14T13:13:27,E102,C0132,voided
T0006357,MAIN,2026-08-14T11:44:34,E106,,completed
T0006358,MAIN,2026-08-14T17:45:16,E102,C0012,completed
T0006359,MAIN,2026-08-14T16:31:19,E105,C0297,completed
T0006360,MAIN,2026-08-14T12:45:59,E102,C0237,completed
T0006361,MAIN,2026-08-14T17:02:39,E101,,completed
T0006362,MAIN,2026-08-14T10:35:50,E103,C0285,completed
T0006363,MAIN,2026-08-14T20:30:35,E104,,completed
T0006364,MAIN,2026-08-14T16:50:36,E104,C0057,completed
T0006365,MAIN,2026-08-14T14:32:42,E103,C0207,completed
T0006366,MAIN,2026-08-14T14:33:51,E101,,completed
T0006367,MAIN,2026-08-14T20:02:08,E103,C0250,completed
T0006368,MAIN,2026-08-14T17:11:27,E102,C0369,completed
T0006369,MAIN,2026-08-14T15:30:56,E101,C0254,completed
T0006370,MAIN,2026-08-14T19:56:02,E101,C0050,completed
T0006371,MAIN,2026-08-14T17:42:10,E106,,completed
T0006372,MAIN,2026-08-14T14:43:06,E102,C0011,completed
T0006373,MAIN,2026-08-14T15:20:05,E106,,completed
T0006374,MAIN,2026-08-14T12:07:08,E104,,completed
T0006375,MAIN,2026-08-14T11:57:40,E104,,completed
T0006376,MAIN,2026-08-14T16:24:49,E103,,completed
T0006377,MAIN,2026-08-14T13:37:28,E105,C0037,completed
T0006378,MAIN,2026-08-14T13:39:21,E102,C0203,completed
T0006379,MAIN,2026-08-14T14:36:23,E103,C0150,completed
T0006380,MAIN,2026-08-14T11:00:31,E102,,completed
T0006381,MAIN,2026-08-14T20:59:40,E105,C0361,completed
T0006382,MAIN,2026-08-14T14:08:10,E102,C0267,completed
T0006383,MAIN,2026-08-14T11:41:22,E103,C0181,completed
T0006384,MAIN,2026-08-14T20:44:40,E101,C0023,completed
T0006385,MAIN,2026-08-14T18:23:13,E101,,completed
T0006386,MAIN,2026-08-14T14:06:16,E102,,completed
T0006387,MAIN,2026-08-14T18:53:32,E101,C0321,completed
T0006388,MAIN,2026-08-14T13:29:16,E104,C0371,completed
T0006389,MAIN,2026-08-14T14:15:39,E106,C0103,completed
T0006390,MAIN,2026-08-14T18:22:59,E104,C0107,completed
T0006391,MAIN,2026-08-14T12:18:47,E104,C0041,completed
T0006392,MAIN,2026-08-14T19:26:11,E102,,completed
T0006393,MAIN,2026-08-14T15:01:10,E104,,completed
T0006394,MAIN,2026-08-14T12:41:01,E106,C0078,completed
T0006395,MAIN,2026-08-14T18:20:40,E104,C0338,completed
T0006396,MAIN,2026-08-14T13:07:59,E103,C0085,completed
T0006397,MAIN,2026-08-14T13:37:51,E104,C0107,completed
T0006398,MAIN,2026-08-14T17:50:02,E101,C0391,completed
T0006399,MAIN,2026-08-14T15:09:58,E102,C0304,completed
T0006400,MAIN,2026-08-14T16:59:57,E102,C0023,completed
T0006401,MAIN,2026-08-14T09:26:01,E102,C0118,completed
T0006402,MAIN,2026-08-14T10:07:59,E105,C0339,completed
T0006403,MAIN,2026-08-14T12:59:28,E104,,completed
T0006404,MAIN,2026-08-15T18:01:40,E103,,completed
T0006405,MAIN,2026-08-15T19:03:50,E104,,completed
T0006406,MAIN,2026-08-15T19:04:43,E101,C0039,completed
T0006407,MAIN,2026-08-15T19:08:53,E104,,completed
T0006408,MAIN,2026-08-15T19:19:47,E104,C0170,completed
T0006409,MAIN,2026-08-15T16:06:24,E106,C0362,completed
T0006410,MAIN,2026-08-15T17:12:36,E106,C0266,completed
T0006411,MAIN,2026-08-15T19:53:38,E101,C0334,completed
T0006412,MAIN,2026-08-15T19:25:28,E105,,completed
T0006413,MAIN,2026-08-15T14:01:44,E101,C0377,completed
T0006414,MAIN,2026-08-15T16:26:01,E104,,completed
T0006415,MAIN,2026-08-15T18:36:44,E102,C0046,completed
T0006416,MAIN,2026-08-15T19:05:13,E104,C0124,completed
T0006417,MAIN,2026-08-15T15:00:04,E102,C0285,completed
T0006418,MAIN,2026-08-15T17:41:38,E106,C0121,completed
T0006419,MAIN,2026-08-15T17:50:46,E102,C0089,completed
T0006420,MAIN,2026-08-15T17:16:33,E104,C0319,completed
T0006421,MAIN,2026-08-15T16:08:43,E104,C0140,completed
T0006422,MAIN,2026-08-15T15:24:19,E101,C0322,completed
T0006423,MAIN,2026-08-15T20:42:47,E105,C0230,completed
T0006424,MAIN,2026-08-15T13:19:34,E106,C0049,completed
T0006425,MAIN,2026-08-15T13:58:58,E104,C0159,completed
T0006426,MAIN,2026-08-15T14:07:11,E105,C0328,completed
T0006427,MAIN,2026-08-15T16:12:12,E101,C0372,completed
T0006428,MAIN,2026-08-15T14:15:25,E104,,completed
T0006429,MAIN,2026-08-15T17:59:26,E101,C0371,completed
T0006430,MAIN,2026-08-15T16:42:37,E102,C0125,completed
T0006431,MAIN,2026-08-15T16:01:49,E102,,completed
T0006432,MAIN,2026-08-15T10:21:25,E104,C0152,completed
T0006433,MAIN,2026-08-15T19:13:10,E104,C0054,completed
T0006434,MAIN,2026-08-15T17:07:15,E103,C0027,completed
T0006435,MAIN,2026-08-15T09:21:58,E106,C0312,completed
T0006436,MAIN,2026-08-15T16:00:28,E106,,completed
T0006437,MAIN,2026-08-15T17:47:25,E101,C0269,completed
T0006438,MAIN,2026-08-15T17:57:55,E105,C0319,completed
T0006439,MAIN,2026-08-15T16:30:11,E106,C0170,completed
T0006440,MAIN,2026-08-15T18:47:16,E101,C0142,completed
T0006441,MAIN,2026-08-15T15:37:08,E102,,completed
T0006442,MAIN,2026-08-15T16:02:28,E102,,completed
T0006443,MAIN,2026-08-15T10:23:48,E103,C0158,completed
T0006444,MAIN,2026-08-15T13:50:56,E106,C0245,completed
T0006445,MAIN,2026-08-15T15:14:41,E102,C0124,completed
T0006446,MAIN,2026-08-15T15:38:27,E106,C0125,completed
T0006447,MAIN,2026-08-15T10:31:44,E103,C0066,completed
T0006448,MAIN,2026-08-15T13:56:00,E104,C0091,completed
T0006449,MAIN,2026-08-15T16:28:40,E102,,completed
T0006450,MAIN,2026-08-15T18:43:17,E101,C0248,completed
T0006451,MAIN,2026-08-15T17:58:08,E102,C0084,completed
T0006452,MAIN,2026-08-15T14:46:56,E102,C0384,completed
T0006453,MAIN,2026-08-15T14:12:00,E102,C0333,completed
T0006454,MAIN,2026-08-15T17:45:17,E106,C0238,completed
T0006455,MAIN,2026-08-15T18:11:32,E106,,completed
T0006456,MAIN,2026-08-15T18:57:33,E104,,completed
T0006457,MAIN,2026-08-15T16:54:20,E101,,completed
T0006458,MAIN,2026-08-15T19:17:30,E103,C0366,completed
T0006459,MAIN,2026-08-15T14:13:41,E104,C0167,completed
T0006460,MAIN,2026-08-15T19:28:06,E105,,completed
T0006461,MAIN,2026-08-15T13:40:46,E106,C0314,completed
T0006462,MAIN,2026-08-15T16:31:47,E104,C0108,completed
T0006463,MAIN,2026-08-15T18:27:15,E102,C0084,completed
T0006464,MAIN,2026-08-15T17:53:14,E106,,completed
T0006465,MAIN,2026-08-15T13:54:59,E103,C0028,completed
T0006466,MAIN,2026-08-15T18:44:03,E102,C0369,voided
T0006467,MAIN,2026-08-15T18:26:22,E104,C0244,completed
T0006468,MAIN,2026-08-15T16:42:40,E103,C0096,completed
T0006469,MAIN,2026-08-15T15:15:35,E102,C0100,completed
T0006470,MAIN,2026-08-15T13:25:26,E102,C0381,completed
T0006471,MAIN,2026-08-15T19:36:31,E104,C0372,completed
T0006472,MAIN,2026-08-15T15:20:34,E102,C0351,completed
T0006473,MAIN,2026-08-15T09:11:22,E106,,completed
T0006474,MAIN,2026-08-15T15:39:16,E103,C0063,completed
T0006475,MAIN,2026-08-15T13:18:37,E102,,completed
T0006476,MAIN,2026-08-15T16:00:09,E104,C0314,completed
T0006477,MAIN,2026-08-15T15:20:59,E101,C0352,completed
T0006478,MAIN,2026-08-15T17:18:27,E105,C0296,completed
T0006479,MAIN,2026-08-15T19:23:44,E105,C0309,completed
T0006480,MAIN,2026-08-15T16:55:10,E105,C0265,completed
T0006481,MAIN,2026-08-15T18:31:48,E102,C0365,completed
T0006482,MAIN,2026-08-15T13:51:30,E102,C0138,completed
T0006483,MAIN,2026-08-15T14:51:51,E101,,completed
T0006484,MAIN,2026-08-15T17:34:22,E102,C0054,completed
T0006485,MAIN,2026-08-15T14:33:00,E106,C0323,completed
T0006486,MAIN,2026-08-15T20:37:32,E105,,completed
T0006487,MAIN,2026-08-15T16:50:19,E106,C0104,completed
T0006488,MAIN,2026-08-15T14:00:38,E104,C0004,completed
T0006489,MAIN,2026-08-15T20:21:21,E103,C0215,completed
T0006490,MAIN,2026-08-15T20:53:09,E105,,completed
T0006491,MAIN,2026-08-15T15:47:53,E105,C0090,completed
T0006492,MAIN,2026-08-15T18:52:28,E102,C0107,completed
T0006493,MAIN,2026-08-15T15:17:42,E104,C0099,completed
T0006494,MAIN,2026-08-15T16:03:16,E103,,completed
T0006495,MAIN,2026-08-15T10:39:13,E103,C0224,refunded
T0006496,MAIN,2026-08-15T18:37:28,E105,C0378,completed
T0006497,MAIN,2026-08-15T18:16:34,E101,,completed
T0006498,MAIN,2026-08-15T14:56:40,E103,,completed
T0006499,MAIN,2026-08-15T15:17:11,E106,C0214,completed
T0006500,MAIN,2026-08-15T16:10:08,E104,C0111,completed
T0006501,MAIN,2026-08-15T13:43:27,E104,C0363,completed
T0006502,MAIN,2026-08-15T10:02:07,E104,,completed
T0006503,MAIN,2026-08-15T15:19:58,E101,C0188,completed
T0006504,MAIN,2026-08-15T18:44:46,E105,C0059,completed
T0006505,MAIN,2026-08-15T13:41:48,E101,C0279,completed
T0006506,MAIN,2026-08-15T15:41:11,E103,C0093,completed
T0006507,MAIN,2026-08-15T18:27:13,E106,C0301,completed
T0006508,MAIN,2026-08-15T19:20:36,E104,C0273,completed
T0006509,MAIN,2026-08-15T14:44:02,E103,,completed
T0006510,MAIN,2026-08-15T19:36:51,E104,,completed
T0006511,MAIN,2026-08-15T13:34:47,E106,C0328,completed
T0006512,MAIN,2026-08-15T19:12:41,E101,,completed
T0006513,MAIN,2026-08-15T17:25:04,E105,C0291,completed
T0006514,MAIN,2026-08-15T10:54:07,E101,,completed
T0006515,MAIN,2026-08-15T18:25:24,E101,C0388,completed
T0006516,MAIN,2026-08-15T09:12:28,E101,C0391,completed
T0006517,MAIN,2026-08-15T18:36:01,E105,C0135,completed
T0006518,MAIN,2026-08-15T20:16:43,E101,C0095,completed
T0006519,MAIN,2026-08-15T15:26:07,E104,C0240,completed
T0006520,MAIN,2026-08-16T18:27:54,E105,C0226,completed
T0006521,MAIN,2026-08-16T13:08:38,E106,C0399,completed
T0006522,MAIN,2026-08-16T18:08:31,E105,C0014,completed
T0006523,MAIN,2026-08-16T19:12:45,E106,C0395,completed
T0006524,MAIN,2026-08-16T16:01:48,E106,,completed
T0006525,MAIN,2026-08-16T11:08:42,E102,C0271,completed
T0006526,MAIN,2026-08-16T16:46:55,E101,C0218,completed
T0006527,MAIN,2026-08-16T11:11:22,E101,C0383,completed
T0006528,MAIN,2026-08-16T12:50:02,E104,,completed
T0006529,MAIN,2026-08-16T17:41:43,E102,C0345,completed
T0006530,MAIN,2026-08-16T16:28:57,E103,C0198,completed
T0006531,MAIN,2026-08-16T09:09:00,E105,C0080,completed
T0006532,MAIN,2026-08-16T14:13:23,E104,C0084,completed
T0006533,MAIN,2026-08-16T15:34:50,E104,C0343,completed
T0006534,MAIN,2026-08-16T09:07:55,E105,,completed
T0006535,MAIN,2026-08-16T18:40:55,E104,C0082,completed
T0006536,MAIN,2026-08-16T13:52:32,E104,C0375,completed
T0006537,MAIN,2026-08-16T11:37:34,E101,,completed
T0006538,MAIN,2026-08-16T13:19:59,E105,C0391,completed
T0006539,MAIN,2026-08-16T14:19:32,E106,C0135,completed
T0006540,MAIN,2026-08-16T13:13:01,E101,C0247,completed
T0006541,MAIN,2026-08-16T12:42:06,E101,C0141,completed
T0006542,MAIN,2026-08-16T18:29:12,E102,,completed
T0006543,MAIN,2026-08-16T12:00:47,E105,,completed
T0006544,MAIN,2026-08-16T14:47:33,E106,C0293,completed
T0006545,MAIN,2026-08-16T18:14:12,E104,C0183,completed
T0006546,MAIN,2026-08-16T12:31:09,E106,C0362,completed
T0006547,MAIN,2026-08-16T14:45:31,E103,C0276,completed
T0006548,MAIN,2026-08-16T09:30:21,E105,,completed
T0006549,MAIN,2026-08-16T13:55:23,E103,C0178,completed
T0006550,MAIN,2026-08-16T11:53:48,E103,C0042,completed
T0006551,MAIN,2026-08-16T18:14:49,E105,C0169,completed
T0006552,MAIN,2026-08-16T11:36:45,E105,,completed
T0006553,MAIN,2026-08-16T18:41:41,E106,C0298,completed
T0006554,MAIN,2026-08-16T14:41:07,E104,C0118,completed
T0006555,MAIN,2026-08-16T15:45:50,E104,C0236,completed
T0006556,MAIN,2026-08-16T18:53:42,E105,C0092,refunded
T0006557,MAIN,2026-08-16T17:58:51,E102,C0138,completed
T0006558,MAIN,2026-08-16T11:56:16,E105,C0008,completed
T0006559,MAIN,2026-08-16T19:13:40,E104,C0191,completed
T0006560,MAIN,2026-08-16T13:09:24,E105,C0051,completed
T0006561,MAIN,2026-08-16T13:51:04,E106,C0145,completed
T0006562,MAIN,2026-08-16T11:16:50,E105,,completed
T0006563,MAIN,2026-08-16T10:28:20,E102,C0298,completed
T0006564,MAIN,2026-08-16T13:17:13,E102,,completed
T0006565,MAIN,2026-08-16T16:17:47,E105,C0045,completed
T0006566,MAIN,2026-08-16T13:02:38,E104,C0034,completed
T0006567,MAIN,2026-08-16T12:12:20,E102,C0028,completed
T0006568,MAIN,2026-08-16T17:35:34,E106,C0299,completed
T0006569,MAIN,2026-08-16T18:26:52,E102,C0040,completed
T0006570,MAIN,2026-08-16T16:15:01,E102,,completed
T0006571,MAIN,2026-08-16T18:30:00,E106,C0095,completed
T0006572,MAIN,2026-08-16T15:27:55,E104,C0353,completed
T0006573,MAIN,2026-08-16T19:00:49,E103,,completed
T0006574,MAIN,2026-08-16T17:19:57,E101,C0188,completed
T0006575,MAIN,2026-08-16T14:34:44,E103,C0153,completed
T0006576,MAIN,2026-08-16T13:16:58,E103,C0080,completed
T0006577,MAIN,2026-08-16T17:03:43,E104,C0137,completed
T0006578,MAIN,2026-08-16T15:35:58,E103,C0021,completed
T0006579,MAIN,2026-08-16T14:53:33,E106,C0008,completed
T0006580,MAIN,2026-08-16T16:27:16,E103,,completed
T0006581,MAIN,2026-08-16T10:14:03,E104,C0052,completed
T0006582,MAIN,2026-08-16T14:02:40,E104,C0226,completed
T0006583,MAIN,2026-08-16T19:03:06,E101,,completed
T0006584,MAIN,2026-08-16T13:22:31,E104,C0291,completed
T0006585,MAIN,2026-08-16T17:09:04,E101,C0313,completed
T0006586,MAIN,2026-08-16T14:16:31,E104,,completed
T0006587,MAIN,2026-08-16T09:42:21,E101,C0146,completed
T0006588,MAIN,2026-08-16T17:25:58,E102,C0069,completed
T0006589,MAIN,2026-08-16T12:28:02,E101,,completed
T0006590,MAIN,2026-08-16T16:09:01,E104,,completed
T0006591,MAIN,2026-08-16T13:41:59,E106,C0220,completed
T0006592,MAIN,2026-08-16T10:11:39,E102,C0028,completed
T0006593,MAIN,2026-08-16T20:19:34,E101,,completed
T0006594,MAIN,2026-08-16T11:00:16,E102,C0198,completed
T0006595,MAIN,2026-08-16T09:44:01,E106,C0026,completed
T0006596,MAIN,2026-08-16T10:35:06,E101,C0260,completed
T0006597,MAIN,2026-08-16T20:22:22,E106,C0367,completed
T0006598,MAIN,2026-08-16T13:24:21,E103,C0221,completed
T0006599,MAIN,2026-08-16T16:27:10,E103,C0387,completed
T0006600,MAIN,2026-08-16T19:55:31,E105,C0222,completed
T0006601,MAIN,2026-08-16T09:07:56,E105,C0103,completed
T0006602,MAIN,2026-08-16T15:31:53,E104,,completed
T0006603,MAIN,2026-08-16T19:46:41,E102,,completed
T0006604,MAIN,2026-08-16T16:04:14,E102,C0289,completed
T0006605,MAIN,2026-08-16T12:25:00,E102,,completed
T0006606,MAIN,2026-08-16T19:00:38,E101,C0188,completed
T0006607,MAIN,2026-08-16T17:41:26,E104,C0196,completed
T0006608,MAIN,2026-08-16T19:06:28,E102,C0044,completed
T0006609,MAIN,2026-08-16T17:14:34,E101,C0308,completed
T0006610,MAIN,2026-08-16T20:47:19,E101,C0381,completed
T0006611,MAIN,2026-08-16T12:24:58,E101,,completed
T0006612,MAIN,2026-08-16T18:46:04,E102,C0207,completed
T0006613,MAIN,2026-08-16T13:33:49,E103,C0149,completed
T0006614,MAIN,2026-08-16T13:50:08,E104,C0210,completed
T0006615,MAIN,2026-08-16T15:30:56,E104,,completed
T0006616,MAIN,2026-08-16T18:52:06,E105,C0348,completed
T0006617,MAIN,2026-08-16T17:05:08,E103,C0208,completed
T0006618,MAIN,2026-08-16T11:11:50,E101,C0104,completed
T0006619,MAIN,2026-08-16T12:07:25,E102,,completed
T0006620,MAIN,2026-08-16T16:21:06,E103,C0285,completed
T0006621,MAIN,2026-08-16T16:55:27,E101,C0367,completed
T0006622,MAIN,2026-08-16T18:53:49,E102,C0260,completed
T0006623,MAIN,2026-08-16T17:44:21,E101,,completed
T0006624,MAIN,2026-08-16T18:57:05,E103,C0069,completed
T0006625,MAIN,2026-08-16T16:34:07,E104,C0312,completed
T0006626,MAIN,2026-08-17T09:39:40,E105,C0342,completed
T0006627,MAIN,2026-08-17T11:14:07,E105,C0179,completed
T0006628,MAIN,2026-08-17T13:39:59,E105,C0171,completed
T0006629,MAIN,2026-08-17T19:05:16,E103,,completed
T0006630,MAIN,2026-08-17T13:37:38,E103,C0296,completed
T0006631,MAIN,2026-08-17T20:01:00,E101,,completed
T0006632,MAIN,2026-08-17T18:16:31,E101,,completed
T0006633,MAIN,2026-08-17T17:05:22,E101,C0358,completed
T0006634,MAIN,2026-08-17T16:32:39,E102,C0230,completed
T0006635,MAIN,2026-08-17T11:06:18,E105,C0397,completed
T0006636,MAIN,2026-08-17T13:35:14,E101,C0378,completed
T0006637,MAIN,2026-08-17T10:18:37,E102,C0049,completed
T0006638,MAIN,2026-08-17T11:38:22,E104,C0284,completed
T0006639,MAIN,2026-08-17T15:13:26,E105,C0121,completed
T0006640,MAIN,2026-08-17T20:43:01,E103,,completed
T0006641,MAIN,2026-08-17T19:50:08,E105,,completed
T0006642,MAIN,2026-08-17T13:25:51,E103,C0129,completed
T0006643,MAIN,2026-08-17T15:48:50,E103,,completed
T0006644,MAIN,2026-08-17T19:38:51,E106,C0064,completed
T0006645,MAIN,2026-08-17T19:49:12,E103,,completed
T0006646,MAIN,2026-08-17T11:36:09,E104,C0063,completed
T0006647,MAIN,2026-08-17T13:00:39,E104,C0377,completed
T0006648,MAIN,2026-08-17T14:20:48,E102,,completed
T0006649,MAIN,2026-08-17T11:24:06,E103,C0190,completed
T0006650,MAIN,2026-08-17T12:37:04,E105,,completed
T0006651,MAIN,2026-08-17T16:41:26,E101,C0114,completed
T0006652,MAIN,2026-08-17T16:11:29,E101,C0089,completed
T0006653,MAIN,2026-08-17T15:50:23,E101,C0314,completed
T0006654,MAIN,2026-08-17T10:54:33,E102,C0338,completed
T0006655,MAIN,2026-08-17T17:10:41,E102,,completed
T0006656,MAIN,2026-08-17T18:43:16,E104,,completed
T0006657,MAIN,2026-08-17T09:28:46,E103,,completed
T0006658,MAIN,2026-08-17T20:31:22,E103,C0381,completed
T0006659,MAIN,2026-08-17T17:19:36,E102,,completed
T0006660,MAIN,2026-08-17T11:56:59,E105,C0081,completed
T0006661,MAIN,2026-08-17T18:26:49,E104,C0305,completed
T0006662,MAIN,2026-08-17T16:21:56,E102,C0126,completed
T0006663,MAIN,2026-08-17T17:53:27,E103,C0284,completed
T0006664,MAIN,2026-08-17T13:59:53,E105,C0383,completed
T0006665,MAIN,2026-08-17T18:08:39,E103,,completed
T0006666,MAIN,2026-08-17T12:40:38,E101,,completed
T0006667,MAIN,2026-08-17T19:53:05,E103,C0236,completed
T0006668,MAIN,2026-08-17T13:21:45,E102,,completed
T0006669,MAIN,2026-08-17T09:25:58,E102,C0379,completed
T0006670,MAIN,2026-08-17T15:49:42,E106,C0303,completed
T0006671,MAIN,2026-08-17T09:36:58,E102,,refunded
T0006672,MAIN,2026-08-17T19:43:37,E106,,completed
T0006673,MAIN,2026-08-17T13:32:00,E106,C0123,completed
T0006674,MAIN,2026-08-17T15:41:22,E104,C0157,completed
T0006675,MAIN,2026-08-17T13:41:14,E103,C0386,completed
T0006676,MAIN,2026-08-17T14:47:56,E102,,completed
T0006677,MAIN,2026-08-17T10:43:05,E101,,completed
T0006678,MAIN,2026-08-17T15:16:48,E101,C0024,completed
T0006679,MAIN,2026-08-17T18:26:47,E101,C0322,completed
T0006680,MAIN,2026-08-17T18:30:39,E104,C0318,completed
T0006681,MAIN,2026-08-17T18:17:38,E104,C0335,completed
T0006682,MAIN,2026-08-17T10:39:06,E101,C0284,completed
T0006683,MAIN,2026-08-17T15:51:24,E105,C0306,completed
T0006684,MAIN,2026-08-17T18:20:45,E101,C0242,completed
T0006685,MAIN,2026-08-17T10:00:21,E106,C0390,completed
T0006686,MAIN,2026-08-17T15:11:56,E106,C0028,completed
T0006687,MAIN,2026-08-17T18:39:26,E103,,completed
T0006688,MAIN,2026-08-17T10:29:00,E104,C0290,completed
T0006689,MAIN,2026-08-17T15:14:24,E106,C0245,completed
T0006690,MAIN,2026-08-17T15:10:09,E102,,completed
T0006691,MAIN,2026-08-17T14:39:16,E104,C0089,completed
T0006692,MAIN,2026-08-17T19:50:03,E103,,completed
T0006693,MAIN,2026-08-17T13:24:05,E106,C0037,completed
T0006694,MAIN,2026-08-17T17:25:52,E103,,completed
T0006695,MAIN,2026-08-17T17:28:48,E106,,completed
T0006696,MAIN,2026-08-17T10:38:52,E101,C0316,completed
T0006697,MAIN,2026-08-17T16:40:48,E104,C0298,completed
T0006698,MAIN,2026-08-17T13:04:14,E104,C0274,completed
T0006699,MAIN,2026-08-17T12:01:43,E105,C0014,completed
T0006700,MAIN,2026-08-17T14:23:16,E102,C0399,completed
T0006701,MAIN,2026-08-17T14:17:14,E104,C0193,completed
T0006702,MAIN,2026-08-17T13:25:02,E103,,completed
T0006703,MAIN,2026-08-17T18:18:49,E102,C0158,completed
T0006704,MAIN,2026-08-17T14:23:21,E104,,completed
T0006705,MAIN,2026-08-17T17:40:47,E103,C0309,completed
T0006706,MAIN,2026-08-17T12:44:01,E103,,voided
T0006707,MAIN,2026-08-17T15:43:07,E105,C0195,completed
T0006708,MAIN,2026-08-17T15:39:01,E104,C0005,completed
T0006709,MAIN,2026-08-17T14:00:06,E105,C0329,refunded
T0006710,MAIN,2026-08-17T18:05:18,E104,C0069,completed
T0006711,MAIN,2026-08-17T16:45:56,E101,C0005,voided
T0006712,MAIN,2026-08-17T15:05:14,E106,C0350,completed
T0006713,MAIN,2026-08-17T12:02:50,E101,,completed
T0006714,MAIN,2026-08-17T17:14:10,E101,C0068,completed
T0006715,MAIN,2026-08-17T15:02:12,E106,,completed
T0006716,MAIN,2026-08-17T18:23:21,E101,C0021,completed
T0006717,MAIN,2026-08-17T15:49:18,E105,C0109,completed
T0006718,MAIN,2026-08-17T19:17:14,E105,C0249,completed
T0006719,MAIN,2026-08-18T17:15:14,E101,C0095,completed
T0006720,MAIN,2026-08-18T19:12:04,E101,C0250,completed
T0006721,MAIN,2026-08-18T17:41:39,E103,,completed
T0006722,MAIN,2026-08-18T17:21:29,E102,C0293,completed
T0006723,MAIN,2026-08-18T10:22:21,E106,C0198,completed
T0006724,MAIN,2026-08-18T12:41:02,E106,C0117,completed
T0006725,MAIN,2026-08-18T10:45:18,E103,,completed
T0006726,MAIN,2026-08-18T13:24:30,E104,C0333,completed
T0006727,MAIN,2026-08-18T12:35:18,E105,,completed
T0006728,MAIN,2026-08-18T17:41:23,E106,C0313,completed
T0006729,MAIN,2026-08-18T17:48:37,E104,C0396,refunded
T0006730,MAIN,2026-08-18T19:23:05,E103,,completed
T0006731,MAIN,2026-08-18T09:18:40,E104,,completed
T0006732,MAIN,2026-08-18T18:30:49,E105,C0178,completed
T0006733,MAIN,2026-08-18T09:59:41,E102,C0124,completed
T0006734,MAIN,2026-08-18T12:59:01,E105,C0269,completed
T0006735,MAIN,2026-08-18T16:10:44,E102,C0329,completed
T0006736,MAIN,2026-08-18T17:04:53,E106,C0177,completed
T0006737,MAIN,2026-08-18T12:00:29,E104,,completed
T0006738,MAIN,2026-08-18T15:14:59,E104,C0173,completed
T0006739,MAIN,2026-08-18T17:41:43,E102,C0176,completed
T0006740,MAIN,2026-08-18T13:34:35,E104,,refunded
T0006741,MAIN,2026-08-18T13:59:59,E101,C0034,completed
T0006742,MAIN,2026-08-18T12:55:03,E106,C0238,completed
T0006743,MAIN,2026-08-18T11:54:49,E104,C0185,completed
T0006744,MAIN,2026-08-18T17:38:50,E106,C0121,completed
T0006745,MAIN,2026-08-18T17:39:13,E106,C0294,completed
T0006746,MAIN,2026-08-18T14:41:59,E105,C0126,completed
T0006747,MAIN,2026-08-18T20:56:29,E102,,completed
T0006748,MAIN,2026-08-18T11:26:08,E104,C0334,completed
T0006749,MAIN,2026-08-18T17:26:07,E105,C0263,completed
T0006750,MAIN,2026-08-18T18:41:34,E104,C0374,completed
T0006751,MAIN,2026-08-18T17:20:42,E102,C0084,completed
T0006752,MAIN,2026-08-18T11:45:33,E101,C0169,completed
T0006753,MAIN,2026-08-18T15:20:14,E102,C0178,completed
T0006754,MAIN,2026-08-18T13:53:01,E104,C0028,completed
T0006755,MAIN,2026-08-18T13:41:35,E103,C0285,completed
T0006756,MAIN,2026-08-18T17:15:51,E101,C0148,completed
T0006757,MAIN,2026-08-18T12:28:20,E101,C0369,completed
T0006758,MAIN,2026-08-18T12:10:47,E104,C0034,completed
T0006759,MAIN,2026-08-18T16:53:21,E106,,completed
T0006760,MAIN,2026-08-18T17:39:44,E104,C0343,completed
T0006761,MAIN,2026-08-18T19:35:43,E101,C0271,completed
T0006762,MAIN,2026-08-18T15:02:14,E101,C0384,completed
T0006763,MAIN,2026-08-18T19:43:14,E104,C0074,completed
T0006764,MAIN,2026-08-18T12:24:19,E104,C0227,completed
T0006765,MAIN,2026-08-18T19:13:59,E106,,completed
T0006766,MAIN,2026-08-18T18:16:04,E104,C0102,completed
T0006767,MAIN,2026-08-18T19:35:27,E101,C0380,completed
T0006768,MAIN,2026-08-18T18:37:06,E102,C0019,completed
T0006769,MAIN,2026-08-18T12:19:34,E105,C0113,completed
T0006770,MAIN,2026-08-18T19:44:27,E106,C0040,completed
T0006771,MAIN,2026-08-18T10:45:54,E103,C0298,completed
T0006772,MAIN,2026-08-18T15:32:07,E106,,completed
T0006773,MAIN,2026-08-18T15:46:04,E102,,completed
T0006774,MAIN,2026-08-18T13:53:31,E106,C0165,completed
T0006775,MAIN,2026-08-18T20:40:15,E105,C0361,completed
T0006776,MAIN,2026-08-18T17:46:47,E103,C0311,completed
T0006777,MAIN,2026-08-18T12:09:06,E102,C0198,completed
T0006778,MAIN,2026-08-18T16:06:52,E103,,completed
T0006779,MAIN,2026-08-18T13:01:38,E106,C0359,completed
T0006780,MAIN,2026-08-18T19:51:18,E105,C0376,completed
T0006781,MAIN,2026-08-18T15:14:25,E103,,completed
T0006782,MAIN,2026-08-18T16:58:39,E102,C0080,completed
T0006783,MAIN,2026-08-18T20:15:17,E105,C0368,completed
T0006784,MAIN,2026-08-18T17:46:31,E106,C0150,completed
T0006785,MAIN,2026-08-18T17:14:38,E106,,completed
T0006786,MAIN,2026-08-18T17:49:11,E105,,completed
T0006787,MAIN,2026-08-18T09:34:35,E105,C0112,completed
T0006788,MAIN,2026-08-18T10:45:13,E102,,completed
T0006789,MAIN,2026-08-18T12:33:39,E104,C0200,completed
T0006790,MAIN,2026-08-18T16:35:07,E102,,completed
T0006791,MAIN,2026-08-18T16:05:22,E106,C0016,completed
T0006792,MAIN,2026-08-18T19:38:01,E101,,completed
T0006793,MAIN,2026-08-18T18:12:47,E105,C0381,completed
T0006794,MAIN,2026-08-18T13:11:39,E102,C0314,completed
T0006795,MAIN,2026-08-18T16:51:00,E105,C0340,completed
T0006796,MAIN,2026-08-18T17:01:43,E102,,completed
T0006797,MAIN,2026-08-18T16:28:33,E105,C0355,completed
T0006798,MAIN,2026-08-18T18:59:45,E102,C0131,completed
T0006799,MAIN,2026-08-18T11:34:05,E104,C0094,completed
T0006800,MAIN,2026-08-18T11:10:34,E103,C0345,completed
T0006801,MAIN,2026-08-18T20:34:57,E106,C0255,completed
T0006802,MAIN,2026-08-18T15:42:41,E102,C0243,completed
T0006803,MAIN,2026-08-18T17:42:51,E104,C0334,completed
T0006804,MAIN,2026-08-18T19:36:56,E104,C0344,completed
T0006805,MAIN,2026-08-18T17:47:40,E103,,completed
T0006806,MAIN,2026-08-18T13:24:30,E103,C0318,completed
T0006807,MAIN,2026-08-18T13:43:12,E106,C0054,completed
T0006808,MAIN,2026-08-19T19:37:59,E105,,completed
T0006809,MAIN,2026-08-19T18:42:18,E104,C0366,completed
T0006810,MAIN,2026-08-19T19:07:21,E105,C0018,completed
T0006811,MAIN,2026-08-19T19:13:10,E106,C0373,completed
T0006812,MAIN,2026-08-19T17:45:49,E106,,completed
T0006813,MAIN,2026-08-19T12:19:17,E101,,completed
T0006814,MAIN,2026-08-19T10:55:24,E106,,completed
T0006815,MAIN,2026-08-19T17:52:13,E103,C0243,completed
T0006816,MAIN,2026-08-19T18:17:30,E106,C0029,completed
T0006817,MAIN,2026-08-19T19:15:47,E102,,completed
T0006818,MAIN,2026-08-19T18:50:49,E106,C0318,completed
T0006819,MAIN,2026-08-19T14:02:27,E106,C0011,completed
T0006820,MAIN,2026-08-19T14:49:05,E105,C0195,completed
T0006821,MAIN,2026-08-19T18:51:00,E103,C0362,completed
T0006822,MAIN,2026-08-19T11:05:02,E101,C0338,completed
T0006823,MAIN,2026-08-19T19:30:21,E104,,completed
T0006824,MAIN,2026-08-19T12:35:50,E103,C0054,completed
T0006825,MAIN,2026-08-19T16:51:37,E106,,completed
T0006826,MAIN,2026-08-19T10:56:34,E105,C0147,completed
T0006827,MAIN,2026-08-19T11:09:11,E104,C0188,completed
T0006828,MAIN,2026-08-19T14:24:57,E102,,completed
T0006829,MAIN,2026-08-19T14:41:01,E104,,completed
T0006830,MAIN,2026-08-19T20:29:51,E103,C0065,completed
T0006831,MAIN,2026-08-19T17:37:03,E101,C0195,completed
T0006832,MAIN,2026-08-19T15:18:27,E106,,completed
T0006833,MAIN,2026-08-19T16:43:09,E102,,completed
T0006834,MAIN,2026-08-19T17:08:09,E106,C0316,completed
T0006835,MAIN,2026-08-19T18:24:53,E103,C0258,completed
T0006836,MAIN,2026-08-19T12:55:36,E105,C0189,refunded
T0006837,MAIN,2026-08-19T12:23:53,E104,C0172,completed
T0006838,MAIN,2026-08-19T16:24:10,E103,C0153,completed
T0006839,MAIN,2026-08-19T18:50:09,E104,,completed
T0006840,MAIN,2026-08-19T17:12:15,E106,C0101,completed
T0006841,MAIN,2026-08-19T14:24:46,E105,,completed
T0006842,MAIN,2026-08-19T17:14:55,E103,C0325,completed
T0006843,MAIN,2026-08-19T18:43:19,E103,,completed
T0006844,MAIN,2026-08-19T18:09:10,E103,C0136,completed
T0006845,MAIN,2026-08-19T19:40:20,E106,,completed
T0006846,MAIN,2026-08-19T16:36:37,E101,C0356,completed
T0006847,MAIN,2026-08-19T15:40:45,E101,C0128,completed
T0006848,MAIN,2026-08-19T18:46:35,E105,C0090,completed
T0006849,MAIN,2026-08-19T15:49:20,E101,,completed
T0006850,MAIN,2026-08-19T13:29:28,E105,C0357,completed
T0006851,MAIN,2026-08-19T12:03:28,E105,,completed
T0006852,MAIN,2026-08-19T12:43:36,E105,C0348,completed
T0006853,MAIN,2026-08-19T13:30:28,E105,C0095,completed
T0006854,MAIN,2026-08-19T12:27:01,E106,,completed
T0006855,MAIN,2026-08-19T18:50:42,E103,,completed
T0006856,MAIN,2026-08-19T15:29:56,E102,C0146,completed
T0006857,MAIN,2026-08-19T17:42:31,E102,C0368,completed
T0006858,MAIN,2026-08-19T18:55:36,E106,,completed
T0006859,MAIN,2026-08-19T12:19:40,E105,C0147,completed
T0006860,MAIN,2026-08-19T12:16:48,E101,C0275,completed
T0006861,MAIN,2026-08-19T11:47:03,E104,,completed
T0006862,MAIN,2026-08-19T15:31:08,E105,C0010,completed
T0006863,MAIN,2026-08-19T11:33:59,E106,,completed
T0006864,MAIN,2026-08-19T14:34:14,E106,C0205,completed
T0006865,MAIN,2026-08-19T12:00:49,E105,C0240,completed
T0006866,MAIN,2026-08-19T15:02:18,E102,,completed
T0006867,MAIN,2026-08-19T18:19:02,E106,C0091,completed
T0006868,MAIN,2026-08-19T15:44:35,E106,,completed
T0006869,MAIN,2026-08-19T15:42:19,E106,C0189,completed
T0006870,MAIN,2026-08-19T18:57:24,E102,C0359,completed
T0006871,MAIN,2026-08-19T10:49:45,E106,C0388,completed
T0006872,MAIN,2026-08-19T17:16:31,E102,C0087,completed
T0006873,MAIN,2026-08-19T11:13:45,E105,,completed
T0006874,MAIN,2026-08-19T16:12:08,E102,,completed
T0006875,MAIN,2026-08-19T20:19:25,E105,,completed
T0006876,MAIN,2026-08-19T13:27:54,E103,C0068,completed
T0006877,MAIN,2026-08-19T18:48:13,E102,,completed
T0006878,MAIN,2026-08-19T18:48:33,E105,C0244,completed
T0006879,MAIN,2026-08-19T19:50:18,E102,C0057,completed
T0006880,MAIN,2026-08-19T13:14:49,E105,C0201,completed
T0006881,MAIN,2026-08-19T17:04:11,E102,,completed
T0006882,MAIN,2026-08-19T19:52:02,E104,C0002,completed
T0006883,MAIN,2026-08-19T17:55:25,E105,,completed
T0006884,MAIN,2026-08-19T10:50:36,E101,C0024,completed
T0006885,MAIN,2026-08-19T12:36:20,E101,C0060,completed
T0006886,MAIN,2026-08-19T18:46:08,E104,C0081,completed
T0006887,MAIN,2026-08-19T16:34:44,E105,C0179,completed
T0006888,MAIN,2026-08-19T19:36:04,E101,C0138,completed
T0006889,MAIN,2026-08-19T15:55:01,E103,,completed
T0006890,MAIN,2026-08-19T14:58:55,E102,C0029,voided
T0006891,MAIN,2026-08-19T10:51:01,E106,C0217,completed
T0006892,MAIN,2026-08-19T17:49:20,E101,C0323,completed
T0006893,MAIN,2026-08-19T11:47:18,E103,C0190,completed
T0006894,MAIN,2026-08-19T17:50:29,E103,C0387,completed
T0006895,MAIN,2026-08-19T17:26:24,E102,C0150,completed
T0006896,MAIN,2026-08-19T16:45:18,E101,C0371,completed
T0006897,MAIN,2026-08-19T12:15:37,E103,,completed
T0006898,MAIN,2026-08-19T09:56:09,E106,C0059,completed
T0006899,MAIN,2026-08-19T14:36:40,E106,C0055,completed
T0006900,MAIN,2026-08-19T14:56:22,E106,C0121,completed
T0006901,MAIN,2026-08-19T13:47:47,E104,C0101,completed
T0006902,MAIN,2026-08-19T16:35:17,E106,C0134,completed
T0006903,MAIN,2026-08-19T17:03:36,E106,C0157,completed
T0006904,MAIN,2026-08-19T16:18:09,E104,C0313,completed
T0006905,MAIN,2026-08-20T19:02:12,E106,,completed
T0006906,MAIN,2026-08-20T17:40:31,E102,C0152,completed
T0006907,MAIN,2026-08-20T17:19:08,E101,C0022,completed
T0006908,MAIN,2026-08-20T17:47:10,E101,C0009,completed
T0006909,MAIN,2026-08-20T17:44:16,E104,C0388,completed
T0006910,MAIN,2026-08-20T17:06:47,E105,C0108,completed
T0006911,MAIN,2026-08-20T16:07:03,E106,C0330,completed
T0006912,MAIN,2026-08-20T15:45:01,E105,C0224,completed
T0006913,MAIN,2026-08-20T16:26:25,E103,,completed
T0006914,MAIN,2026-08-20T17:28:17,E101,C0354,completed
T0006915,MAIN,2026-08-20T20:16:59,E102,C0140,completed
T0006916,MAIN,2026-08-20T13:19:54,E105,C0177,completed
T0006917,MAIN,2026-08-20T15:37:31,E105,C0279,completed
T0006918,MAIN,2026-08-20T17:09:13,E103,C0390,completed
T0006919,MAIN,2026-08-20T13:38:10,E106,C0042,completed
T0006920,MAIN,2026-08-20T20:22:36,E104,,completed
T0006921,MAIN,2026-08-20T16:18:31,E102,C0273,completed
T0006922,MAIN,2026-08-20T13:10:57,E102,,completed
T0006923,MAIN,2026-08-20T18:48:20,E101,,completed
T0006924,MAIN,2026-08-20T19:26:03,E102,,completed
T0006925,MAIN,2026-08-20T17:21:29,E104,C0206,completed
T0006926,MAIN,2026-08-20T15:00:40,E102,C0366,completed
T0006927,MAIN,2026-08-20T16:48:01,E105,C0356,completed
T0006928,MAIN,2026-08-20T15:32:01,E105,C0332,completed
T0006929,MAIN,2026-08-20T13:26:51,E104,C0367,completed
T0006930,MAIN,2026-08-20T19:38:51,E101,,completed
T0006931,MAIN,2026-08-20T14:37:10,E106,C0343,completed
T0006932,MAIN,2026-08-20T17:28:02,E106,,completed
T0006933,MAIN,2026-08-20T14:33:45,E103,C0291,completed
T0006934,MAIN,2026-08-20T10:29:51,E103,,completed
T0006935,MAIN,2026-08-20T20:32:29,E103,C0236,completed
T0006936,MAIN,2026-08-20T15:53:51,E103,,completed
T0006937,MAIN,2026-08-20T20:56:51,E101,C0324,completed
T0006938,MAIN,2026-08-20T18:49:03,E101,C0208,completed
T0006939,MAIN,2026-08-20T20:17:29,E101,C0234,completed
T0006940,MAIN,2026-08-20T12:38:43,E101,C0059,completed
T0006941,MAIN,2026-08-20T16:15:55,E102,C0246,completed
T0006942,MAIN,2026-08-20T12:37:49,E101,,completed
T0006943,MAIN,2026-08-20T17:46:16,E105,C0338,completed
T0006944,MAIN,2026-08-20T18:28:46,E101,C0268,completed
T0006945,MAIN,2026-08-20T18:39:21,E106,,completed
T0006946,MAIN,2026-08-20T12:18:04,E105,C0351,completed
T0006947,MAIN,2026-08-20T11:46:52,E101,,completed
T0006948,MAIN,2026-08-20T14:24:12,E106,,completed
T0006949,MAIN,2026-08-20T14:23:40,E105,C0201,completed
T0006950,MAIN,2026-08-20T10:54:40,E101,C0225,completed
T0006951,MAIN,2026-08-20T16:51:14,E104,C0168,completed
T0006952,MAIN,2026-08-20T13:49:08,E106,C0002,completed
T0006953,MAIN,2026-08-20T13:16:13,E106,C0201,completed
T0006954,MAIN,2026-08-20T19:40:13,E103,,completed
T0006955,MAIN,2026-08-20T15:28:53,E105,C0213,completed
T0006956,MAIN,2026-08-20T11:07:06,E105,C0062,completed
T0006957,MAIN,2026-08-20T13:41:45,E103,,completed
T0006958,MAIN,2026-08-20T20:37:21,E106,C0327,completed
T0006959,MAIN,2026-08-20T13:14:08,E103,C0224,completed
T0006960,MAIN,2026-08-20T12:15:02,E105,C0155,completed
T0006961,MAIN,2026-08-20T12:27:15,E105,C0069,completed
T0006962,MAIN,2026-08-20T13:32:46,E101,C0131,completed
T0006963,MAIN,2026-08-20T12:09:24,E102,C0257,completed
T0006964,MAIN,2026-08-20T10:57:02,E101,,completed
T0006965,MAIN,2026-08-20T14:13:03,E106,C0283,refunded
T0006966,MAIN,2026-08-20T09:18:29,E105,C0161,completed
T0006967,MAIN,2026-08-20T18:49:36,E102,C0398,completed
T0006968,MAIN,2026-08-20T11:17:09,E106,C0292,completed
T0006969,MAIN,2026-08-20T13:38:19,E105,C0122,completed
T0006970,MAIN,2026-08-20T14:42:24,E101,C0223,completed
T0006971,MAIN,2026-08-20T16:10:46,E101,C0158,completed
T0006972,MAIN,2026-08-20T10:07:19,E103,C0361,completed
T0006973,MAIN,2026-08-20T11:31:14,E104,C0209,completed
T0006974,MAIN,2026-08-20T16:04:40,E104,,completed
T0006975,MAIN,2026-08-20T17:45:13,E103,C0320,completed
T0006976,MAIN,2026-08-20T10:57:38,E104,,completed
T0006977,MAIN,2026-08-20T19:17:51,E102,,completed
T0006978,MAIN,2026-08-20T20:32:06,E103,C0082,completed
T0006979,MAIN,2026-08-20T19:07:26,E105,C0194,completed
T0006980,MAIN,2026-08-20T10:50:02,E103,C0016,completed
T0006981,MAIN,2026-08-20T15:12:19,E103,C0163,completed
T0006982,MAIN,2026-08-20T13:01:18,E103,C0052,completed
T0006983,MAIN,2026-08-20T09:38:24,E106,,completed
T0006984,MAIN,2026-08-20T15:47:41,E106,C0400,completed
T0006985,MAIN,2026-08-20T10:25:27,E105,,completed
T0006986,MAIN,2026-08-20T17:05:09,E103,,completed
T0006987,MAIN,2026-08-20T15:47:29,E105,C0113,completed
T0006988,MAIN,2026-08-20T18:48:35,E105,C0169,completed
T0006989,MAIN,2026-08-20T13:07:18,E105,C0322,completed
T0006990,MAIN,2026-08-20T20:26:39,E106,,completed
T0006991,MAIN,2026-08-20T15:22:44,E104,C0026,completed
T0006992,MAIN,2026-08-20T13:15:10,E104,,completed
T0006993,MAIN,2026-08-20T18:07:44,E104,C0300,completed
T0006994,MAIN,2026-08-20T10:23:32,E101,C0341,completed
T0006995,MAIN,2026-08-20T12:00:16,E101,C0262,completed
T0006996,MAIN,2026-08-20T09:14:16,E104,C0134,completed
T0006997,MAIN,2026-08-20T11:24:41,E101,,completed
T0006998,MAIN,2026-08-20T18:18:38,E104,C0037,completed
T0006999,MAIN,2026-08-20T18:56:04,E103,C0073,completed
T0007000,MAIN,2026-08-20T10:51:57,E101,C0305,completed
T0007001,MAIN,2026-08-20T16:07:40,E105,C0275,completed
T0007002,MAIN,2026-08-20T17:07:33,E103,,completed
T0007003,MAIN,2026-08-20T18:57:45,E103,C0237,completed
T0007004,MAIN,2026-08-20T17:02:50,E102,,refunded
T0007005,MAIN,2026-08-20T14:59:28,E105,C0134,completed
T0007006,MAIN,2026-08-20T12:26:11,E101,,completed
T0007007,MAIN,2026-08-20T15:59:27,E101,C0257,completed
T0007008,MAIN,2026-08-20T12:55:30,E106,,completed
T0007009,MAIN,2026-08-20T18:10:01,E101,C0104,completed
T0007010,MAIN,2026-08-20T15:01:54,E103,C0260,completed
T0007011,MAIN,2026-08-20T20:30:19,E103,C0195,completed
T0007012,MAIN,2026-08-20T12:37:06,E105,,completed
T0007013,MAIN,2026-08-20T18:41:15,E101,C0340,completed
T0007014,MAIN,2026-08-20T12:01:21,E105,C0387,completed
T0007015,MAIN,2026-08-20T17:56:15,E102,,completed
T0007016,MAIN,2026-08-20T12:08:28,E105,C0155,completed
T0007017,MAIN,2026-08-20T11:38:23,E105,C0119,completed
T0007018,MAIN,2026-08-20T19:13:37,E103,,completed
T0007019,MAIN,2026-08-20T10:24:05,E105,C0011,completed
T0007020,MAIN,2026-08-20T17:47:34,E104,C0014,completed
T0007021,MAIN,2026-08-20T17:45:23,E106,,completed
T0007022,MAIN,2026-08-20T11:45:24,E102,C0029,completed
T0007023,MAIN,2026-08-21T15:44:51,E102,C0027,completed
T0007024,MAIN,2026-08-21T11:25:00,E106,C0010,completed
T0007025,MAIN,2026-08-21T18:29:17,E101,C0050,completed
T0007026,MAIN,2026-08-21T13:55:03,E105,C0332,completed
T0007027,MAIN,2026-08-21T17:42:59,E104,,completed
T0007028,MAIN,2026-08-21T20:32:15,E106,C0091,completed
T0007029,MAIN,2026-08-21T12:28:20,E101,C0274,completed
T0007030,MAIN,2026-08-21T17:49:25,E102,C0248,voided
T0007031,MAIN,2026-08-21T16:57:13,E106,C0298,completed
T0007032,MAIN,2026-08-21T16:43:45,E101,C0055,completed
T0007033,MAIN,2026-08-21T15:31:59,E105,C0142,completed
T0007034,MAIN,2026-08-21T19:06:02,E101,,completed
T0007035,MAIN,2026-08-21T13:56:12,E106,C0080,completed
T0007036,MAIN,2026-08-21T19:15:42,E103,C0159,completed
T0007037,MAIN,2026-08-21T13:56:03,E102,,completed
T0007038,MAIN,2026-08-21T15:00:30,E105,C0247,completed
T0007039,MAIN,2026-08-21T14:44:54,E102,C0119,completed
T0007040,MAIN,2026-08-21T13:17:39,E101,C0047,completed
T0007041,MAIN,2026-08-21T11:14:24,E103,C0214,completed
T0007042,MAIN,2026-08-21T11:35:49,E104,C0049,completed
T0007043,MAIN,2026-08-21T10:47:27,E102,C0268,completed
T0007044,MAIN,2026-08-21T11:32:24,E105,C0156,completed
T0007045,MAIN,2026-08-21T09:37:39,E103,,completed
T0007046,MAIN,2026-08-21T11:44:47,E102,C0152,completed
T0007047,MAIN,2026-08-21T12:32:35,E103,C0147,voided
T0007048,MAIN,2026-08-21T13:43:44,E102,C0338,completed
T0007049,MAIN,2026-08-21T17:33:27,E104,C0340,completed
T0007050,MAIN,2026-08-21T15:23:55,E106,C0120,completed
T0007051,MAIN,2026-08-21T12:57:55,E105,C0208,completed
T0007052,MAIN,2026-08-21T11:23:06,E106,C0308,completed
T0007053,MAIN,2026-08-21T09:35:48,E105,C0400,completed
T0007054,MAIN,2026-08-21T12:34:48,E106,,completed
T0007055,MAIN,2026-08-21T16:12:40,E101,C0355,completed
T0007056,MAIN,2026-08-21T15:02:38,E102,C0150,completed
T0007057,MAIN,2026-08-21T18:12:02,E101,C0023,completed
T0007058,MAIN,2026-08-21T19:10:52,E101,C0167,completed
T0007059,MAIN,2026-08-21T20:14:36,E103,,completed
T0007060,MAIN,2026-08-21T18:18:57,E106,,completed
T0007061,MAIN,2026-08-21T16:35:00,E104,,completed
T0007062,MAIN,2026-08-21T18:13:25,E105,C0061,completed
T0007063,MAIN,2026-08-21T14:06:22,E103,C0226,completed
T0007064,MAIN,2026-08-21T12:34:02,E105,C0073,completed
T0007065,MAIN,2026-08-21T16:58:58,E104,C0084,completed
T0007066,MAIN,2026-08-21T14:17:52,E104,,completed
T0007067,MAIN,2026-08-21T20:16:56,E101,C0027,completed
T0007068,MAIN,2026-08-21T16:00:23,E102,C0132,completed
T0007069,MAIN,2026-08-21T16:48:28,E104,C0339,completed
T0007070,MAIN,2026-08-21T17:46:01,E106,C0338,completed
T0007071,MAIN,2026-08-21T18:10:25,E106,C0206,completed
T0007072,MAIN,2026-08-21T14:03:36,E103,,completed
T0007073,MAIN,2026-08-21T13:30:05,E104,,voided
T0007074,MAIN,2026-08-21T10:10:26,E102,C0369,completed
T0007075,MAIN,2026-08-21T18:34:20,E101,,completed
T0007076,MAIN,2026-08-21T13:30:38,E104,C0023,completed
T0007077,MAIN,2026-08-21T13:16:40,E101,C0263,completed
T0007078,MAIN,2026-08-21T18:57:16,E103,C0384,completed
T0007079,MAIN,2026-08-21T16:04:27,E102,C0366,completed
T0007080,MAIN,2026-08-21T19:27:28,E104,C0198,completed
T0007081,MAIN,2026-08-21T17:08:10,E105,C0120,completed
T0007082,MAIN,2026-08-21T09:26:27,E106,C0190,completed
T0007083,MAIN,2026-08-21T18:28:10,E105,C0325,completed
T0007084,MAIN,2026-08-21T12:27:16,E101,,completed
T0007085,MAIN,2026-08-21T18:19:19,E105,,completed
T0007086,MAIN,2026-08-21T15:39:02,E101,C0011,completed
T0007087,MAIN,2026-08-21T14:27:30,E106,,completed
T0007088,MAIN,2026-08-21T16:16:26,E102,,completed
T0007089,MAIN,2026-08-21T13:27:50,E104,,completed
T0007090,MAIN,2026-08-21T17:31:12,E104,C0341,completed
T0007091,MAIN,2026-08-21T10:03:48,E101,C0129,completed
T0007092,MAIN,2026-08-21T14:14:53,E102,,completed
T0007093,MAIN,2026-08-21T17:15:40,E104,C0001,completed
T0007094,MAIN,2026-08-21T13:17:41,E105,C0285,completed
T0007095,MAIN,2026-08-21T16:56:51,E102,,completed
T0007096,MAIN,2026-08-21T12:21:03,E101,,completed
T0007097,MAIN,2026-08-21T17:35:37,E105,C0335,completed
T0007098,MAIN,2026-08-21T12:39:30,E104,C0368,completed
T0007099,MAIN,2026-08-21T19:48:44,E102,,completed
T0007100,MAIN,2026-08-21T09:30:08,E103,,completed
T0007101,MAIN,2026-08-21T09:05:19,E106,C0197,completed
T0007102,MAIN,2026-08-21T19:19:51,E102,C0155,completed
T0007103,MAIN,2026-08-21T12:57:46,E103,C0039,completed
T0007104,MAIN,2026-08-21T18:16:40,E104,C0192,completed
T0007105,MAIN,2026-08-21T16:51:32,E104,C0188,completed
T0007106,MAIN,2026-08-21T14:47:40,E103,C0293,completed
T0007107,MAIN,2026-08-21T15:08:04,E106,,completed
T0007108,MAIN,2026-08-21T14:53:17,E105,C0044,completed
T0007109,MAIN,2026-08-21T18:08:58,E103,C0344,completed
T0007110,MAIN,2026-08-21T18:14:21,E106,,completed
T0007111,MAIN,2026-08-21T12:17:13,E106,C0350,voided
T0007112,MAIN,2026-08-21T13:36:26,E101,C0096,completed
T0007113,MAIN,2026-08-21T18:04:59,E104,C0027,completed
T0007114,MAIN,2026-08-21T18:06:41,E101,C0066,completed
T0007115,MAIN,2026-08-21T11:23:41,E104,,completed
T0007116,MAIN,2026-08-21T16:23:11,E103,,completed
T0007117,MAIN,2026-08-21T10:04:05,E102,,completed
T0007118,MAIN,2026-08-21T17:10:52,E105,C0050,completed
T0007119,MAIN,2026-08-21T14:53:21,E101,C0127,completed
T0007120,MAIN,2026-08-21T18:41:27,E102,C0365,completed
T0007121,MAIN,2026-08-21T16:11:45,E103,,completed
T0007122,MAIN,2026-08-21T14:48:50,E104,C0371,completed
T0007123,MAIN,2026-08-21T16:38:28,E106,C0345,completed
T0007124,MAIN,2026-08-21T17:34:10,E101,,completed
T0007125,MAIN,2026-08-21T11:26:51,E104,C0126,completed
T0007126,MAIN,2026-08-21T14:30:56,E106,,completed
T0007127,MAIN,2026-08-21T15:00:20,E101,C0218,completed
T0007128,MAIN,2026-08-21T12:14:15,E101,C0118,completed
T0007129,MAIN,2026-08-21T11:01:59,E104,,completed
T0007130,MAIN,2026-08-21T18:14:48,E104,,completed
T0007131,MAIN,2026-08-21T17:15:59,E104,C0302,completed
T0007132,MAIN,2026-08-21T15:06:10,E105,C0188,completed
T0007133,MAIN,2026-08-21T19:33:37,E106,C0212,completed
T0007134,MAIN,2026-08-21T12:56:47,E104,C0246,completed
T0007135,MAIN,2026-08-21T18:22:55,E106,,completed
T0007136,MAIN,2026-08-21T13:03:52,E105,C0176,completed
T0007137,MAIN,2026-08-21T10:32:48,E105,C0230,completed
T0007138,MAIN,2026-08-21T18:28:50,E102,C0051,completed
T0007139,MAIN,2026-08-21T13:20:01,E103,C0207,completed
T0007140,MAIN,2026-08-21T12:38:37,E105,C0119,completed
T0007141,MAIN,2026-08-21T10:16:21,E106,C0168,completed
T0007142,MAIN,2026-08-21T14:03:26,E103,C0065,completed
T0007143,MAIN,2026-08-21T15:50:35,E105,,completed
T0007144,MAIN,2026-08-21T12:36:16,E106,C0072,completed
T0007145,MAIN,2026-08-21T13:41:40,E105,C0157,completed
T0007146,MAIN,2026-08-21T11:47:35,E104,,completed
T0007147,MAIN,2026-08-21T17:39:44,E106,C0046,completed
T0007148,MAIN,2026-08-21T17:02:58,E101,C0352,completed
T0007149,MAIN,2026-08-21T16:13:37,E102,C0259,completed
T0007150,MAIN,2026-08-21T16:07:46,E106,C0009,completed
T0007151,MAIN,2026-08-21T19:54:18,E102,C0315,completed
T0007152,MAIN,2026-08-21T13:29:24,E103,C0173,completed
T0007153,MAIN,2026-08-21T17:01:06,E104,,completed
T0007154,MAIN,2026-08-21T12:51:01,E104,C0146,completed
T0007155,MAIN,2026-08-21T15:30:45,E102,C0111,completed
T0007156,MAIN,2026-08-21T16:38:40,E106,C0127,completed
T0007157,MAIN,2026-08-21T10:57:35,E101,C0392,completed
T0007158,MAIN,2026-08-21T19:35:50,E101,C0024,completed
T0007159,MAIN,2026-08-21T16:21:50,E103,C0229,completed
T0007160,MAIN,2026-08-21T14:45:31,E104,C0177,completed
T0007161,MAIN,2026-08-21T20:32:03,E105,C0180,completed
T0007162,MAIN,2026-08-21T16:53:50,E102,C0053,completed
T0007163,MAIN,2026-08-21T14:47:06,E102,,completed
T0007164,MAIN,2026-08-21T17:00:15,E102,,completed
T0007165,MAIN,2026-08-21T13:51:53,E104,C0324,completed
T0007166,MAIN,2026-08-21T15:45:56,E102,C0257,completed
T0007167,MAIN,2026-08-21T20:32:53,E104,C0063,completed
T0007168,MAIN,2026-08-21T18:49:35,E106,C0383,completed
T0007169,MAIN,2026-08-21T09:01:17,E101,C0105,completed
T0007170,MAIN,2026-08-21T19:06:10,E105,C0398,completed
T0007171,MAIN,2026-08-21T16:50:45,E106,,completed
T0007172,MAIN,2026-08-21T10:12:30,E106,C0355,completed
T0007173,MAIN,2026-08-21T16:35:07,E106,C0345,completed
T0007174,MAIN,2026-08-21T17:30:21,E101,,completed
T0007175,MAIN,2026-08-21T14:05:55,E106,,completed
T0007176,MAIN,2026-08-21T16:02:02,E104,C0153,completed
T0007177,MAIN,2026-08-21T14:53:48,E106,C0293,completed
T0007178,MAIN,2026-08-21T20:45:48,E105,,completed
T0007179,MAIN,2026-08-21T18:28:36,E106,C0143,completed
T0007180,MAIN,2026-08-21T14:45:00,E105,,completed
T0007181,MAIN,2026-08-21T18:19:21,E105,,completed
T0007182,MAIN,2026-08-21T18:31:01,E103,C0347,completed
T0007183,MAIN,2026-08-21T18:40:44,E102,C0240,completed
T0007184,MAIN,2026-08-21T16:57:02,E106,C0177,completed
T0007185,MAIN,2026-08-21T19:55:03,E103,C0042,completed
T0007186,MAIN,2026-08-21T18:36:47,E106,C0176,completed
T0007187,MAIN,2026-08-21T14:43:14,E105,C0174,completed
T0007188,MAIN,2026-08-21T16:55:46,E103,,refunded
T0007189,MAIN,2026-08-21T15:51:46,E102,,completed
T0007190,MAIN,2026-08-21T12:43:38,E103,C0143,completed
T0007191,MAIN,2026-08-21T19:20:35,E105,,completed
T0007192,MAIN,2026-08-21T11:20:56,E102,,completed
T0007193,MAIN,2026-08-21T17:30:37,E105,,completed
T0007194,MAIN,2026-08-21T20:56:17,E104,,completed
T0007195,MAIN,2026-08-21T13:11:24,E106,,completed
T0007196,MAIN,2026-08-21T20:27:01,E102,C0146,completed
T0007197,MAIN,2026-08-21T15:51:33,E105,C0253,completed
T0007198,MAIN,2026-08-21T13:17:33,E103,C0275,completed
T0007199,MAIN,2026-08-21T17:05:45,E101,C0399,completed
T0007200,MAIN,2026-08-21T18:19:06,E104,C0221,completed
T0007201,MAIN,2026-08-21T16:41:51,E103,,completed
T0007202,MAIN,2026-08-21T17:45:41,E103,C0049,completed
T0007203,MAIN,2026-08-21T14:36:35,E101,,completed
T0007204,MAIN,2026-08-21T16:18:57,E104,C0243,completed
T0007205,MAIN,2026-08-21T19:34:11,E106,C0270,completed
T0007206,MAIN,2026-08-21T13:28:21,E104,C0225,completed
T0007207,MAIN,2026-08-21T12:52:37,E104,C0046,completed
T0007208,MAIN,2026-08-21T11:37:16,E105,C0058,completed
T0007209,MAIN,2026-08-21T17:03:41,E103,C0374,completed
T0007210,MAIN,2026-08-21T16:39:32,E102,C0101,completed
T0007211,MAIN,2026-08-21T11:21:28,E106,,completed
T0007212,MAIN,2026-08-21T13:19:10,E101,,completed
T0007213,MAIN,2026-08-21T13:41:15,E106,,completed
T0007214,MAIN,2026-08-21T15:14:44,E106,C0347,completed
T0007215,MAIN,2026-08-21T17:39:26,E104,C0052,completed
T0007216,MAIN,2026-08-21T10:19:34,E105,C0003,completed
T0007217,MAIN,2026-08-21T11:01:35,E105,C0025,completed
T0007218,MAIN,2026-08-21T17:13:24,E102,C0245,completed
T0007219,MAIN,2026-08-21T13:25:15,E103,,completed
T0007220,MAIN,2026-08-21T12:19:03,E103,C0137,completed
T0007221,MAIN,2026-08-21T13:27:46,E102,C0381,completed
T0007222,MAIN,2026-08-21T12:55:12,E102,C0013,completed
T0007223,MAIN,2026-08-22T18:22:33,E102,,completed
T0007224,MAIN,2026-08-22T10:16:07,E101,,completed
T0007225,MAIN,2026-08-22T18:06:53,E105,C0056,completed
T0007226,MAIN,2026-08-22T13:45:49,E104,C0049,completed
T0007227,MAIN,2026-08-22T15:28:20,E106,,completed
T0007228,MAIN,2026-08-22T18:13:13,E103,,completed
T0007229,MAIN,2026-08-22T18:39:20,E104,C0230,completed
T0007230,MAIN,2026-08-22T10:38:45,E102,C0154,completed
T0007231,MAIN,2026-08-22T19:31:04,E103,C0073,completed
T0007232,MAIN,2026-08-22T14:48:52,E101,C0230,completed
T0007233,MAIN,2026-08-22T18:24:00,E103,C0397,completed
T0007234,MAIN,2026-08-22T15:23:10,E103,C0176,completed
T0007235,MAIN,2026-08-22T15:36:18,E102,C0284,completed
T0007236,MAIN,2026-08-22T17:05:28,E102,C0338,completed
T0007237,MAIN,2026-08-22T10:36:20,E106,C0205,completed
T0007238,MAIN,2026-08-22T19:21:59,E104,C0252,completed
T0007239,MAIN,2026-08-22T14:47:03,E101,C0260,completed
T0007240,MAIN,2026-08-22T10:12:40,E103,C0044,completed
T0007241,MAIN,2026-08-22T17:31:01,E103,C0106,completed
T0007242,MAIN,2026-08-22T15:37:56,E103,C0356,completed
T0007243,MAIN,2026-08-22T18:43:37,E103,C0202,completed
T0007244,MAIN,2026-08-22T17:43:04,E105,C0096,completed
T0007245,MAIN,2026-08-22T18:48:19,E103,C0008,completed
T0007246,MAIN,2026-08-22T12:56:20,E103,,completed
T0007247,MAIN,2026-08-22T13:10:32,E103,C0261,completed
T0007248,MAIN,2026-08-22T15:02:31,E104,,completed
T0007249,MAIN,2026-08-22T17:57:17,E104,C0074,completed
T0007250,MAIN,2026-08-22T19:56:23,E105,,completed
T0007251,MAIN,2026-08-22T16:13:08,E106,C0099,completed
T0007252,MAIN,2026-08-22T15:57:52,E106,C0291,completed
T0007253,MAIN,2026-08-22T13:18:06,E105,C0364,completed
T0007254,MAIN,2026-08-22T13:45:02,E106,,completed
T0007255,MAIN,2026-08-22T10:39:18,E102,C0153,completed
T0007256,MAIN,2026-08-22T12:29:04,E104,C0184,completed
T0007257,MAIN,2026-08-22T12:12:51,E106,C0312,completed
T0007258,MAIN,2026-08-22T12:02:03,E101,,completed
T0007259,MAIN,2026-08-22T18:58:26,E101,,completed
T0007260,MAIN,2026-08-22T14:12:49,E105,C0158,completed
T0007261,MAIN,2026-08-22T17:44:46,E101,C0065,refunded
T0007262,MAIN,2026-08-22T14:50:27,E102,,completed
T0007263,MAIN,2026-08-22T18:14:21,E103,C0061,completed
T0007264,MAIN,2026-08-22T15:07:27,E105,,completed
T0007265,MAIN,2026-08-22T18:58:58,E106,C0359,completed
T0007266,MAIN,2026-08-22T18:41:05,E104,,completed
T0007267,MAIN,2026-08-22T11:59:06,E105,,completed
T0007268,MAIN,2026-08-22T19:21:24,E103,C0200,completed
T0007269,MAIN,2026-08-22T17:51:30,E105,C0004,completed
T0007270,MAIN,2026-08-22T14:18:13,E104,C0168,completed
T0007271,MAIN,2026-08-22T11:18:46,E105,C0393,completed
T0007272,MAIN,2026-08-22T09:56:37,E103,,completed
T0007273,MAIN,2026-08-22T12:28:56,E103,C0395,completed
T0007274,MAIN,2026-08-22T11:37:20,E105,C0216,completed
T0007275,MAIN,2026-08-22T20:29:01,E103,C0333,completed
T0007276,MAIN,2026-08-22T10:51:37,E102,C0400,completed
T0007277,MAIN,2026-08-22T12:42:14,E103,,completed
T0007278,MAIN,2026-08-22T12:43:45,E102,C0113,voided
T0007279,MAIN,2026-08-22T17:29:08,E103,,completed
T0007280,MAIN,2026-08-22T13:33:53,E101,C0077,completed
T0007281,MAIN,2026-08-22T16:55:38,E101,C0042,completed
T0007282,MAIN,2026-08-22T14:24:31,E102,C0095,completed
T0007283,MAIN,2026-08-22T17:26:12,E105,C0015,completed
T0007284,MAIN,2026-08-22T18:56:23,E102,C0359,completed
T0007285,MAIN,2026-08-22T16:41:40,E103,C0031,completed
T0007286,MAIN,2026-08-22T17:30:58,E101,C0132,completed
T0007287,MAIN,2026-08-22T13:49:11,E106,C0253,completed
T0007288,MAIN,2026-08-22T13:05:30,E103,C0139,completed
T0007289,MAIN,2026-08-22T17:09:17,E104,C0270,completed
T0007290,MAIN,2026-08-22T11:00:58,E106,,completed
T0007291,MAIN,2026-08-22T16:12:23,E101,,completed
T0007292,MAIN,2026-08-22T18:39:25,E106,,completed
T0007293,MAIN,2026-08-22T13:49:52,E106,C0348,completed
T0007294,MAIN,2026-08-22T18:10:41,E102,,completed
T0007295,MAIN,2026-08-22T12:54:08,E105,,completed
T0007296,MAIN,2026-08-22T17:27:10,E102,C0088,completed
T0007297,MAIN,2026-08-22T10:46:58,E105,C0144,completed
T0007298,MAIN,2026-08-22T17:14:56,E102,,completed
T0007299,MAIN,2026-08-22T18:41:29,E101,C0207,completed
T0007300,MAIN,2026-08-22T13:26:38,E104,C0366,completed
T0007301,MAIN,2026-08-22T16:16:12,E103,C0369,completed
T0007302,MAIN,2026-08-22T18:07:17,E101,,completed
T0007303,MAIN,2026-08-22T19:02:42,E104,C0103,completed
T0007304,MAIN,2026-08-22T14:51:44,E104,C0113,completed
T0007305,MAIN,2026-08-22T13:16:19,E101,C0127,completed
T0007306,MAIN,2026-08-22T18:57:39,E105,C0394,completed
T0007307,MAIN,2026-08-22T16:23:08,E104,C0045,completed
T0007308,MAIN,2026-08-22T17:03:40,E103,C0370,completed
T0007309,MAIN,2026-08-22T15:26:37,E104,,completed
T0007310,MAIN,2026-08-22T10:04:07,E106,C0075,completed
T0007311,MAIN,2026-08-22T20:24:01,E105,C0383,completed
T0007312,MAIN,2026-08-22T18:48:35,E104,C0207,refunded
T0007313,MAIN,2026-08-22T20:07:59,E103,C0388,completed
T0007314,MAIN,2026-08-22T19:05:32,E105,C0098,completed
T0007315,MAIN,2026-08-22T20:31:43,E105,C0351,completed
T0007316,MAIN,2026-08-22T20:30:28,E104,C0385,completed
T0007317,MAIN,2026-08-22T16:41:44,E102,C0333,completed
T0007318,MAIN,2026-08-22T20:01:58,E103,,completed
T0007319,MAIN,2026-08-22T11:44:04,E102,C0198,completed
T0007320,MAIN,2026-08-22T17:58:54,E105,,completed
T0007321,MAIN,2026-08-22T18:03:13,E104,,completed
T0007322,MAIN,2026-08-22T12:55:07,E106,C0020,completed
T0007323,MAIN,2026-08-22T18:28:25,E102,C0167,completed
T0007324,MAIN,2026-08-22T10:47:11,E104,C0208,completed
T0007325,MAIN,2026-08-22T17:38:44,E102,C0073,completed
T0007326,MAIN,2026-08-22T17:18:16,E106,C0032,completed
T0007327,MAIN,2026-08-22T11:26:11,E102,C0028,completed
T0007328,MAIN,2026-08-22T18:21:52,E103,C0234,completed
T0007329,MAIN,2026-08-22T11:02:12,E104,,completed
T0007330,MAIN,2026-08-22T16:55:31,E102,,completed
T0007331,MAIN,2026-08-22T19:52:50,E106,,completed
T0007332,MAIN,2026-08-22T18:54:43,E106,,completed
T0007333,MAIN,2026-08-22T17:08:26,E105,C0347,completed
T0007334,MAIN,2026-08-22T16:19:12,E101,,completed
T0007335,MAIN,2026-08-22T18:58:31,E103,,completed
T0007336,MAIN,2026-08-22T19:15:41,E101,C0153,completed
T0007337,MAIN,2026-08-22T15:56:54,E102,C0316,completed
T0007338,MAIN,2026-08-22T17:45:12,E103,C0374,completed
T0007339,MAIN,2026-08-22T12:16:16,E106,C0182,completed
T0007340,MAIN,2026-08-22T15:02:22,E106,,completed
T0007341,MAIN,2026-08-22T17:18:00,E103,,completed
T0007342,MAIN,2026-08-22T14:47:05,E105,,completed
T0007343,MAIN,2026-08-22T19:22:45,E101,C0176,completed
T0007344,MAIN,2026-08-22T13:12:54,E101,C0197,completed
T0007345,MAIN,2026-08-22T16:39:13,E104,C0265,completed
T0007346,MAIN,2026-08-22T13:21:32,E103,C0236,completed
T0007347,MAIN,2026-08-22T13:16:34,E103,C0293,completed
T0007348,MAIN,2026-08-22T14:31:23,E106,,completed
T0007349,MAIN,2026-08-22T13:37:16,E106,,completed
T0007350,MAIN,2026-08-22T19:49:31,E106,C0109,completed
T0007351,MAIN,2026-08-22T19:06:34,E101,,completed
T0007352,MAIN,2026-08-22T19:31:09,E103,C0199,completed
T0007353,MAIN,2026-08-22T17:14:27,E101,,completed
T0007354,MAIN,2026-08-22T11:47:14,E101,C0390,completed
T0007355,MAIN,2026-08-22T13:09:07,E104,C0312,completed
T0007356,MAIN,2026-08-22T17:48:31,E105,,completed
T0007357,MAIN,2026-08-22T19:18:37,E106,C0192,completed
T0007358,MAIN,2026-08-22T12:30:47,E104,C0103,completed
T0007359,MAIN,2026-08-22T13:38:33,E103,,completed
T0007360,MAIN,2026-08-22T18:19:31,E105,C0156,completed
T0007361,MAIN,2026-08-22T11:57:58,E101,C0262,completed
T0007362,MAIN,2026-08-22T11:19:19,E103,,completed
T0007363,MAIN,2026-08-22T12:35:21,E106,C0377,voided
T0007364,MAIN,2026-08-22T19:09:56,E104,C0159,completed
T0007365,MAIN,2026-08-22T17:33:39,E105,C0073,completed
T0007366,MAIN,2026-08-23T15:33:51,E104,C0370,completed
T0007367,MAIN,2026-08-23T19:31:55,E105,C0016,completed
T0007368,MAIN,2026-08-23T12:05:50,E101,C0104,completed
T0007369,MAIN,2026-08-23T19:33:37,E103,,completed
T0007370,MAIN,2026-08-23T14:59:55,E106,,completed
T0007371,MAIN,2026-08-23T11:10:52,E102,C0238,completed
T0007372,MAIN,2026-08-23T18:51:52,E104,,completed
T0007373,MAIN,2026-08-23T17:55:23,E103,C0362,completed
T0007374,MAIN,2026-08-23T17:16:07,E104,C0184,completed
T0007375,MAIN,2026-08-23T16:45:07,E105,C0181,completed
T0007376,MAIN,2026-08-23T13:10:27,E101,C0295,completed
T0007377,MAIN,2026-08-23T18:22:06,E105,C0226,completed
T0007378,MAIN,2026-08-23T17:01:47,E106,C0319,completed
T0007379,MAIN,2026-08-23T12:01:42,E103,C0285,completed
T0007380,MAIN,2026-08-23T20:19:37,E105,C0336,completed
T0007381,MAIN,2026-08-23T18:52:10,E101,C0048,completed
T0007382,MAIN,2026-08-23T13:21:44,E102,C0079,completed
T0007383,MAIN,2026-08-23T10:12:10,E104,C0372,completed
T0007384,MAIN,2026-08-23T09:59:52,E101,C0228,completed
T0007385,MAIN,2026-08-23T14:50:13,E106,,completed
T0007386,MAIN,2026-08-23T14:01:46,E101,,completed
T0007387,MAIN,2026-08-23T12:09:20,E106,C0380,completed
T0007388,MAIN,2026-08-23T17:12:09,E103,,completed
T0007389,MAIN,2026-08-23T11:20:58,E101,,completed
T0007390,MAIN,2026-08-23T13:36:23,E103,C0260,completed
T0007391,MAIN,2026-08-23T19:40:59,E103,C0179,completed
T0007392,MAIN,2026-08-23T17:19:41,E106,C0109,completed
T0007393,MAIN,2026-08-23T12:17:27,E104,,completed
T0007394,MAIN,2026-08-23T18:08:29,E102,,completed
T0007395,MAIN,2026-08-23T19:22:10,E102,,completed
T0007396,MAIN,2026-08-23T17:13:11,E104,C0328,completed
T0007397,MAIN,2026-08-23T12:44:43,E103,,completed
T0007398,MAIN,2026-08-23T16:02:58,E106,C0059,voided
T0007399,MAIN,2026-08-23T17:42:59,E103,C0076,completed
T0007400,MAIN,2026-08-23T13:59:11,E104,C0037,completed
T0007401,MAIN,2026-08-23T14:13:30,E101,,completed
T0007402,MAIN,2026-08-23T17:11:30,E102,C0082,completed
T0007403,MAIN,2026-08-23T20:50:46,E103,,completed
T0007404,MAIN,2026-08-23T20:32:00,E104,,completed
T0007405,MAIN,2026-08-23T14:35:19,E101,C0023,completed
T0007406,MAIN,2026-08-23T12:11:33,E104,,completed
T0007407,MAIN,2026-08-23T15:07:07,E103,C0160,completed
T0007408,MAIN,2026-08-23T19:15:36,E105,C0268,refunded
T0007409,MAIN,2026-08-23T12:09:40,E101,C0150,completed
T0007410,MAIN,2026-08-23T15:20:43,E105,,completed
T0007411,MAIN,2026-08-23T18:17:48,E104,C0176,completed
T0007412,MAIN,2026-08-23T15:53:50,E106,C0370,completed
T0007413,MAIN,2026-08-23T18:01:19,E105,C0384,completed
T0007414,MAIN,2026-08-23T12:23:55,E106,,completed
T0007415,MAIN,2026-08-23T09:21:02,E104,,completed
T0007416,MAIN,2026-08-23T18:46:06,E101,C0237,completed
T0007417,MAIN,2026-08-23T14:12:54,E102,C0024,completed
T0007418,MAIN,2026-08-23T14:47:32,E106,,completed
T0007419,MAIN,2026-08-23T19:54:06,E105,C0252,completed
T0007420,MAIN,2026-08-23T16:28:08,E106,,completed
T0007421,MAIN,2026-08-23T14:13:08,E103,C0098,completed
T0007422,MAIN,2026-08-23T20:03:20,E103,C0247,completed
T0007423,MAIN,2026-08-23T18:59:55,E102,,completed
T0007424,MAIN,2026-08-23T18:52:57,E106,C0344,completed
T0007425,MAIN,2026-08-23T16:37:43,E103,,completed
T0007426,MAIN,2026-08-23T16:58:57,E101,C0251,completed
T0007427,MAIN,2026-08-23T13:18:39,E105,C0304,completed
T0007428,MAIN,2026-08-23T14:25:37,E104,,completed
T0007429,MAIN,2026-08-23T16:35:50,E101,C0329,completed
T0007430,MAIN,2026-08-23T20:21:23,E106,C0033,completed
T0007431,MAIN,2026-08-23T11:01:42,E101,C0257,completed
T0007432,MAIN,2026-08-23T09:00:10,E103,C0262,completed
T0007433,MAIN,2026-08-23T19:29:30,E105,C0233,refunded
T0007434,MAIN,2026-08-23T12:20:22,E106,C0036,completed
T0007435,MAIN,2026-08-23T19:40:07,E104,C0036,completed
T0007436,MAIN,2026-08-23T12:47:19,E104,C0236,completed
T0007437,MAIN,2026-08-23T17:00:14,E102,,completed
T0007438,MAIN,2026-08-23T12:04:39,E103,C0237,completed
T0007439,MAIN,2026-08-23T09:45:36,E101,C0302,completed
T0007440,MAIN,2026-08-23T19:15:36,E103,C0244,completed
T0007441,MAIN,2026-08-23T19:12:25,E102,C0109,completed
T0007442,MAIN,2026-08-23T17:30:06,E106,C0063,completed
T0007443,MAIN,2026-08-23T19:37:29,E103,C0306,completed
T0007444,MAIN,2026-08-23T14:46:32,E103,,completed
T0007445,MAIN,2026-08-23T18:52:46,E101,,completed
T0007446,MAIN,2026-08-23T11:30:34,E106,C0150,completed
T0007447,MAIN,2026-08-23T16:23:18,E106,C0377,completed
T0007448,MAIN,2026-08-23T19:45:50,E105,C0208,completed
T0007449,MAIN,2026-08-23T18:59:27,E105,,completed
T0007450,MAIN,2026-08-23T17:40:57,E105,C0112,completed
T0007451,MAIN,2026-08-23T14:29:30,E105,C0275,completed
T0007452,MAIN,2026-08-23T16:59:57,E102,,completed
T0007453,MAIN,2026-08-23T17:43:28,E104,C0281,completed
T0007454,MAIN,2026-08-23T15:50:36,E104,,completed
T0007455,MAIN,2026-08-23T19:28:48,E104,C0239,completed
T0007456,MAIN,2026-08-23T10:53:26,E105,C0207,completed
T0007457,MAIN,2026-08-23T16:22:56,E105,C0325,completed
T0007458,MAIN,2026-08-23T15:26:26,E102,C0169,completed
T0007459,MAIN,2026-08-23T11:20:26,E104,C0150,completed
T0007460,MAIN,2026-08-23T14:01:39,E104,C0116,completed
T0007461,MAIN,2026-08-23T15:18:40,E104,,completed
T0007462,MAIN,2026-08-23T17:28:46,E101,C0306,completed
T0007463,MAIN,2026-08-23T18:12:04,E104,C0185,completed
T0007464,MAIN,2026-08-23T18:34:28,E106,C0075,completed
T0007465,MAIN,2026-08-23T12:53:41,E104,,completed
T0007466,MAIN,2026-08-23T13:57:37,E102,C0333,completed
T0007467,MAIN,2026-08-23T14:59:48,E104,C0140,completed
T0007468,MAIN,2026-08-23T13:08:48,E101,C0219,completed
T0007469,MAIN,2026-08-23T11:02:30,E103,C0057,completed
T0007470,MAIN,2026-08-23T12:30:47,E105,C0180,completed
T0007471,MAIN,2026-08-23T14:18:43,E104,C0327,completed
T0007472,MAIN,2026-08-23T19:15:31,E102,C0202,completed
T0007473,MAIN,2026-08-23T17:18:41,E106,C0214,completed
T0007474,MAIN,2026-08-23T19:15:15,E101,C0226,completed
T0007475,MAIN,2026-08-23T11:00:59,E101,C0344,completed
T0007476,MAIN,2026-08-23T17:51:53,E106,C0312,completed
T0007477,MAIN,2026-08-24T15:49:52,E102,C0191,completed
T0007478,MAIN,2026-08-24T18:46:19,E104,C0149,completed
T0007479,MAIN,2026-08-24T18:31:20,E102,C0167,completed
T0007480,MAIN,2026-08-24T17:55:21,E106,C0121,completed
T0007481,MAIN,2026-08-24T17:17:14,E104,C0343,completed
T0007482,MAIN,2026-08-24T16:33:59,E106,C0090,completed
T0007483,MAIN,2026-08-24T13:01:10,E103,C0049,completed
T0007484,MAIN,2026-08-24T20:12:30,E104,C0371,completed
T0007485,MAIN,2026-08-24T18:35:50,E101,,completed
T0007486,MAIN,2026-08-24T17:19:03,E106,C0175,completed
T0007487,MAIN,2026-08-24T16:22:05,E105,C0266,completed
T0007488,MAIN,2026-08-24T18:12:39,E105,C0225,completed
T0007489,MAIN,2026-08-24T13:18:14,E104,C0240,completed
T0007490,MAIN,2026-08-24T17:11:38,E106,C0325,completed
T0007491,MAIN,2026-08-24T20:02:00,E106,C0089,completed
T0007492,MAIN,2026-08-24T18:40:07,E106,C0102,completed
T0007493,MAIN,2026-08-24T12:20:35,E101,,completed
T0007494,MAIN,2026-08-24T13:22:09,E104,C0067,completed
T0007495,MAIN,2026-08-24T13:00:15,E102,C0177,completed
T0007496,MAIN,2026-08-24T14:03:25,E103,C0245,completed
T0007497,MAIN,2026-08-24T17:24:49,E103,C0111,completed
T0007498,MAIN,2026-08-24T16:00:09,E101,C0266,completed
T0007499,MAIN,2026-08-24T18:29:47,E101,C0238,completed
T0007500,MAIN,2026-08-24T15:13:26,E101,C0182,completed
T0007501,MAIN,2026-08-24T11:30:15,E104,C0156,completed
T0007502,MAIN,2026-08-24T13:19:35,E106,C0046,completed
T0007503,MAIN,2026-08-24T18:15:36,E101,,completed
T0007504,MAIN,2026-08-24T10:42:12,E101,,completed
T0007505,MAIN,2026-08-24T17:02:39,E101,,completed
T0007506,MAIN,2026-08-24T16:42:42,E104,,completed
T0007507,MAIN,2026-08-24T17:16:16,E103,C0015,completed
T0007508,MAIN,2026-08-24T09:14:13,E101,C0216,completed
T0007509,MAIN,2026-08-24T18:24:52,E102,C0365,completed
T0007510,MAIN,2026-08-24T10:20:09,E102,C0267,completed
T0007511,MAIN,2026-08-24T14:58:01,E105,C0071,completed
T0007512,MAIN,2026-08-24T14:33:16,E104,,completed
T0007513,MAIN,2026-08-24T13:55:30,E102,,completed
T0007514,MAIN,2026-08-24T13:18:13,E103,C0178,completed
T0007515,MAIN,2026-08-24T14:21:16,E101,C0315,voided
T0007516,MAIN,2026-08-24T13:08:17,E103,C0149,completed
T0007517,MAIN,2026-08-24T12:25:36,E104,C0367,completed
T0007518,MAIN,2026-08-24T14:27:54,E104,,completed
T0007519,MAIN,2026-08-24T18:34:50,E101,C0212,completed
T0007520,MAIN,2026-08-24T17:38:33,E101,C0099,completed
T0007521,MAIN,2026-08-24T17:37:07,E105,C0141,completed
T0007522,MAIN,2026-08-24T13:57:50,E103,C0176,completed
T0007523,MAIN,2026-08-24T19:20:00,E103,,completed
T0007524,MAIN,2026-08-24T11:36:57,E105,C0175,completed
T0007525,MAIN,2026-08-24T09:39:09,E103,C0278,completed
T0007526,MAIN,2026-08-24T09:12:15,E104,,completed
T0007527,MAIN,2026-08-24T10:46:13,E103,C0353,completed
T0007528,MAIN,2026-08-24T13:53:34,E105,C0041,completed
T0007529,MAIN,2026-08-24T19:12:18,E103,C0115,completed
T0007530,MAIN,2026-08-24T12:09:44,E106,,completed
T0007531,MAIN,2026-08-24T18:15:51,E104,,completed
T0007532,MAIN,2026-08-24T19:47:10,E101,C0269,completed
T0007533,MAIN,2026-08-24T16:14:48,E106,,completed
T0007534,MAIN,2026-08-24T14:12:45,E106,,completed
T0007535,MAIN,2026-08-24T13:44:28,E104,,completed
T0007536,MAIN,2026-08-24T13:41:32,E105,,completed
T0007537,MAIN,2026-08-24T10:51:28,E102,,completed
T0007538,MAIN,2026-08-24T14:15:24,E102,C0054,completed
T0007539,MAIN,2026-08-24T11:33:49,E101,C0100,completed
T0007540,MAIN,2026-08-24T13:39:18,E104,C0274,completed
T0007541,MAIN,2026-08-24T10:23:56,E106,C0014,completed
T0007542,MAIN,2026-08-24T18:34:05,E102,,completed
T0007543,MAIN,2026-08-24T17:31:15,E102,,completed
T0007544,MAIN,2026-08-24T17:16:19,E104,C0286,completed
T0007545,MAIN,2026-08-24T17:33:01,E101,C0224,completed
T0007546,MAIN,2026-08-24T16:58:06,E103,,completed
T0007547,MAIN,2026-08-24T12:41:33,E102,,completed
T0007548,MAIN,2026-08-24T13:37:39,E102,C0387,completed
T0007549,MAIN,2026-08-24T18:52:12,E106,C0059,completed
T0007550,MAIN,2026-08-24T16:39:28,E106,C0290,completed
T0007551,MAIN,2026-08-24T18:03:01,E102,C0030,completed
T0007552,MAIN,2026-08-24T15:20:08,E106,,completed
T0007553,MAIN,2026-08-24T18:21:16,E106,,completed
T0007554,MAIN,2026-08-24T16:29:23,E102,C0173,completed
T0007555,MAIN,2026-08-24T10:27:20,E103,,completed
T0007556,MAIN,2026-08-24T16:18:56,E103,C0261,completed
T0007557,MAIN,2026-08-24T17:47:28,E103,,completed
T0007558,MAIN,2026-08-24T19:22:25,E105,C0211,completed
T0007559,MAIN,2026-08-24T12:30:30,E105,,completed
T0007560,MAIN,2026-08-24T16:27:28,E102,C0232,completed
T0007561,MAIN,2026-08-24T13:50:36,E105,C0195,completed
T0007562,MAIN,2026-08-24T16:37:27,E104,,completed
T0007563,MAIN,2026-08-24T11:01:31,E106,C0235,completed
T0007564,MAIN,2026-08-24T10:17:54,E102,,completed
T0007565,MAIN,2026-08-24T12:13:45,E105,,completed
T0007566,MAIN,2026-08-24T18:38:23,E101,C0058,completed
T0007567,MAIN,2026-08-24T14:00:43,E105,,completed
T0007568,MAIN,2026-08-24T15:51:58,E102,C0007,completed
T0007569,MAIN,2026-08-24T18:07:05,E106,C0174,completed
T0007570,MAIN,2026-08-24T13:09:11,E104,,completed
T0007571,MAIN,2026-08-24T20:11:57,E103,C0239,completed
T0007572,MAIN,2026-08-24T20:32:42,E104,,completed
T0007573,MAIN,2026-08-24T18:25:25,E105,C0257,completed
T0007574,MAIN,2026-08-24T17:47:25,E106,C0350,completed
T0007575,MAIN,2026-08-25T18:49:13,E102,C0381,completed
T0007576,MAIN,2026-08-25T18:34:08,E101,C0012,completed
T0007577,MAIN,2026-08-25T12:33:39,E102,,completed
T0007578,MAIN,2026-08-25T19:00:09,E101,,completed
T0007579,MAIN,2026-08-25T13:00:30,E103,C0075,completed
T0007580,MAIN,2026-08-25T09:14:25,E104,C0006,completed
T0007581,MAIN,2026-08-25T17:24:12,E105,C0001,completed
T0007582,MAIN,2026-08-25T11:44:01,E106,C0079,completed
T0007583,MAIN,2026-08-25T12:01:32,E101,C0133,completed
T0007584,MAIN,2026-08-25T15:44:24,E104,C0245,completed
T0007585,MAIN,2026-08-25T14:08:33,E103,C0331,completed
T0007586,MAIN,2026-08-25T20:26:33,E105,C0053,completed
T0007587,MAIN,2026-08-25T18:50:11,E105,C0075,completed
T0007588,MAIN,2026-08-25T13:35:20,E104,,completed
T0007589,MAIN,2026-08-25T19:18:29,E102,C0264,completed
T0007590,MAIN,2026-08-25T18:18:09,E101,,completed
T0007591,MAIN,2026-08-25T13:53:11,E103,C0050,completed
T0007592,MAIN,2026-08-25T19:44:17,E102,C0131,completed
T0007593,MAIN,2026-08-25T11:53:25,E104,C0342,completed
T0007594,MAIN,2026-08-25T12:16:14,E106,,completed
T0007595,MAIN,2026-08-25T15:20:05,E104,,completed
T0007596,MAIN,2026-08-25T14:18:01,E102,,completed
T0007597,MAIN,2026-08-25T12:52:03,E104,C0127,completed
T0007598,MAIN,2026-08-25T12:16:15,E104,C0090,completed
T0007599,MAIN,2026-08-25T15:24:58,E103,,refunded
T0007600,MAIN,2026-08-25T18:33:51,E102,,completed
T0007601,MAIN,2026-08-25T13:22:20,E103,C0209,completed
T0007602,MAIN,2026-08-25T15:31:23,E104,,completed
T0007603,MAIN,2026-08-25T18:31:49,E101,C0333,completed
T0007604,MAIN,2026-08-25T13:04:37,E106,C0261,completed
T0007605,MAIN,2026-08-25T19:26:10,E104,,completed
T0007606,MAIN,2026-08-25T18:52:24,E103,C0196,completed
T0007607,MAIN,2026-08-25T15:59:24,E106,C0127,completed
T0007608,MAIN,2026-08-25T13:39:55,E103,C0359,completed
T0007609,MAIN,2026-08-25T19:57:09,E106,,completed
T0007610,MAIN,2026-08-25T15:27:43,E101,C0184,completed
T0007611,MAIN,2026-08-25T18:16:49,E102,,completed
T0007612,MAIN,2026-08-25T15:57:08,E101,C0255,completed
T0007613,MAIN,2026-08-25T11:07:46,E102,C0031,completed
T0007614,MAIN,2026-08-25T19:38:55,E105,C0287,completed
T0007615,MAIN,2026-08-25T14:52:12,E106,,completed
T0007616,MAIN,2026-08-25T16:46:23,E103,,completed
T0007617,MAIN,2026-08-25T17:49:24,E101,C0192,completed
T0007618,MAIN,2026-08-25T16:26:58,E102,C0120,completed
T0007619,MAIN,2026-08-25T14:16:22,E106,C0370,completed
T0007620,MAIN,2026-08-25T13:26:48,E102,,completed
T0007621,MAIN,2026-08-25T16:24:14,E101,,completed
T0007622,MAIN,2026-08-25T19:11:02,E103,C0120,completed
T0007623,MAIN,2026-08-25T16:50:37,E106,C0367,completed
T0007624,MAIN,2026-08-25T12:40:18,E101,C0248,completed
T0007625,MAIN,2026-08-25T18:53:35,E103,,completed
T0007626,MAIN,2026-08-25T18:40:33,E101,C0247,completed
T0007627,MAIN,2026-08-25T18:46:35,E103,C0083,refunded
T0007628,MAIN,2026-08-25T18:31:23,E105,C0184,completed
T0007629,MAIN,2026-08-25T17:40:42,E106,C0282,completed
T0007630,MAIN,2026-08-25T11:38:47,E101,C0094,completed
T0007631,MAIN,2026-08-25T19:09:17,E104,C0008,completed
T0007632,MAIN,2026-08-25T17:16:43,E105,C0204,completed
T0007633,MAIN,2026-08-25T16:12:46,E101,,completed
T0007634,MAIN,2026-08-26T13:56:17,E104,,completed
T0007635,MAIN,2026-08-26T17:01:13,E102,C0050,completed
T0007636,MAIN,2026-08-26T16:40:29,E106,C0130,completed
T0007637,MAIN,2026-08-26T14:27:50,E103,C0047,completed
T0007638,MAIN,2026-08-26T20:44:59,E103,C0090,completed
T0007639,MAIN,2026-08-26T16:23:12,E105,C0010,completed
T0007640,MAIN,2026-08-26T12:49:45,E106,C0376,completed
T0007641,MAIN,2026-08-26T17:56:38,E102,,completed
T0007642,MAIN,2026-08-26T10:24:00,E103,,completed
T0007643,MAIN,2026-08-26T18:38:00,E101,C0171,completed
T0007644,MAIN,2026-08-26T19:35:05,E103,C0170,completed
T0007645,MAIN,2026-08-26T19:23:02,E104,C0276,completed
T0007646,MAIN,2026-08-26T18:53:31,E106,C0124,completed
T0007647,MAIN,2026-08-26T16:10:10,E103,,completed
T0007648,MAIN,2026-08-26T18:55:40,E103,,completed
T0007649,MAIN,2026-08-26T10:08:18,E103,,completed
T0007650,MAIN,2026-08-26T17:58:49,E104,,completed
T0007651,MAIN,2026-08-26T15:01:11,E105,C0273,completed
T0007652,MAIN,2026-08-26T09:39:31,E102,C0182,completed
T0007653,MAIN,2026-08-26T14:52:00,E106,C0203,completed
T0007654,MAIN,2026-08-26T12:48:49,E104,C0236,completed
T0007655,MAIN,2026-08-26T14:11:13,E103,C0092,completed
T0007656,MAIN,2026-08-26T11:51:17,E102,,completed
T0007657,MAIN,2026-08-26T17:53:05,E105,C0322,completed
T0007658,MAIN,2026-08-26T12:20:23,E103,,completed
T0007659,MAIN,2026-08-26T18:35:45,E103,,completed
T0007660,MAIN,2026-08-26T14:50:41,E103,C0241,completed
T0007661,MAIN,2026-08-26T11:19:19,E105,,completed
T0007662,MAIN,2026-08-26T15:28:10,E106,C0170,completed
T0007663,MAIN,2026-08-26T19:30:55,E104,,completed
T0007664,MAIN,2026-08-26T09:07:54,E103,C0126,completed
T0007665,MAIN,2026-08-26T19:13:51,E105,C0123,completed
T0007666,MAIN,2026-08-26T18:08:05,E105,,completed
T0007667,MAIN,2026-08-26T12:29:58,E105,C0304,completed
T0007668,MAIN,2026-08-26T09:10:23,E105,C0090,completed
T0007669,MAIN,2026-08-26T19:53:09,E101,C0121,completed
T0007670,MAIN,2026-08-26T12:52:52,E102,,completed
T0007671,MAIN,2026-08-26T13:47:02,E105,C0166,completed
T0007672,MAIN,2026-08-26T17:52:13,E101,C0394,completed
T0007673,MAIN,2026-08-26T20:24:42,E103,,completed
T0007674,MAIN,2026-08-26T11:39:20,E101,C0258,completed
T0007675,MAIN,2026-08-26T16:46:54,E104,C0274,completed
T0007676,MAIN,2026-08-26T11:24:56,E102,,completed
T0007677,MAIN,2026-08-26T16:19:27,E106,C0390,completed
T0007678,MAIN,2026-08-26T18:55:40,E103,C0266,completed
T0007679,MAIN,2026-08-26T15:09:22,E102,C0148,completed
T0007680,MAIN,2026-08-26T14:53:05,E106,C0043,completed
T0007681,MAIN,2026-08-26T17:22:00,E105,,completed
T0007682,MAIN,2026-08-26T15:31:23,E104,C0299,refunded
T0007683,MAIN,2026-08-26T16:05:19,E104,C0203,completed
T0007684,MAIN,2026-08-26T13:48:59,E103,C0291,completed
T0007685,MAIN,2026-08-26T18:01:25,E106,C0370,completed
T0007686,MAIN,2026-08-26T15:34:29,E101,,completed
T0007687,MAIN,2026-08-26T16:08:28,E106,,completed
T0007688,MAIN,2026-08-26T19:51:02,E104,,completed
T0007689,MAIN,2026-08-26T12:00:15,E106,C0251,completed
T0007690,MAIN,2026-08-26T12:25:36,E101,C0229,completed
T0007691,MAIN,2026-08-26T16:46:48,E105,C0172,completed
T0007692,MAIN,2026-08-26T10:42:36,E102,C0351,completed
T0007693,MAIN,2026-08-26T11:05:32,E102,C0170,completed
T0007694,MAIN,2026-08-26T19:11:04,E103,C0281,completed
T0007695,MAIN,2026-08-26T13:16:59,E104,,completed
T0007696,MAIN,2026-08-26T20:32:36,E101,C0182,completed
T0007697,MAIN,2026-08-26T13:58:01,E104,C0210,completed
T0007698,MAIN,2026-08-26T15:35:40,E105,C0394,completed
T0007699,MAIN,2026-08-26T13:56:25,E106,C0138,completed
T0007700,MAIN,2026-08-26T17:08:17,E105,,completed
T0007701,MAIN,2026-08-26T16:18:46,E101,,completed
T0007702,MAIN,2026-08-26T15:09:11,E102,C0350,completed
T0007703,MAIN,2026-08-26T14:37:13,E101,,completed
T0007704,MAIN,2026-08-26T13:40:44,E103,C0129,completed
T0007705,MAIN,2026-08-26T18:06:31,E101,C0093,completed
T0007706,MAIN,2026-08-26T16:21:28,E106,C0068,completed
T0007707,MAIN,2026-08-26T17:37:50,E104,C0268,completed
T0007708,MAIN,2026-08-26T19:46:24,E102,,completed
T0007709,MAIN,2026-08-26T15:50:43,E103,C0347,completed
T0007710,MAIN,2026-08-26T18:03:46,E105,C0126,completed
T0007711,MAIN,2026-08-26T12:12:02,E103,C0187,completed
T0007712,MAIN,2026-08-26T12:22:24,E101,,completed
T0007713,MAIN,2026-08-26T20:45:33,E105,,completed
T0007714,MAIN,2026-08-26T18:35:22,E104,,completed
T0007715,MAIN,2026-08-26T14:01:02,E101,C0192,completed
T0007716,MAIN,2026-08-26T15:53:23,E104,C0301,completed
T0007717,MAIN,2026-08-26T13:15:14,E103,C0042,completed
T0007718,MAIN,2026-08-26T13:59:12,E102,,voided
T0007719,MAIN,2026-08-26T15:58:34,E102,C0107,completed
T0007720,MAIN,2026-08-26T19:46:58,E103,C0305,completed
T0007721,MAIN,2026-08-26T12:56:25,E102,C0168,completed
T0007722,MAIN,2026-08-26T11:12:34,E103,C0361,completed
T0007723,MAIN,2026-08-26T15:07:11,E101,C0029,voided
T0007724,MAIN,2026-08-26T13:38:07,E105,,completed
T0007725,MAIN,2026-08-26T16:20:37,E103,,completed
T0007726,MAIN,2026-08-27T18:38:17,E104,C0343,completed
T0007727,MAIN,2026-08-27T10:55:14,E102,C0176,completed
T0007728,MAIN,2026-08-27T17:44:00,E102,C0360,completed
T0007729,MAIN,2026-08-27T20:35:31,E105,C0154,completed
T0007730,MAIN,2026-08-27T11:08:22,E105,C0297,completed
T0007731,MAIN,2026-08-27T16:56:17,E103,C0004,completed
T0007732,MAIN,2026-08-27T12:41:03,E102,C0382,completed
T0007733,MAIN,2026-08-27T18:59:19,E104,C0218,completed
T0007734,MAIN,2026-08-27T12:12:10,E106,C0025,completed
T0007735,MAIN,2026-08-27T15:51:28,E106,,voided
T0007736,MAIN,2026-08-27T13:46:49,E102,,completed
T0007737,MAIN,2026-08-27T18:38:36,E101,C0024,completed
T0007738,MAIN,2026-08-27T13:56:21,E105,C0201,voided
T0007739,MAIN,2026-08-27T19:21:43,E103,C0071,completed
T0007740,MAIN,2026-08-27T12:40:42,E104,C0353,completed
T0007741,MAIN,2026-08-27T13:22:56,E101,C0080,completed
T0007742,MAIN,2026-08-27T15:35:09,E105,C0359,completed
T0007743,MAIN,2026-08-27T13:48:41,E102,C0369,completed
T0007744,MAIN,2026-08-27T11:03:42,E103,C0340,completed
T0007745,MAIN,2026-08-27T11:19:24,E106,,completed
T0007746,MAIN,2026-08-27T13:02:36,E101,C0253,completed
T0007747,MAIN,2026-08-27T09:55:41,E106,C0366,completed
T0007748,MAIN,2026-08-27T13:22:59,E105,,completed
T0007749,MAIN,2026-08-27T18:17:08,E102,C0171,voided
T0007750,MAIN,2026-08-27T12:12:21,E102,C0073,completed
T0007751,MAIN,2026-08-27T14:42:09,E104,,completed
T0007752,MAIN,2026-08-27T10:07:35,E102,C0220,completed
T0007753,MAIN,2026-08-27T19:48:19,E101,C0376,completed
T0007754,MAIN,2026-08-27T13:13:11,E103,,completed
T0007755,MAIN,2026-08-27T19:36:43,E105,,completed
T0007756,MAIN,2026-08-27T18:29:08,E106,C0184,completed
T0007757,MAIN,2026-08-27T13:09:41,E103,C0336,completed
T0007758,MAIN,2026-08-27T20:43:26,E106,,completed
T0007759,MAIN,2026-08-27T16:49:30,E103,C0034,completed
T0007760,MAIN,2026-08-27T09:23:40,E102,C0257,completed
T0007761,MAIN,2026-08-27T14:17:24,E106,C0326,completed
T0007762,MAIN,2026-08-27T13:37:14,E102,C0386,completed
T0007763,MAIN,2026-08-27T16:56:10,E101,C0322,completed
T0007764,MAIN,2026-08-27T19:38:22,E103,C0367,completed
T0007765,MAIN,2026-08-27T17:04:36,E106,,completed
T0007766,MAIN,2026-08-27T18:30:52,E103,C0180,completed
T0007767,MAIN,2026-08-27T17:49:27,E106,C0364,completed
T0007768,MAIN,2026-08-27T15:01:02,E106,C0227,completed
T0007769,MAIN,2026-08-27T14:36:08,E103,C0269,completed
T0007770,MAIN,2026-08-27T13:34:51,E106,,completed
T0007771,MAIN,2026-08-27T18:29:34,E102,C0170,completed
T0007772,MAIN,2026-08-27T19:26:44,E106,,completed
T0007773,MAIN,2026-08-27T11:07:12,E104,C0108,completed
T0007774,MAIN,2026-08-27T10:14:09,E105,C0258,completed
T0007775,MAIN,2026-08-27T12:40:11,E102,C0178,completed
T0007776,MAIN,2026-08-27T11:16:08,E103,C0334,completed
T0007777,MAIN,2026-08-27T18:43:35,E103,C0091,completed
T0007778,MAIN,2026-08-27T18:57:17,E105,C0258,completed
T0007779,MAIN,2026-08-27T14:57:40,E106,,completed
T0007780,MAIN,2026-08-27T16:52:40,E104,C0232,completed
T0007781,MAIN,2026-08-27T14:31:49,E102,C0049,completed
T0007782,MAIN,2026-08-27T12:09:47,E105,C0223,completed
T0007783,MAIN,2026-08-27T16:48:56,E101,C0286,completed
T0007784,MAIN,2026-08-27T11:55:35,E104,C0015,completed
T0007785,MAIN,2026-08-27T17:14:56,E102,C0261,completed
T0007786,MAIN,2026-08-27T13:43:03,E101,,completed
T0007787,MAIN,2026-08-27T15:16:04,E102,C0241,completed
T0007788,MAIN,2026-08-27T18:04:25,E106,,completed
T0007789,MAIN,2026-08-27T10:34:22,E106,C0376,completed
T0007790,MAIN,2026-08-27T18:27:35,E105,C0247,completed
T0007791,MAIN,2026-08-27T12:47:16,E101,,completed
T0007792,MAIN,2026-08-27T19:24:46,E105,,completed
T0007793,MAIN,2026-08-27T09:36:11,E104,C0274,completed
T0007794,MAIN,2026-08-27T12:57:13,E102,C0343,completed
T0007795,MAIN,2026-08-27T15:23:54,E103,,refunded
T0007796,MAIN,2026-08-27T18:56:13,E106,C0228,completed
T0007797,MAIN,2026-08-27T20:43:49,E101,,completed
T0007798,MAIN,2026-08-27T16:19:04,E102,C0134,completed
T0007799,MAIN,2026-08-27T16:55:55,E105,C0117,completed
T0007800,MAIN,2026-08-27T12:32:25,E106,C0382,completed
T0007801,MAIN,2026-08-27T11:17:22,E102,C0126,completed
T0007802,MAIN,2026-08-27T16:55:13,E102,C0338,completed
T0007803,MAIN,2026-08-27T18:01:52,E106,C0025,voided
T0007804,MAIN,2026-08-27T20:44:16,E105,,completed
T0007805,MAIN,2026-08-27T15:22:45,E102,,completed
T0007806,MAIN,2026-08-27T15:04:44,E102,,completed
T0007807,MAIN,2026-08-27T15:03:18,E102,C0045,completed
T0007808,MAIN,2026-08-27T14:12:03,E101,C0356,completed
T0007809,MAIN,2026-08-27T14:45:45,E105,C0142,completed
T0007810,MAIN,2026-08-27T18:40:07,E105,,completed
T0007811,MAIN,2026-08-27T17:01:22,E101,C0027,completed
T0007812,MAIN,2026-08-27T13:31:30,E106,C0044,completed
T0007813,MAIN,2026-08-27T11:44:35,E103,C0128,refunded
T0007814,MAIN,2026-08-27T17:48:39,E101,C0045,completed
T0007815,MAIN,2026-08-27T13:12:29,E105,,completed
T0007816,MAIN,2026-08-27T10:24:50,E106,,completed
T0007817,MAIN,2026-08-27T16:00:39,E101,C0315,completed
T0007818,MAIN,2026-08-27T17:03:10,E105,C0039,completed
T0007819,MAIN,2026-08-28T19:14:26,E105,C0196,completed
T0007820,MAIN,2026-08-28T19:33:54,E106,C0033,completed
T0007821,MAIN,2026-08-28T17:32:30,E102,,completed
T0007822,MAIN,2026-08-28T16:55:54,E101,,completed
T0007823,MAIN,2026-08-28T10:42:01,E106,,completed
T0007824,MAIN,2026-08-28T14:05:19,E104,C0393,completed
T0007825,MAIN,2026-08-28T14:10:37,E106,,completed
T0007826,MAIN,2026-08-28T14:07:16,E104,C0233,completed
T0007827,MAIN,2026-08-28T20:41:22,E105,C0021,completed
T0007828,MAIN,2026-08-28T19:51:04,E106,C0157,completed
T0007829,MAIN,2026-08-28T13:00:20,E103,C0158,completed
T0007830,MAIN,2026-08-28T11:12:51,E104,C0400,completed
T0007831,MAIN,2026-08-28T09:44:34,E103,C0393,completed
T0007832,MAIN,2026-08-28T14:08:16,E102,,completed
T0007833,MAIN,2026-08-28T14:03:37,E101,C0277,completed
T0007834,MAIN,2026-08-28T19:06:15,E104,C0386,completed
T0007835,MAIN,2026-08-28T10:05:19,E103,,completed
T0007836,MAIN,2026-08-28T18:06:39,E102,C0361,completed
T0007837,MAIN,2026-08-28T13:07:15,E102,,completed
T0007838,MAIN,2026-08-28T17:57:39,E105,C0180,completed
T0007839,MAIN,2026-08-28T09:02:02,E105,C0398,completed
T0007840,MAIN,2026-08-28T18:22:20,E103,,completed
T0007841,MAIN,2026-08-28T11:31:55,E104,C0060,completed
T0007842,MAIN,2026-08-28T13:18:05,E101,C0005,completed
T0007843,MAIN,2026-08-28T19:15:59,E105,C0005,completed
T0007844,MAIN,2026-08-28T18:32:36,E105,C0287,completed
T0007845,MAIN,2026-08-28T16:05:42,E104,C0391,completed
T0007846,MAIN,2026-08-28T20:23:21,E102,C0391,refunded
T0007847,MAIN,2026-08-28T20:38:32,E102,C0390,completed
T0007848,MAIN,2026-08-28T13:56:07,E104,C0142,completed
T0007849,MAIN,2026-08-28T13:53:29,E101,C0164,completed
T0007850,MAIN,2026-08-28T19:46:04,E103,C0150,completed
T0007851,MAIN,2026-08-28T12:54:01,E106,,completed
T0007852,MAIN,2026-08-28T18:44:38,E104,C0074,completed
T0007853,MAIN,2026-08-28T17:48:50,E102,,completed
T0007854,MAIN,2026-08-28T14:44:17,E106,,refunded
T0007855,MAIN,2026-08-28T19:47:46,E104,C0141,completed
T0007856,MAIN,2026-08-28T15:39:19,E102,C0073,completed
T0007857,MAIN,2026-08-28T17:52:55,E102,,completed
T0007858,MAIN,2026-08-28T09:01:47,E104,,completed
T0007859,MAIN,2026-08-28T09:56:51,E101,C0274,completed
T0007860,MAIN,2026-08-28T11:17:44,E105,C0003,completed
T0007861,MAIN,2026-08-28T15:55:24,E102,C0037,completed
T0007862,MAIN,2026-08-28T15:42:29,E106,C0263,completed
T0007863,MAIN,2026-08-28T19:39:28,E101,C0317,completed
T0007864,MAIN,2026-08-28T17:48:58,E105,C0207,completed
T0007865,MAIN,2026-08-28T17:13:00,E106,C0034,completed
T0007866,MAIN,2026-08-28T18:32:53,E101,C0373,completed
T0007867,MAIN,2026-08-28T13:42:52,E102,C0153,completed
T0007868,MAIN,2026-08-28T12:10:32,E103,C0398,completed
T0007869,MAIN,2026-08-28T11:12:12,E106,C0319,completed
T0007870,MAIN,2026-08-28T14:43:01,E103,C0333,completed
T0007871,MAIN,2026-08-28T18:35:45,E105,C0123,completed
T0007872,MAIN,2026-08-28T15:05:33,E102,C0062,completed
T0007873,MAIN,2026-08-28T15:49:18,E104,C0259,completed
T0007874,MAIN,2026-08-28T20:47:07,E101,,completed
T0007875,MAIN,2026-08-28T10:54:20,E105,C0005,completed
T0007876,MAIN,2026-08-28T12:29:55,E103,,completed
T0007877,MAIN,2026-08-28T12:44:38,E104,,completed
T0007878,MAIN,2026-08-28T09:29:07,E104,,completed
T0007879,MAIN,2026-08-28T16:56:44,E106,C0086,completed
T0007880,MAIN,2026-08-28T14:00:53,E103,C0342,completed
T0007881,MAIN,2026-08-28T15:39:53,E104,C0225,completed
T0007882,MAIN,2026-08-28T13:21:42,E103,C0383,completed
T0007883,MAIN,2026-08-28T12:13:33,E103,C0117,completed
T0007884,MAIN,2026-08-28T19:40:02,E105,,completed
T0007885,MAIN,2026-08-28T19:38:09,E104,C0235,completed
T0007886,MAIN,2026-08-28T16:38:36,E106,,completed
T0007887,MAIN,2026-08-28T13:22:09,E105,,completed
T0007888,MAIN,2026-08-28T15:46:10,E105,C0212,completed
T0007889,MAIN,2026-08-28T12:30:15,E103,,completed
T0007890,MAIN,2026-08-28T13:18:12,E102,C0093,completed
T0007891,MAIN,2026-08-28T18:00:43,E101,,completed
T0007892,MAIN,2026-08-28T12:04:14,E104,C0149,completed
T0007893,MAIN,2026-08-28T13:12:41,E104,C0301,completed
T0007894,MAIN,2026-08-28T17:43:05,E106,,completed
T0007895,MAIN,2026-08-28T11:36:44,E102,,completed
T0007896,MAIN,2026-08-28T15:06:40,E104,C0352,completed
T0007897,MAIN,2026-08-28T13:28:51,E105,C0253,completed
T0007898,MAIN,2026-08-28T13:32:05,E101,C0134,completed
T0007899,MAIN,2026-08-28T11:11:22,E106,C0324,completed
T0007900,MAIN,2026-08-28T14:15:26,E106,C0103,completed
T0007901,MAIN,2026-08-28T12:42:21,E102,,completed
T0007902,MAIN,2026-08-28T18:29:06,E101,C0192,completed
T0007903,MAIN,2026-08-28T19:34:29,E104,,completed
T0007904,MAIN,2026-08-28T17:15:54,E105,,completed
T0007905,MAIN,2026-08-28T16:07:34,E105,C0164,completed
T0007906,MAIN,2026-08-28T12:32:16,E102,C0028,completed
T0007907,MAIN,2026-08-28T18:54:13,E105,,completed
T0007908,MAIN,2026-08-28T15:02:56,E103,C0272,completed
T0007909,MAIN,2026-08-28T13:36:56,E102,C0204,completed
T0007910,MAIN,2026-08-28T11:06:32,E102,C0264,completed
T0007911,MAIN,2026-08-28T19:03:41,E101,C0096,completed
T0007912,MAIN,2026-08-28T17:18:41,E101,,completed
T0007913,MAIN,2026-08-28T14:59:59,E104,C0236,refunded
T0007914,MAIN,2026-08-28T19:41:26,E104,C0262,completed
T0007915,MAIN,2026-08-28T20:42:47,E106,,completed
T0007916,MAIN,2026-08-28T20:39:28,E103,C0382,completed
T0007917,MAIN,2026-08-28T20:07:27,E102,,completed
T0007918,MAIN,2026-08-28T19:51:38,E102,,completed
T0007919,MAIN,2026-08-28T16:46:26,E106,C0348,completed
T0007920,MAIN,2026-08-28T13:08:50,E103,C0223,completed
T0007921,MAIN,2026-08-28T10:36:42,E102,,completed
T0007922,MAIN,2026-08-28T14:41:35,E101,C0261,completed
T0007923,MAIN,2026-08-28T18:21:00,E101,,completed
T0007924,MAIN,2026-08-28T17:02:01,E105,,completed
T0007925,MAIN,2026-08-28T14:41:15,E104,C0371,completed
T0007926,MAIN,2026-08-28T13:47:04,E105,,completed
T0007927,MAIN,2026-08-28T17:03:17,E104,C0194,completed
T0007928,MAIN,2026-08-28T13:22:44,E101,C0378,completed
T0007929,MAIN,2026-08-28T15:50:58,E104,C0074,completed
T0007930,MAIN,2026-08-28T17:18:15,E102,C0354,completed
T0007931,MAIN,2026-08-28T09:48:36,E102,C0226,completed
T0007932,MAIN,2026-08-28T11:39:41,E105,C0064,completed
T0007933,MAIN,2026-08-28T16:02:29,E106,,completed
T0007934,MAIN,2026-08-28T14:47:08,E106,C0126,completed
T0007935,MAIN,2026-08-28T10:47:34,E102,,completed
T0007936,MAIN,2026-08-28T12:41:36,E101,,completed
T0007937,MAIN,2026-08-28T19:26:31,E101,,completed
T0007938,MAIN,2026-08-28T19:33:49,E104,C0120,completed
T0007939,MAIN,2026-08-28T20:08:09,E106,C0036,completed
T0007940,MAIN,2026-08-28T19:03:19,E102,C0394,completed
T0007941,MAIN,2026-08-28T18:21:24,E102,C0294,completed
T0007942,MAIN,2026-08-28T15:11:48,E105,C0288,completed
T0007943,MAIN,2026-08-28T18:04:48,E103,C0099,completed
T0007944,MAIN,2026-08-28T19:20:09,E103,C0112,completed
T0007945,MAIN,2026-08-28T18:35:49,E103,C0114,completed
T0007946,MAIN,2026-08-28T20:30:57,E104,C0249,completed
T0007947,MAIN,2026-08-28T14:13:38,E106,C0369,completed
T0007948,MAIN,2026-08-28T19:27:33,E102,C0323,completed
T0007949,MAIN,2026-08-28T18:35:35,E102,,completed
T0007950,MAIN,2026-08-28T11:22:32,E105,C0366,completed
T0007951,MAIN,2026-08-28T16:35:05,E102,,completed
T0007952,MAIN,2026-08-28T12:07:18,E103,C0201,completed
T0007953,MAIN,2026-08-28T16:44:22,E103,C0008,completed
T0007954,MAIN,2026-08-28T14:53:11,E106,C0354,completed
T0007955,MAIN,2026-08-28T17:09:15,E105,C0075,completed
T0007956,MAIN,2026-08-28T16:24:56,E103,C0164,completed
T0007957,MAIN,2026-08-28T13:11:03,E103,C0208,completed
T0007958,MAIN,2026-08-29T12:49:51,E106,C0200,completed
T0007959,MAIN,2026-08-29T17:15:06,E103,C0087,completed
T0007960,MAIN,2026-08-29T11:03:56,E102,,completed
T0007961,MAIN,2026-08-29T11:12:02,E105,C0103,completed
T0007962,MAIN,2026-08-29T19:09:51,E102,C0242,completed
T0007963,MAIN,2026-08-29T15:31:36,E104,,completed
T0007964,MAIN,2026-08-29T18:36:06,E106,,completed
T0007965,MAIN,2026-08-29T17:07:28,E102,,completed
T0007966,MAIN,2026-08-29T19:38:57,E101,C0064,completed
T0007967,MAIN,2026-08-29T14:30:11,E104,C0341,completed
T0007968,MAIN,2026-08-29T11:02:18,E101,C0211,completed
T0007969,MAIN,2026-08-29T15:20:27,E106,,completed
T0007970,MAIN,2026-08-29T12:01:35,E104,C0231,completed
T0007971,MAIN,2026-08-29T17:01:41,E104,C0295,completed
T0007972,MAIN,2026-08-29T19:50:19,E101,C0110,completed
T0007973,MAIN,2026-08-29T13:27:55,E101,,completed
T0007974,MAIN,2026-08-29T16:40:35,E103,,completed
T0007975,MAIN,2026-08-29T19:23:56,E102,,completed
T0007976,MAIN,2026-08-29T20:02:55,E103,C0273,completed
T0007977,MAIN,2026-08-29T13:06:35,E103,C0007,completed
T0007978,MAIN,2026-08-29T14:34:10,E106,,completed
T0007979,MAIN,2026-08-29T15:05:01,E104,,completed
T0007980,MAIN,2026-08-29T19:47:09,E106,C0244,completed
T0007981,MAIN,2026-08-29T11:33:11,E105,C0314,completed
T0007982,MAIN,2026-08-29T09:18:19,E105,,completed
T0007983,MAIN,2026-08-29T10:10:33,E105,C0383,completed
T0007984,MAIN,2026-08-29T15:40:31,E105,C0068,completed
T0007985,MAIN,2026-08-29T11:45:32,E105,,completed
T0007986,MAIN,2026-08-29T19:22:41,E101,C0275,completed
T0007987,MAIN,2026-08-29T19:08:18,E105,,completed
T0007988,MAIN,2026-08-29T12:08:43,E102,,completed
T0007989,MAIN,2026-08-29T14:04:22,E105,,completed
T0007990,MAIN,2026-08-29T10:00:58,E106,,completed
T0007991,MAIN,2026-08-29T18:10:13,E102,C0181,completed
T0007992,MAIN,2026-08-29T17:03:21,E101,C0274,completed
T0007993,MAIN,2026-08-29T12:21:16,E106,C0113,completed
T0007994,MAIN,2026-08-29T12:38:41,E105,C0150,completed
T0007995,MAIN,2026-08-29T20:15:06,E106,C0324,completed
T0007996,MAIN,2026-08-29T13:30:23,E102,,completed
T0007997,MAIN,2026-08-29T17:08:35,E105,,completed
T0007998,MAIN,2026-08-29T17:21:02,E101,,completed
T0007999,MAIN,2026-08-29T16:59:00,E103,C0244,completed
T0008000,MAIN,2026-08-29T15:32:03,E101,,completed
T0008001,MAIN,2026-08-29T10:27:57,E103,C0381,completed
T0008002,MAIN,2026-08-29T18:33:31,E101,C0351,completed
T0008003,MAIN,2026-08-29T11:03:39,E101,C0222,completed
T0008004,MAIN,2026-08-29T17:34:24,E104,C0064,completed
T0008005,MAIN,2026-08-29T13:51:37,E104,C0275,completed
T0008006,MAIN,2026-08-29T09:24:03,E101,,completed
T0008007,MAIN,2026-08-29T19:22:48,E101,,completed
T0008008,MAIN,2026-08-29T10:30:27,E104,,completed
T0008009,MAIN,2026-08-29T12:16:47,E101,C0146,completed
T0008010,MAIN,2026-08-29T18:07:12,E105,C0056,completed
T0008011,MAIN,2026-08-29T14:04:54,E103,,completed
T0008012,MAIN,2026-08-29T19:41:33,E103,,completed
T0008013,MAIN,2026-08-29T15:55:02,E104,,completed
T0008014,MAIN,2026-08-29T13:09:37,E104,,completed
T0008015,MAIN,2026-08-29T18:28:01,E101,C0352,completed
T0008016,MAIN,2026-08-29T15:02:46,E106,C0260,completed
T0008017,MAIN,2026-08-29T18:29:13,E101,C0146,completed
T0008018,MAIN,2026-08-29T18:24:04,E102,,completed
T0008019,MAIN,2026-08-29T16:55:41,E105,,completed
T0008020,MAIN,2026-08-29T11:52:57,E106,C0069,completed
T0008021,MAIN,2026-08-29T11:04:38,E105,C0268,completed
T0008022,MAIN,2026-08-29T10:25:58,E106,C0136,refunded
T0008023,MAIN,2026-08-29T19:22:10,E103,C0373,completed
T0008024,MAIN,2026-08-29T11:06:52,E102,C0059,completed
T0008025,MAIN,2026-08-29T17:17:59,E106,C0391,completed
T0008026,MAIN,2026-08-29T10:45:36,E105,,completed
T0008027,MAIN,2026-08-29T09:38:54,E101,,completed
T0008028,MAIN,2026-08-29T14:15:20,E106,,completed
T0008029,MAIN,2026-08-29T18:31:56,E104,C0122,completed
T0008030,MAIN,2026-08-29T19:12:34,E105,,completed
T0008031,MAIN,2026-08-29T18:53:15,E104,,completed
T0008032,MAIN,2026-08-29T17:46:39,E106,C0384,completed
T0008033,MAIN,2026-08-29T17:52:20,E102,,completed
T0008034,MAIN,2026-08-29T18:22:41,E102,,completed
T0008035,MAIN,2026-08-29T14:27:22,E103,C0006,completed
T0008036,MAIN,2026-08-29T13:31:10,E105,C0086,completed
T0008037,MAIN,2026-08-29T12:19:17,E102,C0160,completed
T0008038,MAIN,2026-08-29T18:08:34,E102,C0281,completed
T0008039,MAIN,2026-08-29T16:38:32,E106,C0171,completed
T0008040,MAIN,2026-08-29T16:54:12,E101,C0039,completed
T0008041,MAIN,2026-08-29T14:44:02,E105,,completed
T0008042,MAIN,2026-08-29T16:57:21,E101,C0359,completed
T0008043,MAIN,2026-08-29T13:40:34,E103,C0074,completed
T0008044,MAIN,2026-08-29T12:28:22,E103,,completed
T0008045,MAIN,2026-08-29T15:39:09,E104,C0260,completed
T0008046,MAIN,2026-08-29T18:22:10,E104,C0288,completed
T0008047,MAIN,2026-08-29T12:20:46,E103,C0071,completed
T0008048,MAIN,2026-08-29T12:20:26,E105,,completed
T0008049,MAIN,2026-08-29T16:05:51,E105,,voided
T0008050,MAIN,2026-08-29T14:44:59,E101,C0261,completed
T0008051,MAIN,2026-08-29T12:02:34,E106,C0388,completed
T0008052,MAIN,2026-08-29T12:13:23,E103,,completed
T0008053,MAIN,2026-08-29T19:51:21,E102,C0042,completed
T0008054,MAIN,2026-08-29T13:22:53,E104,C0125,completed
T0008055,MAIN,2026-08-29T19:51:07,E101,C0367,completed
T0008056,MAIN,2026-08-29T18:56:05,E103,,completed
T0008057,MAIN,2026-08-29T17:03:23,E104,,completed
T0008058,MAIN,2026-08-29T16:48:37,E102,C0222,completed
T0008059,MAIN,2026-08-29T17:51:17,E103,C0370,completed
T0008060,MAIN,2026-08-29T16:49:34,E102,C0303,completed
T0008061,MAIN,2026-08-29T14:31:51,E103,,completed
T0008062,MAIN,2026-08-29T12:36:52,E103,C0204,completed
T0008063,MAIN,2026-08-29T19:09:21,E102,C0277,completed
T0008064,MAIN,2026-08-29T15:51:15,E103,,completed
T0008065,MAIN,2026-08-29T18:25:12,E106,C0212,completed
T0008066,MAIN,2026-08-29T20:55:13,E101,C0297,completed
T0008067,MAIN,2026-08-29T12:33:18,E104,C0033,completed
T0008068,MAIN,2026-08-29T13:57:50,E104,C0372,completed
T0008069,MAIN,2026-08-29T13:18:17,E104,C0330,completed
T0008070,MAIN,2026-08-29T17:52:06,E104,C0127,completed
T0008071,MAIN,2026-08-29T16:01:20,E106,C0326,completed
T0008072,MAIN,2026-08-29T16:06:03,E105,C0056,completed
T0008073,MAIN,2026-08-29T20:15:39,E102,C0370,completed
T0008074,MAIN,2026-08-29T18:28:44,E102,,completed
T0008075,MAIN,2026-08-29T17:36:55,E101,C0309,completed
T0008076,MAIN,2026-08-30T13:36:20,E105,C0068,completed
T0008077,MAIN,2026-08-30T11:23:24,E101,C0191,completed
T0008078,MAIN,2026-08-30T11:09:24,E106,,completed
T0008079,MAIN,2026-08-30T11:31:06,E102,C0271,completed
T0008080,MAIN,2026-08-30T19:31:10,E101,,completed
T0008081,MAIN,2026-08-30T16:04:51,E104,,completed
T0008082,MAIN,2026-08-30T16:42:44,E105,C0080,completed
T0008083,MAIN,2026-08-30T16:36:58,E103,C0355,completed
T0008084,MAIN,2026-08-30T14:29:20,E106,C0287,completed
T0008085,MAIN,2026-08-30T12:52:34,E106,C0198,completed
T0008086,MAIN,2026-08-30T16:28:37,E102,C0234,completed
T0008087,MAIN,2026-08-30T14:16:56,E105,C0400,completed
T0008088,MAIN,2026-08-30T14:15:23,E103,,completed
T0008089,MAIN,2026-08-30T16:18:49,E105,C0102,completed
T0008090,MAIN,2026-08-30T17:34:06,E104,C0200,completed
T0008091,MAIN,2026-08-30T10:58:40,E105,C0388,completed
T0008092,MAIN,2026-08-30T16:10:14,E104,C0120,completed
T0008093,MAIN,2026-08-30T16:37:46,E104,C0020,completed
T0008094,MAIN,2026-08-30T18:26:31,E106,C0232,completed
T0008095,MAIN,2026-08-30T15:45:19,E105,C0337,completed
T0008096,MAIN,2026-08-30T20:29:53,E103,C0046,completed
T0008097,MAIN,2026-08-30T12:19:56,E105,C0163,completed
T0008098,MAIN,2026-08-30T15:59:39,E102,C0379,completed
T0008099,MAIN,2026-08-30T11:53:46,E105,,completed
T0008100,MAIN,2026-08-30T13:16:23,E104,C0079,completed
T0008101,MAIN,2026-08-30T12:20:55,E104,,completed
T0008102,MAIN,2026-08-30T18:34:36,E104,C0248,completed
T0008103,MAIN,2026-08-30T13:49:02,E104,C0015,completed
T0008104,MAIN,2026-08-30T12:50:34,E105,C0240,completed
T0008105,MAIN,2026-08-30T18:34:14,E103,C0269,completed
T0008106,MAIN,2026-08-30T18:10:30,E103,,completed
T0008107,MAIN,2026-08-30T17:57:33,E103,C0222,completed
T0008108,MAIN,2026-08-30T18:28:09,E105,,completed
T0008109,MAIN,2026-08-30T18:21:27,E105,C0339,completed
T0008110,MAIN,2026-08-30T13:08:40,E105,C0244,completed
T0008111,MAIN,2026-08-30T12:50:29,E102,,completed
T0008112,MAIN,2026-08-30T12:30:52,E104,C0327,completed
T0008113,MAIN,2026-08-30T16:47:55,E104,C0196,completed
T0008114,MAIN,2026-08-30T14:01:28,E102,,completed
T0008115,MAIN,2026-08-30T12:45:26,E102,C0263,completed
T0008116,MAIN,2026-08-30T12:04:41,E106,,completed
T0008117,MAIN,2026-08-30T14:42:19,E102,C0322,completed
T0008118,MAIN,2026-08-30T13:44:01,E103,C0092,completed
T0008119,MAIN,2026-08-30T15:48:12,E104,C0313,completed
T0008120,MAIN,2026-08-30T11:44:48,E102,C0021,completed
T0008121,MAIN,2026-08-30T12:48:14,E105,,completed
T0008122,MAIN,2026-08-30T18:25:31,E105,C0157,completed
T0008123,MAIN,2026-08-30T17:18:37,E103,,completed
T0008124,MAIN,2026-08-30T20:52:14,E103,,completed
T0008125,MAIN,2026-08-30T16:34:48,E106,C0006,completed
T0008126,MAIN,2026-08-30T18:24:26,E104,C0086,completed
T0008127,MAIN,2026-08-30T20:07:18,E101,C0155,completed
T0008128,MAIN,2026-08-30T15:16:38,E105,C0115,completed
T0008129,MAIN,2026-08-30T14:04:58,E106,,completed
T0008130,MAIN,2026-08-30T16:24:34,E103,C0136,voided
T0008131,MAIN,2026-08-30T14:31:04,E105,C0096,completed
T0008132,MAIN,2026-08-30T12:29:07,E104,C0281,completed
T0008133,MAIN,2026-08-30T13:36:15,E106,C0171,completed
T0008134,MAIN,2026-08-30T13:24:53,E104,,completed
T0008135,MAIN,2026-08-30T15:25:59,E102,C0005,completed
T0008136,MAIN,2026-08-30T19:29:00,E105,C0071,completed
T0008137,MAIN,2026-08-30T14:54:12,E106,,completed
T0008138,MAIN,2026-08-30T15:09:16,E101,,completed
T0008139,MAIN,2026-08-30T09:26:43,E103,,completed
T0008140,MAIN,2026-08-30T12:47:29,E103,,completed
T0008141,MAIN,2026-08-30T09:23:35,E105,C0228,completed
T0008142,MAIN,2026-08-30T16:22:32,E105,C0193,completed
T0008143,MAIN,2026-08-30T17:46:14,E103,C0296,completed
T0008144,MAIN,2026-08-30T18:36:58,E105,C0138,completed
T0008145,MAIN,2026-08-30T15:00:56,E106,C0102,completed
T0008146,MAIN,2026-08-30T14:05:03,E102,C0124,completed
T0008147,MAIN,2026-08-30T11:12:35,E103,,completed
T0008148,MAIN,2026-08-30T14:36:58,E103,C0126,completed
T0008149,MAIN,2026-08-30T18:54:30,E103,C0268,completed
T0008150,MAIN,2026-08-30T10:51:41,E101,C0060,completed
T0008151,MAIN,2026-08-30T11:24:13,E101,C0084,completed
T0008152,MAIN,2026-08-30T13:13:11,E101,,completed
T0008153,MAIN,2026-08-30T15:16:56,E104,C0110,completed
T0008154,MAIN,2026-08-30T12:36:42,E102,C0106,completed
T0008155,MAIN,2026-08-30T15:53:21,E103,C0282,completed
T0008156,MAIN,2026-08-30T12:45:06,E106,C0168,completed
T0008157,MAIN,2026-08-30T20:18:32,E102,C0140,completed
T0008158,MAIN,2026-08-30T18:00:33,E104,C0209,completed
T0008159,MAIN,2026-08-30T20:55:56,E104,C0090,completed
T0008160,MAIN,2026-08-30T17:46:12,E105,C0167,completed
T0008161,MAIN,2026-08-30T17:03:03,E101,C0061,completed
T0008162,MAIN,2026-08-30T14:11:20,E103,C0244,completed
T0008163,MAIN,2026-08-30T16:03:16,E103,,completed
T0008164,MAIN,2026-08-30T16:32:50,E102,C0047,completed
T0008165,MAIN,2026-08-30T19:09:40,E101,C0298,completed
T0008166,MAIN,2026-08-30T15:57:51,E106,C0266,completed
T0008167,MAIN,2026-08-30T11:26:02,E103,C0061,completed
T0008168,MAIN,2026-08-30T11:57:30,E106,,completed
T0008169,MAIN,2026-08-30T12:44:25,E101,C0226,completed
T0008170,MAIN,2026-08-30T20:53:16,E103,C0070,completed
T0008171,MAIN,2026-08-30T13:26:16,E101,,completed
T0008172,MAIN,2026-08-30T11:10:56,E103,,completed
T0008173,MAIN,2026-08-30T11:02:29,E103,,completed
T0008174,MAIN,2026-08-30T18:54:39,E102,C0233,completed
T0008175,MAIN,2026-08-30T13:33:46,E104,C0387,completed
T0008176,MAIN,2026-08-30T13:37:21,E105,,completed
T0008177,MAIN,2026-08-30T12:48:28,E105,C0216,completed
T0008178,MAIN,2026-08-30T16:56:01,E102,C0266,completed
T0008179,MAIN,2026-08-30T12:58:21,E102,C0369,completed
T0008180,MAIN,2026-08-30T10:33:00,E104,C0070,completed
T0008181,MAIN,2026-08-30T18:17:48,E101,C0390,completed
T0008182,MAIN,2026-08-30T15:39:03,E104,C0379,completed
T0008183,MAIN,2026-08-30T12:07:06,E103,C0382,completed
T0008184,MAIN,2026-08-30T18:03:03,E103,C0194,completed
T0008185,MAIN,2026-08-30T09:02:42,E106,C0166,completed
T0008186,MAIN,2026-08-30T17:47:38,E105,C0353,completed
T0008187,MAIN,2026-08-30T15:09:30,E101,C0292,completed
T0008188,MAIN,2026-08-31T19:44:03,E103,,completed
T0008189,MAIN,2026-08-31T14:58:26,E105,C0229,completed
T0008190,MAIN,2026-08-31T18:32:18,E103,C0025,completed
T0008191,MAIN,2026-08-31T18:06:33,E105,C0378,completed
T0008192,MAIN,2026-08-31T19:39:39,E102,C0364,completed
T0008193,MAIN,2026-08-31T18:11:25,E103,C0284,completed
T0008194,MAIN,2026-08-31T15:49:04,E105,C0062,completed
T0008195,MAIN,2026-08-31T18:46:21,E106,C0206,completed
T0008196,MAIN,2026-08-31T17:48:09,E104,C0035,completed
T0008197,MAIN,2026-08-31T12:32:48,E105,C0256,completed
T0008198,MAIN,2026-08-31T20:23:24,E102,,completed
T0008199,MAIN,2026-08-31T17:27:03,E104,C0341,refunded
T0008200,MAIN,2026-08-31T17:50:14,E102,C0297,completed
T0008201,MAIN,2026-08-31T15:41:50,E104,C0267,completed
T0008202,MAIN,2026-08-31T18:22:49,E106,C0078,completed
T0008203,MAIN,2026-08-31T14:49:11,E105,C0390,completed
T0008204,MAIN,2026-08-31T13:36:39,E104,C0081,completed
T0008205,MAIN,2026-08-31T19:04:32,E104,C0140,completed
T0008206,MAIN,2026-08-31T15:48:21,E106,C0048,completed
T0008207,MAIN,2026-08-31T11:44:38,E104,C0315,completed
T0008208,MAIN,2026-08-31T13:44:12,E101,C0290,completed
T0008209,MAIN,2026-08-31T12:18:08,E105,C0076,completed
T0008210,MAIN,2026-08-31T13:32:28,E104,C0316,completed
T0008211,MAIN,2026-08-31T14:22:14,E102,C0248,completed
T0008212,MAIN,2026-08-31T17:02:52,E104,,completed
T0008213,MAIN,2026-08-31T13:43:29,E106,C0044,completed
T0008214,MAIN,2026-08-31T11:23:39,E101,C0221,completed
T0008215,MAIN,2026-08-31T14:55:35,E105,C0362,completed
T0008216,MAIN,2026-08-31T10:59:05,E102,C0334,completed
T0008217,MAIN,2026-08-31T12:18:31,E101,C0322,completed
T0008218,MAIN,2026-08-31T17:03:40,E105,C0245,completed
T0008219,MAIN,2026-08-31T17:14:36,E101,,completed
T0008220,MAIN,2026-08-31T14:44:09,E103,C0016,completed
T0008221,MAIN,2026-08-31T15:20:37,E103,C0133,completed
T0008222,MAIN,2026-08-31T17:01:21,E101,C0177,completed
T0008223,MAIN,2026-08-31T14:10:26,E103,C0264,completed
T0008224,MAIN,2026-08-31T16:14:13,E104,C0290,completed
T0008225,MAIN,2026-08-31T14:58:24,E106,,completed
T0008226,MAIN,2026-08-31T13:43:26,E104,C0320,completed
T0008227,MAIN,2026-08-31T18:53:16,E101,C0087,completed
T0008228,MAIN,2026-08-31T17:21:25,E106,,completed
T0008229,MAIN,2026-08-31T16:47:04,E101,,completed
T0008230,MAIN,2026-08-31T19:45:56,E101,C0229,completed
T0008231,MAIN,2026-08-31T19:56:19,E102,C0242,completed
T0008232,MAIN,2026-08-31T17:17:16,E104,C0095,completed
T0008233,MAIN,2026-08-31T13:48:40,E102,,completed
T0008234,MAIN,2026-08-31T18:50:04,E103,,completed
T0008235,MAIN,2026-08-31T15:31:46,E105,C0239,completed
T0008236,MAIN,2026-08-31T13:54:25,E101,C0118,completed
T0008237,MAIN,2026-08-31T16:00:23,E106,C0251,completed
T0008238,MAIN,2026-08-31T16:48:11,E103,C0055,completed
T0008239,MAIN,2026-08-31T13:45:27,E106,C0176,completed
T0008240,MAIN,2026-08-31T18:50:51,E103,C0136,completed
T0008241,MAIN,2026-08-31T12:29:33,E102,C0064,completed
T0008242,MAIN,2026-08-31T16:38:26,E101,C0061,completed
T0008243,MAIN,2026-08-31T19:36:42,E101,C0342,completed
T0008244,MAIN,2026-08-31T11:08:47,E102,C0132,refunded
T0008245,MAIN,2026-08-31T12:01:37,E101,C0129,completed
T0008246,MAIN,2026-08-31T16:59:13,E106,,completed
T0008247,MAIN,2026-08-31T13:31:50,E101,,completed
T0008248,MAIN,2026-08-31T11:51:50,E105,,completed
T0008249,MAIN,2026-08-31T11:11:13,E103,C0121,completed
T0008250,MAIN,2026-08-31T11:57:21,E103,C0105,completed
T0008251,MAIN,2026-08-31T18:31:34,E106,C0291,completed
T0008252,MAIN,2026-08-31T19:45:29,E105,C0369,completed
T0008253,MAIN,2026-08-31T20:53:18,E101,C0087,completed
T0008254,MAIN,2026-08-31T18:37:43,E106,C0232,completed
T0008255,MAIN,2026-08-31T13:36:45,E104,C0362,completed
T0008256,MAIN,2026-08-31T19:14:50,E104,C0300,completed
T0008257,MAIN,2026-08-31T11:57:58,E101,C0340,completed
T0008258,MAIN,2026-08-31T18:10:04,E105,C0193,completed
T0008259,MAIN,2026-08-31T19:21:08,E103,C0308,completed
T0008260,MAIN,2026-08-31T17:49:29,E106,C0182,completed
T0008261,MAIN,2026-08-31T10:48:08,E106,C0028,completed
T0008262,MAIN,2026-08-31T15:57:57,E105,,completed
T0008263,MAIN,2026-08-31T16:19:04,E105,C0172,completed
T0008264,MAIN,2026-08-31T12:54:57,E106,C0013,completed
T0008265,MAIN,2026-08-31T17:13:39,E106,,voided
T0008266,MAIN,2026-08-31T17:45:41,E105,C0054,completed
T0008267,MAIN,2026-08-31T14:28:00,E103,,completed
T0008268,MAIN,2026-08-31T19:18:04,E106,C0224,completed
T0008269,MAIN,2026-08-31T19:17:57,E104,C0122,completed
T0008270,MAIN,2026-08-31T14:16:42,E106,C0087,completed
T0008271,MAIN,2026-08-31T13:48:12,E104,C0180,completed
T0008272,MAIN,2026-09-01T14:51:03,E105,,completed
T0008273,MAIN,2026-09-01T13:33:45,E105,C0189,completed
T0008274,MAIN,2026-09-01T17:13:59,E102,C0142,completed
T0008275,MAIN,2026-09-01T16:29:55,E102,,completed
T0008276,MAIN,2026-09-01T16:50:06,E104,,completed
T0008277,MAIN,2026-09-01T14:57:40,E103,C0140,completed
T0008278,MAIN,2026-09-01T18:46:05,E101,,completed
T0008279,MAIN,2026-09-01T14:30:30,E103,C0034,voided
T0008280,MAIN,2026-09-01T16:04:35,E106,C0257,refunded
T0008281,MAIN,2026-09-01T15:14:29,E105,C0275,completed
T0008282,MAIN,2026-09-01T18:13:50,E106,C0018,refunded
T0008283,MAIN,2026-09-01T15:58:41,E103,,completed
T0008284,MAIN,2026-09-01T17:51:43,E106,C0081,completed
T0008285,MAIN,2026-09-01T14:43:12,E105,C0273,completed
T0008286,MAIN,2026-09-01T19:37:09,E101,,completed
T0008287,MAIN,2026-09-01T13:29:00,E104,C0396,completed
T0008288,MAIN,2026-09-01T16:51:04,E106,,completed
T0008289,MAIN,2026-09-01T15:00:11,E103,C0134,completed
T0008290,MAIN,2026-09-01T12:23:58,E106,C0066,completed
T0008291,MAIN,2026-09-01T09:37:13,E103,C0086,refunded
T0008292,MAIN,2026-09-01T13:18:30,E105,C0001,completed
T0008293,MAIN,2026-09-01T16:19:23,E106,C0295,completed
T0008294,MAIN,2026-09-01T13:27:10,E105,C0142,completed
T0008295,MAIN,2026-09-01T18:56:49,E105,C0235,completed
T0008296,MAIN,2026-09-01T16:50:47,E103,C0151,completed
T0008297,MAIN,2026-09-01T20:48:02,E105,C0050,completed
T0008298,MAIN,2026-09-01T20:42:31,E101,C0323,completed
T0008299,MAIN,2026-09-01T17:02:15,E103,C0295,completed
T0008300,MAIN,2026-09-01T19:37:35,E105,C0192,completed
T0008301,MAIN,2026-09-01T12:31:50,E106,C0253,completed
T0008302,MAIN,2026-09-01T12:37:28,E104,C0292,completed
T0008303,MAIN,2026-09-01T15:31:19,E101,,completed
T0008304,MAIN,2026-09-01T17:01:13,E102,C0338,completed
T0008305,MAIN,2026-09-01T11:16:49,E105,,completed
T0008306,MAIN,2026-09-01T18:24:27,E104,C0040,completed
T0008307,MAIN,2026-09-01T16:15:25,E102,C0064,completed
T0008308,MAIN,2026-09-01T14:33:39,E105,C0285,completed
T0008309,MAIN,2026-09-01T17:02:50,E106,,completed
T0008310,MAIN,2026-09-01T18:59:16,E106,C0185,completed
T0008311,MAIN,2026-09-01T19:27:43,E104,C0119,completed
T0008312,MAIN,2026-09-01T12:42:20,E105,,completed
T0008313,MAIN,2026-09-01T15:04:09,E106,C0017,completed
T0008314,MAIN,2026-09-01T12:41:44,E101,C0001,refunded
T0008315,MAIN,2026-09-01T18:28:30,E106,C0077,completed
T0008316,MAIN,2026-09-01T13:29:11,E101,C0314,completed
T0008317,MAIN,2026-09-01T15:02:08,E103,,completed
T0008318,MAIN,2026-09-01T13:23:45,E103,C0229,completed
T0008319,MAIN,2026-09-01T10:59:15,E105,,completed
T0008320,MAIN,2026-09-01T14:58:04,E101,C0170,completed
T0008321,MAIN,2026-09-01T14:09:57,E106,,completed
T0008322,MAIN,2026-09-01T18:26:17,E105,C0297,completed
T0008323,MAIN,2026-09-01T16:37:08,E106,C0032,completed
T0008324,MAIN,2026-09-01T16:04:42,E101,,completed
T0008325,MAIN,2026-09-01T17:11:59,E106,C0257,completed
T0008326,MAIN,2026-09-01T14:14:34,E105,,completed
T0008327,MAIN,2026-09-01T14:31:11,E102,C0290,completed
T0008328,MAIN,2026-09-01T18:29:24,E101,C0157,completed
T0008329,MAIN,2026-09-01T15:56:47,E105,C0130,completed
T0008330,MAIN,2026-09-01T16:31:34,E104,C0247,completed
T0008331,MAIN,2026-09-01T19:47:18,E105,C0094,completed
T0008332,MAIN,2026-09-01T19:44:47,E101,,completed
T0008333,MAIN,2026-09-01T10:29:21,E105,C0002,completed
T0008334,MAIN,2026-09-01T20:23:32,E103,C0083,completed
T0008335,MAIN,2026-09-01T17:47:21,E101,C0107,completed
T0008336,MAIN,2026-09-01T17:41:11,E106,,completed
T0008337,MAIN,2026-09-01T11:00:48,E103,,completed
T0008338,MAIN,2026-09-01T11:05:44,E105,,completed
T0008339,MAIN,2026-09-01T12:42:58,E105,C0361,completed
T0008340,MAIN,2026-09-01T14:07:26,E105,,completed
T0008341,MAIN,2026-09-01T10:51:25,E105,,completed
T0008342,MAIN,2026-09-01T14:20:16,E101,,completed
T0008343,MAIN,2026-09-01T16:30:11,E104,,completed
T0008344,MAIN,2026-09-01T16:44:10,E101,C0168,completed
T0008345,MAIN,2026-09-01T17:48:02,E101,C0199,completed
T0008346,MAIN,2026-09-01T18:00:02,E101,,completed
T0008347,MAIN,2026-09-01T09:33:24,E102,C0256,voided
T0008348,MAIN,2026-09-01T15:18:04,E103,C0093,completed
T0008349,MAIN,2026-09-01T11:43:50,E104,C0042,completed
T0008350,MAIN,2026-09-01T11:09:47,E104,C0072,completed
T0008351,MAIN,2026-09-01T13:23:57,E105,C0177,completed
T0008352,MAIN,2026-09-01T14:35:34,E102,C0071,completed
T0008353,MAIN,2026-09-01T14:51:00,E106,C0289,completed
T0008354,MAIN,2026-09-01T12:18:17,E105,C0380,completed
T0008355,MAIN,2026-09-01T18:43:18,E101,,completed
T0008356,MAIN,2026-09-01T17:09:38,E102,C0267,completed
T0008357,MAIN,2026-09-01T19:24:38,E103,C0037,completed
T0008358,MAIN,2026-09-01T19:31:04,E102,,completed
T0008359,MAIN,2026-09-01T19:59:14,E103,C0353,completed
T0008360,MAIN,2026-09-01T14:54:34,E102,C0070,completed
T0008361,MAIN,2026-09-02T11:01:08,E105,C0292,completed
T0008362,MAIN,2026-09-02T11:48:46,E102,,completed
T0008363,MAIN,2026-09-02T18:18:16,E104,C0339,completed
T0008364,MAIN,2026-09-02T16:41:32,E101,C0309,completed
T0008365,MAIN,2026-09-02T13:45:22,E105,,completed
T0008366,MAIN,2026-09-02T14:33:48,E103,C0099,completed
T0008367,MAIN,2026-09-02T17:13:37,E101,C0235,completed
T0008368,MAIN,2026-09-02T16:00:06,E102,,completed
T0008369,MAIN,2026-09-02T14:17:41,E104,C0378,completed
T0008370,MAIN,2026-09-02T11:08:53,E103,C0031,completed
T0008371,MAIN,2026-09-02T09:40:23,E106,,completed
T0008372,MAIN,2026-09-02T18:03:09,E103,C0339,completed
T0008373,MAIN,2026-09-02T10:21:09,E102,,voided
T0008374,MAIN,2026-09-02T14:24:56,E106,C0245,completed
T0008375,MAIN,2026-09-02T10:39:34,E106,C0377,completed
T0008376,MAIN,2026-09-02T12:26:14,E106,C0138,completed
T0008377,MAIN,2026-09-02T19:22:10,E103,C0103,completed
T0008378,MAIN,2026-09-02T19:12:30,E102,C0338,completed
T0008379,MAIN,2026-09-02T15:42:10,E105,C0201,completed
T0008380,MAIN,2026-09-02T12:46:56,E105,C0015,completed
T0008381,MAIN,2026-09-02T16:44:08,E103,C0262,completed
T0008382,MAIN,2026-09-02T14:15:17,E105,C0315,completed
T0008383,MAIN,2026-09-02T18:44:55,E103,,completed
T0008384,MAIN,2026-09-02T12:34:59,E101,C0090,completed
T0008385,MAIN,2026-09-02T14:35:35,E102,C0012,completed
T0008386,MAIN,2026-09-02T15:26:49,E101,C0114,completed
T0008387,MAIN,2026-09-02T17:11:59,E104,,completed
T0008388,MAIN,2026-09-02T11:00:59,E104,C0131,completed
T0008389,MAIN,2026-09-02T13:41:56,E106,C0021,completed
T0008390,MAIN,2026-09-02T13:49:58,E106,C0017,completed
T0008391,MAIN,2026-09-02T17:48:45,E102,C0383,completed
T0008392,MAIN,2026-09-02T18:40:31,E106,C0050,completed
T0008393,MAIN,2026-09-02T14:51:57,E101,C0365,completed
T0008394,MAIN,2026-09-02T13:22:32,E104,,completed
T0008395,MAIN,2026-09-02T16:33:15,E103,C0335,voided
T0008396,MAIN,2026-09-02T16:01:28,E105,C0210,completed
T0008397,MAIN,2026-09-02T18:26:36,E105,C0124,completed
T0008398,MAIN,2026-09-02T13:49:19,E102,,completed
T0008399,MAIN,2026-09-02T10:35:29,E101,C0256,completed
T0008400,MAIN,2026-09-02T16:56:30,E106,C0218,completed
T0008401,MAIN,2026-09-02T11:46:18,E103,C0306,completed
T0008402,MAIN,2026-09-02T16:48:28,E105,,completed
T0008403,MAIN,2026-09-02T12:18:27,E105,C0233,completed
T0008404,MAIN,2026-09-02T15:32:17,E102,C0379,completed
T0008405,MAIN,2026-09-02T12:13:42,E103,C0340,completed
T0008406,MAIN,2026-09-02T10:18:01,E103,C0334,completed
T0008407,MAIN,2026-09-02T16:20:18,E102,,completed
T0008408,MAIN,2026-09-02T20:13:56,E101,C0378,completed
T0008409,MAIN,2026-09-02T16:37:07,E105,C0219,completed
T0008410,MAIN,2026-09-02T17:59:05,E102,,completed
T0008411,MAIN,2026-09-02T10:02:51,E103,C0101,completed
T0008412,MAIN,2026-09-02T11:57:00,E106,C0240,completed
T0008413,MAIN,2026-09-02T15:34:33,E104,,completed
T0008414,MAIN,2026-09-02T18:29:07,E101,,completed
T0008415,MAIN,2026-09-02T19:43:34,E103,C0147,completed
T0008416,MAIN,2026-09-02T15:59:58,E103,,completed
T0008417,MAIN,2026-09-02T19:02:50,E101,C0271,completed
T0008418,MAIN,2026-09-02T14:50:16,E105,C0196,completed
T0008419,MAIN,2026-09-02T17:30:29,E105,C0229,completed
T0008420,MAIN,2026-09-02T13:35:42,E104,C0043,completed
T0008421,MAIN,2026-09-02T12:26:53,E106,C0073,completed
T0008422,MAIN,2026-09-02T13:52:13,E104,,completed
T0008423,MAIN,2026-09-02T12:00:33,E105,C0174,completed
T0008424,MAIN,2026-09-02T18:38:50,E103,C0289,completed
T0008425,MAIN,2026-09-02T15:13:43,E104,C0044,completed
T0008426,MAIN,2026-09-02T19:35:02,E106,C0156,completed
T0008427,MAIN,2026-09-02T17:46:14,E103,C0207,completed
T0008428,MAIN,2026-09-02T13:22:19,E103,,completed
T0008429,MAIN,2026-09-02T11:42:45,E102,C0012,completed
T0008430,MAIN,2026-09-02T15:22:02,E105,C0388,completed
T0008431,MAIN,2026-09-02T17:46:41,E101,C0383,completed
T0008432,MAIN,2026-09-02T19:05:47,E102,C0329,completed
T0008433,MAIN,2026-09-02T18:07:08,E101,,completed
T0008434,MAIN,2026-09-02T12:28:27,E102,,completed
T0008435,MAIN,2026-09-02T10:00:06,E104,C0109,completed
T0008436,MAIN,2026-09-02T20:03:50,E103,,completed
T0008437,MAIN,2026-09-02T14:36:34,E105,C0278,completed
T0008438,MAIN,2026-09-02T18:05:37,E102,C0136,completed
T0008439,MAIN,2026-09-02T14:07:42,E105,,completed
T0008440,MAIN,2026-09-02T16:12:27,E103,C0129,completed
T0008441,MAIN,2026-09-02T16:58:41,E103,C0005,completed
T0008442,MAIN,2026-09-02T16:43:43,E103,C0257,completed
T0008443,MAIN,2026-09-02T13:25:23,E105,,completed
T0008444,MAIN,2026-09-02T16:49:32,E106,,completed
T0008445,MAIN,2026-09-02T15:32:07,E101,C0057,completed
T0008446,MAIN,2026-09-02T16:00:27,E104,C0055,completed
T0008447,MAIN,2026-09-02T12:04:52,E103,,completed
T0008448,MAIN,2026-09-02T18:35:06,E104,C0223,completed
T0008449,MAIN,2026-09-02T14:58:32,E106,C0228,completed
T0008450,MAIN,2026-09-02T16:05:22,E104,C0328,completed
T0008451,MAIN,2026-09-02T12:20:10,E106,C0398,completed
T0008452,MAIN,2026-09-02T16:34:43,E102,,completed
T0008453,MAIN,2026-09-02T18:49:30,E103,C0297,completed
T0008454,MAIN,2026-09-02T11:38:18,E104,C0091,completed
T0008455,MAIN,2026-09-02T17:06:17,E101,C0372,completed
T0008456,MAIN,2026-09-02T17:54:58,E102,C0002,completed
T0008457,MAIN,2026-09-02T15:23:59,E103,C0378,completed
T0008458,MAIN,2026-09-02T12:42:13,E101,C0135,completed
T0008459,MAIN,2026-09-02T13:26:06,E104,C0178,completed
T0008460,MAIN,2026-09-02T09:41:22,E105,C0259,completed
T0008461,MAIN,2026-09-02T12:08:12,E106,,completed
T0008462,MAIN,2026-09-03T12:01:21,E101,,completed
T0008463,MAIN,2026-09-03T15:50:02,E105,C0331,completed
T0008464,MAIN,2026-09-03T11:44:11,E104,,completed
T0008465,MAIN,2026-09-03T16:29:18,E105,,completed
T0008466,MAIN,2026-09-03T14:35:41,E101,,completed
T0008467,MAIN,2026-09-03T19:00:52,E103,,completed
T0008468,MAIN,2026-09-03T15:36:40,E101,C0136,completed
T0008469,MAIN,2026-09-03T16:39:19,E106,,completed
T0008470,MAIN,2026-09-03T18:00:54,E104,,completed
T0008471,MAIN,2026-09-03T16:15:29,E101,C0086,completed
T0008472,MAIN,2026-09-03T13:13:11,E103,,completed
T0008473,MAIN,2026-09-03T15:50:07,E103,C0126,completed
T0008474,MAIN,2026-09-03T16:09:54,E101,,completed
T0008475,MAIN,2026-09-03T20:50:57,E105,C0346,completed
T0008476,MAIN,2026-09-03T16:48:07,E104,C0183,completed
T0008477,MAIN,2026-09-03T13:40:15,E105,C0315,completed
T0008478,MAIN,2026-09-03T19:24:25,E105,,completed
T0008479,MAIN,2026-09-03T17:07:18,E105,C0015,completed
T0008480,MAIN,2026-09-03T19:32:29,E101,,completed
T0008481,MAIN,2026-09-03T18:05:27,E103,C0008,completed
T0008482,MAIN,2026-09-03T19:50:10,E102,C0006,completed
T0008483,MAIN,2026-09-03T18:18:31,E101,C0296,completed
T0008484,MAIN,2026-09-03T17:42:27,E102,,completed
T0008485,MAIN,2026-09-03T09:10:12,E105,C0124,completed
T0008486,MAIN,2026-09-03T18:47:16,E101,,completed
T0008487,MAIN,2026-09-03T16:00:43,E101,C0392,voided
T0008488,MAIN,2026-09-03T10:27:32,E104,C0245,completed
T0008489,MAIN,2026-09-03T15:55:35,E105,C0070,completed
T0008490,MAIN,2026-09-03T20:05:46,E105,,completed
T0008491,MAIN,2026-09-03T19:21:55,E101,C0370,completed
T0008492,MAIN,2026-09-03T14:49:17,E103,C0080,completed
T0008493,MAIN,2026-09-03T11:51:45,E101,C0145,completed
T0008494,MAIN,2026-09-03T10:51:27,E104,,completed
T0008495,MAIN,2026-09-03T18:22:04,E104,,completed
T0008496,MAIN,2026-09-03T12:21:30,E103,C0026,completed
T0008497,MAIN,2026-09-03T13:44:53,E101,,completed
T0008498,MAIN,2026-09-03T20:02:32,E105,C0247,completed
T0008499,MAIN,2026-09-03T14:40:48,E106,C0298,completed
T0008500,MAIN,2026-09-03T10:32:59,E101,C0224,completed
T0008501,MAIN,2026-09-03T18:54:45,E102,C0312,completed
T0008502,MAIN,2026-09-03T15:14:41,E102,C0045,completed
T0008503,MAIN,2026-09-03T18:39:01,E102,C0009,completed
T0008504,MAIN,2026-09-03T16:16:29,E106,C0098,completed
T0008505,MAIN,2026-09-03T20:55:44,E105,C0336,completed
T0008506,MAIN,2026-09-03T18:58:15,E104,,completed
T0008507,MAIN,2026-09-03T17:08:23,E101,C0041,completed
T0008508,MAIN,2026-09-03T12:37:25,E104,C0077,completed
T0008509,MAIN,2026-09-03T18:41:14,E101,C0209,completed
T0008510,MAIN,2026-09-03T12:39:48,E105,C0031,completed
T0008511,MAIN,2026-09-03T16:58:43,E106,C0194,completed
T0008512,MAIN,2026-09-03T17:12:53,E101,C0246,completed
T0008513,MAIN,2026-09-03T18:24:24,E101,C0014,completed
T0008514,MAIN,2026-09-03T17:47:11,E106,C0380,completed
T0008515,MAIN,2026-09-03T18:33:49,E101,,completed
T0008516,MAIN,2026-09-03T13:23:43,E106,,completed
T0008517,MAIN,2026-09-03T19:34:47,E106,C0194,completed
T0008518,MAIN,2026-09-03T12:58:34,E103,C0243,completed
T0008519,MAIN,2026-09-03T13:20:55,E106,C0110,completed
T0008520,MAIN,2026-09-03T15:49:26,E102,,completed
T0008521,MAIN,2026-09-03T14:28:57,E105,,completed
T0008522,MAIN,2026-09-03T12:18:23,E103,C0248,completed
T0008523,MAIN,2026-09-03T10:29:44,E102,C0193,completed
T0008524,MAIN,2026-09-03T13:03:24,E105,C0331,completed
T0008525,MAIN,2026-09-03T19:03:47,E104,C0308,completed
T0008526,MAIN,2026-09-03T15:23:22,E102,C0127,completed
T0008527,MAIN,2026-09-03T20:13:05,E101,C0327,completed
T0008528,MAIN,2026-09-03T12:50:04,E101,C0197,completed
T0008529,MAIN,2026-09-03T14:24:49,E103,C0168,completed
T0008530,MAIN,2026-09-03T13:05:29,E103,,completed
T0008531,MAIN,2026-09-03T19:33:18,E104,C0399,completed
T0008532,MAIN,2026-09-03T15:52:30,E102,,completed
T0008533,MAIN,2026-09-03T15:05:09,E102,C0111,completed
T0008534,MAIN,2026-09-03T13:35:34,E105,,completed
T0008535,MAIN,2026-09-03T19:04:21,E101,C0211,completed
T0008536,MAIN,2026-09-03T15:33:48,E105,C0069,completed
T0008537,MAIN,2026-09-03T10:44:45,E104,C0007,completed
T0008538,MAIN,2026-09-03T12:16:21,E106,C0150,completed
T0008539,MAIN,2026-09-03T17:45:39,E104,C0312,completed
T0008540,MAIN,2026-09-03T14:35:49,E101,,completed
T0008541,MAIN,2026-09-03T12:36:26,E105,,completed
T0008542,MAIN,2026-09-03T18:58:01,E102,,completed
T0008543,MAIN,2026-09-03T15:02:06,E105,C0363,completed
T0008544,MAIN,2026-09-03T11:47:11,E103,C0220,completed
T0008545,MAIN,2026-09-03T19:46:11,E102,C0357,completed
T0008546,MAIN,2026-09-03T09:07:34,E103,C0218,refunded
T0008547,MAIN,2026-09-03T14:01:27,E104,C0256,completed
T0008548,MAIN,2026-09-03T16:58:12,E105,C0112,completed
T0008549,MAIN,2026-09-03T19:58:52,E103,,completed
T0008550,MAIN,2026-09-03T15:00:37,E102,,completed
T0008551,MAIN,2026-09-03T13:02:57,E102,C0262,completed
T0008552,MAIN,2026-09-03T18:34:55,E104,,completed
T0008553,MAIN,2026-09-03T16:39:18,E103,C0204,completed
T0008554,MAIN,2026-09-03T10:37:05,E105,C0284,completed
T0008555,MAIN,2026-09-03T16:14:23,E105,C0137,completed
T0008556,MAIN,2026-09-03T13:52:11,E103,C0084,completed
T0008557,MAIN,2026-09-03T11:13:23,E104,C0067,completed
T0008558,MAIN,2026-09-03T13:40:35,E101,C0167,completed
T0008559,MAIN,2026-09-03T15:12:25,E101,C0099,completed
T0008560,MAIN,2026-09-03T15:22:08,E103,C0070,completed
T0008561,MAIN,2026-09-03T16:14:28,E101,C0029,completed
T0008562,MAIN,2026-09-03T12:25:40,E105,,completed
T0008563,MAIN,2026-09-03T16:34:48,E104,C0270,completed
T0008564,MAIN,2026-09-03T14:20:31,E101,C0079,completed
T0008565,MAIN,2026-09-03T11:02:03,E101,,refunded
T0008566,MAIN,2026-09-03T19:36:49,E106,,completed
T0008567,MAIN,2026-09-03T16:30:44,E102,C0187,completed
T0008568,MAIN,2026-09-03T16:59:01,E105,C0029,completed
T0008569,MAIN,2026-09-03T13:51:30,E104,C0306,completed
T0008570,MAIN,2026-09-03T16:56:14,E106,C0388,completed
T0008571,MAIN,2026-09-03T12:22:05,E106,C0300,completed
T0008572,MAIN,2026-09-03T19:50:34,E106,,completed
T0008573,MAIN,2026-09-03T19:38:05,E102,C0167,completed
T0008574,MAIN,2026-09-03T17:32:43,E104,C0331,completed
T0008575,MAIN,2026-09-03T16:25:02,E106,,refunded
T0008576,MAIN,2026-09-03T11:53:38,E101,,completed
T0008577,MAIN,2026-09-03T11:39:42,E103,C0272,completed
T0008578,MAIN,2026-09-03T12:13:34,E104,,completed
T0008579,MAIN,2026-09-03T17:34:59,E103,C0180,completed
T0008580,MAIN,2026-09-03T17:48:49,E103,C0110,completed
T0008581,MAIN,2026-09-03T13:09:55,E103,,completed
T0008582,MAIN,2026-09-03T17:34:53,E105,C0322,completed
T0008583,MAIN,2026-09-03T18:19:18,E106,C0377,completed
T0008584,MAIN,2026-09-03T17:08:08,E101,C0365,completed
T0008585,MAIN,2026-09-03T17:16:37,E101,C0142,completed
T0008586,MAIN,2026-09-03T15:57:59,E106,,completed
T0008587,MAIN,2026-09-03T18:19:53,E106,C0287,completed
T0008588,MAIN,2026-09-03T19:36:40,E103,C0374,completed
T0008589,MAIN,2026-09-03T19:44:51,E103,C0139,completed
T0008590,MAIN,2026-09-03T19:23:51,E106,,completed
T0008591,MAIN,2026-09-03T14:18:04,E105,,completed
T0008592,MAIN,2026-09-03T18:30:24,E101,,completed
T0008593,MAIN,2026-09-03T15:18:08,E101,,completed
T0008594,MAIN,2026-09-03T11:33:11,E102,C0123,completed
T0008595,MAIN,2026-09-03T19:52:24,E101,C0195,completed
T0008596,MAIN,2026-09-03T14:09:24,E104,C0143,completed
T0008597,MAIN,2026-09-03T12:57:57,E101,C0056,completed
T0008598,MAIN,2026-09-04T12:44:39,E102,C0129,completed
T0008599,MAIN,2026-09-04T18:02:03,E106,C0386,completed
T0008600,MAIN,2026-09-04T13:31:12,E104,,completed
T0008601,MAIN,2026-09-04T17:46:01,E102,C0159,completed
T0008602,MAIN,2026-09-04T16:09:00,E104,,completed
T0008603,MAIN,2026-09-04T15:47:15,E106,C0192,completed
T0008604,MAIN,2026-09-04T17:32:08,E105,,completed
T0008605,MAIN,2026-09-04T16:43:24,E104,C0133,completed
T0008606,MAIN,2026-09-04T20:05:31,E103,C0392,completed
T0008607,MAIN,2026-09-04T15:26:41,E102,C0124,completed
T0008608,MAIN,2026-09-04T15:17:58,E103,,completed
T0008609,MAIN,2026-09-04T19:46:45,E101,C0209,completed
T0008610,MAIN,2026-09-04T11:24:18,E105,C0247,completed
T0008611,MAIN,2026-09-04T16:20:00,E105,C0152,completed
T0008612,MAIN,2026-09-04T14:41:01,E105,C0036,completed
T0008613,MAIN,2026-09-04T15:04:05,E101,,completed
T0008614,MAIN,2026-09-04T20:21:20,E106,C0296,completed
T0008615,MAIN,2026-09-04T17:43:23,E101,C0138,completed
T0008616,MAIN,2026-09-04T15:40:47,E103,,completed
T0008617,MAIN,2026-09-04T12:51:56,E103,C0379,completed
T0008618,MAIN,2026-09-04T12:06:54,E101,C0174,completed
T0008619,MAIN,2026-09-04T18:05:52,E106,C0201,completed
T0008620,MAIN,2026-09-04T19:25:55,E105,C0013,completed
T0008621,MAIN,2026-09-04T13:28:09,E106,C0378,completed
T0008622,MAIN,2026-09-04T14:26:06,E102,,completed
T0008623,MAIN,2026-09-04T17:37:02,E102,,completed
T0008624,MAIN,2026-09-04T14:27:00,E101,C0105,completed
T0008625,MAIN,2026-09-04T14:43:45,E101,C0400,completed
T0008626,MAIN,2026-09-04T17:13:27,E102,C0099,completed
T0008627,MAIN,2026-09-04T18:51:32,E102,,completed
T0008628,MAIN,2026-09-04T14:05:31,E104,,completed
T0008629,MAIN,2026-09-04T18:48:44,E101,,completed
T0008630,MAIN,2026-09-04T17:19:17,E103,C0267,completed
T0008631,MAIN,2026-09-04T12:48:58,E105,C0372,completed
T0008632,MAIN,2026-09-04T18:45:22,E101,C0096,completed
T0008633,MAIN,2026-09-04T14:45:59,E101,,completed
T0008634,MAIN,2026-09-04T20:42:59,E104,C0245,completed
T0008635,MAIN,2026-09-04T14:12:34,E105,C0289,completed
T0008636,MAIN,2026-09-04T11:15:46,E105,C0390,completed
T0008637,MAIN,2026-09-04T15:21:59,E105,C0192,completed
T0008638,MAIN,2026-09-04T15:32:32,E102,C0210,completed
T0008639,MAIN,2026-09-04T13:53:31,E104,C0270,completed
T0008640,MAIN,2026-09-04T20:21:29,E106,C0134,completed
T0008641,MAIN,2026-09-04T14:17:50,E103,C0194,completed
T0008642,MAIN,2026-09-04T19:48:14,E104,C0366,completed
T0008643,MAIN,2026-09-04T19:43:38,E102,C0032,completed
T0008644,MAIN,2026-09-04T16:28:56,E102,C0251,refunded
T0008645,MAIN,2026-09-04T18:31:06,E104,,completed
T0008646,MAIN,2026-09-04T17:45:24,E103,,completed
T0008647,MAIN,2026-09-04T14:35:23,E103,C0293,completed
T0008648,MAIN,2026-09-04T20:17:43,E103,,completed
T0008649,MAIN,2026-09-04T17:46:56,E101,C0372,completed
T0008650,MAIN,2026-09-04T11:53:50,E103,C0381,completed
T0008651,MAIN,2026-09-04T10:02:41,E105,C0185,completed
T0008652,MAIN,2026-09-04T15:23:07,E101,C0137,completed
T0008653,MAIN,2026-09-04T11:22:10,E105,C0382,completed
T0008654,MAIN,2026-09-04T11:52:52,E104,,completed
T0008655,MAIN,2026-09-04T10:21:58,E101,C0218,completed
T0008656,MAIN,2026-09-04T16:10:48,E101,C0253,completed
T0008657,MAIN,2026-09-04T13:20:37,E101,C0262,completed
T0008658,MAIN,2026-09-04T13:58:07,E104,,completed
T0008659,MAIN,2026-09-04T13:48:23,E103,,completed
T0008660,MAIN,2026-09-04T13:27:16,E105,C0371,completed
T0008661,MAIN,2026-09-04T14:02:45,E106,C0355,completed
T0008662,MAIN,2026-09-04T19:52:55,E101,C0184,completed
T0008663,MAIN,2026-09-04T19:42:59,E105,C0376,completed
T0008664,MAIN,2026-09-04T12:19:31,E105,C0134,completed
T0008665,MAIN,2026-09-04T16:52:22,E105,C0306,completed
T0008666,MAIN,2026-09-04T14:39:44,E101,C0349,completed
T0008667,MAIN,2026-09-04T09:36:35,E102,C0193,completed
T0008668,MAIN,2026-09-04T14:57:33,E103,C0058,completed
T0008669,MAIN,2026-09-04T10:26:36,E102,C0341,completed
T0008670,MAIN,2026-09-04T15:28:54,E105,C0066,completed
T0008671,MAIN,2026-09-04T18:15:16,E106,,completed
T0008672,MAIN,2026-09-04T18:21:01,E105,,voided
T0008673,MAIN,2026-09-04T18:17:18,E101,,completed
T0008674,MAIN,2026-09-04T12:07:28,E102,C0296,completed
T0008675,MAIN,2026-09-04T20:13:06,E104,,completed
T0008676,MAIN,2026-09-04T19:15:51,E105,C0167,completed
T0008677,MAIN,2026-09-04T17:54:57,E106,C0323,completed
T0008678,MAIN,2026-09-04T13:08:54,E106,C0226,completed
T0008679,MAIN,2026-09-04T20:15:54,E103,,completed
T0008680,MAIN,2026-09-04T19:20:17,E104,,completed
T0008681,MAIN,2026-09-04T12:00:25,E103,C0221,completed
T0008682,MAIN,2026-09-04T14:01:09,E103,C0139,completed
T0008683,MAIN,2026-09-04T12:25:04,E103,C0070,completed
T0008684,MAIN,2026-09-04T18:55:54,E104,,completed
T0008685,MAIN,2026-09-04T18:06:51,E103,,completed
T0008686,MAIN,2026-09-04T17:47:41,E105,C0245,completed
T0008687,MAIN,2026-09-04T10:01:23,E103,C0083,completed
T0008688,MAIN,2026-09-04T12:50:24,E102,,completed
T0008689,MAIN,2026-09-04T18:13:43,E103,,completed
T0008690,MAIN,2026-09-04T12:56:23,E103,C0237,completed
T0008691,MAIN,2026-09-04T16:12:29,E104,,completed
T0008692,MAIN,2026-09-04T17:12:20,E104,,completed
T0008693,MAIN,2026-09-04T11:59:49,E102,C0185,completed
T0008694,MAIN,2026-09-04T17:53:43,E104,C0214,completed
T0008695,MAIN,2026-09-04T19:35:33,E106,C0274,completed
T0008696,MAIN,2026-09-04T17:50:54,E104,C0140,completed
T0008697,MAIN,2026-09-04T16:45:49,E101,C0291,completed
T0008698,MAIN,2026-09-04T11:02:15,E103,C0270,completed
T0008699,MAIN,2026-09-04T14:25:24,E104,C0009,completed
T0008700,MAIN,2026-09-04T12:22:32,E102,C0034,completed
T0008701,MAIN,2026-09-04T17:12:07,E102,C0246,completed
T0008702,MAIN,2026-09-04T12:00:51,E103,,completed
T0008703,MAIN,2026-09-04T14:01:36,E103,,completed
T0008704,MAIN,2026-09-04T12:44:52,E105,C0382,completed
T0008705,MAIN,2026-09-04T10:16:45,E102,C0369,completed
T0008706,MAIN,2026-09-04T18:48:35,E103,C0278,completed
T0008707,MAIN,2026-09-04T20:11:23,E102,C0335,completed
T0008708,MAIN,2026-09-04T12:18:48,E106,C0006,refunded
T0008709,MAIN,2026-09-04T11:21:37,E104,C0309,completed
T0008710,MAIN,2026-09-04T16:53:38,E101,C0371,completed
T0008711,MAIN,2026-09-04T19:55:56,E101,C0248,completed
T0008712,MAIN,2026-09-04T15:12:31,E105,C0219,completed
T0008713,MAIN,2026-09-04T11:19:16,E101,C0036,completed
T0008714,MAIN,2026-09-04T11:17:29,E102,,completed
T0008715,MAIN,2026-09-04T10:34:23,E106,,completed
T0008716,MAIN,2026-09-04T09:36:55,E101,,completed
T0008717,MAIN,2026-09-04T15:36:59,E105,C0335,completed
T0008718,MAIN,2026-09-04T11:40:29,E104,C0103,completed
T0008719,MAIN,2026-09-04T20:22:35,E104,,completed
T0008720,MAIN,2026-09-04T18:55:46,E105,,completed
T0008721,MAIN,2026-09-04T16:40:34,E106,,completed
T0008722,MAIN,2026-09-04T17:37:42,E102,C0081,completed
T0008723,MAIN,2026-09-04T13:24:49,E102,C0321,completed
T0008724,MAIN,2026-09-04T18:13:54,E105,C0043,completed
T0008725,MAIN,2026-09-04T13:07:41,E106,,completed
T0008726,MAIN,2026-09-04T12:33:14,E101,,completed
T0008727,MAIN,2026-09-04T12:40:10,E102,C0009,completed
T0008728,MAIN,2026-09-04T18:48:52,E106,C0299,completed
T0008729,MAIN,2026-09-04T12:25:25,E101,,completed
T0008730,MAIN,2026-09-04T10:22:42,E104,C0284,completed
T0008731,MAIN,2026-09-04T15:55:08,E101,C0326,completed
T0008732,MAIN,2026-09-04T19:26:54,E105,C0133,completed
T0008733,MAIN,2026-09-04T14:41:00,E102,C0357,completed
T0008734,MAIN,2026-09-05T20:09:39,E101,C0149,completed
T0008735,MAIN,2026-09-05T18:38:31,E106,C0095,completed
T0008736,MAIN,2026-09-05T18:01:17,E105,,completed
T0008737,MAIN,2026-09-05T12:07:21,E102,C0204,completed
T0008738,MAIN,2026-09-05T14:29:16,E105,C0004,completed
T0008739,MAIN,2026-09-05T18:43:35,E104,C0036,completed
T0008740,MAIN,2026-09-05T18:54:22,E101,,completed
T0008741,MAIN,2026-09-05T10:32:31,E102,C0182,completed
T0008742,MAIN,2026-09-05T13:21:59,E106,C0163,completed
T0008743,MAIN,2026-09-05T11:55:33,E104,C0005,completed
T0008744,MAIN,2026-09-05T19:01:21,E106,C0120,completed
T0008745,MAIN,2026-09-05T13:15:58,E101,C0107,completed
T0008746,MAIN,2026-09-05T14:17:08,E105,C0216,completed
T0008747,MAIN,2026-09-05T13:49:53,E106,,completed
T0008748,MAIN,2026-09-05T18:48:24,E102,C0034,completed
T0008749,MAIN,2026-09-05T12:47:49,E104,C0166,completed
T0008750,MAIN,2026-09-05T13:01:08,E105,C0382,completed
T0008751,MAIN,2026-09-05T18:35:26,E105,,completed
T0008752,MAIN,2026-09-05T13:13:02,E101,,completed
T0008753,MAIN,2026-09-05T14:10:31,E105,C0138,completed
T0008754,MAIN,2026-09-05T19:59:34,E106,C0022,completed
T0008755,MAIN,2026-09-05T18:37:28,E105,,completed
T0008756,MAIN,2026-09-05T13:00:16,E106,C0127,completed
T0008757,MAIN,2026-09-05T11:41:27,E103,,completed
T0008758,MAIN,2026-09-05T19:48:11,E104,C0275,completed
T0008759,MAIN,2026-09-05T12:56:13,E106,C0203,completed
T0008760,MAIN,2026-09-05T12:59:26,E103,,completed
T0008761,MAIN,2026-09-05T13:25:35,E101,C0333,completed
T0008762,MAIN,2026-09-05T14:58:34,E101,C0071,completed
T0008763,MAIN,2026-09-05T18:56:45,E106,C0201,completed
T0008764,MAIN,2026-09-05T13:24:46,E103,C0376,completed
T0008765,MAIN,2026-09-05T14:51:33,E102,C0243,completed
T0008766,MAIN,2026-09-05T14:37:39,E106,C0348,completed
T0008767,MAIN,2026-09-05T11:54:40,E102,,completed
T0008768,MAIN,2026-09-05T18:25:25,E106,C0139,completed
T0008769,MAIN,2026-09-05T14:46:03,E103,C0115,completed
T0008770,MAIN,2026-09-05T18:22:46,E103,C0377,completed
T0008771,MAIN,2026-09-05T09:24:50,E101,C0236,completed
T0008772,MAIN,2026-09-05T13:13:50,E105,C0161,completed
T0008773,MAIN,2026-09-05T13:48:11,E101,C0351,completed
T0008774,MAIN,2026-09-05T18:00:04,E103,C0014,completed
T0008775,MAIN,2026-09-05T20:58:20,E101,C0155,completed
T0008776,MAIN,2026-09-05T14:00:22,E101,C0168,completed
T0008777,MAIN,2026-09-05T19:33:31,E106,,completed
T0008778,MAIN,2026-09-05T10:02:20,E101,,completed
T0008779,MAIN,2026-09-05T12:28:57,E102,,completed
T0008780,MAIN,2026-09-05T12:31:33,E102,C0286,completed
T0008781,MAIN,2026-09-05T11:43:30,E101,,completed
T0008782,MAIN,2026-09-05T14:57:32,E102,,completed
T0008783,MAIN,2026-09-05T12:13:26,E104,C0120,completed
T0008784,MAIN,2026-09-05T14:22:13,E103,C0154,completed
T0008785,MAIN,2026-09-05T19:06:08,E106,C0161,completed
T0008786,MAIN,2026-09-05T09:48:46,E103,,voided
T0008787,MAIN,2026-09-05T09:32:45,E105,C0249,completed
T0008788,MAIN,2026-09-05T11:49:14,E104,,completed
T0008789,MAIN,2026-09-05T10:44:45,E106,C0215,completed
T0008790,MAIN,2026-09-05T13:05:45,E102,,completed
T0008791,MAIN,2026-09-05T20:30:37,E105,C0142,completed
T0008792,MAIN,2026-09-05T11:12:51,E106,,completed
T0008793,MAIN,2026-09-05T19:01:27,E106,C0264,completed
T0008794,MAIN,2026-09-05T12:14:40,E104,,completed
T0008795,MAIN,2026-09-05T19:49:11,E105,,completed
T0008796,MAIN,2026-09-05T11:06:00,E101,C0315,completed
T0008797,MAIN,2026-09-05T14:27:50,E104,C0171,completed
T0008798,MAIN,2026-09-05T19:55:42,E103,C0086,completed
T0008799,MAIN,2026-09-05T19:35:31,E104,C0029,completed
T0008800,MAIN,2026-09-05T12:59:47,E106,C0311,completed
T0008801,MAIN,2026-09-05T11:06:54,E102,,completed
T0008802,MAIN,2026-09-05T09:51:49,E102,,completed
T0008803,MAIN,2026-09-05T18:42:19,E105,,completed
T0008804,MAIN,2026-09-05T09:15:01,E102,C0324,completed
T0008805,MAIN,2026-09-05T20:47:31,E104,,completed
T0008806,MAIN,2026-09-05T09:46:10,E104,C0107,completed
T0008807,MAIN,2026-09-05T19:22:35,E106,C0072,completed
T0008808,MAIN,2026-09-05T12:53:30,E105,,completed
T0008809,MAIN,2026-09-05T12:39:39,E102,C0232,completed
T0008810,MAIN,2026-09-05T11:01:26,E103,,completed
T0008811,MAIN,2026-09-05T09:56:29,E106,C0274,completed
T0008812,MAIN,2026-09-05T12:54:46,E104,C0199,completed
T0008813,MAIN,2026-09-05T14:12:04,E103,C0191,completed
T0008814,MAIN,2026-09-05T11:31:36,E103,C0170,completed
T0008815,MAIN,2026-09-05T19:32:58,E104,C0277,completed
T0008816,MAIN,2026-09-05T14:46:58,E106,C0141,completed
T0008817,MAIN,2026-09-05T13:02:14,E104,C0158,completed
T0008818,MAIN,2026-09-05T11:37:06,E104,C0014,completed
T0008819,MAIN,2026-09-05T13:17:22,E101,,completed
T0008820,MAIN,2026-09-05T14:44:12,E105,C0021,completed
T0008821,MAIN,2026-09-05T18:41:32,E102,C0228,completed
T0008822,MAIN,2026-09-05T12:01:54,E103,C0001,completed
T0008823,MAIN,2026-09-05T13:49:24,E104,C0079,completed
T0008824,MAIN,2026-09-05T11:20:13,E106,,completed
T0008825,MAIN,2026-09-05T12:32:16,E105,C0025,completed
T0008826,MAIN,2026-09-05T19:30:02,E103,C0378,completed
T0008827,MAIN,2026-09-05T19:35:03,E103,C0044,completed
T0008828,MAIN,2026-09-05T14:11:43,E101,C0243,completed
T0008829,MAIN,2026-09-05T11:35:15,E101,C0170,completed
T0008830,MAIN,2026-09-05T19:28:13,E102,C0363,completed
T0008831,MAIN,2026-09-05T19:34:59,E103,C0070,completed
T0008832,MAIN,2026-09-05T14:37:26,E101,,completed
T0008833,MAIN,2026-09-05T18:40:03,E102,,completed
T0008834,MAIN,2026-09-05T14:00:28,E103,,completed
T0008835,MAIN,2026-09-05T09:38:28,E101,C0088,completed
T0008836,MAIN,2026-09-05T12:10:44,E106,,completed
T0008837,MAIN,2026-09-05T19:43:55,E106,C0373,completed
T0008838,MAIN,2026-09-05T13:17:05,E102,C0198,completed
T0008839,MAIN,2026-09-05T18:12:52,E104,C0166,completed
T0008840,MAIN,2026-09-05T20:51:50,E105,C0313,completed
T0008841,MAIN,2026-09-05T12:58:02,E102,C0203,completed
T0008842,MAIN,2026-09-05T11:27:54,E102,C0382,completed
T0008843,MAIN,2026-09-05T12:25:04,E103,C0198,completed
T0008844,MAIN,2026-09-05T12:35:09,E101,,completed
T0008845,MAIN,2026-09-05T12:33:07,E104,C0303,completed
T0008846,MAIN,2026-09-05T20:03:26,E101,C0119,completed
T0008847,MAIN,2026-09-05T20:35:04,E103,C0109,completed
T0008848,MAIN,2026-09-05T12:51:20,E103,C0135,completed
T0008849,MAIN,2026-09-05T20:14:43,E103,C0001,completed
T0008850,MAIN,2026-09-05T13:38:41,E103,,completed
T0008851,MAIN,2026-09-05T18:10:32,E103,,completed
T0008852,MAIN,2026-09-05T18:31:42,E103,C0384,completed
T0008853,MAIN,2026-09-05T19:12:09,E103,C0360,completed
T0008854,MAIN,2026-09-05T10:56:05,E106,C0014,completed
T0008855,MAIN,2026-09-06T18:52:23,E101,C0234,completed
T0008856,MAIN,2026-09-06T16:48:17,E106,C0283,completed
T0008857,MAIN,2026-09-06T11:13:53,E104,C0256,completed
T0008858,MAIN,2026-09-06T11:30:16,E106,C0293,completed
T0008859,MAIN,2026-09-06T15:11:32,E103,,completed
T0008860,MAIN,2026-09-06T17:18:27,E102,C0092,completed
T0008861,MAIN,2026-09-06T16:36:55,E106,C0304,completed
T0008862,MAIN,2026-09-06T16:20:28,E104,,completed
T0008863,MAIN,2026-09-06T14:42:50,E103,,completed
T0008864,MAIN,2026-09-06T19:36:00,E102,C0201,completed
T0008865,MAIN,2026-09-06T17:56:22,E103,C0144,completed
T0008866,MAIN,2026-09-06T13:16:46,E102,C0043,completed
T0008867,MAIN,2026-09-06T18:11:25,E102,C0187,completed
T0008868,MAIN,2026-09-06T18:55:25,E106,C0387,completed
T0008869,MAIN,2026-09-06T17:25:51,E105,C0099,completed
T0008870,MAIN,2026-09-06T13:31:52,E105,C0326,completed
T0008871,MAIN,2026-09-06T17:23:48,E105,C0158,completed
T0008872,MAIN,2026-09-06T20:40:09,E101,C0128,completed
T0008873,MAIN,2026-09-06T12:31:45,E106,C0312,completed
T0008874,MAIN,2026-09-06T16:25:09,E106,C0067,completed
T0008875,MAIN,2026-09-06T16:26:11,E104,C0246,completed
T0008876,MAIN,2026-09-06T20:15:18,E101,C0055,completed
T0008877,MAIN,2026-09-06T16:22:21,E103,C0054,completed
T0008878,MAIN,2026-09-06T13:22:44,E101,,completed
T0008879,MAIN,2026-09-06T09:51:59,E105,C0304,completed
T0008880,MAIN,2026-09-06T18:56:33,E102,,completed
T0008881,MAIN,2026-09-06T20:15:45,E102,,completed
T0008882,MAIN,2026-09-06T17:11:51,E106,,completed
T0008883,MAIN,2026-09-06T15:04:25,E102,,completed
T0008884,MAIN,2026-09-06T19:48:20,E103,,completed
T0008885,MAIN,2026-09-06T15:47:55,E101,,completed
T0008886,MAIN,2026-09-06T14:12:30,E104,C0269,completed
T0008887,MAIN,2026-09-06T10:12:38,E102,C0097,completed
T0008888,MAIN,2026-09-06T13:34:52,E104,C0212,completed
T0008889,MAIN,2026-09-06T13:59:51,E102,,completed
T0008890,MAIN,2026-09-06T13:22:22,E105,,completed
T0008891,MAIN,2026-09-06T15:53:40,E105,C0250,completed
T0008892,MAIN,2026-09-06T12:16:34,E101,C0123,completed
T0008893,MAIN,2026-09-06T12:38:33,E106,,completed
T0008894,MAIN,2026-09-06T15:16:18,E104,,completed
T0008895,MAIN,2026-09-06T16:13:09,E102,C0012,completed
T0008896,MAIN,2026-09-06T15:34:35,E106,,completed
T0008897,MAIN,2026-09-06T13:45:46,E102,C0383,voided
T0008898,MAIN,2026-09-06T14:14:01,E103,,completed
T0008899,MAIN,2026-09-06T12:55:02,E102,C0168,completed
T0008900,MAIN,2026-09-06T19:40:38,E104,,completed
T0008901,MAIN,2026-09-06T17:28:43,E101,C0236,completed
T0008902,MAIN,2026-09-06T13:05:26,E103,,completed
T0008903,MAIN,2026-09-06T15:41:32,E102,C0269,completed
T0008904,MAIN,2026-09-06T18:11:20,E103,C0371,completed
T0008905,MAIN,2026-09-06T12:18:24,E105,C0215,completed
T0008906,MAIN,2026-09-06T14:56:41,E106,C0190,completed
T0008907,MAIN,2026-09-06T14:58:58,E101,C0076,completed
T0008908,MAIN,2026-09-06T19:23:49,E104,,completed
T0008909,MAIN,2026-09-06T11:26:57,E104,C0039,completed
T0008910,MAIN,2026-09-06T19:01:23,E106,C0241,completed
T0008911,MAIN,2026-09-06T18:20:27,E103,C0177,completed
T0008912,MAIN,2026-09-06T18:36:12,E105,,completed
T0008913,MAIN,2026-09-06T14:09:10,E106,C0305,completed
T0008914,MAIN,2026-09-06T17:59:30,E101,,completed
T0008915,MAIN,2026-09-06T14:55:50,E105,C0141,completed
T0008916,MAIN,2026-09-06T14:41:16,E101,C0117,completed
T0008917,MAIN,2026-09-06T13:20:50,E102,,completed
T0008918,MAIN,2026-09-06T19:55:14,E103,C0122,completed
T0008919,MAIN,2026-09-06T18:45:17,E103,C0268,completed
T0008920,MAIN,2026-09-06T18:28:55,E101,C0390,completed
T0008921,MAIN,2026-09-06T17:48:10,E101,,completed
T0008922,MAIN,2026-09-06T10:39:58,E101,,completed
T0008923,MAIN,2026-09-06T20:14:04,E105,C0163,completed
T0008924,MAIN,2026-09-06T13:33:35,E104,C0255,completed
T0008925,MAIN,2026-09-06T13:42:22,E105,,completed
T0008926,MAIN,2026-09-06T12:00:09,E104,C0349,completed
T0008927,MAIN,2026-09-06T12:01:47,E106,C0020,completed
T0008928,MAIN,2026-09-06T19:52:34,E101,C0285,completed
T0008929,MAIN,2026-09-06T14:49:57,E106,C0228,completed
T0008930,MAIN,2026-09-06T19:15:42,E106,C0043,completed
T0008931,MAIN,2026-09-06T16:40:52,E106,C0285,completed
T0008932,MAIN,2026-09-06T12:25:32,E102,C0375,completed
T0008933,MAIN,2026-09-06T19:58:08,E102,,completed
T0008934,MAIN,2026-09-06T10:11:41,E106,,completed
T0008935,MAIN,2026-09-06T18:43:19,E101,C0331,completed
T0008936,MAIN,2026-09-06T13:28:29,E104,,completed
T0008937,MAIN,2026-09-06T10:35:07,E103,,completed
T0008938,MAIN,2026-09-06T14:34:37,E106,C0103,completed
T0008939,MAIN,2026-09-06T18:56:58,E103,C0070,completed
T0008940,MAIN,2026-09-06T20:11:01,E103,,completed
T0008941,MAIN,2026-09-06T13:22:31,E103,,completed
T0008942,MAIN,2026-09-06T15:00:58,E104,C0209,completed
T0008943,MAIN,2026-09-06T15:27:53,E103,C0218,completed
T0008944,MAIN,2026-09-06T15:54:23,E101,,completed
T0008945,MAIN,2026-09-06T17:16:44,E106,C0134,completed
T0008946,MAIN,2026-09-06T13:51:44,E104,C0358,completed
T0008947,MAIN,2026-09-06T18:36:15,E104,C0297,completed
T0008948,MAIN,2026-09-06T14:30:52,E102,C0367,completed
T0008949,MAIN,2026-09-06T16:00:12,E101,C0230,completed
T0008950,MAIN,2026-09-06T17:19:43,E102,,completed
T0008951,MAIN,2026-09-06T10:25:46,E102,C0363,refunded
T0008952,MAIN,2026-09-06T14:17:35,E101,C0323,completed
T0008953,MAIN,2026-09-06T16:54:54,E101,C0083,completed
T0008954,MAIN,2026-09-06T11:55:11,E103,C0042,completed
T0008955,MAIN,2026-09-06T13:01:57,E104,,completed
T0008956,MAIN,2026-09-06T13:29:03,E102,C0010,completed
T0008957,MAIN,2026-09-06T19:35:03,E101,,completed
T0008958,MAIN,2026-09-06T17:50:05,E103,,completed
T0008959,MAIN,2026-09-06T17:50:26,E106,C0395,completed
T0008960,MAIN,2026-09-06T20:13:02,E104,C0023,completed
T0008961,MAIN,2026-09-06T15:13:11,E104,C0120,completed
T0008962,MAIN,2026-09-06T14:15:40,E104,C0053,completed
T0008963,MAIN,2026-09-06T18:04:24,E101,C0134,completed
T0008964,MAIN,2026-09-06T12:25:55,E102,,completed
T0008965,MAIN,2026-09-06T11:35:15,E101,C0257,completed
T0008966,MAIN,2026-09-06T11:32:30,E106,C0136,completed
T0008967,MAIN,2026-09-06T18:53:32,E102,C0354,voided
T0008968,MAIN,2026-09-06T11:02:08,E105,C0136,completed
T0008969,MAIN,2026-09-06T17:36:20,E102,,completed
T0008970,MAIN,2026-09-06T10:13:30,E102,C0325,completed
T0008971,MAIN,2026-09-06T13:07:30,E104,C0090,completed
T0008972,MAIN,2026-09-06T19:47:57,E102,C0094,completed
T0008973,MAIN,2026-09-06T17:18:59,E101,C0296,completed
T0008974,MAIN,2026-09-06T14:50:03,E104,,completed
T0008975,MAIN,2026-09-06T16:24:45,E104,C0205,completed
T0008976,MAIN,2026-09-06T20:30:13,E105,C0250,completed
T0008977,MAIN,2026-09-06T13:53:43,E101,,completed
T0008978,MAIN,2026-09-06T15:01:52,E102,,completed
T0008979,MAIN,2026-09-06T10:32:30,E102,C0378,completed
T0008980,MAIN,2026-09-06T10:26:11,E105,C0397,completed
T0008981,MAIN,2026-09-06T15:26:44,E102,,completed
T0008982,MAIN,2026-09-06T10:12:36,E104,C0212,completed
T0008983,MAIN,2026-09-06T18:52:31,E103,C0342,completed
T0008984,MAIN,2026-09-06T19:55:01,E106,C0334,completed
T0008985,MAIN,2026-09-06T11:56:59,E106,,completed
T0008986,MAIN,2026-09-06T19:06:13,E102,,completed
T0008987,MAIN,2026-09-06T12:46:44,E106,C0105,completed
T0008988,MAIN,2026-09-06T14:19:27,E103,C0007,completed
T0008989,MAIN,2026-09-06T14:28:10,E106,C0209,completed
T0008990,MAIN,2026-09-06T14:24:05,E101,C0320,completed
T0008991,MAIN,2026-09-06T11:58:43,E106,C0257,completed
T0008992,MAIN,2026-09-06T19:38:04,E105,,completed
T0008993,MAIN,2026-09-07T11:09:42,E102,C0086,completed
T0008994,MAIN,2026-09-07T20:48:46,E103,C0273,completed
T0008995,MAIN,2026-09-07T12:48:51,E105,C0246,completed
T0008996,MAIN,2026-09-07T16:25:50,E104,,completed
T0008997,MAIN,2026-09-07T13:22:41,E101,C0159,completed
T0008998,MAIN,2026-09-07T14:30:10,E101,C0354,completed
T0008999,MAIN,2026-09-07T14:59:47,E106,C0057,completed
T0009000,MAIN,2026-09-07T17:46:14,E101,C0218,completed
T0009001,MAIN,2026-09-07T17:52:21,E101,C0235,completed
T0009002,MAIN,2026-09-07T13:19:50,E104,C0009,completed
T0009003,MAIN,2026-09-07T12:35:50,E102,,completed
T0009004,MAIN,2026-09-07T15:12:45,E103,C0017,completed
T0009005,MAIN,2026-09-07T17:00:02,E103,C0285,completed
T0009006,MAIN,2026-09-07T14:51:31,E106,C0111,completed
T0009007,MAIN,2026-09-07T18:38:01,E101,,completed
T0009008,MAIN,2026-09-07T15:13:40,E105,C0364,completed
T0009009,MAIN,2026-09-07T15:56:39,E103,C0045,completed
T0009010,MAIN,2026-09-07T12:12:32,E104,,completed
T0009011,MAIN,2026-09-07T16:35:29,E102,C0081,completed
T0009012,MAIN,2026-09-07T10:46:03,E103,,completed
T0009013,MAIN,2026-09-07T14:44:40,E106,,completed
T0009014,MAIN,2026-09-07T10:09:06,E105,C0016,completed
T0009015,MAIN,2026-09-07T12:58:35,E103,C0084,completed
T0009016,MAIN,2026-09-07T17:10:10,E104,C0025,completed
T0009017,MAIN,2026-09-07T11:12:29,E103,,completed
T0009018,MAIN,2026-09-07T16:26:30,E104,C0112,completed
T0009019,MAIN,2026-09-07T13:42:42,E105,,completed
T0009020,MAIN,2026-09-07T13:35:40,E104,C0248,completed
T0009021,MAIN,2026-09-07T14:36:14,E106,C0192,completed
T0009022,MAIN,2026-09-07T17:50:48,E104,C0271,completed
T0009023,MAIN,2026-09-07T11:00:56,E104,C0155,completed
T0009024,MAIN,2026-09-07T13:04:41,E105,C0274,completed
T0009025,MAIN,2026-09-07T11:01:46,E103,,completed
T0009026,MAIN,2026-09-07T19:56:14,E102,C0281,completed
T0009027,MAIN,2026-09-07T17:17:00,E102,C0374,completed
T0009028,MAIN,2026-09-07T20:21:59,E106,C0006,completed
T0009029,MAIN,2026-09-07T10:47:59,E106,C0272,completed
T0009030,MAIN,2026-09-07T17:25:39,E105,C0210,completed
T0009031,MAIN,2026-09-07T16:36:22,E105,C0259,completed
T0009032,MAIN,2026-09-07T13:50:14,E102,C0169,completed
T0009033,MAIN,2026-09-07T13:31:38,E103,C0109,completed
T0009034,MAIN,2026-09-07T19:45:13,E104,,completed
T0009035,MAIN,2026-09-07T13:27:49,E104,C0046,completed
T0009036,MAIN,2026-09-07T15:04:24,E106,C0378,completed
T0009037,MAIN,2026-09-07T17:25:29,E106,C0373,refunded
T0009038,MAIN,2026-09-07T12:49:04,E104,C0195,completed
T0009039,MAIN,2026-09-07T09:07:49,E106,C0003,completed
T0009040,MAIN,2026-09-07T16:08:14,E102,C0142,completed
T0009041,MAIN,2026-09-07T09:41:22,E105,,completed
T0009042,MAIN,2026-09-07T16:39:08,E102,C0276,completed
T0009043,MAIN,2026-09-07T19:41:49,E104,,completed
T0009044,MAIN,2026-09-07T10:55:40,E104,C0158,completed
T0009045,MAIN,2026-09-07T15:43:18,E101,,completed
T0009046,MAIN,2026-09-07T15:30:48,E103,C0321,completed
T0009047,MAIN,2026-09-07T16:57:01,E101,,completed
T0009048,MAIN,2026-09-07T19:42:21,E106,C0357,completed
T0009049,MAIN,2026-09-07T19:52:41,E101,C0175,completed
T0009050,MAIN,2026-09-07T17:16:57,E102,,completed
T0009051,MAIN,2026-09-07T16:44:01,E103,,completed
T0009052,MAIN,2026-09-07T19:27:35,E105,,completed
T0009053,MAIN,2026-09-07T11:13:25,E103,C0123,completed
T0009054,MAIN,2026-09-07T19:48:41,E101,,completed
T0009055,MAIN,2026-09-07T12:54:28,E102,C0353,refunded
T0009056,MAIN,2026-09-07T18:27:50,E104,C0244,completed
T0009057,MAIN,2026-09-07T14:40:23,E104,C0060,completed
T0009058,MAIN,2026-09-07T17:45:16,E103,C0297,completed
T0009059,MAIN,2026-09-07T13:06:16,E102,C0254,completed
T0009060,MAIN,2026-09-07T18:35:23,E102,,completed
T0009061,MAIN,2026-09-07T15:19:53,E105,,completed
T0009062,MAIN,2026-09-07T17:55:51,E104,C0080,completed
T0009063,MAIN,2026-09-07T16:39:37,E105,C0165,completed
T0009064,MAIN,2026-09-07T16:26:16,E101,C0176,completed
T0009065,MAIN,2026-09-07T12:15:25,E106,C0136,completed
T0009066,MAIN,2026-09-07T11:01:59,E105,C0193,completed
T0009067,MAIN,2026-09-07T20:13:07,E105,,completed
T0009068,MAIN,2026-09-07T14:54:11,E102,C0327,completed
T0009069,MAIN,2026-09-07T14:48:52,E101,,completed
T0009070,MAIN,2026-09-07T10:00:37,E104,,completed
T0009071,MAIN,2026-09-07T13:43:01,E102,C0297,completed
T0009072,MAIN,2026-09-07T13:33:59,E103,C0370,completed
T0009073,MAIN,2026-09-07T17:48:35,E101,C0350,completed
T0009074,MAIN,2026-09-07T15:51:13,E104,C0181,completed
T0009075,MAIN,2026-09-07T15:45:19,E103,C0384,completed
T0009076,MAIN,2026-09-07T12:28:17,E101,,completed
T0009077,MAIN,2026-09-07T13:05:20,E103,C0376,completed
T0009078,MAIN,2026-09-07T15:57:52,E105,,completed
T0009079,MAIN,2026-09-07T19:53:46,E104,,completed
T0009080,MAIN,2026-09-07T15:46:01,E103,,completed
T0009081,MAIN,2026-09-07T20:13:34,E103,C0259,completed
T0009082,MAIN,2026-09-07T16:39:17,E101,C0155,completed
T0009083,MAIN,2026-09-07T13:22:54,E101,C0207,completed
T0009084,MAIN,2026-09-07T13:03:24,E104,,completed
T0009085,MAIN,2026-09-07T11:23:41,E104,,completed
T0009086,MAIN,2026-09-07T13:55:22,E104,C0157,completed
T0009087,MAIN,2026-09-07T13:43:12,E106,C0292,completed
T0009088,MAIN,2026-09-07T17:22:48,E106,C0172,completed
T0009089,MAIN,2026-09-07T16:57:19,E106,C0273,completed
T0009090,MAIN,2026-09-07T10:34:58,E101,,completed
T0009091,MAIN,2026-09-07T16:18:08,E102,C0034,completed
T0009092,MAIN,2026-09-07T18:33:28,E101,,completed
T0009093,MAIN,2026-09-07T18:00:33,E106,C0085,completed
T0009094,MAIN,2026-09-07T11:08:34,E105,C0244,completed
T0009095,MAIN,2026-09-07T13:36:30,E105,C0295,completed
T0009096,MAIN,2026-09-07T10:28:26,E101,C0144,completed
T0009097,MAIN,2026-09-07T14:21:37,E104,,completed
T0009098,MAIN,2026-09-07T15:47:27,E104,C0257,refunded
T0009099,MAIN,2026-09-07T17:58:45,E103,,completed
T0009100,MAIN,2026-09-07T16:22:31,E104,,completed
T0009101,MAIN,2026-09-08T16:50:56,E103,C0272,completed
T0009102,MAIN,2026-09-08T13:55:17,E101,C0359,completed
T0009103,MAIN,2026-09-08T17:06:36,E102,C0300,completed
T0009104,MAIN,2026-09-08T18:03:36,E103,C0106,completed
T0009105,MAIN,2026-09-08T15:46:16,E105,C0171,completed
T0009106,MAIN,2026-09-08T16:32:38,E103,,completed
T0009107,MAIN,2026-09-08T12:58:38,E101,C0070,completed
T0009108,MAIN,2026-09-08T14:57:36,E103,C0122,completed
T0009109,MAIN,2026-09-08T14:55:31,E103,C0203,completed
T0009110,MAIN,2026-09-08T15:35:29,E105,,completed
T0009111,MAIN,2026-09-08T18:44:58,E104,C0285,completed
T0009112,MAIN,2026-09-08T12:41:36,E105,,completed
T0009113,MAIN,2026-09-08T15:11:39,E105,C0258,completed
T0009114,MAIN,2026-09-08T14:06:06,E102,C0036,completed
T0009115,MAIN,2026-09-08T20:56:47,E101,C0041,completed
T0009116,MAIN,2026-09-08T16:09:58,E103,C0137,completed
T0009117,MAIN,2026-09-08T17:32:43,E106,C0351,completed
T0009118,MAIN,2026-09-08T13:26:12,E102,C0103,completed
T0009119,MAIN,2026-09-08T15:52:53,E101,C0208,completed
T0009120,MAIN,2026-09-08T17:11:04,E102,,completed
T0009121,MAIN,2026-09-08T16:39:29,E104,C0170,completed
T0009122,MAIN,2026-09-08T14:40:21,E105,C0143,completed
T0009123,MAIN,2026-09-08T15:29:58,E101,,completed
T0009124,MAIN,2026-09-08T13:27:15,E103,C0392,completed
T0009125,MAIN,2026-09-08T12:23:54,E102,C0279,completed
T0009126,MAIN,2026-09-08T20:00:25,E101,C0002,completed
T0009127,MAIN,2026-09-08T13:41:19,E106,C0306,completed
T0009128,MAIN,2026-09-08T13:18:05,E106,C0316,completed
T0009129,MAIN,2026-09-08T11:05:56,E103,C0062,completed
T0009130,MAIN,2026-09-08T12:57:59,E106,C0132,completed
T0009131,MAIN,2026-09-08T14:37:26,E106,,refunded
T0009132,MAIN,2026-09-08T18:38:18,E101,,completed
T0009133,MAIN,2026-09-08T16:04:20,E106,C0262,completed
T0009134,MAIN,2026-09-08T18:08:14,E102,,completed
T0009135,MAIN,2026-09-08T16:01:52,E103,C0292,completed
T0009136,MAIN,2026-09-08T16:47:41,E106,,completed
T0009137,MAIN,2026-09-08T17:41:15,E104,C0327,completed
T0009138,MAIN,2026-09-08T13:26:54,E101,,completed
T0009139,MAIN,2026-09-08T15:32:55,E106,C0243,completed
T0009140,MAIN,2026-09-08T11:44:45,E101,C0259,completed
T0009141,MAIN,2026-09-08T18:07:55,E101,C0366,completed
T0009142,MAIN,2026-09-08T11:14:48,E101,C0313,completed
T0009143,MAIN,2026-09-08T16:31:46,E103,,completed
T0009144,MAIN,2026-09-08T13:24:19,E102,,refunded
T0009145,MAIN,2026-09-08T20:59:22,E106,C0143,completed
T0009146,MAIN,2026-09-08T17:38:56,E105,,completed
T0009147,MAIN,2026-09-08T12:47:54,E103,C0256,completed
T0009148,MAIN,2026-09-08T16:16:36,E106,C0073,completed
T0009149,MAIN,2026-09-08T14:47:24,E102,C0022,completed
T0009150,MAIN,2026-09-08T17:02:40,E104,,completed
T0009151,MAIN,2026-09-08T12:57:16,E102,C0195,completed
T0009152,MAIN,2026-09-08T19:51:21,E105,C0310,completed
T0009153,MAIN,2026-09-08T14:44:01,E101,C0100,completed
T0009154,MAIN,2026-09-08T19:09:19,E102,,completed
T0009155,MAIN,2026-09-08T13:02:11,E104,,completed
T0009156,MAIN,2026-09-08T12:49:01,E103,C0069,completed
T0009157,MAIN,2026-09-08T17:40:00,E105,C0333,completed
T0009158,MAIN,2026-09-08T11:56:40,E105,,completed
T0009159,MAIN,2026-09-08T12:49:51,E101,,refunded
T0009160,MAIN,2026-09-08T13:36:23,E104,,completed
T0009161,MAIN,2026-09-08T11:17:39,E104,C0143,completed
T0009162,MAIN,2026-09-08T16:19:53,E103,C0243,completed
T0009163,MAIN,2026-09-08T17:18:23,E103,,completed
T0009164,MAIN,2026-09-08T17:05:27,E105,C0253,completed
T0009165,MAIN,2026-09-08T18:11:15,E101,,completed
T0009166,MAIN,2026-09-08T14:41:45,E102,C0368,completed
T0009167,MAIN,2026-09-08T20:59:29,E105,C0343,completed
T0009168,MAIN,2026-09-08T11:09:24,E104,C0340,completed
T0009169,MAIN,2026-09-08T19:33:23,E105,C0335,completed
T0009170,MAIN,2026-09-08T16:43:53,E106,,completed
T0009171,MAIN,2026-09-08T12:29:30,E102,C0357,completed
T0009172,MAIN,2026-09-08T12:42:45,E102,C0171,completed
T0009173,MAIN,2026-09-08T16:51:41,E102,C0188,completed
T0009174,MAIN,2026-09-09T13:20:55,E105,C0079,completed
T0009175,MAIN,2026-09-09T15:30:02,E101,C0283,completed
T0009176,MAIN,2026-09-09T18:36:34,E101,C0300,completed
T0009177,MAIN,2026-09-09T17:21:38,E102,,completed
T0009178,MAIN,2026-09-09T13:56:17,E103,C0306,completed
T0009179,MAIN,2026-09-09T12:22:18,E101,C0331,completed
T0009180,MAIN,2026-09-09T13:01:11,E101,C0023,completed
T0009181,MAIN,2026-09-09T15:38:40,E102,,completed
T0009182,MAIN,2026-09-09T10:58:35,E102,C0240,completed
T0009183,MAIN,2026-09-09T11:42:16,E105,C0143,completed
T0009184,MAIN,2026-09-09T20:49:16,E105,C0004,completed
T0009185,MAIN,2026-09-09T18:02:05,E105,,completed
T0009186,MAIN,2026-09-09T18:27:19,E104,,completed
T0009187,MAIN,2026-09-09T17:05:29,E106,C0126,refunded
T0009188,MAIN,2026-09-09T16:47:56,E103,C0210,completed
T0009189,MAIN,2026-09-09T16:26:12,E101,,completed
T0009190,MAIN,2026-09-09T13:52:22,E104,C0109,completed
T0009191,MAIN,2026-09-09T19:30:13,E105,,completed
T0009192,MAIN,2026-09-09T14:00:18,E104,C0329,completed
T0009193,MAIN,2026-09-09T09:20:44,E102,C0364,completed
T0009194,MAIN,2026-09-09T18:30:22,E103,,completed
T0009195,MAIN,2026-09-09T14:40:13,E106,C0321,completed
T0009196,MAIN,2026-09-09T15:43:41,E103,,completed
T0009197,MAIN,2026-09-09T16:33:32,E101,C0102,completed
T0009198,MAIN,2026-09-09T16:31:59,E106,,completed
T0009199,MAIN,2026-09-09T13:50:26,E103,C0277,completed
T0009200,MAIN,2026-09-09T19:35:13,E102,,completed
T0009201,MAIN,2026-09-09T18:52:26,E103,C0299,refunded
T0009202,MAIN,2026-09-09T14:35:53,E104,C0220,completed
T0009203,MAIN,2026-09-09T14:03:01,E102,C0272,completed
T0009204,MAIN,2026-09-09T16:45:46,E103,C0190,completed
T0009205,MAIN,2026-09-09T14:49:20,E106,,completed
T0009206,MAIN,2026-09-09T20:27:54,E103,C0036,completed
T0009207,MAIN,2026-09-09T20:01:19,E101,C0287,completed
T0009208,MAIN,2026-09-09T11:27:11,E103,C0208,completed
T0009209,MAIN,2026-09-09T17:18:08,E106,C0124,completed
T0009210,MAIN,2026-09-09T20:43:53,E103,C0030,completed
T0009211,MAIN,2026-09-09T16:44:43,E105,C0217,completed
T0009212,MAIN,2026-09-09T17:22:31,E106,C0078,completed
T0009213,MAIN,2026-09-09T12:42:32,E106,C0142,completed
T0009214,MAIN,2026-09-09T17:57:32,E103,,completed
T0009215,MAIN,2026-09-09T13:17:56,E103,C0040,completed
T0009216,MAIN,2026-09-09T17:21:24,E105,C0032,completed
T0009217,MAIN,2026-09-09T13:38:02,E101,C0356,completed
T0009218,MAIN,2026-09-09T15:50:34,E103,C0378,refunded
T0009219,MAIN,2026-09-09T13:28:30,E101,,completed
T0009220,MAIN,2026-09-09T09:32:31,E101,C0156,completed
T0009221,MAIN,2026-09-09T20:42:50,E103,C0266,completed
T0009222,MAIN,2026-09-09T17:05:38,E104,C0170,completed
T0009223,MAIN,2026-09-09T19:27:44,E102,,completed
T0009224,MAIN,2026-09-09T11:59:21,E103,C0328,completed
T0009225,MAIN,2026-09-09T13:50:52,E106,C0372,completed
T0009226,MAIN,2026-09-09T13:02:50,E101,,completed
T0009227,MAIN,2026-09-09T20:01:11,E101,C0090,completed
T0009228,MAIN,2026-09-09T18:12:19,E103,C0201,completed
T0009229,MAIN,2026-09-09T14:16:04,E103,C0172,completed
T0009230,MAIN,2026-09-09T10:16:57,E104,,completed
T0009231,MAIN,2026-09-09T19:59:39,E105,,completed
T0009232,MAIN,2026-09-09T18:23:17,E105,,completed
T0009233,MAIN,2026-09-09T20:53:24,E101,C0073,voided
T0009234,MAIN,2026-09-09T12:05:34,E106,,completed
T0009235,MAIN,2026-09-09T18:49:24,E101,C0144,completed
T0009236,MAIN,2026-09-09T10:54:24,E102,C0034,completed
T0009237,MAIN,2026-09-09T16:48:05,E103,,completed
T0009238,MAIN,2026-09-09T17:09:19,E101,C0335,completed
T0009239,MAIN,2026-09-09T13:29:46,E102,,completed
T0009240,MAIN,2026-09-09T18:22:24,E102,C0366,completed
T0009241,MAIN,2026-09-09T18:43:28,E104,,completed
T0009242,MAIN,2026-09-09T14:07:51,E101,C0017,completed
T0009243,MAIN,2026-09-09T17:25:46,E102,C0015,completed
T0009244,MAIN,2026-09-09T11:55:35,E101,C0059,completed
T0009245,MAIN,2026-09-09T19:03:13,E105,C0034,completed
T0009246,MAIN,2026-09-09T10:10:36,E101,C0178,completed
T0009247,MAIN,2026-09-09T11:55:10,E102,C0041,completed
T0009248,MAIN,2026-09-09T15:06:48,E102,C0396,completed
T0009249,MAIN,2026-09-09T19:57:26,E103,C0039,completed
T0009250,MAIN,2026-09-09T10:02:17,E106,C0127,completed
T0009251,MAIN,2026-09-09T18:08:51,E106,,completed
T0009252,MAIN,2026-09-09T20:21:22,E104,C0023,completed
T0009253,MAIN,2026-09-09T20:15:05,E105,,completed
T0009254,MAIN,2026-09-09T19:28:16,E101,,completed
T0009255,MAIN,2026-09-09T12:52:59,E102,C0026,completed
T0009256,MAIN,2026-09-09T14:36:24,E102,C0274,completed
T0009257,MAIN,2026-09-09T15:52:58,E104,C0236,completed
T0009258,MAIN,2026-09-09T18:16:31,E106,,completed
T0009259,MAIN,2026-09-09T19:30:50,E101,C0156,completed
T0009260,MAIN,2026-09-09T16:53:17,E101,C0189,completed
T0009261,MAIN,2026-09-09T13:31:49,E106,C0060,completed
T0009262,MAIN,2026-09-09T18:05:30,E105,C0119,completed
T0009263,MAIN,2026-09-09T13:21:29,E104,C0174,completed
T0009264,MAIN,2026-09-09T16:20:52,E104,C0002,completed
T0009265,MAIN,2026-09-09T13:08:57,E106,C0220,completed
T0009266,MAIN,2026-09-09T10:35:36,E101,C0386,completed
T0009267,MAIN,2026-09-09T10:51:25,E105,C0339,completed
T0009268,MAIN,2026-09-09T15:15:28,E105,C0247,completed
T0009269,MAIN,2026-09-09T12:19:31,E105,C0237,completed
T0009270,MAIN,2026-09-09T19:56:02,E105,C0274,completed
T0009271,MAIN,2026-09-09T16:03:32,E103,C0037,completed
T0009272,MAIN,2026-09-09T15:43:35,E106,C0297,completed
T0009273,MAIN,2026-09-09T15:20:03,E105,C0356,completed
T0009274,MAIN,2026-09-09T14:50:52,E103,C0335,completed
T0009275,MAIN,2026-09-09T19:38:42,E101,C0165,completed
T0009276,MAIN,2026-09-09T11:27:30,E104,C0145,completed
T0009277,MAIN,2026-09-09T18:57:47,E101,C0095,completed
T0009278,MAIN,2026-09-09T17:45:04,E102,C0229,completed
T0009279,MAIN,2026-09-09T10:54:48,E103,C0266,completed
T0009280,MAIN,2026-09-09T17:41:32,E102,,completed
T0009281,MAIN,2026-09-09T13:30:52,E105,C0038,completed
T0009282,MAIN,2026-09-09T19:47:31,E105,,completed
T0009283,MAIN,2026-09-09T15:52:00,E105,C0141,completed
T0009284,MAIN,2026-09-09T10:23:33,E105,C0391,completed
T0009285,MAIN,2026-09-09T16:14:43,E102,C0291,completed
T0009286,MAIN,2026-09-10T12:34:11,E102,C0315,completed
T0009287,MAIN,2026-09-10T13:02:41,E104,,completed
T0009288,MAIN,2026-09-10T17:59:31,E103,C0163,completed
T0009289,MAIN,2026-09-10T10:20:17,E106,C0115,completed
T0009290,MAIN,2026-09-10T15:18:41,E103,C0259,completed
T0009291,MAIN,2026-09-10T11:40:44,E105,C0346,completed
T0009292,MAIN,2026-09-10T20:38:14,E102,C0082,completed
T0009293,MAIN,2026-09-10T13:46:13,E101,,completed
T0009294,MAIN,2026-09-10T15:14:26,E101,,completed
T0009295,MAIN,2026-09-10T19:28:31,E105,C0043,completed
T0009296,MAIN,2026-09-10T20:54:03,E105,C0116,completed
T0009297,MAIN,2026-09-10T20:43:29,E105,C0069,completed
T0009298,MAIN,2026-09-10T19:13:55,E103,,completed
T0009299,MAIN,2026-09-10T10:09:02,E106,C0160,completed
T0009300,MAIN,2026-09-10T10:25:38,E105,,completed
T0009301,MAIN,2026-09-10T10:18:36,E101,,completed
T0009302,MAIN,2026-09-10T18:54:57,E103,C0151,completed
T0009303,MAIN,2026-09-10T20:18:02,E103,C0126,completed
T0009304,MAIN,2026-09-10T18:55:13,E106,C0246,completed
T0009305,MAIN,2026-09-10T18:13:00,E104,,voided
T0009306,MAIN,2026-09-10T12:35:40,E103,C0138,completed
T0009307,MAIN,2026-09-10T18:51:35,E101,C0009,completed
T0009308,MAIN,2026-09-10T13:18:54,E106,C0140,completed
T0009309,MAIN,2026-09-10T09:26:34,E105,C0296,completed
T0009310,MAIN,2026-09-10T09:59:16,E103,,completed
T0009311,MAIN,2026-09-10T17:12:52,E105,C0248,completed
T0009312,MAIN,2026-09-10T14:50:05,E104,,completed
T0009313,MAIN,2026-09-10T17:57:50,E106,,completed
T0009314,MAIN,2026-09-10T18:37:56,E103,C0390,completed
T0009315,MAIN,2026-09-10T11:21:40,E101,C0088,completed
T0009316,MAIN,2026-09-10T09:39:59,E103,,completed
T0009317,MAIN,2026-09-10T16:29:01,E105,C0065,completed
T0009318,MAIN,2026-09-10T14:33:12,E102,C0182,completed
T0009319,MAIN,2026-09-10T09:12:49,E102,C0240,completed
T0009320,MAIN,2026-09-10T12:56:52,E101,C0071,completed
T0009321,MAIN,2026-09-10T09:48:00,E105,C0035,completed
T0009322,MAIN,2026-09-10T10:29:17,E101,C0327,completed
T0009323,MAIN,2026-09-10T13:09:42,E106,C0377,completed
T0009324,MAIN,2026-09-10T09:21:19,E102,,completed
T0009325,MAIN,2026-09-10T19:27:10,E104,,completed
T0009326,MAIN,2026-09-10T12:13:01,E102,C0302,completed
T0009327,MAIN,2026-09-10T12:16:57,E102,,completed
T0009328,MAIN,2026-09-10T18:13:29,E103,C0101,completed
T0009329,MAIN,2026-09-10T16:34:11,E101,C0028,completed
T0009330,MAIN,2026-09-10T17:37:17,E104,C0321,completed
T0009331,MAIN,2026-09-10T11:55:30,E105,,completed
T0009332,MAIN,2026-09-10T13:57:50,E105,C0109,completed
T0009333,MAIN,2026-09-10T18:42:43,E101,C0097,completed
T0009334,MAIN,2026-09-10T09:41:37,E106,C0288,completed
T0009335,MAIN,2026-09-10T17:52:33,E103,C0332,completed
T0009336,MAIN,2026-09-10T16:11:07,E104,C0346,completed
T0009337,MAIN,2026-09-10T14:18:42,E101,C0200,completed
T0009338,MAIN,2026-09-10T13:36:37,E101,C0134,completed
T0009339,MAIN,2026-09-10T20:35:44,E101,C0215,completed
T0009340,MAIN,2026-09-10T12:48:55,E103,C0048,completed
T0009341,MAIN,2026-09-10T19:35:23,E105,C0024,completed
T0009342,MAIN,2026-09-10T17:11:03,E103,C0397,completed
T0009343,MAIN,2026-09-10T09:12:44,E105,C0008,completed
T0009344,MAIN,2026-09-10T10:15:59,E102,,completed
T0009345,MAIN,2026-09-10T13:32:52,E106,C0335,completed
T0009346,MAIN,2026-09-10T17:26:35,E106,,completed
T0009347,MAIN,2026-09-10T14:01:23,E101,C0005,completed
T0009348,MAIN,2026-09-10T13:04:26,E102,,completed
T0009349,MAIN,2026-09-10T12:31:00,E102,C0371,completed
T0009350,MAIN,2026-09-10T17:37:00,E103,C0259,completed
T0009351,MAIN,2026-09-10T19:24:09,E101,,completed
T0009352,MAIN,2026-09-10T17:35:29,E101,C0298,completed
T0009353,MAIN,2026-09-10T18:37:09,E104,C0292,completed
T0009354,MAIN,2026-09-10T18:30:06,E104,,completed
T0009355,MAIN,2026-09-10T20:05:26,E106,,completed
T0009356,MAIN,2026-09-10T18:36:24,E105,C0301,completed
T0009357,MAIN,2026-09-10T17:30:18,E105,,completed
T0009358,MAIN,2026-09-10T13:28:02,E101,,completed
T0009359,MAIN,2026-09-10T15:53:23,E103,C0347,completed
T0009360,MAIN,2026-09-10T20:20:21,E104,C0315,completed
T0009361,MAIN,2026-09-10T11:35:13,E103,,completed
T0009362,MAIN,2026-09-10T12:00:52,E102,C0393,completed
T0009363,MAIN,2026-09-10T19:02:37,E101,,completed
T0009364,MAIN,2026-09-10T19:19:08,E104,C0197,completed
T0009365,MAIN,2026-09-10T16:18:27,E106,,completed
T0009366,MAIN,2026-09-10T18:41:03,E105,C0217,completed
T0009367,MAIN,2026-09-10T17:59:24,E103,,completed
T0009368,MAIN,2026-09-10T15:06:26,E105,C0076,completed
T0009369,MAIN,2026-09-10T15:43:41,E101,C0120,completed
T0009370,MAIN,2026-09-10T12:41:35,E105,C0092,completed
T0009371,MAIN,2026-09-10T11:43:31,E101,C0026,completed
T0009372,MAIN,2026-09-10T19:47:02,E105,,completed
T0009373,MAIN,2026-09-10T17:55:14,E104,C0203,completed
T0009374,MAIN,2026-09-10T17:39:27,E102,,completed
T0009375,MAIN,2026-09-10T12:58:06,E106,,completed
T0009376,MAIN,2026-09-10T16:56:45,E101,C0315,completed
T0009377,MAIN,2026-09-10T13:21:51,E105,,completed
T0009378,MAIN,2026-09-10T18:37:18,E104,C0352,completed
T0009379,MAIN,2026-09-10T18:12:32,E102,C0292,completed
T0009380,MAIN,2026-09-10T12:30:20,E106,,completed
T0009381,MAIN,2026-09-10T12:10:57,E104,,completed
T0009382,MAIN,2026-09-10T12:48:53,E101,C0026,completed
T0009383,MAIN,2026-09-10T15:16:06,E101,C0163,completed
T0009384,MAIN,2026-09-10T14:02:14,E102,C0322,completed
T0009385,MAIN,2026-09-10T10:01:26,E101,C0372,completed
T0009386,MAIN,2026-09-10T17:01:06,E103,C0218,completed
T0009387,MAIN,2026-09-10T18:54:02,E106,C0249,completed
T0009388,MAIN,2026-09-10T18:50:38,E101,C0370,completed
T0009389,MAIN,2026-09-10T14:16:42,E102,C0268,completed
T0009390,MAIN,2026-09-10T17:03:09,E106,C0235,completed
T0009391,MAIN,2026-09-10T14:15:10,E105,C0204,completed
T0009392,MAIN,2026-09-10T19:53:22,E103,C0211,completed
T0009393,MAIN,2026-09-10T15:18:32,E102,,completed
T0009394,MAIN,2026-09-10T13:04:17,E102,,completed
T0009395,MAIN,2026-09-10T15:55:35,E105,C0171,completed
T0009396,MAIN,2026-09-10T20:21:47,E104,,completed
T0009397,MAIN,2026-09-10T12:22:54,E104,C0167,completed
T0009398,MAIN,2026-09-10T18:22:47,E105,C0364,completed
T0009399,MAIN,2026-09-10T10:33:16,E101,C0110,completed
T0009400,MAIN,2026-09-10T14:46:00,E106,,completed
T0009401,MAIN,2026-09-10T14:03:53,E105,C0057,completed
T0009402,MAIN,2026-09-10T14:07:23,E105,C0332,completed
T0009403,MAIN,2026-09-10T15:56:50,E101,C0150,completed
T0009404,MAIN,2026-09-10T16:44:00,E101,C0238,completed
T0009405,MAIN,2026-09-11T16:54:26,E106,C0005,completed
T0009406,MAIN,2026-09-11T16:29:41,E106,,completed
T0009407,MAIN,2026-09-11T14:18:04,E102,C0319,completed
T0009408,MAIN,2026-09-11T18:42:48,E104,,completed
T0009409,MAIN,2026-09-11T16:44:52,E101,C0142,completed
T0009410,MAIN,2026-09-11T17:59:50,E102,,completed
T0009411,MAIN,2026-09-11T14:54:39,E101,,completed
T0009412,MAIN,2026-09-11T13:18:57,E105,C0126,completed
T0009413,MAIN,2026-09-11T19:56:21,E106,,completed
T0009414,MAIN,2026-09-11T18:27:35,E102,,completed
T0009415,MAIN,2026-09-11T18:26:13,E102,C0098,completed
T0009416,MAIN,2026-09-11T09:30:11,E106,C0051,completed
T0009417,MAIN,2026-09-11T09:12:07,E101,,completed
T0009418,MAIN,2026-09-11T11:34:28,E105,,completed
T0009419,MAIN,2026-09-11T18:20:52,E103,C0224,completed
T0009420,MAIN,2026-09-11T18:37:25,E106,C0196,completed
T0009421,MAIN,2026-09-11T16:15:48,E104,C0290,completed
T0009422,MAIN,2026-09-11T16:25:04,E102,C0367,completed
T0009423,MAIN,2026-09-11T11:51:36,E103,C0231,completed
T0009424,MAIN,2026-09-11T14:29:04,E102,C0292,completed
T0009425,MAIN,2026-09-11T11:24:47,E104,C0024,completed
T0009426,MAIN,2026-09-11T11:51:27,E106,,completed
T0009427,MAIN,2026-09-11T17:50:03,E101,C0222,completed
T0009428,MAIN,2026-09-11T12:05:12,E104,,voided
T0009429,MAIN,2026-09-11T15:16:27,E105,C0301,completed
T0009430,MAIN,2026-09-11T09:12:03,E101,,completed
T0009431,MAIN,2026-09-11T18:29:47,E104,,completed
T0009432,MAIN,2026-09-11T18:25:48,E102,C0351,completed
T0009433,MAIN,2026-09-11T14:55:51,E104,C0212,completed
T0009434,MAIN,2026-09-11T20:38:40,E105,C0025,completed
T0009435,MAIN,2026-09-11T18:12:58,E104,C0234,completed
T0009436,MAIN,2026-09-11T13:54:50,E106,C0344,completed
T0009437,MAIN,2026-09-11T18:31:04,E103,C0137,completed
T0009438,MAIN,2026-09-11T09:10:10,E106,C0196,completed
T0009439,MAIN,2026-09-11T19:31:47,E102,C0065,completed
T0009440,MAIN,2026-09-11T11:44:36,E104,C0220,completed
T0009441,MAIN,2026-09-11T14:48:24,E103,C0080,completed
T0009442,MAIN,2026-09-11T18:58:39,E105,C0045,completed
T0009443,MAIN,2026-09-11T13:17:15,E101,C0085,completed
T0009444,MAIN,2026-09-11T15:27:46,E104,,completed
T0009445,MAIN,2026-09-11T15:41:19,E101,C0062,completed
T0009446,MAIN,2026-09-11T09:53:42,E105,C0397,completed
T0009447,MAIN,2026-09-11T14:25:56,E104,C0230,completed
T0009448,MAIN,2026-09-11T10:15:54,E101,,completed
T0009449,MAIN,2026-09-11T10:08:43,E103,C0258,completed
T0009450,MAIN,2026-09-11T09:15:13,E101,,completed
T0009451,MAIN,2026-09-11T16:16:06,E101,C0265,completed
T0009452,MAIN,2026-09-11T15:18:05,E104,C0221,completed
T0009453,MAIN,2026-09-11T13:13:44,E105,,completed
T0009454,MAIN,2026-09-11T17:56:34,E104,C0262,completed
T0009455,MAIN,2026-09-11T15:55:18,E102,C0356,completed
T0009456,MAIN,2026-09-11T12:28:13,E102,C0170,completed
T0009457,MAIN,2026-09-11T17:28:08,E101,C0167,completed
T0009458,MAIN,2026-09-11T19:10:32,E101,,completed
T0009459,MAIN,2026-09-11T18:18:26,E104,C0117,completed
T0009460,MAIN,2026-09-11T14:47:51,E102,C0203,completed
T0009461,MAIN,2026-09-11T18:17:22,E106,,completed
T0009462,MAIN,2026-09-11T17:56:11,E105,,completed
T0009463,MAIN,2026-09-11T18:01:21,E103,C0221,completed
T0009464,MAIN,2026-09-11T13:34:08,E101,C0065,completed
T0009465,MAIN,2026-09-11T20:00:30,E106,C0062,completed
T0009466,MAIN,2026-09-11T17:40:19,E106,C0278,completed
T0009467,MAIN,2026-09-11T13:01:55,E101,C0263,completed
T0009468,MAIN,2026-09-11T10:21:01,E101,,completed
T0009469,MAIN,2026-09-11T16:06:22,E105,C0272,completed
T0009470,MAIN,2026-09-11T14:55:57,E106,,completed
T0009471,MAIN,2026-09-11T14:28:56,E104,C0191,completed
T0009472,MAIN,2026-09-11T13:08:10,E106,C0028,completed
T0009473,MAIN,2026-09-11T15:47:43,E104,C0107,completed
T0009474,MAIN,2026-09-11T16:03:39,E104,,completed
T0009475,MAIN,2026-09-11T17:17:01,E102,,completed
T0009476,MAIN,2026-09-11T11:48:10,E105,,completed
T0009477,MAIN,2026-09-11T19:28:22,E106,C0033,completed
T0009478,MAIN,2026-09-11T13:19:37,E104,,completed
T0009479,MAIN,2026-09-11T15:51:43,E103,,completed
T0009480,MAIN,2026-09-11T11:48:56,E103,C0107,completed
T0009481,MAIN,2026-09-11T13:04:28,E104,C0239,completed
T0009482,MAIN,2026-09-11T12:41:48,E106,,voided
T0009483,MAIN,2026-09-11T12:58:37,E102,C0276,completed
T0009484,MAIN,2026-09-11T17:48:48,E106,,completed
T0009485,MAIN,2026-09-11T15:53:20,E102,C0334,completed
T0009486,MAIN,2026-09-11T13:46:17,E106,C0107,completed
T0009487,MAIN,2026-09-11T14:14:04,E106,C0072,voided
T0009488,MAIN,2026-09-11T14:49:20,E104,C0383,voided
T0009489,MAIN,2026-09-11T14:05:02,E106,,completed
T0009490,MAIN,2026-09-11T16:48:45,E105,C0327,voided
T0009491,MAIN,2026-09-11T14:00:19,E105,,completed
T0009492,MAIN,2026-09-11T14:54:00,E102,C0301,completed
T0009493,MAIN,2026-09-11T17:43:53,E105,,completed
T0009494,MAIN,2026-09-11T15:22:37,E106,C0390,completed
T0009495,MAIN,2026-09-11T13:24:40,E105,C0193,completed
T0009496,MAIN,2026-09-11T18:39:19,E105,C0243,completed
T0009497,MAIN,2026-09-11T15:35:33,E103,,completed
T0009498,MAIN,2026-09-11T15:32:13,E101,C0189,completed
T0009499,MAIN,2026-09-11T12:07:36,E101,C0124,completed
T0009500,MAIN,2026-09-11T17:29:41,E106,C0075,completed
T0009501,MAIN,2026-09-11T16:27:42,E106,C0037,completed
T0009502,MAIN,2026-09-11T12:04:43,E105,C0258,completed
T0009503,MAIN,2026-09-11T11:18:50,E101,C0379,completed
T0009504,MAIN,2026-09-11T15:26:27,E105,C0228,completed
T0009505,MAIN,2026-09-11T11:19:10,E106,C0288,completed
T0009506,MAIN,2026-09-11T12:18:43,E101,,completed
T0009507,MAIN,2026-09-11T14:31:12,E104,C0298,completed
T0009508,MAIN,2026-09-11T11:46:31,E103,C0249,completed
T0009509,MAIN,2026-09-11T16:09:09,E102,,completed
T0009510,MAIN,2026-09-11T19:48:52,E105,C0141,completed
T0009511,MAIN,2026-09-11T11:57:14,E101,C0246,completed
T0009512,MAIN,2026-09-11T11:36:37,E103,C0020,completed
T0009513,MAIN,2026-09-11T12:00:27,E106,C0246,completed
T0009514,MAIN,2026-09-11T17:59:06,E106,C0232,completed
T0009515,MAIN,2026-09-11T16:53:19,E104,C0314,completed
T0009516,MAIN,2026-09-11T17:39:26,E102,C0133,completed
T0009517,MAIN,2026-09-11T13:13:14,E104,,completed
T0009518,MAIN,2026-09-11T17:51:03,E102,C0316,completed
T0009519,MAIN,2026-09-11T16:21:31,E102,,completed
T0009520,MAIN,2026-09-11T10:09:15,E103,C0101,completed
T0009521,MAIN,2026-09-11T13:08:58,E102,,completed
T0009522,MAIN,2026-09-11T09:23:34,E105,,completed
T0009523,MAIN,2026-09-11T18:11:09,E101,C0392,completed
T0009524,MAIN,2026-09-11T14:05:19,E101,C0302,completed
T0009525,MAIN,2026-09-11T10:33:59,E104,,completed
T0009526,MAIN,2026-09-11T12:04:17,E105,C0329,completed
T0009527,MAIN,2026-09-11T18:52:13,E101,C0130,completed
T0009528,MAIN,2026-09-11T11:44:25,E105,C0013,completed
T0009529,MAIN,2026-09-11T16:10:29,E102,C0370,completed
T0009530,MAIN,2026-09-11T17:51:50,E101,C0272,completed
T0009531,MAIN,2026-09-11T15:15:46,E102,C0139,completed
T0009532,MAIN,2026-09-11T13:09:08,E104,C0340,completed
T0009533,MAIN,2026-09-11T11:46:06,E105,C0377,completed
